timestamp,time_s,intersection,cycle_id,phase,phase_elapsed_s,phase_start_s,phase_end_s,visible_end_s,green_start,green_end,amber_start,amber_end,red_start,red_end,green_start_s,green_end_s,amber_start_s,amber_end_s,red_start_s,red_end_s,green_duration,amber_duration,red_duration,offset,stage
2026-10-02T06:00:00,0,S1,1,green,0,0,60,60,2026-10-02T06:00:00,2026-10-02T06:01:00,2026-10-02T06:01:00,2026-10-02T06:01:03,2026-10-02T06:01:03,2026-10-02T06:02:20,0,60,60,63,63,140,60,3,77,0,wave_A
2026-10-02T06:01:00,60,S1,1,amber,0,60,63,63,2026-10-02T06:00:00,2026-10-02T06:01:00,2026-10-02T06:01:00,2026-10-02T06:01:03,2026-10-02T06:01:03,2026-10-02T06:02:20,0,60,60,63,63,140,60,3,77,0,wave_A
2026-10-02T06:01:03,63,S1,1,red,0,63,140,140,2026-10-02T06:00:00,2026-10-02T06:01:00,2026-10-02T06:01:00,2026-10-02T06:01:03,2026-10-02T06:01:03,2026-10-02T06:02:20,0,60,60,63,63,140,60,3,77,0,wave_A
2026-10-02T06:02:20,140,S1,2,green,0,140,200,200,2026-10-02T06:02:20,2026-10-02T06:03:20,2026-10-02T06:03:20,2026-10-02T06:03:23,2026-10-02T06:03:23,2026-10-02T06:04:40,140,200,200,203,203,280,60,3,77,0,wave_A
2026-10-02T06:03:20,200,S1,2,amber,0,200,203,203,2026-10-02T06:02:20,2026-10-02T06:03:20,2026-10-02T06:03:20,2026-10-02T06:03:23,2026-10-02T06:03:23,2026-10-02T06:04:40,140,200,200,203,203,280,60,3,77,0,wave_A
2026-10-02T06:03:23,203,S1,2,red,0,203,280,280,2026-10-02T06:02:20,2026-10-02T06:03:20,2026-10-02T06:03:20,2026-10-02T06:03:23,2026-10-02T06:03:23,2026-10-02T06:04:40,140,200,200,203,203,280,60,3,77,0,wave_A
2026-10-02T06:04:40,280,S1,3,green,0,280,340,340,2026-10-02T06:04:40,2026-10-02T06:05:40,2026-10-02T06:05:40,2026-10-02T06:05:43,2026-10-02T06:05:43,2026-10-02T06:07:00,280,340,340,343,343,420,60,3,77,0,wave_A
2026-10-02T06:05:40,340,S1,3,amber,0,340,343,343,2026-10-02T06:04:40,2026-10-02T06:05:40,2026-10-02T06:05:40,2026-10-02T06:05:43,2026-10-02T06:05:43,2026-10-02T06:07:00,280,340,340,343,343,420,60,3,77,0,wave_A
2026-10-02T06:05:43,343,S1,3,red,0,343,420,420,2026-10-02T06:04:40,2026-10-02T06:05:40,2026-10-02T06:05:40,2026-10-02T06:05:43,2026-10-02T06:05:43,2026-10-02T06:07:00,280,340,340,343,343,420,60,3,77,0,wave_A
2026-10-02T06:07:00,420,S1,4,green,0,420,480,480,2026-10-02T06:07:00,2026-10-02T06:08:00,2026-10-02T06:08:00,2026-10-02T06:08:03,2026-10-02T06:08:03,2026-10-02T06:09:20,420,480,480,483,483,560,60,3,77,0,wave_A
2026-10-02T06:08:00,480,S1,4,amber,0,480,483,483,2026-10-02T06:07:00,2026-10-02T06:08:00,2026-10-02T06:08:00,2026-10-02T06:08:03,2026-10-02T06:08:03,2026-10-02T06:09:20,420,480,480,483,483,560,60,3,77,0,wave_A
2026-10-02T06:08:03,483,S1,4,red,0,483,560,560,2026-10-02T06:07:00,2026-10-02T06:08:00,2026-10-02T06:08:00,2026-10-02T06:08:03,2026-10-02T06:08:03,2026-10-02T06:09:20,420,480,480,483,483,560,60,3,77,0,wave_A
2026-10-02T06:09:20,560,S1,5,green,0,560,620,620,2026-10-02T06:09:20,2026-10-02T06:10:20,2026-10-02T06:10:20,2026-10-02T06:10:23,2026-10-02T06:10:23,2026-10-02T06:11:40,560,620,620,623,623,700,60,3,77,0,wave_A
2026-10-02T06:10:20,620,S1,5,amber,0,620,623,623,2026-10-02T06:09:20,2026-10-02T06:10:20,2026-10-02T06:10:20,2026-10-02T06:10:23,2026-10-02T06:10:23,2026-10-02T06:11:40,560,620,620,623,623,700,60,3,77,0,wave_A
2026-10-02T06:10:23,623,S1,5,red,0,623,700,700,2026-10-02T06:09:20,2026-10-02T06:10:20,2026-10-02T06:10:20,2026-10-02T06:10:23,2026-10-02T06:10:23,2026-10-02T06:11:40,560,620,620,623,623,700,60,3,77,0,wave_A
2026-10-02T06:11:40,700,S1,6,green,0,700,759,759,2026-10-02T06:11:40,2026-10-02T06:12:39,2026-10-02T06:12:39,2026-10-02T06:12:42,2026-10-02T06:12:42,2026-10-02T06:14:00,700,759,759,762,762,840,59,3,78,0,wave_A
2026-10-02T06:12:39,759,S1,6,amber,0,759,762,762,2026-10-02T06:11:40,2026-10-02T06:12:39,2026-10-02T06:12:39,2026-10-02T06:12:42,2026-10-02T06:12:42,2026-10-02T06:14:00,700,759,759,762,762,840,59,3,78,0,wave_A
2026-10-02T06:12:42,762,S1,6,red,0,762,840,840,2026-10-02T06:11:40,2026-10-02T06:12:39,2026-10-02T06:12:39,2026-10-02T06:12:42,2026-10-02T06:12:42,2026-10-02T06:14:00,700,759,759,762,762,840,59,3,78,0,wave_A
2026-10-02T06:14:00,840,S1,7,green,0,840,898,898,2026-10-02T06:14:00,2026-10-02T06:14:58,2026-10-02T06:14:58,2026-10-02T06:15:01,2026-10-02T06:15:01,2026-10-02T06:16:20,840,898,898,901,901,980,58,3,79,0,wave_A
2026-10-02T06:14:58,898,S1,7,amber,0,898,901,901,2026-10-02T06:14:00,2026-10-02T06:14:58,2026-10-02T06:14:58,2026-10-02T06:15:01,2026-10-02T06:15:01,2026-10-02T06:16:20,840,898,898,901,901,980,58,3,79,0,wave_A
2026-10-02T06:15:01,901,S1,7,red,0,901,980,980,2026-10-02T06:14:00,2026-10-02T06:14:58,2026-10-02T06:14:58,2026-10-02T06:15:01,2026-10-02T06:15:01,2026-10-02T06:16:20,840,898,898,901,901,980,58,3,79,0,wave_A
2026-10-02T06:16:20,980,S1,8,green,0,980,1039,1039,2026-10-02T06:16:20,2026-10-02T06:17:19,2026-10-02T06:17:19,2026-10-02T06:17:22,2026-10-02T06:17:22,2026-10-02T06:18:40,980,1039,1039,1042,1042,1120,59,3,78,0,transicion
2026-10-02T06:17:19,1039,S1,8,amber,0,1039,1042,1042,2026-10-02T06:16:20,2026-10-02T06:17:19,2026-10-02T06:17:19,2026-10-02T06:17:22,2026-10-02T06:17:22,2026-10-02T06:18:40,980,1039,1039,1042,1042,1120,59,3,78,0,transicion
2026-10-02T06:17:22,1042,S1,8,red,0,1042,1120,1120,2026-10-02T06:16:20,2026-10-02T06:17:19,2026-10-02T06:17:19,2026-10-02T06:17:22,2026-10-02T06:17:22,2026-10-02T06:18:40,980,1039,1039,1042,1042,1120,59,3,78,0,transicion
2026-10-02T06:18:40,1120,S1,9,green,0,1120,1180,1180,2026-10-02T06:18:40,2026-10-02T06:19:40,2026-10-02T06:19:40,2026-10-02T06:19:43,2026-10-02T06:19:43,2026-10-02T06:21:00,1120,1180,1180,1183,1183,1260,60,3,77,0,transicion
2026-10-02T06:19:40,1180,S1,9,amber,0,1180,1183,1183,2026-10-02T06:18:40,2026-10-02T06:19:40,2026-10-02T06:19:40,2026-10-02T06:19:43,2026-10-02T06:19:43,2026-10-02T06:21:00,1120,1180,1180,1183,1183,1260,60,3,77,0,transicion
2026-10-02T06:19:43,1183,S1,9,red,0,1183,1260,1260,2026-10-02T06:18:40,2026-10-02T06:19:40,2026-10-02T06:19:40,2026-10-02T06:19:43,2026-10-02T06:19:43,2026-10-02T06:21:00,1120,1180,1180,1183,1183,1260,60,3,77,0,transicion
2026-10-02T06:21:00,1260,S1,10,green,0,1260,1320,1320,2026-10-02T06:21:00,2026-10-02T06:22:00,2026-10-02T06:22:00,2026-10-02T06:22:03,2026-10-02T06:22:03,2026-10-02T06:23:20,1260,1320,1320,1323,1323,1400,60,3,77,0,transicion
2026-10-02T06:22:00,1320,S1,10,amber,0,1320,1323,1323,2026-10-02T06:21:00,2026-10-02T06:22:00,2026-10-02T06:22:00,2026-10-02T06:22:03,2026-10-02T06:22:03,2026-10-02T06:23:20,1260,1320,1320,1323,1323,1400,60,3,77,0,transicion
2026-10-02T06:22:03,1323,S1,10,red,0,1323,1400,1400,2026-10-02T06:21:00,2026-10-02T06:22:00,2026-10-02T06:22:00,2026-10-02T06:22:03,2026-10-02T06:22:03,2026-10-02T06:23:20,1260,1320,1320,1323,1323,1400,60,3,77,0,transicion
2026-10-02T06:23:20,1400,S1,11,green,0,1400,1460,1460,2026-10-02T06:23:20,2026-10-02T06:24:20,2026-10-02T06:24:20,2026-10-02T06:24:23,2026-10-02T06:24:23,2026-10-02T06:25:40,1400,1460,1460,1463,1463,1540,60,3,77,0,wave_B
2026-10-02T06:24:20,1460,S1,11,amber,0,1460,1463,1463,2026-10-02T06:23:20,2026-10-02T06:24:20,2026-10-02T06:24:20,2026-10-02T06:24:23,2026-10-02T06:24:23,2026-10-02T06:25:40,1400,1460,1460,1463,1463,1540,60,3,77,0,wave_B
2026-10-02T06:24:23,1463,S1,11,red,0,1463,1540,1540,2026-10-02T06:23:20,2026-10-02T06:24:20,2026-10-02T06:24:20,2026-10-02T06:24:23,2026-10-02T06:24:23,2026-10-02T06:25:40,1400,1460,1460,1463,1463,1540,60,3,77,0,wave_B
2026-10-02T06:25:40,1540,S1,12,green,0,1540,1600,1600,2026-10-02T06:25:40,2026-10-02T06:26:40,2026-10-02T06:26:40,2026-10-02T06:26:43,2026-10-02T06:26:43,2026-10-02T06:28:00,1540,1600,1600,1603,1603,1680,60,3,77,0,wave_B
2026-10-02T06:26:40,1600,S1,12,amber,0,1600,1603,1603,2026-10-02T06:25:40,2026-10-02T06:26:40,2026-10-02T06:26:40,2026-10-02T06:26:43,2026-10-02T06:26:43,2026-10-02T06:28:00,1540,1600,1600,1603,1603,1680,60,3,77,0,wave_B
2026-10-02T06:26:43,1603,S1,12,red,0,1603,1680,1680,2026-10-02T06:25:40,2026-10-02T06:26:40,2026-10-02T06:26:40,2026-10-02T06:26:43,2026-10-02T06:26:43,2026-10-02T06:28:00,1540,1600,1600,1603,1603,1680,60,3,77,0,wave_B
2026-10-02T06:28:00,1680,S1,13,green,0,1680,1740,1740,2026-10-02T06:28:00,2026-10-02T06:29:00,2026-10-02T06:29:00,2026-10-02T06:29:03,2026-10-02T06:29:03,2026-10-02T06:30:20,1680,1740,1740,1743,1743,1820,60,3,77,0,wave_B
2026-10-02T06:29:00,1740,S1,13,amber,0,1740,1743,1743,2026-10-02T06:28:00,2026-10-02T06:29:00,2026-10-02T06:29:00,2026-10-02T06:29:03,2026-10-02T06:29:03,2026-10-02T06:30:20,1680,1740,1740,1743,1743,1820,60,3,77,0,wave_B
2026-10-02T06:29:03,1743,S1,13,red,0,1743,1820,1820,2026-10-02T06:28:00,2026-10-02T06:29:00,2026-10-02T06:29:00,2026-10-02T06:29:03,2026-10-02T06:29:03,2026-10-02T06:30:20,1680,1740,1740,1743,1743,1820,60,3,77,0,wave_B
2026-10-02T06:30:20,1820,S1,14,green,0,1820,1880,1880,2026-10-02T06:30:20,2026-10-02T06:31:20,2026-10-02T06:31:20,2026-10-02T06:31:23,2026-10-02T06:31:23,2026-10-02T06:32:40,1820,1880,1880,1883,1883,1960,60,3,77,0,wave_B
2026-10-02T06:31:20,1880,S1,14,amber,0,1880,1883,1883,2026-10-02T06:30:20,2026-10-02T06:31:20,2026-10-02T06:31:20,2026-10-02T06:31:23,2026-10-02T06:31:23,2026-10-02T06:32:40,1820,1880,1880,1883,1883,1960,60,3,77,0,wave_B
2026-10-02T06:31:23,1883,S1,14,red,0,1883,1960,1960,2026-10-02T06:30:20,2026-10-02T06:31:20,2026-10-02T06:31:20,2026-10-02T06:31:23,2026-10-02T06:31:23,2026-10-02T06:32:40,1820,1880,1880,1883,1883,1960,60,3,77,0,wave_B
2026-10-02T06:32:40,1960,S1,15,green,0,1960,2020,2020,2026-10-02T06:32:40,2026-10-02T06:33:40,2026-10-02T06:33:40,2026-10-02T06:33:43,2026-10-02T06:33:43,2026-10-02T06:35:00,1960,2020,2020,2023,2023,2100,60,3,77,0,wave_B
2026-10-02T06:33:40,2020,S1,15,amber,0,2020,2023,2023,2026-10-02T06:32:40,2026-10-02T06:33:40,2026-10-02T06:33:40,2026-10-02T06:33:43,2026-10-02T06:33:43,2026-10-02T06:35:00,1960,2020,2020,2023,2023,2100,60,3,77,0,wave_B
2026-10-02T06:33:43,2023,S1,15,red,0,2023,2100,2100,2026-10-02T06:32:40,2026-10-02T06:33:40,2026-10-02T06:33:40,2026-10-02T06:33:43,2026-10-02T06:33:43,2026-10-02T06:35:00,1960,2020,2020,2023,2023,2100,60,3,77,0,wave_B
2026-10-02T06:35:00,2100,S1,16,green,0,2100,2160,2160,2026-10-02T06:35:00,2026-10-02T06:36:00,2026-10-02T06:36:00,2026-10-02T06:36:03,2026-10-02T06:36:03,2026-10-02T06:37:20,2100,2160,2160,2163,2163,2240,60,3,77,0,wave_B
2026-10-02T06:36:00,2160,S1,16,amber,0,2160,2163,2163,2026-10-02T06:35:00,2026-10-02T06:36:00,2026-10-02T06:36:00,2026-10-02T06:36:03,2026-10-02T06:36:03,2026-10-02T06:37:20,2100,2160,2160,2163,2163,2240,60,3,77,0,wave_B
2026-10-02T06:36:03,2163,S1,16,red,0,2163,2240,2240,2026-10-02T06:35:00,2026-10-02T06:36:00,2026-10-02T06:36:00,2026-10-02T06:36:03,2026-10-02T06:36:03,2026-10-02T06:37:20,2100,2160,2160,2163,2163,2240,60,3,77,0,wave_B
2026-10-02T06:37:20,2240,S1,17,green,0,2240,2300,2300,2026-10-02T06:37:20,2026-10-02T06:38:20,2026-10-02T06:38:20,2026-10-02T06:38:23,2026-10-02T06:38:23,2026-10-02T06:39:40,2240,2300,2300,2303,2303,2380,60,3,77,0,wave_B
2026-10-02T06:38:20,2300,S1,17,amber,0,2300,2303,2303,2026-10-02T06:37:20,2026-10-02T06:38:20,2026-10-02T06:38:20,2026-10-02T06:38:23,2026-10-02T06:38:23,2026-10-02T06:39:40,2240,2300,2300,2303,2303,2380,60,3,77,0,wave_B
2026-10-02T06:38:23,2303,S1,17,red,0,2303,2380,2380,2026-10-02T06:37:20,2026-10-02T06:38:20,2026-10-02T06:38:20,2026-10-02T06:38:23,2026-10-02T06:38:23,2026-10-02T06:39:40,2240,2300,2300,2303,2303,2380,60,3,77,0,wave_B
2026-10-02T06:39:40,2380,S1,18,green,0,2380,2440,2440,2026-10-02T06:39:40,2026-10-02T06:40:40,2026-10-02T06:40:40,2026-10-02T06:40:43,2026-10-02T06:40:43,2026-10-02T06:42:00,2380,2440,2440,2443,2443,2520,60,3,77,0,wave_B
2026-10-02T06:40:40,2440,S1,18,amber,0,2440,2443,2443,2026-10-02T06:39:40,2026-10-02T06:40:40,2026-10-02T06:40:40,2026-10-02T06:40:43,2026-10-02T06:40:43,2026-10-02T06:42:00,2380,2440,2440,2443,2443,2520,60,3,77,0,wave_B
2026-10-02T06:40:43,2443,S1,18,red,0,2443,2520,2520,2026-10-02T06:39:40,2026-10-02T06:40:40,2026-10-02T06:40:40,2026-10-02T06:40:43,2026-10-02T06:40:43,2026-10-02T06:42:00,2380,2440,2440,2443,2443,2520,60,3,77,0,wave_B
2026-10-02T06:42:00,2520,S1,19,green,0,2520,2580,2580,2026-10-02T06:42:00,2026-10-02T06:43:00,2026-10-02T06:43:00,2026-10-02T06:43:03,2026-10-02T06:43:03,2026-10-02T06:44:20,2520,2580,2580,2583,2583,2660,60,3,77,0,wave_B
2026-10-02T06:43:00,2580,S1,19,amber,0,2580,2583,2583,2026-10-02T06:42:00,2026-10-02T06:43:00,2026-10-02T06:43:00,2026-10-02T06:43:03,2026-10-02T06:43:03,2026-10-02T06:44:20,2520,2580,2580,2583,2583,2660,60,3,77,0,wave_B
2026-10-02T06:43:03,2583,S1,19,red,0,2583,2660,2660,2026-10-02T06:42:00,2026-10-02T06:43:00,2026-10-02T06:43:00,2026-10-02T06:43:03,2026-10-02T06:43:03,2026-10-02T06:44:20,2520,2580,2580,2583,2583,2660,60,3,77,0,wave_B
2026-10-02T06:44:20,2660,S1,20,green,0,2660,2720,2720,2026-10-02T06:44:20,2026-10-02T06:45:20,2026-10-02T06:45:20,2026-10-02T06:45:23,2026-10-02T06:45:23,2026-10-02T06:46:40,2660,2720,2720,2723,2723,2800,60,3,77,0,wave_B
2026-10-02T06:45:20,2720,S1,20,amber,0,2720,2723,2723,2026-10-02T06:44:20,2026-10-02T06:45:20,2026-10-02T06:45:20,2026-10-02T06:45:23,2026-10-02T06:45:23,2026-10-02T06:46:40,2660,2720,2720,2723,2723,2800,60,3,77,0,wave_B
2026-10-02T06:45:23,2723,S1,20,red,0,2723,2800,2800,2026-10-02T06:44:20,2026-10-02T06:45:20,2026-10-02T06:45:20,2026-10-02T06:45:23,2026-10-02T06:45:23,2026-10-02T06:46:40,2660,2720,2720,2723,2723,2800,60,3,77,0,wave_B
2026-10-02T06:46:40,2800,S1,21,green,0,2800,2860,2860,2026-10-02T06:46:40,2026-10-02T06:47:40,2026-10-02T06:47:40,2026-10-02T06:47:43,2026-10-02T06:47:43,2026-10-02T06:49:00,2800,2860,2860,2863,2863,2940,60,3,77,0,wave_B
2026-10-02T06:47:40,2860,S1,21,amber,0,2860,2863,2863,2026-10-02T06:46:40,2026-10-02T06:47:40,2026-10-02T06:47:40,2026-10-02T06:47:43,2026-10-02T06:47:43,2026-10-02T06:49:00,2800,2860,2860,2863,2863,2940,60,3,77,0,wave_B
2026-10-02T06:47:43,2863,S1,21,red,0,2863,2940,2940,2026-10-02T06:46:40,2026-10-02T06:47:40,2026-10-02T06:47:40,2026-10-02T06:47:43,2026-10-02T06:47:43,2026-10-02T06:49:00,2800,2860,2860,2863,2863,2940,60,3,77,0,wave_B
2026-10-02T06:49:00,2940,S1,22,green,0,2940,3000,3000,2026-10-02T06:49:00,2026-10-02T06:50:00,2026-10-02T06:50:00,2026-10-02T06:50:03,2026-10-02T06:50:03,2026-10-02T06:51:20,2940,3000,3000,3003,3003,3080,60,3,77,0,wave_B
2026-10-02T06:50:00,3000,S1,22,amber,0,3000,3003,3003,2026-10-02T06:49:00,2026-10-02T06:50:00,2026-10-02T06:50:00,2026-10-02T06:50:03,2026-10-02T06:50:03,2026-10-02T06:51:20,2940,3000,3000,3003,3003,3080,60,3,77,0,wave_B
2026-10-02T06:50:03,3003,S1,22,red,0,3003,3080,3080,2026-10-02T06:49:00,2026-10-02T06:50:00,2026-10-02T06:50:00,2026-10-02T06:50:03,2026-10-02T06:50:03,2026-10-02T06:51:20,2940,3000,3000,3003,3003,3080,60,3,77,0,wave_B
2026-10-02T06:51:20,3080,S1,23,green,0,3080,3140,3140,2026-10-02T06:51:20,2026-10-02T06:52:20,2026-10-02T06:52:20,2026-10-02T06:52:23,2026-10-02T06:52:23,2026-10-02T06:53:40,3080,3140,3140,3143,3143,3220,60,3,77,0,wave_B
2026-10-02T06:52:20,3140,S1,23,amber,0,3140,3143,3143,2026-10-02T06:51:20,2026-10-02T06:52:20,2026-10-02T06:52:20,2026-10-02T06:52:23,2026-10-02T06:52:23,2026-10-02T06:53:40,3080,3140,3140,3143,3143,3220,60,3,77,0,wave_B
2026-10-02T06:52:23,3143,S1,23,red,0,3143,3220,3220,2026-10-02T06:51:20,2026-10-02T06:52:20,2026-10-02T06:52:20,2026-10-02T06:52:23,2026-10-02T06:52:23,2026-10-02T06:53:40,3080,3140,3140,3143,3143,3220,60,3,77,0,wave_B
2026-10-02T06:53:40,3220,S1,24,green,0,3220,3280,3280,2026-10-02T06:53:40,2026-10-02T06:54:40,2026-10-02T06:54:40,2026-10-02T06:54:43,2026-10-02T06:54:43,2026-10-02T06:56:00,3220,3280,3280,3283,3283,3360,60,3,77,0,wave_B
2026-10-02T06:54:40,3280,S1,24,amber,0,3280,3283,3283,2026-10-02T06:53:40,2026-10-02T06:54:40,2026-10-02T06:54:40,2026-10-02T06:54:43,2026-10-02T06:54:43,2026-10-02T06:56:00,3220,3280,3280,3283,3283,3360,60,3,77,0,wave_B
2026-10-02T06:54:43,3283,S1,24,red,0,3283,3360,3360,2026-10-02T06:53:40,2026-10-02T06:54:40,2026-10-02T06:54:40,2026-10-02T06:54:43,2026-10-02T06:54:43,2026-10-02T06:56:00,3220,3280,3280,3283,3283,3360,60,3,77,0,wave_B
2026-10-02T06:56:00,3360,S1,25,green,0,3360,3420,3420,2026-10-02T06:56:00,2026-10-02T06:57:00,2026-10-02T06:57:00,2026-10-02T06:57:03,2026-10-02T06:57:03,2026-10-02T06:58:20,3360,3420,3420,3423,3423,3500,60,3,77,0,wave_B
2026-10-02T06:57:00,3420,S1,25,amber,0,3420,3423,3423,2026-10-02T06:56:00,2026-10-02T06:57:00,2026-10-02T06:57:00,2026-10-02T06:57:03,2026-10-02T06:57:03,2026-10-02T06:58:20,3360,3420,3420,3423,3423,3500,60,3,77,0,wave_B
2026-10-02T06:57:03,3423,S1,25,red,0,3423,3500,3500,2026-10-02T06:56:00,2026-10-02T06:57:00,2026-10-02T06:57:00,2026-10-02T06:57:03,2026-10-02T06:57:03,2026-10-02T06:58:20,3360,3420,3420,3423,3423,3500,60,3,77,0,wave_B
2026-10-02T06:58:20,3500,S1,26,green,0,3500,3560,3560,2026-10-02T06:58:20,2026-10-02T06:59:20,2026-10-02T06:59:20,2026-10-02T06:59:23,2026-10-02T06:59:23,2026-10-02T07:00:40,3500,3560,3560,3563,3563,3640,60,3,77,0,wave_B
2026-10-02T06:59:20,3560,S1,26,amber,0,3560,3563,3563,2026-10-02T06:58:20,2026-10-02T06:59:20,2026-10-02T06:59:20,2026-10-02T06:59:23,2026-10-02T06:59:23,2026-10-02T07:00:40,3500,3560,3560,3563,3563,3640,60,3,77,0,wave_B
2026-10-02T06:59:23,3563,S1,26,red,0,3563,3640,3640,2026-10-02T06:58:20,2026-10-02T06:59:20,2026-10-02T06:59:20,2026-10-02T06:59:23,2026-10-02T06:59:23,2026-10-02T07:00:40,3500,3560,3560,3563,3563,3640,60,3,77,0,wave_B
2026-10-02T07:00:40,3640,S1,27,green,0,3640,3700,3700,2026-10-02T07:00:40,2026-10-02T07:01:40,2026-10-02T07:01:40,2026-10-02T07:01:43,2026-10-02T07:01:43,2026-10-02T07:03:00,3640,3700,3700,3703,3703,3780,60,3,77,0,wave_B
2026-10-02T07:01:40,3700,S1,27,amber,0,3700,3703,3703,2026-10-02T07:00:40,2026-10-02T07:01:40,2026-10-02T07:01:40,2026-10-02T07:01:43,2026-10-02T07:01:43,2026-10-02T07:03:00,3640,3700,3700,3703,3703,3780,60,3,77,0,wave_B
2026-10-02T07:01:43,3703,S1,27,red,0,3703,3780,3780,2026-10-02T07:00:40,2026-10-02T07:01:40,2026-10-02T07:01:40,2026-10-02T07:01:43,2026-10-02T07:01:43,2026-10-02T07:03:00,3640,3700,3700,3703,3703,3780,60,3,77,0,wave_B
2026-10-02T07:03:00,3780,S1,28,green,0,3780,3840,3840,2026-10-02T07:03:00,2026-10-02T07:04:00,2026-10-02T07:04:00,2026-10-02T07:04:03,2026-10-02T07:04:03,2026-10-02T07:05:20,3780,3840,3840,3843,3843,3920,60,3,77,0,wave_B
2026-10-02T07:04:00,3840,S1,28,amber,0,3840,3843,3843,2026-10-02T07:03:00,2026-10-02T07:04:00,2026-10-02T07:04:00,2026-10-02T07:04:03,2026-10-02T07:04:03,2026-10-02T07:05:20,3780,3840,3840,3843,3843,3920,60,3,77,0,wave_B
2026-10-02T07:04:03,3843,S1,28,red,0,3843,3920,3920,2026-10-02T07:03:00,2026-10-02T07:04:00,2026-10-02T07:04:00,2026-10-02T07:04:03,2026-10-02T07:04:03,2026-10-02T07:05:20,3780,3840,3840,3843,3843,3920,60,3,77,0,wave_B
2026-10-02T07:05:20,3920,S1,29,green,0,3920,3980,3980,2026-10-02T07:05:20,2026-10-02T07:06:20,2026-10-02T07:06:20,2026-10-02T07:06:23,2026-10-02T07:06:23,2026-10-02T07:07:40,3920,3980,3980,3983,3983,4060,60,3,77,0,wave_B
2026-10-02T07:06:20,3980,S1,29,amber,0,3980,3983,3983,2026-10-02T07:05:20,2026-10-02T07:06:20,2026-10-02T07:06:20,2026-10-02T07:06:23,2026-10-02T07:06:23,2026-10-02T07:07:40,3920,3980,3980,3983,3983,4060,60,3,77,0,wave_B
2026-10-02T07:06:23,3983,S1,29,red,0,3983,4060,4060,2026-10-02T07:05:20,2026-10-02T07:06:20,2026-10-02T07:06:20,2026-10-02T07:06:23,2026-10-02T07:06:23,2026-10-02T07:07:40,3920,3980,3980,3983,3983,4060,60,3,77,0,wave_B
2026-10-02T07:07:40,4060,S1,30,green,0,4060,4120,4120,2026-10-02T07:07:40,2026-10-02T07:08:40,2026-10-02T07:08:40,2026-10-02T07:08:43,2026-10-02T07:08:43,2026-10-02T07:10:00,4060,4120,4120,4123,4123,4200,60,3,77,0,wave_B
2026-10-02T07:08:40,4120,S1,30,amber,0,4120,4123,4123,2026-10-02T07:07:40,2026-10-02T07:08:40,2026-10-02T07:08:40,2026-10-02T07:08:43,2026-10-02T07:08:43,2026-10-02T07:10:00,4060,4120,4120,4123,4123,4200,60,3,77,0,wave_B
2026-10-02T07:08:43,4123,S1,30,red,0,4123,4200,4200,2026-10-02T07:07:40,2026-10-02T07:08:40,2026-10-02T07:08:40,2026-10-02T07:08:43,2026-10-02T07:08:43,2026-10-02T07:10:00,4060,4120,4120,4123,4123,4200,60,3,77,0,wave_B
2026-10-02T07:10:00,4200,S1,31,green,0,4200,4260,4260,2026-10-02T07:10:00,2026-10-02T07:11:00,2026-10-02T07:11:00,2026-10-02T07:11:03,2026-10-02T07:11:03,2026-10-02T07:12:20,4200,4260,4260,4263,4263,4340,60,3,77,0,wave_B
2026-10-02T07:11:00,4260,S1,31,amber,0,4260,4263,4263,2026-10-02T07:10:00,2026-10-02T07:11:00,2026-10-02T07:11:00,2026-10-02T07:11:03,2026-10-02T07:11:03,2026-10-02T07:12:20,4200,4260,4260,4263,4263,4340,60,3,77,0,wave_B
2026-10-02T07:11:03,4263,S1,31,red,0,4263,4340,4340,2026-10-02T07:10:00,2026-10-02T07:11:00,2026-10-02T07:11:00,2026-10-02T07:11:03,2026-10-02T07:11:03,2026-10-02T07:12:20,4200,4260,4260,4263,4263,4340,60,3,77,0,wave_B
2026-10-02T07:12:20,4340,S1,32,green,0,4340,4400,4400,2026-10-02T07:12:20,2026-10-02T07:13:20,2026-10-02T07:13:20,2026-10-02T07:13:23,2026-10-02T07:13:23,2026-10-02T07:14:40,4340,4400,4400,4403,4403,4480,60,3,77,0,wave_B
2026-10-02T07:13:20,4400,S1,32,amber,0,4400,4403,4403,2026-10-02T07:12:20,2026-10-02T07:13:20,2026-10-02T07:13:20,2026-10-02T07:13:23,2026-10-02T07:13:23,2026-10-02T07:14:40,4340,4400,4400,4403,4403,4480,60,3,77,0,wave_B
2026-10-02T07:13:23,4403,S1,32,red,0,4403,4480,4480,2026-10-02T07:12:20,2026-10-02T07:13:20,2026-10-02T07:13:20,2026-10-02T07:13:23,2026-10-02T07:13:23,2026-10-02T07:14:40,4340,4400,4400,4403,4403,4480,60,3,77,0,wave_B
2026-10-02T07:14:40,4480,S1,33,green,0,4480,4540,4540,2026-10-02T07:14:40,2026-10-02T07:15:40,2026-10-02T07:15:40,2026-10-02T07:15:43,2026-10-02T07:15:43,2026-10-02T07:17:00,4480,4540,4540,4543,4543,4620,60,3,77,0,wave_B
2026-10-02T07:15:40,4540,S1,33,amber,0,4540,4543,4543,2026-10-02T07:14:40,2026-10-02T07:15:40,2026-10-02T07:15:40,2026-10-02T07:15:43,2026-10-02T07:15:43,2026-10-02T07:17:00,4480,4540,4540,4543,4543,4620,60,3,77,0,wave_B
2026-10-02T07:15:43,4543,S1,33,red,0,4543,4620,4620,2026-10-02T07:14:40,2026-10-02T07:15:40,2026-10-02T07:15:40,2026-10-02T07:15:43,2026-10-02T07:15:43,2026-10-02T07:17:00,4480,4540,4540,4543,4543,4620,60,3,77,0,wave_B
2026-10-02T07:17:00,4620,S1,34,green,0,4620,4680,4680,2026-10-02T07:17:00,2026-10-02T07:18:00,2026-10-02T07:18:00,2026-10-02T07:18:03,2026-10-02T07:18:03,2026-10-02T07:19:20,4620,4680,4680,4683,4683,4760,60,3,77,0,wave_B
2026-10-02T07:18:00,4680,S1,34,amber,0,4680,4683,4683,2026-10-02T07:17:00,2026-10-02T07:18:00,2026-10-02T07:18:00,2026-10-02T07:18:03,2026-10-02T07:18:03,2026-10-02T07:19:20,4620,4680,4680,4683,4683,4760,60,3,77,0,wave_B
2026-10-02T07:18:03,4683,S1,34,red,0,4683,4760,4760,2026-10-02T07:17:00,2026-10-02T07:18:00,2026-10-02T07:18:00,2026-10-02T07:18:03,2026-10-02T07:18:03,2026-10-02T07:19:20,4620,4680,4680,4683,4683,4760,60,3,77,0,wave_B
2026-10-02T07:19:20,4760,S1,35,green,0,4760,4820,4820,2026-10-02T07:19:20,2026-10-02T07:20:20,2026-10-02T07:20:20,2026-10-02T07:20:23,2026-10-02T07:20:23,2026-10-02T07:21:40,4760,4820,4820,4823,4823,4900,60,3,77,0,wave_B
2026-10-02T07:20:20,4820,S1,35,amber,0,4820,4823,4823,2026-10-02T07:19:20,2026-10-02T07:20:20,2026-10-02T07:20:20,2026-10-02T07:20:23,2026-10-02T07:20:23,2026-10-02T07:21:40,4760,4820,4820,4823,4823,4900,60,3,77,0,wave_B
2026-10-02T07:20:23,4823,S1,35,red,0,4823,4900,4900,2026-10-02T07:19:20,2026-10-02T07:20:20,2026-10-02T07:20:20,2026-10-02T07:20:23,2026-10-02T07:20:23,2026-10-02T07:21:40,4760,4820,4820,4823,4823,4900,60,3,77,0,wave_B
2026-10-02T07:21:40,4900,S1,36,green,0,4900,4960,4960,2026-10-02T07:21:40,2026-10-02T07:22:40,2026-10-02T07:22:40,2026-10-02T07:22:43,2026-10-02T07:22:43,2026-10-02T07:24:00,4900,4960,4960,4963,4963,5040,60,3,77,0,wave_B
2026-10-02T07:22:40,4960,S1,36,amber,0,4960,4963,4963,2026-10-02T07:21:40,2026-10-02T07:22:40,2026-10-02T07:22:40,2026-10-02T07:22:43,2026-10-02T07:22:43,2026-10-02T07:24:00,4900,4960,4960,4963,4963,5040,60,3,77,0,wave_B
2026-10-02T07:22:43,4963,S1,36,red,0,4963,5040,5040,2026-10-02T07:21:40,2026-10-02T07:22:40,2026-10-02T07:22:40,2026-10-02T07:22:43,2026-10-02T07:22:43,2026-10-02T07:24:00,4900,4960,4960,4963,4963,5040,60,3,77,0,wave_B
2026-10-02T07:24:00,5040,S1,37,green,0,5040,5100,5100,2026-10-02T07:24:00,2026-10-02T07:25:00,2026-10-02T07:25:00,2026-10-02T07:25:03,2026-10-02T07:25:03,2026-10-02T07:26:20,5040,5100,5100,5103,5103,5180,60,3,77,0,wave_B
2026-10-02T07:25:00,5100,S1,37,amber,0,5100,5103,5103,2026-10-02T07:24:00,2026-10-02T07:25:00,2026-10-02T07:25:00,2026-10-02T07:25:03,2026-10-02T07:25:03,2026-10-02T07:26:20,5040,5100,5100,5103,5103,5180,60,3,77,0,wave_B
2026-10-02T07:25:03,5103,S1,37,red,0,5103,5180,5180,2026-10-02T07:24:00,2026-10-02T07:25:00,2026-10-02T07:25:00,2026-10-02T07:25:03,2026-10-02T07:25:03,2026-10-02T07:26:20,5040,5100,5100,5103,5103,5180,60,3,77,0,wave_B
2026-10-02T07:26:20,5180,S1,38,green,0,5180,5240,5240,2026-10-02T07:26:20,2026-10-02T07:27:20,2026-10-02T07:27:20,2026-10-02T07:27:23,2026-10-02T07:27:23,2026-10-02T07:28:40,5180,5240,5240,5243,5243,5320,60,3,77,0,wave_B
2026-10-02T07:27:20,5240,S1,38,amber,0,5240,5243,5243,2026-10-02T07:26:20,2026-10-02T07:27:20,2026-10-02T07:27:20,2026-10-02T07:27:23,2026-10-02T07:27:23,2026-10-02T07:28:40,5180,5240,5240,5243,5243,5320,60,3,77,0,wave_B
2026-10-02T07:27:23,5243,S1,38,red,0,5243,5320,5320,2026-10-02T07:26:20,2026-10-02T07:27:20,2026-10-02T07:27:20,2026-10-02T07:27:23,2026-10-02T07:27:23,2026-10-02T07:28:40,5180,5240,5240,5243,5243,5320,60,3,77,0,wave_B
2026-10-02T07:28:40,5320,S1,39,green,0,5320,5380,5380,2026-10-02T07:28:40,2026-10-02T07:29:40,2026-10-02T07:29:40,2026-10-02T07:29:43,2026-10-02T07:29:43,2026-10-02T07:31:00,5320,5380,5380,5383,5383,5460,60,3,77,0,wave_B
2026-10-02T07:29:40,5380,S1,39,amber,0,5380,5383,5383,2026-10-02T07:28:40,2026-10-02T07:29:40,2026-10-02T07:29:40,2026-10-02T07:29:43,2026-10-02T07:29:43,2026-10-02T07:31:00,5320,5380,5380,5383,5383,5460,60,3,77,0,wave_B
2026-10-02T07:29:43,5383,S1,39,red,0,5383,5460,5460,2026-10-02T07:28:40,2026-10-02T07:29:40,2026-10-02T07:29:40,2026-10-02T07:29:43,2026-10-02T07:29:43,2026-10-02T07:31:00,5320,5380,5380,5383,5383,5460,60,3,77,0,wave_B
2026-10-02T07:31:00,5460,S1,40,green,0,5460,5520,5520,2026-10-02T07:31:00,2026-10-02T07:32:00,2026-10-02T07:32:00,2026-10-02T07:32:03,2026-10-02T07:32:03,2026-10-02T07:33:20,5460,5520,5520,5523,5523,5600,60,3,77,0,wave_B
2026-10-02T07:32:00,5520,S1,40,amber,0,5520,5523,5523,2026-10-02T07:31:00,2026-10-02T07:32:00,2026-10-02T07:32:00,2026-10-02T07:32:03,2026-10-02T07:32:03,2026-10-02T07:33:20,5460,5520,5520,5523,5523,5600,60,3,77,0,wave_B
2026-10-02T07:32:03,5523,S1,40,red,0,5523,5600,5600,2026-10-02T07:31:00,2026-10-02T07:32:00,2026-10-02T07:32:00,2026-10-02T07:32:03,2026-10-02T07:32:03,2026-10-02T07:33:20,5460,5520,5520,5523,5523,5600,60,3,77,0,wave_B
2026-10-02T07:33:20,5600,S1,41,green,0,5600,5660,5660,2026-10-02T07:33:20,2026-10-02T07:34:20,2026-10-02T07:34:20,2026-10-02T07:34:23,2026-10-02T07:34:23,2026-10-02T07:35:40,5600,5660,5660,5663,5663,5740,60,3,77,0,wave_B
2026-10-02T07:34:20,5660,S1,41,amber,0,5660,5663,5663,2026-10-02T07:33:20,2026-10-02T07:34:20,2026-10-02T07:34:20,2026-10-02T07:34:23,2026-10-02T07:34:23,2026-10-02T07:35:40,5600,5660,5660,5663,5663,5740,60,3,77,0,wave_B
2026-10-02T07:34:23,5663,S1,41,red,0,5663,5740,5740,2026-10-02T07:33:20,2026-10-02T07:34:20,2026-10-02T07:34:20,2026-10-02T07:34:23,2026-10-02T07:34:23,2026-10-02T07:35:40,5600,5660,5660,5663,5663,5740,60,3,77,0,wave_B
2026-10-02T07:35:40,5740,S1,42,green,0,5740,5800,5800,2026-10-02T07:35:40,2026-10-02T07:36:40,2026-10-02T07:36:40,2026-10-02T07:36:43,2026-10-02T07:36:43,2026-10-02T07:38:00,5740,5800,5800,5803,5803,5880,60,3,77,0,wave_B
2026-10-02T07:36:40,5800,S1,42,amber,0,5800,5803,5803,2026-10-02T07:35:40,2026-10-02T07:36:40,2026-10-02T07:36:40,2026-10-02T07:36:43,2026-10-02T07:36:43,2026-10-02T07:38:00,5740,5800,5800,5803,5803,5880,60,3,77,0,wave_B
2026-10-02T07:36:43,5803,S1,42,red,0,5803,5880,5880,2026-10-02T07:35:40,2026-10-02T07:36:40,2026-10-02T07:36:40,2026-10-02T07:36:43,2026-10-02T07:36:43,2026-10-02T07:38:00,5740,5800,5800,5803,5803,5880,60,3,77,0,wave_B
2026-10-02T07:38:00,5880,S1,43,green,0,5880,5940,5940,2026-10-02T07:38:00,2026-10-02T07:39:00,2026-10-02T07:39:00,2026-10-02T07:39:03,2026-10-02T07:39:03,2026-10-02T07:40:20,5880,5940,5940,5943,5943,6020,60,3,77,0,wave_B
2026-10-02T07:39:00,5940,S1,43,amber,0,5940,5943,5943,2026-10-02T07:38:00,2026-10-02T07:39:00,2026-10-02T07:39:00,2026-10-02T07:39:03,2026-10-02T07:39:03,2026-10-02T07:40:20,5880,5940,5940,5943,5943,6020,60,3,77,0,wave_B
2026-10-02T07:39:03,5943,S1,43,red,0,5943,6020,6020,2026-10-02T07:38:00,2026-10-02T07:39:00,2026-10-02T07:39:00,2026-10-02T07:39:03,2026-10-02T07:39:03,2026-10-02T07:40:20,5880,5940,5940,5943,5943,6020,60,3,77,0,wave_B
2026-10-02T07:40:20,6020,S1,44,green,0,6020,6080,6080,2026-10-02T07:40:20,2026-10-02T07:41:20,2026-10-02T07:41:20,2026-10-02T07:41:23,2026-10-02T07:41:23,2026-10-02T07:42:40,6020,6080,6080,6083,6083,6160,60,3,77,0,wave_B
2026-10-02T07:41:20,6080,S1,44,amber,0,6080,6083,6083,2026-10-02T07:40:20,2026-10-02T07:41:20,2026-10-02T07:41:20,2026-10-02T07:41:23,2026-10-02T07:41:23,2026-10-02T07:42:40,6020,6080,6080,6083,6083,6160,60,3,77,0,wave_B
2026-10-02T07:41:23,6083,S1,44,red,0,6083,6160,6160,2026-10-02T07:40:20,2026-10-02T07:41:20,2026-10-02T07:41:20,2026-10-02T07:41:23,2026-10-02T07:41:23,2026-10-02T07:42:40,6020,6080,6080,6083,6083,6160,60,3,77,0,wave_B
2026-10-02T07:42:40,6160,S1,45,green,0,6160,6220,6220,2026-10-02T07:42:40,2026-10-02T07:43:40,2026-10-02T07:43:40,2026-10-02T07:43:43,2026-10-02T07:43:43,2026-10-02T07:45:00,6160,6220,6220,6223,6223,6300,60,3,77,0,wave_B
2026-10-02T07:43:40,6220,S1,45,amber,0,6220,6223,6223,2026-10-02T07:42:40,2026-10-02T07:43:40,2026-10-02T07:43:40,2026-10-02T07:43:43,2026-10-02T07:43:43,2026-10-02T07:45:00,6160,6220,6220,6223,6223,6300,60,3,77,0,wave_B
2026-10-02T07:43:43,6223,S1,45,red,0,6223,6300,6300,2026-10-02T07:42:40,2026-10-02T07:43:40,2026-10-02T07:43:40,2026-10-02T07:43:43,2026-10-02T07:43:43,2026-10-02T07:45:00,6160,6220,6220,6223,6223,6300,60,3,77,0,wave_B
2026-10-02T07:45:00,6300,S1,46,green,0,6300,6360,6360,2026-10-02T07:45:00,2026-10-02T07:46:00,2026-10-02T07:46:00,2026-10-02T07:46:03,2026-10-02T07:46:03,2026-10-02T07:47:20,6300,6360,6360,6363,6363,6440,60,3,77,0,wave_B
2026-10-02T07:46:00,6360,S1,46,amber,0,6360,6363,6363,2026-10-02T07:45:00,2026-10-02T07:46:00,2026-10-02T07:46:00,2026-10-02T07:46:03,2026-10-02T07:46:03,2026-10-02T07:47:20,6300,6360,6360,6363,6363,6440,60,3,77,0,wave_B
2026-10-02T07:46:03,6363,S1,46,red,0,6363,6440,6440,2026-10-02T07:45:00,2026-10-02T07:46:00,2026-10-02T07:46:00,2026-10-02T07:46:03,2026-10-02T07:46:03,2026-10-02T07:47:20,6300,6360,6360,6363,6363,6440,60,3,77,0,wave_B
2026-10-02T07:47:20,6440,S1,47,green,0,6440,6500,6500,2026-10-02T07:47:20,2026-10-02T07:48:20,2026-10-02T07:48:20,2026-10-02T07:48:23,2026-10-02T07:48:23,2026-10-02T07:49:40,6440,6500,6500,6503,6503,6580,60,3,77,0,wave_B
2026-10-02T07:48:20,6500,S1,47,amber,0,6500,6503,6503,2026-10-02T07:47:20,2026-10-02T07:48:20,2026-10-02T07:48:20,2026-10-02T07:48:23,2026-10-02T07:48:23,2026-10-02T07:49:40,6440,6500,6500,6503,6503,6580,60,3,77,0,wave_B
2026-10-02T07:48:23,6503,S1,47,red,0,6503,6580,6580,2026-10-02T07:47:20,2026-10-02T07:48:20,2026-10-02T07:48:20,2026-10-02T07:48:23,2026-10-02T07:48:23,2026-10-02T07:49:40,6440,6500,6500,6503,6503,6580,60,3,77,0,wave_B
2026-10-02T07:49:40,6580,S1,48,green,0,6580,6640,6640,2026-10-02T07:49:40,2026-10-02T07:50:40,2026-10-02T07:50:40,2026-10-02T07:50:43,2026-10-02T07:50:43,2026-10-02T07:52:00,6580,6640,6640,6643,6643,6720,60,3,77,0,wave_B
2026-10-02T07:50:40,6640,S1,48,amber,0,6640,6643,6643,2026-10-02T07:49:40,2026-10-02T07:50:40,2026-10-02T07:50:40,2026-10-02T07:50:43,2026-10-02T07:50:43,2026-10-02T07:52:00,6580,6640,6640,6643,6643,6720,60,3,77,0,wave_B
2026-10-02T07:50:43,6643,S1,48,red,0,6643,6720,6720,2026-10-02T07:49:40,2026-10-02T07:50:40,2026-10-02T07:50:40,2026-10-02T07:50:43,2026-10-02T07:50:43,2026-10-02T07:52:00,6580,6640,6640,6643,6643,6720,60,3,77,0,wave_B
2026-10-02T07:52:00,6720,S1,49,green,0,6720,6780,6780,2026-10-02T07:52:00,2026-10-02T07:53:00,2026-10-02T07:53:00,2026-10-02T07:53:03,2026-10-02T07:53:03,2026-10-02T07:54:20,6720,6780,6780,6783,6783,6860,60,3,77,0,wave_B
2026-10-02T07:53:00,6780,S1,49,amber,0,6780,6783,6783,2026-10-02T07:52:00,2026-10-02T07:53:00,2026-10-02T07:53:00,2026-10-02T07:53:03,2026-10-02T07:53:03,2026-10-02T07:54:20,6720,6780,6780,6783,6783,6860,60,3,77,0,wave_B
2026-10-02T07:53:03,6783,S1,49,red,0,6783,6860,6860,2026-10-02T07:52:00,2026-10-02T07:53:00,2026-10-02T07:53:00,2026-10-02T07:53:03,2026-10-02T07:53:03,2026-10-02T07:54:20,6720,6780,6780,6783,6783,6860,60,3,77,0,wave_B
2026-10-02T07:54:20,6860,S1,50,green,0,6860,6920,6920,2026-10-02T07:54:20,2026-10-02T07:55:20,2026-10-02T07:55:20,2026-10-02T07:55:23,2026-10-02T07:55:23,2026-10-02T07:56:40,6860,6920,6920,6923,6923,7000,60,3,77,0,wave_B
2026-10-02T07:55:20,6920,S1,50,amber,0,6920,6923,6923,2026-10-02T07:54:20,2026-10-02T07:55:20,2026-10-02T07:55:20,2026-10-02T07:55:23,2026-10-02T07:55:23,2026-10-02T07:56:40,6860,6920,6920,6923,6923,7000,60,3,77,0,wave_B
2026-10-02T07:55:23,6923,S1,50,red,0,6923,7000,7000,2026-10-02T07:54:20,2026-10-02T07:55:20,2026-10-02T07:55:20,2026-10-02T07:55:23,2026-10-02T07:55:23,2026-10-02T07:56:40,6860,6920,6920,6923,6923,7000,60,3,77,0,wave_B
2026-10-02T07:56:40,7000,S1,51,green,0,7000,7060,7060,2026-10-02T07:56:40,2026-10-02T07:57:40,2026-10-02T07:57:40,2026-10-02T07:57:43,2026-10-02T07:57:43,2026-10-02T07:59:00,7000,7060,7060,7063,7063,7140,60,3,77,0,wave_B
2026-10-02T07:57:40,7060,S1,51,amber,0,7060,7063,7063,2026-10-02T07:56:40,2026-10-02T07:57:40,2026-10-02T07:57:40,2026-10-02T07:57:43,2026-10-02T07:57:43,2026-10-02T07:59:00,7000,7060,7060,7063,7063,7140,60,3,77,0,wave_B
2026-10-02T07:57:43,7063,S1,51,red,0,7063,7140,7140,2026-10-02T07:56:40,2026-10-02T07:57:40,2026-10-02T07:57:40,2026-10-02T07:57:43,2026-10-02T07:57:43,2026-10-02T07:59:00,7000,7060,7060,7063,7063,7140,60,3,77,0,wave_B
2026-10-02T07:59:00,7140,S1,52,green,0,7140,7200,7200,2026-10-02T07:59:00,2026-10-02T08:00:00,2026-10-02T08:00:00,2026-10-02T08:00:03,2026-10-02T08:00:03,2026-10-02T08:01:20,7140,7200,7200,7203,7203,7280,60,3,77,0,wave_B
2026-10-02T08:00:00,7200,S1,52,amber,0,7200,7203,7203,2026-10-02T07:59:00,2026-10-02T08:00:00,2026-10-02T08:00:00,2026-10-02T08:00:03,2026-10-02T08:00:03,2026-10-02T08:01:20,7140,7200,7200,7203,7203,7280,60,3,77,0,wave_B
2026-10-02T08:00:03,7203,S1,52,red,0,7203,7280,7280,2026-10-02T07:59:00,2026-10-02T08:00:00,2026-10-02T08:00:00,2026-10-02T08:00:03,2026-10-02T08:00:03,2026-10-02T08:01:20,7140,7200,7200,7203,7203,7280,60,3,77,0,wave_B
2026-10-02T06:00:00,0,S2,0,red,79,-79,18,18,2026-10-02T05:57:58,2026-10-02T05:58:38,2026-10-02T05:58:38,2026-10-02T05:58:41,2026-10-02T05:58:41,2026-10-02T06:00:18,-122,-82,-82,-79,-79,18,40,3,97,18,wave_A
2026-10-02T06:00:18,18,S2,1,green,0,18,58,58,2026-10-02T06:00:18,2026-10-02T06:00:58,2026-10-02T06:00:58,2026-10-02T06:01:01,2026-10-02T06:01:01,2026-10-02T06:02:38,18,58,58,61,61,158,40,3,97,18,wave_A
2026-10-02T06:00:58,58,S2,1,amber,0,58,61,61,2026-10-02T06:00:18,2026-10-02T06:00:58,2026-10-02T06:00:58,2026-10-02T06:01:01,2026-10-02T06:01:01,2026-10-02T06:02:38,18,58,58,61,61,158,40,3,97,18,wave_A
2026-10-02T06:01:01,61,S2,1,red,0,61,158,158,2026-10-02T06:00:18,2026-10-02T06:00:58,2026-10-02T06:00:58,2026-10-02T06:01:01,2026-10-02T06:01:01,2026-10-02T06:02:38,18,58,58,61,61,158,40,3,97,18,wave_A
2026-10-02T06:02:38,158,S2,2,green,0,158,198,198,2026-10-02T06:02:38,2026-10-02T06:03:18,2026-10-02T06:03:18,2026-10-02T06:03:21,2026-10-02T06:03:21,2026-10-02T06:04:58,158,198,198,201,201,298,40,3,97,18,wave_A
2026-10-02T06:03:18,198,S2,2,amber,0,198,201,201,2026-10-02T06:02:38,2026-10-02T06:03:18,2026-10-02T06:03:18,2026-10-02T06:03:21,2026-10-02T06:03:21,2026-10-02T06:04:58,158,198,198,201,201,298,40,3,97,18,wave_A
2026-10-02T06:03:21,201,S2,2,red,0,201,298,298,2026-10-02T06:02:38,2026-10-02T06:03:18,2026-10-02T06:03:18,2026-10-02T06:03:21,2026-10-02T06:03:21,2026-10-02T06:04:58,158,198,198,201,201,298,40,3,97,18,wave_A
2026-10-02T06:04:58,298,S2,3,green,0,298,338,338,2026-10-02T06:04:58,2026-10-02T06:05:38,2026-10-02T06:05:38,2026-10-02T06:05:41,2026-10-02T06:05:41,2026-10-02T06:07:18,298,338,338,341,341,438,40,3,97,18,wave_A
2026-10-02T06:05:38,338,S2,3,amber,0,338,341,341,2026-10-02T06:04:58,2026-10-02T06:05:38,2026-10-02T06:05:38,2026-10-02T06:05:41,2026-10-02T06:05:41,2026-10-02T06:07:18,298,338,338,341,341,438,40,3,97,18,wave_A
2026-10-02T06:05:41,341,S2,3,red,0,341,438,438,2026-10-02T06:04:58,2026-10-02T06:05:38,2026-10-02T06:05:38,2026-10-02T06:05:41,2026-10-02T06:05:41,2026-10-02T06:07:18,298,338,338,341,341,438,40,3,97,18,wave_A
2026-10-02T06:07:18,438,S2,4,green,0,438,478,478,2026-10-02T06:07:18,2026-10-02T06:07:58,2026-10-02T06:07:58,2026-10-02T06:08:01,2026-10-02T06:08:01,2026-10-02T06:09:38,438,478,478,481,481,578,40,3,97,18,wave_A
2026-10-02T06:07:58,478,S2,4,amber,0,478,481,481,2026-10-02T06:07:18,2026-10-02T06:07:58,2026-10-02T06:07:58,2026-10-02T06:08:01,2026-10-02T06:08:01,2026-10-02T06:09:38,438,478,478,481,481,578,40,3,97,18,wave_A
2026-10-02T06:08:01,481,S2,4,red,0,481,578,578,2026-10-02T06:07:18,2026-10-02T06:07:58,2026-10-02T06:07:58,2026-10-02T06:08:01,2026-10-02T06:08:01,2026-10-02T06:09:38,438,478,478,481,481,578,40,3,97,18,wave_A
2026-10-02T06:09:38,578,S2,5,green,0,578,619,619,2026-10-02T06:09:38,2026-10-02T06:10:19,2026-10-02T06:10:19,2026-10-02T06:10:22,2026-10-02T06:10:22,2026-10-02T06:11:58,578,619,619,622,622,718,41,3,96,18,wave_A
2026-10-02T06:10:19,619,S2,5,amber,0,619,622,622,2026-10-02T06:09:38,2026-10-02T06:10:19,2026-10-02T06:10:19,2026-10-02T06:10:22,2026-10-02T06:10:22,2026-10-02T06:11:58,578,619,619,622,622,718,41,3,96,18,wave_A
2026-10-02T06:10:22,622,S2,5,red,0,622,718,718,2026-10-02T06:09:38,2026-10-02T06:10:19,2026-10-02T06:10:19,2026-10-02T06:10:22,2026-10-02T06:10:22,2026-10-02T06:11:58,578,619,619,622,622,718,41,3,96,18,wave_A
2026-10-02T06:11:58,718,S2,6,green,0,718,760,760,2026-10-02T06:11:58,2026-10-02T06:12:40,2026-10-02T06:12:40,2026-10-02T06:12:43,2026-10-02T06:12:43,2026-10-02T06:14:18,718,760,760,763,763,858,42,3,95,18,wave_A
2026-10-02T06:12:40,760,S2,6,amber,0,760,763,763,2026-10-02T06:11:58,2026-10-02T06:12:40,2026-10-02T06:12:40,2026-10-02T06:12:43,2026-10-02T06:12:43,2026-10-02T06:14:18,718,760,760,763,763,858,42,3,95,18,wave_A
2026-10-02T06:12:43,763,S2,6,red,0,763,858,858,2026-10-02T06:11:58,2026-10-02T06:12:40,2026-10-02T06:12:40,2026-10-02T06:12:43,2026-10-02T06:12:43,2026-10-02T06:14:18,718,760,760,763,763,858,42,3,95,18,wave_A
2026-10-02T06:14:18,858,S2,7,green,0,858,901,901,2026-10-02T06:14:18,2026-10-02T06:15:01,2026-10-02T06:15:01,2026-10-02T06:15:04,2026-10-02T06:15:04,2026-10-02T06:16:38,858,901,901,904,904,998,43,3,94,18,wave_A
2026-10-02T06:15:01,901,S2,7,amber,0,901,904,904,2026-10-02T06:14:18,2026-10-02T06:15:01,2026-10-02T06:15:01,2026-10-02T06:15:04,2026-10-02T06:15:04,2026-10-02T06:16:38,858,901,901,904,904,998,43,3,94,18,wave_A
2026-10-02T06:15:04,904,S2,7,red,0,904,998,998,2026-10-02T06:14:18,2026-10-02T06:15:01,2026-10-02T06:15:01,2026-10-02T06:15:04,2026-10-02T06:15:04,2026-10-02T06:16:38,858,901,901,904,904,998,43,3,94,18,wave_A
2026-10-02T06:16:38,998,S2,8,green,0,998,1040,1040,2026-10-02T06:16:38,2026-10-02T06:17:20,2026-10-02T06:17:20,2026-10-02T06:17:23,2026-10-02T06:17:23,2026-10-02T06:18:58,998,1040,1040,1043,1043,1138,42,3,95,18,transicion
2026-10-02T06:17:20,1040,S2,8,amber,0,1040,1043,1043,2026-10-02T06:16:38,2026-10-02T06:17:20,2026-10-02T06:17:20,2026-10-02T06:17:23,2026-10-02T06:17:23,2026-10-02T06:18:58,998,1040,1040,1043,1043,1138,42,3,95,18,transicion
2026-10-02T06:17:23,1043,S2,8,red,0,1043,1138,1138,2026-10-02T06:16:38,2026-10-02T06:17:20,2026-10-02T06:17:20,2026-10-02T06:17:23,2026-10-02T06:17:23,2026-10-02T06:18:58,998,1040,1040,1043,1043,1138,42,3,95,18,transicion
2026-10-02T06:18:58,1138,S2,9,green,0,1138,1179,1179,2026-10-02T06:18:58,2026-10-02T06:19:39,2026-10-02T06:19:39,2026-10-02T06:19:42,2026-10-02T06:19:42,2026-10-02T06:21:18,1138,1179,1179,1182,1182,1278,41,3,96,18,transicion
2026-10-02T06:19:39,1179,S2,9,amber,0,1179,1182,1182,2026-10-02T06:18:58,2026-10-02T06:19:39,2026-10-02T06:19:39,2026-10-02T06:19:42,2026-10-02T06:19:42,2026-10-02T06:21:18,1138,1179,1179,1182,1182,1278,41,3,96,18,transicion
2026-10-02T06:19:42,1182,S2,9,red,0,1182,1278,1278,2026-10-02T06:18:58,2026-10-02T06:19:39,2026-10-02T06:19:39,2026-10-02T06:19:42,2026-10-02T06:19:42,2026-10-02T06:21:18,1138,1179,1179,1182,1182,1278,41,3,96,18,transicion
2026-10-02T06:21:18,1278,S2,10,green,0,1278,1318,1318,2026-10-02T06:21:18,2026-10-02T06:21:58,2026-10-02T06:21:58,2026-10-02T06:22:01,2026-10-02T06:22:01,2026-10-02T06:23:38,1278,1318,1318,1321,1321,1418,40,3,97,18,wave_B
2026-10-02T06:21:58,1318,S2,10,amber,0,1318,1321,1321,2026-10-02T06:21:18,2026-10-02T06:21:58,2026-10-02T06:21:58,2026-10-02T06:22:01,2026-10-02T06:22:01,2026-10-02T06:23:38,1278,1318,1318,1321,1321,1418,40,3,97,18,wave_B
2026-10-02T06:22:01,1321,S2,10,red,0,1321,1418,1418,2026-10-02T06:21:18,2026-10-02T06:21:58,2026-10-02T06:21:58,2026-10-02T06:22:01,2026-10-02T06:22:01,2026-10-02T06:23:38,1278,1318,1318,1321,1321,1418,40,3,97,18,wave_B
2026-10-02T06:23:38,1418,S2,11,green,0,1418,1458,1458,2026-10-02T06:23:38,2026-10-02T06:24:18,2026-10-02T06:24:18,2026-10-02T06:24:21,2026-10-02T06:24:21,2026-10-02T06:25:58,1418,1458,1458,1461,1461,1558,40,3,97,18,wave_B
2026-10-02T06:24:18,1458,S2,11,amber,0,1458,1461,1461,2026-10-02T06:23:38,2026-10-02T06:24:18,2026-10-02T06:24:18,2026-10-02T06:24:21,2026-10-02T06:24:21,2026-10-02T06:25:58,1418,1458,1458,1461,1461,1558,40,3,97,18,wave_B
2026-10-02T06:24:21,1461,S2,11,red,0,1461,1558,1558,2026-10-02T06:23:38,2026-10-02T06:24:18,2026-10-02T06:24:18,2026-10-02T06:24:21,2026-10-02T06:24:21,2026-10-02T06:25:58,1418,1458,1458,1461,1461,1558,40,3,97,18,wave_B
2026-10-02T06:25:58,1558,S2,12,green,0,1558,1598,1598,2026-10-02T06:25:58,2026-10-02T06:26:38,2026-10-02T06:26:38,2026-10-02T06:26:41,2026-10-02T06:26:41,2026-10-02T06:28:18,1558,1598,1598,1601,1601,1698,40,3,97,18,wave_B
2026-10-02T06:26:38,1598,S2,12,amber,0,1598,1601,1601,2026-10-02T06:25:58,2026-10-02T06:26:38,2026-10-02T06:26:38,2026-10-02T06:26:41,2026-10-02T06:26:41,2026-10-02T06:28:18,1558,1598,1598,1601,1601,1698,40,3,97,18,wave_B
2026-10-02T06:26:41,1601,S2,12,red,0,1601,1698,1698,2026-10-02T06:25:58,2026-10-02T06:26:38,2026-10-02T06:26:38,2026-10-02T06:26:41,2026-10-02T06:26:41,2026-10-02T06:28:18,1558,1598,1598,1601,1601,1698,40,3,97,18,wave_B
2026-10-02T06:28:18,1698,S2,13,green,0,1698,1738,1738,2026-10-02T06:28:18,2026-10-02T06:28:58,2026-10-02T06:28:58,2026-10-02T06:29:01,2026-10-02T06:29:01,2026-10-02T06:30:38,1698,1738,1738,1741,1741,1838,40,3,97,18,wave_B
2026-10-02T06:28:58,1738,S2,13,amber,0,1738,1741,1741,2026-10-02T06:28:18,2026-10-02T06:28:58,2026-10-02T06:28:58,2026-10-02T06:29:01,2026-10-02T06:29:01,2026-10-02T06:30:38,1698,1738,1738,1741,1741,1838,40,3,97,18,wave_B
2026-10-02T06:29:01,1741,S2,13,red,0,1741,1838,1838,2026-10-02T06:28:18,2026-10-02T06:28:58,2026-10-02T06:28:58,2026-10-02T06:29:01,2026-10-02T06:29:01,2026-10-02T06:30:38,1698,1738,1738,1741,1741,1838,40,3,97,18,wave_B
2026-10-02T06:30:38,1838,S2,14,green,0,1838,1878,1878,2026-10-02T06:30:38,2026-10-02T06:31:18,2026-10-02T06:31:18,2026-10-02T06:31:21,2026-10-02T06:31:21,2026-10-02T06:32:58,1838,1878,1878,1881,1881,1978,40,3,97,18,wave_B
2026-10-02T06:31:18,1878,S2,14,amber,0,1878,1881,1881,2026-10-02T06:30:38,2026-10-02T06:31:18,2026-10-02T06:31:18,2026-10-02T06:31:21,2026-10-02T06:31:21,2026-10-02T06:32:58,1838,1878,1878,1881,1881,1978,40,3,97,18,wave_B
2026-10-02T06:31:21,1881,S2,14,red,0,1881,1978,1978,2026-10-02T06:30:38,2026-10-02T06:31:18,2026-10-02T06:31:18,2026-10-02T06:31:21,2026-10-02T06:31:21,2026-10-02T06:32:58,1838,1878,1878,1881,1881,1978,40,3,97,18,wave_B
2026-10-02T06:32:58,1978,S2,15,green,0,1978,2018,2018,2026-10-02T06:32:58,2026-10-02T06:33:38,2026-10-02T06:33:38,2026-10-02T06:33:41,2026-10-02T06:33:41,2026-10-02T06:35:18,1978,2018,2018,2021,2021,2118,40,3,97,18,wave_B
2026-10-02T06:33:38,2018,S2,15,amber,0,2018,2021,2021,2026-10-02T06:32:58,2026-10-02T06:33:38,2026-10-02T06:33:38,2026-10-02T06:33:41,2026-10-02T06:33:41,2026-10-02T06:35:18,1978,2018,2018,2021,2021,2118,40,3,97,18,wave_B
2026-10-02T06:33:41,2021,S2,15,red,0,2021,2118,2118,2026-10-02T06:32:58,2026-10-02T06:33:38,2026-10-02T06:33:38,2026-10-02T06:33:41,2026-10-02T06:33:41,2026-10-02T06:35:18,1978,2018,2018,2021,2021,2118,40,3,97,18,wave_B
2026-10-02T06:35:18,2118,S2,16,green,0,2118,2158,2158,2026-10-02T06:35:18,2026-10-02T06:35:58,2026-10-02T06:35:58,2026-10-02T06:36:01,2026-10-02T06:36:01,2026-10-02T06:37:38,2118,2158,2158,2161,2161,2258,40,3,97,18,wave_B
2026-10-02T06:35:58,2158,S2,16,amber,0,2158,2161,2161,2026-10-02T06:35:18,2026-10-02T06:35:58,2026-10-02T06:35:58,2026-10-02T06:36:01,2026-10-02T06:36:01,2026-10-02T06:37:38,2118,2158,2158,2161,2161,2258,40,3,97,18,wave_B
2026-10-02T06:36:01,2161,S2,16,red,0,2161,2258,2258,2026-10-02T06:35:18,2026-10-02T06:35:58,2026-10-02T06:35:58,2026-10-02T06:36:01,2026-10-02T06:36:01,2026-10-02T06:37:38,2118,2158,2158,2161,2161,2258,40,3,97,18,wave_B
2026-10-02T06:37:38,2258,S2,17,green,0,2258,2298,2298,2026-10-02T06:37:38,2026-10-02T06:38:18,2026-10-02T06:38:18,2026-10-02T06:38:21,2026-10-02T06:38:21,2026-10-02T06:39:58,2258,2298,2298,2301,2301,2398,40,3,97,18,wave_B
2026-10-02T06:38:18,2298,S2,17,amber,0,2298,2301,2301,2026-10-02T06:37:38,2026-10-02T06:38:18,2026-10-02T06:38:18,2026-10-02T06:38:21,2026-10-02T06:38:21,2026-10-02T06:39:58,2258,2298,2298,2301,2301,2398,40,3,97,18,wave_B
2026-10-02T06:38:21,2301,S2,17,red,0,2301,2398,2398,2026-10-02T06:37:38,2026-10-02T06:38:18,2026-10-02T06:38:18,2026-10-02T06:38:21,2026-10-02T06:38:21,2026-10-02T06:39:58,2258,2298,2298,2301,2301,2398,40,3,97,18,wave_B
2026-10-02T06:39:58,2398,S2,18,green,0,2398,2438,2438,2026-10-02T06:39:58,2026-10-02T06:40:38,2026-10-02T06:40:38,2026-10-02T06:40:41,2026-10-02T06:40:41,2026-10-02T06:42:18,2398,2438,2438,2441,2441,2538,40,3,97,18,wave_B
2026-10-02T06:40:38,2438,S2,18,amber,0,2438,2441,2441,2026-10-02T06:39:58,2026-10-02T06:40:38,2026-10-02T06:40:38,2026-10-02T06:40:41,2026-10-02T06:40:41,2026-10-02T06:42:18,2398,2438,2438,2441,2441,2538,40,3,97,18,wave_B
2026-10-02T06:40:41,2441,S2,18,red,0,2441,2538,2538,2026-10-02T06:39:58,2026-10-02T06:40:38,2026-10-02T06:40:38,2026-10-02T06:40:41,2026-10-02T06:40:41,2026-10-02T06:42:18,2398,2438,2438,2441,2441,2538,40,3,97,18,wave_B
2026-10-02T06:42:18,2538,S2,19,green,0,2538,2578,2578,2026-10-02T06:42:18,2026-10-02T06:42:58,2026-10-02T06:42:58,2026-10-02T06:43:01,2026-10-02T06:43:01,2026-10-02T06:44:38,2538,2578,2578,2581,2581,2678,40,3,97,18,wave_B
2026-10-02T06:42:58,2578,S2,19,amber,0,2578,2581,2581,2026-10-02T06:42:18,2026-10-02T06:42:58,2026-10-02T06:42:58,2026-10-02T06:43:01,2026-10-02T06:43:01,2026-10-02T06:44:38,2538,2578,2578,2581,2581,2678,40,3,97,18,wave_B
2026-10-02T06:43:01,2581,S2,19,red,0,2581,2678,2678,2026-10-02T06:42:18,2026-10-02T06:42:58,2026-10-02T06:42:58,2026-10-02T06:43:01,2026-10-02T06:43:01,2026-10-02T06:44:38,2538,2578,2578,2581,2581,2678,40,3,97,18,wave_B
2026-10-02T06:44:38,2678,S2,20,green,0,2678,2718,2718,2026-10-02T06:44:38,2026-10-02T06:45:18,2026-10-02T06:45:18,2026-10-02T06:45:21,2026-10-02T06:45:21,2026-10-02T06:46:58,2678,2718,2718,2721,2721,2818,40,3,97,18,wave_B
2026-10-02T06:45:18,2718,S2,20,amber,0,2718,2721,2721,2026-10-02T06:44:38,2026-10-02T06:45:18,2026-10-02T06:45:18,2026-10-02T06:45:21,2026-10-02T06:45:21,2026-10-02T06:46:58,2678,2718,2718,2721,2721,2818,40,3,97,18,wave_B
2026-10-02T06:45:21,2721,S2,20,red,0,2721,2818,2818,2026-10-02T06:44:38,2026-10-02T06:45:18,2026-10-02T06:45:18,2026-10-02T06:45:21,2026-10-02T06:45:21,2026-10-02T06:46:58,2678,2718,2718,2721,2721,2818,40,3,97,18,wave_B
2026-10-02T06:46:58,2818,S2,21,green,0,2818,2858,2858,2026-10-02T06:46:58,2026-10-02T06:47:38,2026-10-02T06:47:38,2026-10-02T06:47:41,2026-10-02T06:47:41,2026-10-02T06:49:18,2818,2858,2858,2861,2861,2958,40,3,97,18,wave_B
2026-10-02T06:47:38,2858,S2,21,amber,0,2858,2861,2861,2026-10-02T06:46:58,2026-10-02T06:47:38,2026-10-02T06:47:38,2026-10-02T06:47:41,2026-10-02T06:47:41,2026-10-02T06:49:18,2818,2858,2858,2861,2861,2958,40,3,97,18,wave_B
2026-10-02T06:47:41,2861,S2,21,red,0,2861,2958,2958,2026-10-02T06:46:58,2026-10-02T06:47:38,2026-10-02T06:47:38,2026-10-02T06:47:41,2026-10-02T06:47:41,2026-10-02T06:49:18,2818,2858,2858,2861,2861,2958,40,3,97,18,wave_B
2026-10-02T06:49:18,2958,S2,22,green,0,2958,2998,2998,2026-10-02T06:49:18,2026-10-02T06:49:58,2026-10-02T06:49:58,2026-10-02T06:50:01,2026-10-02T06:50:01,2026-10-02T06:51:38,2958,2998,2998,3001,3001,3098,40,3,97,18,wave_B
2026-10-02T06:49:58,2998,S2,22,amber,0,2998,3001,3001,2026-10-02T06:49:18,2026-10-02T06:49:58,2026-10-02T06:49:58,2026-10-02T06:50:01,2026-10-02T06:50:01,2026-10-02T06:51:38,2958,2998,2998,3001,3001,3098,40,3,97,18,wave_B
2026-10-02T06:50:01,3001,S2,22,red,0,3001,3098,3098,2026-10-02T06:49:18,2026-10-02T06:49:58,2026-10-02T06:49:58,2026-10-02T06:50:01,2026-10-02T06:50:01,2026-10-02T06:51:38,2958,2998,2998,3001,3001,3098,40,3,97,18,wave_B
2026-10-02T06:51:38,3098,S2,23,green,0,3098,3138,3138,2026-10-02T06:51:38,2026-10-02T06:52:18,2026-10-02T06:52:18,2026-10-02T06:52:21,2026-10-02T06:52:21,2026-10-02T06:53:58,3098,3138,3138,3141,3141,3238,40,3,97,18,wave_B
2026-10-02T06:52:18,3138,S2,23,amber,0,3138,3141,3141,2026-10-02T06:51:38,2026-10-02T06:52:18,2026-10-02T06:52:18,2026-10-02T06:52:21,2026-10-02T06:52:21,2026-10-02T06:53:58,3098,3138,3138,3141,3141,3238,40,3,97,18,wave_B
2026-10-02T06:52:21,3141,S2,23,red,0,3141,3238,3238,2026-10-02T06:51:38,2026-10-02T06:52:18,2026-10-02T06:52:18,2026-10-02T06:52:21,2026-10-02T06:52:21,2026-10-02T06:53:58,3098,3138,3138,3141,3141,3238,40,3,97,18,wave_B
2026-10-02T06:53:58,3238,S2,24,green,0,3238,3278,3278,2026-10-02T06:53:58,2026-10-02T06:54:38,2026-10-02T06:54:38,2026-10-02T06:54:41,2026-10-02T06:54:41,2026-10-02T06:56:18,3238,3278,3278,3281,3281,3378,40,3,97,18,wave_B
2026-10-02T06:54:38,3278,S2,24,amber,0,3278,3281,3281,2026-10-02T06:53:58,2026-10-02T06:54:38,2026-10-02T06:54:38,2026-10-02T06:54:41,2026-10-02T06:54:41,2026-10-02T06:56:18,3238,3278,3278,3281,3281,3378,40,3,97,18,wave_B
2026-10-02T06:54:41,3281,S2,24,red,0,3281,3378,3378,2026-10-02T06:53:58,2026-10-02T06:54:38,2026-10-02T06:54:38,2026-10-02T06:54:41,2026-10-02T06:54:41,2026-10-02T06:56:18,3238,3278,3278,3281,3281,3378,40,3,97,18,wave_B
2026-10-02T06:56:18,3378,S2,25,green,0,3378,3418,3418,2026-10-02T06:56:18,2026-10-02T06:56:58,2026-10-02T06:56:58,2026-10-02T06:57:01,2026-10-02T06:57:01,2026-10-02T06:58:38,3378,3418,3418,3421,3421,3518,40,3,97,18,wave_B
2026-10-02T06:56:58,3418,S2,25,amber,0,3418,3421,3421,2026-10-02T06:56:18,2026-10-02T06:56:58,2026-10-02T06:56:58,2026-10-02T06:57:01,2026-10-02T06:57:01,2026-10-02T06:58:38,3378,3418,3418,3421,3421,3518,40,3,97,18,wave_B
2026-10-02T06:57:01,3421,S2,25,red,0,3421,3518,3518,2026-10-02T06:56:18,2026-10-02T06:56:58,2026-10-02T06:56:58,2026-10-02T06:57:01,2026-10-02T06:57:01,2026-10-02T06:58:38,3378,3418,3418,3421,3421,3518,40,3,97,18,wave_B
2026-10-02T06:58:38,3518,S2,26,green,0,3518,3558,3558,2026-10-02T06:58:38,2026-10-02T06:59:18,2026-10-02T06:59:18,2026-10-02T06:59:21,2026-10-02T06:59:21,2026-10-02T07:00:58,3518,3558,3558,3561,3561,3658,40,3,97,18,wave_B
2026-10-02T06:59:18,3558,S2,26,amber,0,3558,3561,3561,2026-10-02T06:58:38,2026-10-02T06:59:18,2026-10-02T06:59:18,2026-10-02T06:59:21,2026-10-02T06:59:21,2026-10-02T07:00:58,3518,3558,3558,3561,3561,3658,40,3,97,18,wave_B
2026-10-02T06:59:21,3561,S2,26,red,0,3561,3658,3658,2026-10-02T06:58:38,2026-10-02T06:59:18,2026-10-02T06:59:18,2026-10-02T06:59:21,2026-10-02T06:59:21,2026-10-02T07:00:58,3518,3558,3558,3561,3561,3658,40,3,97,18,wave_B
2026-10-02T07:00:58,3658,S2,27,green,0,3658,3698,3698,2026-10-02T07:00:58,2026-10-02T07:01:38,2026-10-02T07:01:38,2026-10-02T07:01:41,2026-10-02T07:01:41,2026-10-02T07:03:18,3658,3698,3698,3701,3701,3798,40,3,97,18,wave_B
2026-10-02T07:01:38,3698,S2,27,amber,0,3698,3701,3701,2026-10-02T07:00:58,2026-10-02T07:01:38,2026-10-02T07:01:38,2026-10-02T07:01:41,2026-10-02T07:01:41,2026-10-02T07:03:18,3658,3698,3698,3701,3701,3798,40,3,97,18,wave_B
2026-10-02T07:01:41,3701,S2,27,red,0,3701,3798,3798,2026-10-02T07:00:58,2026-10-02T07:01:38,2026-10-02T07:01:38,2026-10-02T07:01:41,2026-10-02T07:01:41,2026-10-02T07:03:18,3658,3698,3698,3701,3701,3798,40,3,97,18,wave_B
2026-10-02T07:03:18,3798,S2,28,green,0,3798,3838,3838,2026-10-02T07:03:18,2026-10-02T07:03:58,2026-10-02T07:03:58,2026-10-02T07:04:01,2026-10-02T07:04:01,2026-10-02T07:05:38,3798,3838,3838,3841,3841,3938,40,3,97,18,wave_B
2026-10-02T07:03:58,3838,S2,28,amber,0,3838,3841,3841,2026-10-02T07:03:18,2026-10-02T07:03:58,2026-10-02T07:03:58,2026-10-02T07:04:01,2026-10-02T07:04:01,2026-10-02T07:05:38,3798,3838,3838,3841,3841,3938,40,3,97,18,wave_B
2026-10-02T07:04:01,3841,S2,28,red,0,3841,3938,3938,2026-10-02T07:03:18,2026-10-02T07:03:58,2026-10-02T07:03:58,2026-10-02T07:04:01,2026-10-02T07:04:01,2026-10-02T07:05:38,3798,3838,3838,3841,3841,3938,40,3,97,18,wave_B
2026-10-02T07:05:38,3938,S2,29,green,0,3938,3978,3978,2026-10-02T07:05:38,2026-10-02T07:06:18,2026-10-02T07:06:18,2026-10-02T07:06:21,2026-10-02T07:06:21,2026-10-02T07:07:58,3938,3978,3978,3981,3981,4078,40,3,97,18,wave_B
2026-10-02T07:06:18,3978,S2,29,amber,0,3978,3981,3981,2026-10-02T07:05:38,2026-10-02T07:06:18,2026-10-02T07:06:18,2026-10-02T07:06:21,2026-10-02T07:06:21,2026-10-02T07:07:58,3938,3978,3978,3981,3981,4078,40,3,97,18,wave_B
2026-10-02T07:06:21,3981,S2,29,red,0,3981,4078,4078,2026-10-02T07:05:38,2026-10-02T07:06:18,2026-10-02T07:06:18,2026-10-02T07:06:21,2026-10-02T07:06:21,2026-10-02T07:07:58,3938,3978,3978,3981,3981,4078,40,3,97,18,wave_B
2026-10-02T07:07:58,4078,S2,30,green,0,4078,4118,4118,2026-10-02T07:07:58,2026-10-02T07:08:38,2026-10-02T07:08:38,2026-10-02T07:08:41,2026-10-02T07:08:41,2026-10-02T07:10:18,4078,4118,4118,4121,4121,4218,40,3,97,18,wave_B
2026-10-02T07:08:38,4118,S2,30,amber,0,4118,4121,4121,2026-10-02T07:07:58,2026-10-02T07:08:38,2026-10-02T07:08:38,2026-10-02T07:08:41,2026-10-02T07:08:41,2026-10-02T07:10:18,4078,4118,4118,4121,4121,4218,40,3,97,18,wave_B
2026-10-02T07:08:41,4121,S2,30,red,0,4121,4218,4218,2026-10-02T07:07:58,2026-10-02T07:08:38,2026-10-02T07:08:38,2026-10-02T07:08:41,2026-10-02T07:08:41,2026-10-02T07:10:18,4078,4118,4118,4121,4121,4218,40,3,97,18,wave_B
2026-10-02T07:10:18,4218,S2,31,green,0,4218,4258,4258,2026-10-02T07:10:18,2026-10-02T07:10:58,2026-10-02T07:10:58,2026-10-02T07:11:01,2026-10-02T07:11:01,2026-10-02T07:12:38,4218,4258,4258,4261,4261,4358,40,3,97,18,wave_B
2026-10-02T07:10:58,4258,S2,31,amber,0,4258,4261,4261,2026-10-02T07:10:18,2026-10-02T07:10:58,2026-10-02T07:10:58,2026-10-02T07:11:01,2026-10-02T07:11:01,2026-10-02T07:12:38,4218,4258,4258,4261,4261,4358,40,3,97,18,wave_B
2026-10-02T07:11:01,4261,S2,31,red,0,4261,4358,4358,2026-10-02T07:10:18,2026-10-02T07:10:58,2026-10-02T07:10:58,2026-10-02T07:11:01,2026-10-02T07:11:01,2026-10-02T07:12:38,4218,4258,4258,4261,4261,4358,40,3,97,18,wave_B
2026-10-02T07:12:38,4358,S2,32,green,0,4358,4398,4398,2026-10-02T07:12:38,2026-10-02T07:13:18,2026-10-02T07:13:18,2026-10-02T07:13:21,2026-10-02T07:13:21,2026-10-02T07:14:58,4358,4398,4398,4401,4401,4498,40,3,97,18,wave_B
2026-10-02T07:13:18,4398,S2,32,amber,0,4398,4401,4401,2026-10-02T07:12:38,2026-10-02T07:13:18,2026-10-02T07:13:18,2026-10-02T07:13:21,2026-10-02T07:13:21,2026-10-02T07:14:58,4358,4398,4398,4401,4401,4498,40,3,97,18,wave_B
2026-10-02T07:13:21,4401,S2,32,red,0,4401,4498,4498,2026-10-02T07:12:38,2026-10-02T07:13:18,2026-10-02T07:13:18,2026-10-02T07:13:21,2026-10-02T07:13:21,2026-10-02T07:14:58,4358,4398,4398,4401,4401,4498,40,3,97,18,wave_B
2026-10-02T07:14:58,4498,S2,33,green,0,4498,4538,4538,2026-10-02T07:14:58,2026-10-02T07:15:38,2026-10-02T07:15:38,2026-10-02T07:15:41,2026-10-02T07:15:41,2026-10-02T07:17:18,4498,4538,4538,4541,4541,4638,40,3,97,18,wave_B
2026-10-02T07:15:38,4538,S2,33,amber,0,4538,4541,4541,2026-10-02T07:14:58,2026-10-02T07:15:38,2026-10-02T07:15:38,2026-10-02T07:15:41,2026-10-02T07:15:41,2026-10-02T07:17:18,4498,4538,4538,4541,4541,4638,40,3,97,18,wave_B
2026-10-02T07:15:41,4541,S2,33,red,0,4541,4638,4638,2026-10-02T07:14:58,2026-10-02T07:15:38,2026-10-02T07:15:38,2026-10-02T07:15:41,2026-10-02T07:15:41,2026-10-02T07:17:18,4498,4538,4538,4541,4541,4638,40,3,97,18,wave_B
2026-10-02T07:17:18,4638,S2,34,green,0,4638,4678,4678,2026-10-02T07:17:18,2026-10-02T07:17:58,2026-10-02T07:17:58,2026-10-02T07:18:01,2026-10-02T07:18:01,2026-10-02T07:19:38,4638,4678,4678,4681,4681,4778,40,3,97,18,wave_B
2026-10-02T07:17:58,4678,S2,34,amber,0,4678,4681,4681,2026-10-02T07:17:18,2026-10-02T07:17:58,2026-10-02T07:17:58,2026-10-02T07:18:01,2026-10-02T07:18:01,2026-10-02T07:19:38,4638,4678,4678,4681,4681,4778,40,3,97,18,wave_B
2026-10-02T07:18:01,4681,S2,34,red,0,4681,4778,4778,2026-10-02T07:17:18,2026-10-02T07:17:58,2026-10-02T07:17:58,2026-10-02T07:18:01,2026-10-02T07:18:01,2026-10-02T07:19:38,4638,4678,4678,4681,4681,4778,40,3,97,18,wave_B
2026-10-02T07:19:38,4778,S2,35,green,0,4778,4818,4818,2026-10-02T07:19:38,2026-10-02T07:20:18,2026-10-02T07:20:18,2026-10-02T07:20:21,2026-10-02T07:20:21,2026-10-02T07:21:58,4778,4818,4818,4821,4821,4918,40,3,97,18,wave_B
2026-10-02T07:20:18,4818,S2,35,amber,0,4818,4821,4821,2026-10-02T07:19:38,2026-10-02T07:20:18,2026-10-02T07:20:18,2026-10-02T07:20:21,2026-10-02T07:20:21,2026-10-02T07:21:58,4778,4818,4818,4821,4821,4918,40,3,97,18,wave_B
2026-10-02T07:20:21,4821,S2,35,red,0,4821,4918,4918,2026-10-02T07:19:38,2026-10-02T07:20:18,2026-10-02T07:20:18,2026-10-02T07:20:21,2026-10-02T07:20:21,2026-10-02T07:21:58,4778,4818,4818,4821,4821,4918,40,3,97,18,wave_B
2026-10-02T07:21:58,4918,S2,36,green,0,4918,4958,4958,2026-10-02T07:21:58,2026-10-02T07:22:38,2026-10-02T07:22:38,2026-10-02T07:22:41,2026-10-02T07:22:41,2026-10-02T07:24:18,4918,4958,4958,4961,4961,5058,40,3,97,18,wave_B
2026-10-02T07:22:38,4958,S2,36,amber,0,4958,4961,4961,2026-10-02T07:21:58,2026-10-02T07:22:38,2026-10-02T07:22:38,2026-10-02T07:22:41,2026-10-02T07:22:41,2026-10-02T07:24:18,4918,4958,4958,4961,4961,5058,40,3,97,18,wave_B
2026-10-02T07:22:41,4961,S2,36,red,0,4961,5058,5058,2026-10-02T07:21:58,2026-10-02T07:22:38,2026-10-02T07:22:38,2026-10-02T07:22:41,2026-10-02T07:22:41,2026-10-02T07:24:18,4918,4958,4958,4961,4961,5058,40,3,97,18,wave_B
2026-10-02T07:24:18,5058,S2,37,green,0,5058,5098,5098,2026-10-02T07:24:18,2026-10-02T07:24:58,2026-10-02T07:24:58,2026-10-02T07:25:01,2026-10-02T07:25:01,2026-10-02T07:26:38,5058,5098,5098,5101,5101,5198,40,3,97,18,wave_B
2026-10-02T07:24:58,5098,S2,37,amber,0,5098,5101,5101,2026-10-02T07:24:18,2026-10-02T07:24:58,2026-10-02T07:24:58,2026-10-02T07:25:01,2026-10-02T07:25:01,2026-10-02T07:26:38,5058,5098,5098,5101,5101,5198,40,3,97,18,wave_B
2026-10-02T07:25:01,5101,S2,37,red,0,5101,5198,5198,2026-10-02T07:24:18,2026-10-02T07:24:58,2026-10-02T07:24:58,2026-10-02T07:25:01,2026-10-02T07:25:01,2026-10-02T07:26:38,5058,5098,5098,5101,5101,5198,40,3,97,18,wave_B
2026-10-02T07:26:38,5198,S2,38,green,0,5198,5238,5238,2026-10-02T07:26:38,2026-10-02T07:27:18,2026-10-02T07:27:18,2026-10-02T07:27:21,2026-10-02T07:27:21,2026-10-02T07:28:58,5198,5238,5238,5241,5241,5338,40,3,97,18,wave_B
2026-10-02T07:27:18,5238,S2,38,amber,0,5238,5241,5241,2026-10-02T07:26:38,2026-10-02T07:27:18,2026-10-02T07:27:18,2026-10-02T07:27:21,2026-10-02T07:27:21,2026-10-02T07:28:58,5198,5238,5238,5241,5241,5338,40,3,97,18,wave_B
2026-10-02T07:27:21,5241,S2,38,red,0,5241,5338,5338,2026-10-02T07:26:38,2026-10-02T07:27:18,2026-10-02T07:27:18,2026-10-02T07:27:21,2026-10-02T07:27:21,2026-10-02T07:28:58,5198,5238,5238,5241,5241,5338,40,3,97,18,wave_B
2026-10-02T07:28:58,5338,S2,39,green,0,5338,5378,5378,2026-10-02T07:28:58,2026-10-02T07:29:38,2026-10-02T07:29:38,2026-10-02T07:29:41,2026-10-02T07:29:41,2026-10-02T07:31:18,5338,5378,5378,5381,5381,5478,40,3,97,18,wave_B
2026-10-02T07:29:38,5378,S2,39,amber,0,5378,5381,5381,2026-10-02T07:28:58,2026-10-02T07:29:38,2026-10-02T07:29:38,2026-10-02T07:29:41,2026-10-02T07:29:41,2026-10-02T07:31:18,5338,5378,5378,5381,5381,5478,40,3,97,18,wave_B
2026-10-02T07:29:41,5381,S2,39,red,0,5381,5478,5478,2026-10-02T07:28:58,2026-10-02T07:29:38,2026-10-02T07:29:38,2026-10-02T07:29:41,2026-10-02T07:29:41,2026-10-02T07:31:18,5338,5378,5378,5381,5381,5478,40,3,97,18,wave_B
2026-10-02T07:31:18,5478,S2,40,green,0,5478,5518,5518,2026-10-02T07:31:18,2026-10-02T07:31:58,2026-10-02T07:31:58,2026-10-02T07:32:01,2026-10-02T07:32:01,2026-10-02T07:33:38,5478,5518,5518,5521,5521,5618,40,3,97,18,wave_B
2026-10-02T07:31:58,5518,S2,40,amber,0,5518,5521,5521,2026-10-02T07:31:18,2026-10-02T07:31:58,2026-10-02T07:31:58,2026-10-02T07:32:01,2026-10-02T07:32:01,2026-10-02T07:33:38,5478,5518,5518,5521,5521,5618,40,3,97,18,wave_B
2026-10-02T07:32:01,5521,S2,40,red,0,5521,5618,5618,2026-10-02T07:31:18,2026-10-02T07:31:58,2026-10-02T07:31:58,2026-10-02T07:32:01,2026-10-02T07:32:01,2026-10-02T07:33:38,5478,5518,5518,5521,5521,5618,40,3,97,18,wave_B
2026-10-02T07:33:38,5618,S2,41,green,0,5618,5658,5658,2026-10-02T07:33:38,2026-10-02T07:34:18,2026-10-02T07:34:18,2026-10-02T07:34:21,2026-10-02T07:34:21,2026-10-02T07:35:58,5618,5658,5658,5661,5661,5758,40,3,97,18,wave_B
2026-10-02T07:34:18,5658,S2,41,amber,0,5658,5661,5661,2026-10-02T07:33:38,2026-10-02T07:34:18,2026-10-02T07:34:18,2026-10-02T07:34:21,2026-10-02T07:34:21,2026-10-02T07:35:58,5618,5658,5658,5661,5661,5758,40,3,97,18,wave_B
2026-10-02T07:34:21,5661,S2,41,red,0,5661,5758,5758,2026-10-02T07:33:38,2026-10-02T07:34:18,2026-10-02T07:34:18,2026-10-02T07:34:21,2026-10-02T07:34:21,2026-10-02T07:35:58,5618,5658,5658,5661,5661,5758,40,3,97,18,wave_B
2026-10-02T07:35:58,5758,S2,42,green,0,5758,5798,5798,2026-10-02T07:35:58,2026-10-02T07:36:38,2026-10-02T07:36:38,2026-10-02T07:36:41,2026-10-02T07:36:41,2026-10-02T07:38:18,5758,5798,5798,5801,5801,5898,40,3,97,18,wave_B
2026-10-02T07:36:38,5798,S2,42,amber,0,5798,5801,5801,2026-10-02T07:35:58,2026-10-02T07:36:38,2026-10-02T07:36:38,2026-10-02T07:36:41,2026-10-02T07:36:41,2026-10-02T07:38:18,5758,5798,5798,5801,5801,5898,40,3,97,18,wave_B
2026-10-02T07:36:41,5801,S2,42,red,0,5801,5898,5898,2026-10-02T07:35:58,2026-10-02T07:36:38,2026-10-02T07:36:38,2026-10-02T07:36:41,2026-10-02T07:36:41,2026-10-02T07:38:18,5758,5798,5798,5801,5801,5898,40,3,97,18,wave_B
2026-10-02T07:38:18,5898,S2,43,green,0,5898,5938,5938,2026-10-02T07:38:18,2026-10-02T07:38:58,2026-10-02T07:38:58,2026-10-02T07:39:01,2026-10-02T07:39:01,2026-10-02T07:40:38,5898,5938,5938,5941,5941,6038,40,3,97,18,wave_B
2026-10-02T07:38:58,5938,S2,43,amber,0,5938,5941,5941,2026-10-02T07:38:18,2026-10-02T07:38:58,2026-10-02T07:38:58,2026-10-02T07:39:01,2026-10-02T07:39:01,2026-10-02T07:40:38,5898,5938,5938,5941,5941,6038,40,3,97,18,wave_B
2026-10-02T07:39:01,5941,S2,43,red,0,5941,6038,6038,2026-10-02T07:38:18,2026-10-02T07:38:58,2026-10-02T07:38:58,2026-10-02T07:39:01,2026-10-02T07:39:01,2026-10-02T07:40:38,5898,5938,5938,5941,5941,6038,40,3,97,18,wave_B
2026-10-02T07:40:38,6038,S2,44,green,0,6038,6078,6078,2026-10-02T07:40:38,2026-10-02T07:41:18,2026-10-02T07:41:18,2026-10-02T07:41:21,2026-10-02T07:41:21,2026-10-02T07:42:58,6038,6078,6078,6081,6081,6178,40,3,97,18,wave_B
2026-10-02T07:41:18,6078,S2,44,amber,0,6078,6081,6081,2026-10-02T07:40:38,2026-10-02T07:41:18,2026-10-02T07:41:18,2026-10-02T07:41:21,2026-10-02T07:41:21,2026-10-02T07:42:58,6038,6078,6078,6081,6081,6178,40,3,97,18,wave_B
2026-10-02T07:41:21,6081,S2,44,red,0,6081,6178,6178,2026-10-02T07:40:38,2026-10-02T07:41:18,2026-10-02T07:41:18,2026-10-02T07:41:21,2026-10-02T07:41:21,2026-10-02T07:42:58,6038,6078,6078,6081,6081,6178,40,3,97,18,wave_B
2026-10-02T07:42:58,6178,S2,45,green,0,6178,6218,6218,2026-10-02T07:42:58,2026-10-02T07:43:38,2026-10-02T07:43:38,2026-10-02T07:43:41,2026-10-02T07:43:41,2026-10-02T07:45:18,6178,6218,6218,6221,6221,6318,40,3,97,18,wave_B
2026-10-02T07:43:38,6218,S2,45,amber,0,6218,6221,6221,2026-10-02T07:42:58,2026-10-02T07:43:38,2026-10-02T07:43:38,2026-10-02T07:43:41,2026-10-02T07:43:41,2026-10-02T07:45:18,6178,6218,6218,6221,6221,6318,40,3,97,18,wave_B
2026-10-02T07:43:41,6221,S2,45,red,0,6221,6318,6318,2026-10-02T07:42:58,2026-10-02T07:43:38,2026-10-02T07:43:38,2026-10-02T07:43:41,2026-10-02T07:43:41,2026-10-02T07:45:18,6178,6218,6218,6221,6221,6318,40,3,97,18,wave_B
2026-10-02T07:45:18,6318,S2,46,green,0,6318,6358,6358,2026-10-02T07:45:18,2026-10-02T07:45:58,2026-10-02T07:45:58,2026-10-02T07:46:01,2026-10-02T07:46:01,2026-10-02T07:47:38,6318,6358,6358,6361,6361,6458,40,3,97,18,wave_B
2026-10-02T07:45:58,6358,S2,46,amber,0,6358,6361,6361,2026-10-02T07:45:18,2026-10-02T07:45:58,2026-10-02T07:45:58,2026-10-02T07:46:01,2026-10-02T07:46:01,2026-10-02T07:47:38,6318,6358,6358,6361,6361,6458,40,3,97,18,wave_B
2026-10-02T07:46:01,6361,S2,46,red,0,6361,6458,6458,2026-10-02T07:45:18,2026-10-02T07:45:58,2026-10-02T07:45:58,2026-10-02T07:46:01,2026-10-02T07:46:01,2026-10-02T07:47:38,6318,6358,6358,6361,6361,6458,40,3,97,18,wave_B
2026-10-02T07:47:38,6458,S2,47,green,0,6458,6498,6498,2026-10-02T07:47:38,2026-10-02T07:48:18,2026-10-02T07:48:18,2026-10-02T07:48:21,2026-10-02T07:48:21,2026-10-02T07:49:58,6458,6498,6498,6501,6501,6598,40,3,97,18,wave_B
2026-10-02T07:48:18,6498,S2,47,amber,0,6498,6501,6501,2026-10-02T07:47:38,2026-10-02T07:48:18,2026-10-02T07:48:18,2026-10-02T07:48:21,2026-10-02T07:48:21,2026-10-02T07:49:58,6458,6498,6498,6501,6501,6598,40,3,97,18,wave_B
2026-10-02T07:48:21,6501,S2,47,red,0,6501,6598,6598,2026-10-02T07:47:38,2026-10-02T07:48:18,2026-10-02T07:48:18,2026-10-02T07:48:21,2026-10-02T07:48:21,2026-10-02T07:49:58,6458,6498,6498,6501,6501,6598,40,3,97,18,wave_B
2026-10-02T07:49:58,6598,S2,48,green,0,6598,6638,6638,2026-10-02T07:49:58,2026-10-02T07:50:38,2026-10-02T07:50:38,2026-10-02T07:50:41,2026-10-02T07:50:41,2026-10-02T07:52:18,6598,6638,6638,6641,6641,6738,40,3,97,18,wave_B
2026-10-02T07:50:38,6638,S2,48,amber,0,6638,6641,6641,2026-10-02T07:49:58,2026-10-02T07:50:38,2026-10-02T07:50:38,2026-10-02T07:50:41,2026-10-02T07:50:41,2026-10-02T07:52:18,6598,6638,6638,6641,6641,6738,40,3,97,18,wave_B
2026-10-02T07:50:41,6641,S2,48,red,0,6641,6738,6738,2026-10-02T07:49:58,2026-10-02T07:50:38,2026-10-02T07:50:38,2026-10-02T07:50:41,2026-10-02T07:50:41,2026-10-02T07:52:18,6598,6638,6638,6641,6641,6738,40,3,97,18,wave_B
2026-10-02T07:52:18,6738,S2,49,green,0,6738,6778,6778,2026-10-02T07:52:18,2026-10-02T07:52:58,2026-10-02T07:52:58,2026-10-02T07:53:01,2026-10-02T07:53:01,2026-10-02T07:54:38,6738,6778,6778,6781,6781,6878,40,3,97,18,wave_B
2026-10-02T07:52:58,6778,S2,49,amber,0,6778,6781,6781,2026-10-02T07:52:18,2026-10-02T07:52:58,2026-10-02T07:52:58,2026-10-02T07:53:01,2026-10-02T07:53:01,2026-10-02T07:54:38,6738,6778,6778,6781,6781,6878,40,3,97,18,wave_B
2026-10-02T07:53:01,6781,S2,49,red,0,6781,6878,6878,2026-10-02T07:52:18,2026-10-02T07:52:58,2026-10-02T07:52:58,2026-10-02T07:53:01,2026-10-02T07:53:01,2026-10-02T07:54:38,6738,6778,6778,6781,6781,6878,40,3,97,18,wave_B
2026-10-02T07:54:38,6878,S2,50,green,0,6878,6918,6918,2026-10-02T07:54:38,2026-10-02T07:55:18,2026-10-02T07:55:18,2026-10-02T07:55:21,2026-10-02T07:55:21,2026-10-02T07:56:58,6878,6918,6918,6921,6921,7018,40,3,97,18,wave_B
2026-10-02T07:55:18,6918,S2,50,amber,0,6918,6921,6921,2026-10-02T07:54:38,2026-10-02T07:55:18,2026-10-02T07:55:18,2026-10-02T07:55:21,2026-10-02T07:55:21,2026-10-02T07:56:58,6878,6918,6918,6921,6921,7018,40,3,97,18,wave_B
2026-10-02T07:55:21,6921,S2,50,red,0,6921,7018,7018,2026-10-02T07:54:38,2026-10-02T07:55:18,2026-10-02T07:55:18,2026-10-02T07:55:21,2026-10-02T07:55:21,2026-10-02T07:56:58,6878,6918,6918,6921,6921,7018,40,3,97,18,wave_B
2026-10-02T07:56:58,7018,S2,51,green,0,7018,7058,7058,2026-10-02T07:56:58,2026-10-02T07:57:38,2026-10-02T07:57:38,2026-10-02T07:57:41,2026-10-02T07:57:41,2026-10-02T07:59:18,7018,7058,7058,7061,7061,7158,40,3,97,18,wave_B
2026-10-02T07:57:38,7058,S2,51,amber,0,7058,7061,7061,2026-10-02T07:56:58,2026-10-02T07:57:38,2026-10-02T07:57:38,2026-10-02T07:57:41,2026-10-02T07:57:41,2026-10-02T07:59:18,7018,7058,7058,7061,7061,7158,40,3,97,18,wave_B
2026-10-02T07:57:41,7061,S2,51,red,0,7061,7158,7158,2026-10-02T07:56:58,2026-10-02T07:57:38,2026-10-02T07:57:38,2026-10-02T07:57:41,2026-10-02T07:57:41,2026-10-02T07:59:18,7018,7058,7058,7061,7061,7158,40,3,97,18,wave_B
2026-10-02T07:59:18,7158,S2,52,green,0,7158,7198,7198,2026-10-02T07:59:18,2026-10-02T07:59:58,2026-10-02T07:59:58,2026-10-02T08:00:01,2026-10-02T08:00:01,2026-10-02T08:01:38,7158,7198,7198,7201,7201,7298,40,3,97,18,wave_B
2026-10-02T07:59:58,7198,S2,52,amber,0,7198,7201,7201,2026-10-02T07:59:18,2026-10-02T07:59:58,2026-10-02T07:59:58,2026-10-02T08:00:01,2026-10-02T08:00:01,2026-10-02T08:01:38,7158,7198,7198,7201,7201,7298,40,3,97,18,wave_B
2026-10-02T08:00:01,7201,S2,52,red,0,7201,7298,7280,2026-10-02T07:59:18,2026-10-02T07:59:58,2026-10-02T07:59:58,2026-10-02T08:00:01,2026-10-02T08:00:01,2026-10-02T08:01:38,7158,7198,7198,7201,7201,7298,40,3,97,18,wave_B
2026-10-02T06:00:00,0,S3,0,red,37,-37,45,45,2026-10-02T05:58:25,2026-10-02T05:59:20,2026-10-02T05:59:20,2026-10-02T05:59:23,2026-10-02T05:59:23,2026-10-02T06:00:45,-95,-40,-40,-37,-37,45,55,3,82,45,wave_A
2026-10-02T06:00:45,45,S3,1,green,0,45,100,100,2026-10-02T06:00:45,2026-10-02T06:01:40,2026-10-02T06:01:40,2026-10-02T06:01:43,2026-10-02T06:01:43,2026-10-02T06:03:05,45,100,100,103,103,185,55,3,82,45,wave_A
2026-10-02T06:01:40,100,S3,1,amber,0,100,103,103,2026-10-02T06:00:45,2026-10-02T06:01:40,2026-10-02T06:01:40,2026-10-02T06:01:43,2026-10-02T06:01:43,2026-10-02T06:03:05,45,100,100,103,103,185,55,3,82,45,wave_A
2026-10-02T06:01:43,103,S3,1,red,0,103,185,185,2026-10-02T06:00:45,2026-10-02T06:01:40,2026-10-02T06:01:40,2026-10-02T06:01:43,2026-10-02T06:01:43,2026-10-02T06:03:05,45,100,100,103,103,185,55,3,82,45,wave_A
2026-10-02T06:03:05,185,S3,2,green,0,185,240,240,2026-10-02T06:03:05,2026-10-02T06:04:00,2026-10-02T06:04:00,2026-10-02T06:04:03,2026-10-02T06:04:03,2026-10-02T06:05:25,185,240,240,243,243,325,55,3,82,45,wave_A
2026-10-02T06:04:00,240,S3,2,amber,0,240,243,243,2026-10-02T06:03:05,2026-10-02T06:04:00,2026-10-02T06:04:00,2026-10-02T06:04:03,2026-10-02T06:04:03,2026-10-02T06:05:25,185,240,240,243,243,325,55,3,82,45,wave_A
2026-10-02T06:04:03,243,S3,2,red,0,243,325,325,2026-10-02T06:03:05,2026-10-02T06:04:00,2026-10-02T06:04:00,2026-10-02T06:04:03,2026-10-02T06:04:03,2026-10-02T06:05:25,185,240,240,243,243,325,55,3,82,45,wave_A
2026-10-02T06:05:25,325,S3,3,green,0,325,380,380,2026-10-02T06:05:25,2026-10-02T06:06:20,2026-10-02T06:06:20,2026-10-02T06:06:23,2026-10-02T06:06:23,2026-10-02T06:07:45,325,380,380,383,383,465,55,3,82,45,wave_A
2026-10-02T06:06:20,380,S3,3,amber,0,380,383,383,2026-10-02T06:05:25,2026-10-02T06:06:20,2026-10-02T06:06:20,2026-10-02T06:06:23,2026-10-02T06:06:23,2026-10-02T06:07:45,325,380,380,383,383,465,55,3,82,45,wave_A
2026-10-02T06:06:23,383,S3,3,red,0,383,465,465,2026-10-02T06:05:25,2026-10-02T06:06:20,2026-10-02T06:06:20,2026-10-02T06:06:23,2026-10-02T06:06:23,2026-10-02T06:07:45,325,380,380,383,383,465,55,3,82,45,wave_A
2026-10-02T06:07:45,465,S3,4,green,0,465,520,520,2026-10-02T06:07:45,2026-10-02T06:08:40,2026-10-02T06:08:40,2026-10-02T06:08:43,2026-10-02T06:08:43,2026-10-02T06:10:05,465,520,520,523,523,605,55,3,82,45,wave_A
2026-10-02T06:08:40,520,S3,4,amber,0,520,523,523,2026-10-02T06:07:45,2026-10-02T06:08:40,2026-10-02T06:08:40,2026-10-02T06:08:43,2026-10-02T06:08:43,2026-10-02T06:10:05,465,520,520,523,523,605,55,3,82,45,wave_A
2026-10-02T06:08:43,523,S3,4,red,0,523,605,605,2026-10-02T06:07:45,2026-10-02T06:08:40,2026-10-02T06:08:40,2026-10-02T06:08:43,2026-10-02T06:08:43,2026-10-02T06:10:05,465,520,520,523,523,605,55,3,82,45,wave_A
2026-10-02T06:10:05,605,S3,5,green,0,605,660,660,2026-10-02T06:10:05,2026-10-02T06:11:00,2026-10-02T06:11:00,2026-10-02T06:11:03,2026-10-02T06:11:03,2026-10-02T06:12:25,605,660,660,663,663,745,55,3,82,45,wave_A
2026-10-02T06:11:00,660,S3,5,amber,0,660,663,663,2026-10-02T06:10:05,2026-10-02T06:11:00,2026-10-02T06:11:00,2026-10-02T06:11:03,2026-10-02T06:11:03,2026-10-02T06:12:25,605,660,660,663,663,745,55,3,82,45,wave_A
2026-10-02T06:11:03,663,S3,5,red,0,663,745,745,2026-10-02T06:10:05,2026-10-02T06:11:00,2026-10-02T06:11:00,2026-10-02T06:11:03,2026-10-02T06:11:03,2026-10-02T06:12:25,605,660,660,663,663,745,55,3,82,45,wave_A
2026-10-02T06:12:25,745,S3,6,green,0,745,800,800,2026-10-02T06:12:25,2026-10-02T06:13:20,2026-10-02T06:13:20,2026-10-02T06:13:23,2026-10-02T06:13:23,2026-10-02T06:14:45,745,800,800,803,803,885,55,3,82,45,wave_A
2026-10-02T06:13:20,800,S3,6,amber,0,800,803,803,2026-10-02T06:12:25,2026-10-02T06:13:20,2026-10-02T06:13:20,2026-10-02T06:13:23,2026-10-02T06:13:23,2026-10-02T06:14:45,745,800,800,803,803,885,55,3,82,45,wave_A
2026-10-02T06:13:23,803,S3,6,red,0,803,885,885,2026-10-02T06:12:25,2026-10-02T06:13:20,2026-10-02T06:13:20,2026-10-02T06:13:23,2026-10-02T06:13:23,2026-10-02T06:14:45,745,800,800,803,803,885,55,3,82,45,wave_A
2026-10-02T06:14:45,885,S3,7,green,0,885,939,939,2026-10-02T06:14:45,2026-10-02T06:15:39,2026-10-02T06:15:39,2026-10-02T06:15:42,2026-10-02T06:15:42,2026-10-02T06:17:05,885,939,939,942,942,1025,54,3,83,45,wave_A
2026-10-02T06:15:39,939,S3,7,amber,0,939,942,942,2026-10-02T06:14:45,2026-10-02T06:15:39,2026-10-02T06:15:39,2026-10-02T06:15:42,2026-10-02T06:15:42,2026-10-02T06:17:05,885,939,939,942,942,1025,54,3,83,45,wave_A
2026-10-02T06:15:42,942,S3,7,red,0,942,1025,1025,2026-10-02T06:14:45,2026-10-02T06:15:39,2026-10-02T06:15:39,2026-10-02T06:15:42,2026-10-02T06:15:42,2026-10-02T06:17:05,885,939,939,942,942,1025,54,3,83,45,wave_A
2026-10-02T06:17:05,1025,S3,8,green,0,1025,1080,1080,2026-10-02T06:17:05,2026-10-02T06:18:00,2026-10-02T06:18:00,2026-10-02T06:18:03,2026-10-02T06:18:03,2026-10-02T06:19:25,1025,1080,1080,1083,1083,1165,55,3,82,45,transicion
2026-10-02T06:18:00,1080,S3,8,amber,0,1080,1083,1083,2026-10-02T06:17:05,2026-10-02T06:18:00,2026-10-02T06:18:00,2026-10-02T06:18:03,2026-10-02T06:18:03,2026-10-02T06:19:25,1025,1080,1080,1083,1083,1165,55,3,82,45,transicion
2026-10-02T06:18:03,1083,S3,8,red,0,1083,1165,1165,2026-10-02T06:17:05,2026-10-02T06:18:00,2026-10-02T06:18:00,2026-10-02T06:18:03,2026-10-02T06:18:03,2026-10-02T06:19:25,1025,1080,1080,1083,1083,1165,55,3,82,45,transicion
2026-10-02T06:19:25,1165,S3,9,green,0,1165,1220,1220,2026-10-02T06:19:25,2026-10-02T06:20:20,2026-10-02T06:20:20,2026-10-02T06:20:23,2026-10-02T06:20:23,2026-10-02T06:21:45,1165,1220,1220,1223,1223,1305,55,3,82,45,transicion
2026-10-02T06:20:20,1220,S3,9,amber,0,1220,1223,1223,2026-10-02T06:19:25,2026-10-02T06:20:20,2026-10-02T06:20:20,2026-10-02T06:20:23,2026-10-02T06:20:23,2026-10-02T06:21:45,1165,1220,1220,1223,1223,1305,55,3,82,45,transicion
2026-10-02T06:20:23,1223,S3,9,red,0,1223,1305,1305,2026-10-02T06:19:25,2026-10-02T06:20:20,2026-10-02T06:20:20,2026-10-02T06:20:23,2026-10-02T06:20:23,2026-10-02T06:21:45,1165,1220,1220,1223,1223,1305,55,3,82,45,transicion
2026-10-02T06:21:45,1305,S3,10,green,0,1305,1360,1360,2026-10-02T06:21:45,2026-10-02T06:22:40,2026-10-02T06:22:40,2026-10-02T06:22:43,2026-10-02T06:22:43,2026-10-02T06:24:05,1305,1360,1360,1363,1363,1445,55,3,82,45,wave_B
2026-10-02T06:22:40,1360,S3,10,amber,0,1360,1363,1363,2026-10-02T06:21:45,2026-10-02T06:22:40,2026-10-02T06:22:40,2026-10-02T06:22:43,2026-10-02T06:22:43,2026-10-02T06:24:05,1305,1360,1360,1363,1363,1445,55,3,82,45,wave_B
2026-10-02T06:22:43,1363,S3,10,red,0,1363,1445,1445,2026-10-02T06:21:45,2026-10-02T06:22:40,2026-10-02T06:22:40,2026-10-02T06:22:43,2026-10-02T06:22:43,2026-10-02T06:24:05,1305,1360,1360,1363,1363,1445,55,3,82,45,wave_B
2026-10-02T06:24:05,1445,S3,11,green,0,1445,1500,1500,2026-10-02T06:24:05,2026-10-02T06:25:00,2026-10-02T06:25:00,2026-10-02T06:25:03,2026-10-02T06:25:03,2026-10-02T06:26:25,1445,1500,1500,1503,1503,1585,55,3,82,45,wave_B
2026-10-02T06:25:00,1500,S3,11,amber,0,1500,1503,1503,2026-10-02T06:24:05,2026-10-02T06:25:00,2026-10-02T06:25:00,2026-10-02T06:25:03,2026-10-02T06:25:03,2026-10-02T06:26:25,1445,1500,1500,1503,1503,1585,55,3,82,45,wave_B
2026-10-02T06:25:03,1503,S3,11,red,0,1503,1585,1585,2026-10-02T06:24:05,2026-10-02T06:25:00,2026-10-02T06:25:00,2026-10-02T06:25:03,2026-10-02T06:25:03,2026-10-02T06:26:25,1445,1500,1500,1503,1503,1585,55,3,82,45,wave_B
2026-10-02T06:26:25,1585,S3,12,green,0,1585,1640,1640,2026-10-02T06:26:25,2026-10-02T06:27:20,2026-10-02T06:27:20,2026-10-02T06:27:23,2026-10-02T06:27:23,2026-10-02T06:28:45,1585,1640,1640,1643,1643,1725,55,3,82,45,wave_B
2026-10-02T06:27:20,1640,S3,12,amber,0,1640,1643,1643,2026-10-02T06:26:25,2026-10-02T06:27:20,2026-10-02T06:27:20,2026-10-02T06:27:23,2026-10-02T06:27:23,2026-10-02T06:28:45,1585,1640,1640,1643,1643,1725,55,3,82,45,wave_B
2026-10-02T06:27:23,1643,S3,12,red,0,1643,1725,1725,2026-10-02T06:26:25,2026-10-02T06:27:20,2026-10-02T06:27:20,2026-10-02T06:27:23,2026-10-02T06:27:23,2026-10-02T06:28:45,1585,1640,1640,1643,1643,1725,55,3,82,45,wave_B
2026-10-02T06:28:45,1725,S3,13,green,0,1725,1780,1780,2026-10-02T06:28:45,2026-10-02T06:29:40,2026-10-02T06:29:40,2026-10-02T06:29:43,2026-10-02T06:29:43,2026-10-02T06:31:05,1725,1780,1780,1783,1783,1865,55,3,82,45,wave_B
2026-10-02T06:29:40,1780,S3,13,amber,0,1780,1783,1783,2026-10-02T06:28:45,2026-10-02T06:29:40,2026-10-02T06:29:40,2026-10-02T06:29:43,2026-10-02T06:29:43,2026-10-02T06:31:05,1725,1780,1780,1783,1783,1865,55,3,82,45,wave_B
2026-10-02T06:29:43,1783,S3,13,red,0,1783,1865,1865,2026-10-02T06:28:45,2026-10-02T06:29:40,2026-10-02T06:29:40,2026-10-02T06:29:43,2026-10-02T06:29:43,2026-10-02T06:31:05,1725,1780,1780,1783,1783,1865,55,3,82,45,wave_B
2026-10-02T06:31:05,1865,S3,14,green,0,1865,1920,1920,2026-10-02T06:31:05,2026-10-02T06:32:00,2026-10-02T06:32:00,2026-10-02T06:32:03,2026-10-02T06:32:03,2026-10-02T06:33:25,1865,1920,1920,1923,1923,2005,55,3,82,45,wave_B
2026-10-02T06:32:00,1920,S3,14,amber,0,1920,1923,1923,2026-10-02T06:31:05,2026-10-02T06:32:00,2026-10-02T06:32:00,2026-10-02T06:32:03,2026-10-02T06:32:03,2026-10-02T06:33:25,1865,1920,1920,1923,1923,2005,55,3,82,45,wave_B
2026-10-02T06:32:03,1923,S3,14,red,0,1923,2005,2005,2026-10-02T06:31:05,2026-10-02T06:32:00,2026-10-02T06:32:00,2026-10-02T06:32:03,2026-10-02T06:32:03,2026-10-02T06:33:25,1865,1920,1920,1923,1923,2005,55,3,82,45,wave_B
2026-10-02T06:33:25,2005,S3,15,green,0,2005,2060,2060,2026-10-02T06:33:25,2026-10-02T06:34:20,2026-10-02T06:34:20,2026-10-02T06:34:23,2026-10-02T06:34:23,2026-10-02T06:35:45,2005,2060,2060,2063,2063,2145,55,3,82,45,wave_B
2026-10-02T06:34:20,2060,S3,15,amber,0,2060,2063,2063,2026-10-02T06:33:25,2026-10-02T06:34:20,2026-10-02T06:34:20,2026-10-02T06:34:23,2026-10-02T06:34:23,2026-10-02T06:35:45,2005,2060,2060,2063,2063,2145,55,3,82,45,wave_B
2026-10-02T06:34:23,2063,S3,15,red,0,2063,2145,2145,2026-10-02T06:33:25,2026-10-02T06:34:20,2026-10-02T06:34:20,2026-10-02T06:34:23,2026-10-02T06:34:23,2026-10-02T06:35:45,2005,2060,2060,2063,2063,2145,55,3,82,45,wave_B
2026-10-02T06:35:45,2145,S3,16,green,0,2145,2200,2200,2026-10-02T06:35:45,2026-10-02T06:36:40,2026-10-02T06:36:40,2026-10-02T06:36:43,2026-10-02T06:36:43,2026-10-02T06:38:05,2145,2200,2200,2203,2203,2285,55,3,82,45,wave_B
2026-10-02T06:36:40,2200,S3,16,amber,0,2200,2203,2203,2026-10-02T06:35:45,2026-10-02T06:36:40,2026-10-02T06:36:40,2026-10-02T06:36:43,2026-10-02T06:36:43,2026-10-02T06:38:05,2145,2200,2200,2203,2203,2285,55,3,82,45,wave_B
2026-10-02T06:36:43,2203,S3,16,red,0,2203,2285,2285,2026-10-02T06:35:45,2026-10-02T06:36:40,2026-10-02T06:36:40,2026-10-02T06:36:43,2026-10-02T06:36:43,2026-10-02T06:38:05,2145,2200,2200,2203,2203,2285,55,3,82,45,wave_B
2026-10-02T06:38:05,2285,S3,17,green,0,2285,2340,2340,2026-10-02T06:38:05,2026-10-02T06:39:00,2026-10-02T06:39:00,2026-10-02T06:39:03,2026-10-02T06:39:03,2026-10-02T06:40:25,2285,2340,2340,2343,2343,2425,55,3,82,45,wave_B
2026-10-02T06:39:00,2340,S3,17,amber,0,2340,2343,2343,2026-10-02T06:38:05,2026-10-02T06:39:00,2026-10-02T06:39:00,2026-10-02T06:39:03,2026-10-02T06:39:03,2026-10-02T06:40:25,2285,2340,2340,2343,2343,2425,55,3,82,45,wave_B
2026-10-02T06:39:03,2343,S3,17,red,0,2343,2425,2425,2026-10-02T06:38:05,2026-10-02T06:39:00,2026-10-02T06:39:00,2026-10-02T06:39:03,2026-10-02T06:39:03,2026-10-02T06:40:25,2285,2340,2340,2343,2343,2425,55,3,82,45,wave_B
2026-10-02T06:40:25,2425,S3,18,green,0,2425,2480,2480,2026-10-02T06:40:25,2026-10-02T06:41:20,2026-10-02T06:41:20,2026-10-02T06:41:23,2026-10-02T06:41:23,2026-10-02T06:42:45,2425,2480,2480,2483,2483,2565,55,3,82,45,wave_B
2026-10-02T06:41:20,2480,S3,18,amber,0,2480,2483,2483,2026-10-02T06:40:25,2026-10-02T06:41:20,2026-10-02T06:41:20,2026-10-02T06:41:23,2026-10-02T06:41:23,2026-10-02T06:42:45,2425,2480,2480,2483,2483,2565,55,3,82,45,wave_B
2026-10-02T06:41:23,2483,S3,18,red,0,2483,2565,2565,2026-10-02T06:40:25,2026-10-02T06:41:20,2026-10-02T06:41:20,2026-10-02T06:41:23,2026-10-02T06:41:23,2026-10-02T06:42:45,2425,2480,2480,2483,2483,2565,55,3,82,45,wave_B
2026-10-02T06:42:45,2565,S3,19,green,0,2565,2620,2620,2026-10-02T06:42:45,2026-10-02T06:43:40,2026-10-02T06:43:40,2026-10-02T06:43:43,2026-10-02T06:43:43,2026-10-02T06:45:05,2565,2620,2620,2623,2623,2705,55,3,82,45,wave_B
2026-10-02T06:43:40,2620,S3,19,amber,0,2620,2623,2623,2026-10-02T06:42:45,2026-10-02T06:43:40,2026-10-02T06:43:40,2026-10-02T06:43:43,2026-10-02T06:43:43,2026-10-02T06:45:05,2565,2620,2620,2623,2623,2705,55,3,82,45,wave_B
2026-10-02T06:43:43,2623,S3,19,red,0,2623,2705,2705,2026-10-02T06:42:45,2026-10-02T06:43:40,2026-10-02T06:43:40,2026-10-02T06:43:43,2026-10-02T06:43:43,2026-10-02T06:45:05,2565,2620,2620,2623,2623,2705,55,3,82,45,wave_B
2026-10-02T06:45:05,2705,S3,20,green,0,2705,2760,2760,2026-10-02T06:45:05,2026-10-02T06:46:00,2026-10-02T06:46:00,2026-10-02T06:46:03,2026-10-02T06:46:03,2026-10-02T06:47:25,2705,2760,2760,2763,2763,2845,55,3,82,45,wave_B
2026-10-02T06:46:00,2760,S3,20,amber,0,2760,2763,2763,2026-10-02T06:45:05,2026-10-02T06:46:00,2026-10-02T06:46:00,2026-10-02T06:46:03,2026-10-02T06:46:03,2026-10-02T06:47:25,2705,2760,2760,2763,2763,2845,55,3,82,45,wave_B
2026-10-02T06:46:03,2763,S3,20,red,0,2763,2845,2845,2026-10-02T06:45:05,2026-10-02T06:46:00,2026-10-02T06:46:00,2026-10-02T06:46:03,2026-10-02T06:46:03,2026-10-02T06:47:25,2705,2760,2760,2763,2763,2845,55,3,82,45,wave_B
2026-10-02T06:47:25,2845,S3,21,green,0,2845,2900,2900,2026-10-02T06:47:25,2026-10-02T06:48:20,2026-10-02T06:48:20,2026-10-02T06:48:23,2026-10-02T06:48:23,2026-10-02T06:49:45,2845,2900,2900,2903,2903,2985,55,3,82,45,wave_B
2026-10-02T06:48:20,2900,S3,21,amber,0,2900,2903,2903,2026-10-02T06:47:25,2026-10-02T06:48:20,2026-10-02T06:48:20,2026-10-02T06:48:23,2026-10-02T06:48:23,2026-10-02T06:49:45,2845,2900,2900,2903,2903,2985,55,3,82,45,wave_B
2026-10-02T06:48:23,2903,S3,21,red,0,2903,2985,2985,2026-10-02T06:47:25,2026-10-02T06:48:20,2026-10-02T06:48:20,2026-10-02T06:48:23,2026-10-02T06:48:23,2026-10-02T06:49:45,2845,2900,2900,2903,2903,2985,55,3,82,45,wave_B
2026-10-02T06:49:45,2985,S3,22,green,0,2985,3040,3040,2026-10-02T06:49:45,2026-10-02T06:50:40,2026-10-02T06:50:40,2026-10-02T06:50:43,2026-10-02T06:50:43,2026-10-02T06:52:05,2985,3040,3040,3043,3043,3125,55,3,82,45,wave_B
2026-10-02T06:50:40,3040,S3,22,amber,0,3040,3043,3043,2026-10-02T06:49:45,2026-10-02T06:50:40,2026-10-02T06:50:40,2026-10-02T06:50:43,2026-10-02T06:50:43,2026-10-02T06:52:05,2985,3040,3040,3043,3043,3125,55,3,82,45,wave_B
2026-10-02T06:50:43,3043,S3,22,red,0,3043,3125,3125,2026-10-02T06:49:45,2026-10-02T06:50:40,2026-10-02T06:50:40,2026-10-02T06:50:43,2026-10-02T06:50:43,2026-10-02T06:52:05,2985,3040,3040,3043,3043,3125,55,3,82,45,wave_B
2026-10-02T06:52:05,3125,S3,23,green,0,3125,3180,3180,2026-10-02T06:52:05,2026-10-02T06:53:00,2026-10-02T06:53:00,2026-10-02T06:53:03,2026-10-02T06:53:03,2026-10-02T06:54:25,3125,3180,3180,3183,3183,3265,55,3,82,45,wave_B
2026-10-02T06:53:00,3180,S3,23,amber,0,3180,3183,3183,2026-10-02T06:52:05,2026-10-02T06:53:00,2026-10-02T06:53:00,2026-10-02T06:53:03,2026-10-02T06:53:03,2026-10-02T06:54:25,3125,3180,3180,3183,3183,3265,55,3,82,45,wave_B
2026-10-02T06:53:03,3183,S3,23,red,0,3183,3265,3265,2026-10-02T06:52:05,2026-10-02T06:53:00,2026-10-02T06:53:00,2026-10-02T06:53:03,2026-10-02T06:53:03,2026-10-02T06:54:25,3125,3180,3180,3183,3183,3265,55,3,82,45,wave_B
2026-10-02T06:54:25,3265,S3,24,green,0,3265,3320,3320,2026-10-02T06:54:25,2026-10-02T06:55:20,2026-10-02T06:55:20,2026-10-02T06:55:23,2026-10-02T06:55:23,2026-10-02T06:56:45,3265,3320,3320,3323,3323,3405,55,3,82,45,wave_B
2026-10-02T06:55:20,3320,S3,24,amber,0,3320,3323,3323,2026-10-02T06:54:25,2026-10-02T06:55:20,2026-10-02T06:55:20,2026-10-02T06:55:23,2026-10-02T06:55:23,2026-10-02T06:56:45,3265,3320,3320,3323,3323,3405,55,3,82,45,wave_B
2026-10-02T06:55:23,3323,S3,24,red,0,3323,3405,3405,2026-10-02T06:54:25,2026-10-02T06:55:20,2026-10-02T06:55:20,2026-10-02T06:55:23,2026-10-02T06:55:23,2026-10-02T06:56:45,3265,3320,3320,3323,3323,3405,55,3,82,45,wave_B
2026-10-02T06:56:45,3405,S3,25,green,0,3405,3460,3460,2026-10-02T06:56:45,2026-10-02T06:57:40,2026-10-02T06:57:40,2026-10-02T06:57:43,2026-10-02T06:57:43,2026-10-02T06:59:05,3405,3460,3460,3463,3463,3545,55,3,82,45,wave_B
2026-10-02T06:57:40,3460,S3,25,amber,0,3460,3463,3463,2026-10-02T06:56:45,2026-10-02T06:57:40,2026-10-02T06:57:40,2026-10-02T06:57:43,2026-10-02T06:57:43,2026-10-02T06:59:05,3405,3460,3460,3463,3463,3545,55,3,82,45,wave_B
2026-10-02T06:57:43,3463,S3,25,red,0,3463,3545,3545,2026-10-02T06:56:45,2026-10-02T06:57:40,2026-10-02T06:57:40,2026-10-02T06:57:43,2026-10-02T06:57:43,2026-10-02T06:59:05,3405,3460,3460,3463,3463,3545,55,3,82,45,wave_B
2026-10-02T06:59:05,3545,S3,26,green,0,3545,3600,3600,2026-10-02T06:59:05,2026-10-02T07:00:00,2026-10-02T07:00:00,2026-10-02T07:00:03,2026-10-02T07:00:03,2026-10-02T07:01:25,3545,3600,3600,3603,3603,3685,55,3,82,45,wave_B
2026-10-02T07:00:00,3600,S3,26,amber,0,3600,3603,3603,2026-10-02T06:59:05,2026-10-02T07:00:00,2026-10-02T07:00:00,2026-10-02T07:00:03,2026-10-02T07:00:03,2026-10-02T07:01:25,3545,3600,3600,3603,3603,3685,55,3,82,45,wave_B
2026-10-02T07:00:03,3603,S3,26,red,0,3603,3685,3685,2026-10-02T06:59:05,2026-10-02T07:00:00,2026-10-02T07:00:00,2026-10-02T07:00:03,2026-10-02T07:00:03,2026-10-02T07:01:25,3545,3600,3600,3603,3603,3685,55,3,82,45,wave_B
2026-10-02T07:01:25,3685,S3,27,green,0,3685,3740,3740,2026-10-02T07:01:25,2026-10-02T07:02:20,2026-10-02T07:02:20,2026-10-02T07:02:23,2026-10-02T07:02:23,2026-10-02T07:03:45,3685,3740,3740,3743,3743,3825,55,3,82,45,wave_B
2026-10-02T07:02:20,3740,S3,27,amber,0,3740,3743,3743,2026-10-02T07:01:25,2026-10-02T07:02:20,2026-10-02T07:02:20,2026-10-02T07:02:23,2026-10-02T07:02:23,2026-10-02T07:03:45,3685,3740,3740,3743,3743,3825,55,3,82,45,wave_B
2026-10-02T07:02:23,3743,S3,27,red,0,3743,3825,3825,2026-10-02T07:01:25,2026-10-02T07:02:20,2026-10-02T07:02:20,2026-10-02T07:02:23,2026-10-02T07:02:23,2026-10-02T07:03:45,3685,3740,3740,3743,3743,3825,55,3,82,45,wave_B
2026-10-02T07:03:45,3825,S3,28,green,0,3825,3880,3880,2026-10-02T07:03:45,2026-10-02T07:04:40,2026-10-02T07:04:40,2026-10-02T07:04:43,2026-10-02T07:04:43,2026-10-02T07:06:05,3825,3880,3880,3883,3883,3965,55,3,82,45,wave_B
2026-10-02T07:04:40,3880,S3,28,amber,0,3880,3883,3883,2026-10-02T07:03:45,2026-10-02T07:04:40,2026-10-02T07:04:40,2026-10-02T07:04:43,2026-10-02T07:04:43,2026-10-02T07:06:05,3825,3880,3880,3883,3883,3965,55,3,82,45,wave_B
2026-10-02T07:04:43,3883,S3,28,red,0,3883,3965,3965,2026-10-02T07:03:45,2026-10-02T07:04:40,2026-10-02T07:04:40,2026-10-02T07:04:43,2026-10-02T07:04:43,2026-10-02T07:06:05,3825,3880,3880,3883,3883,3965,55,3,82,45,wave_B
2026-10-02T07:06:05,3965,S3,29,green,0,3965,4020,4020,2026-10-02T07:06:05,2026-10-02T07:07:00,2026-10-02T07:07:00,2026-10-02T07:07:03,2026-10-02T07:07:03,2026-10-02T07:08:25,3965,4020,4020,4023,4023,4105,55,3,82,45,wave_B
2026-10-02T07:07:00,4020,S3,29,amber,0,4020,4023,4023,2026-10-02T07:06:05,2026-10-02T07:07:00,2026-10-02T07:07:00,2026-10-02T07:07:03,2026-10-02T07:07:03,2026-10-02T07:08:25,3965,4020,4020,4023,4023,4105,55,3,82,45,wave_B
2026-10-02T07:07:03,4023,S3,29,red,0,4023,4105,4105,2026-10-02T07:06:05,2026-10-02T07:07:00,2026-10-02T07:07:00,2026-10-02T07:07:03,2026-10-02T07:07:03,2026-10-02T07:08:25,3965,4020,4020,4023,4023,4105,55,3,82,45,wave_B
2026-10-02T07:08:25,4105,S3,30,green,0,4105,4160,4160,2026-10-02T07:08:25,2026-10-02T07:09:20,2026-10-02T07:09:20,2026-10-02T07:09:23,2026-10-02T07:09:23,2026-10-02T07:10:45,4105,4160,4160,4163,4163,4245,55,3,82,45,wave_B
2026-10-02T07:09:20,4160,S3,30,amber,0,4160,4163,4163,2026-10-02T07:08:25,2026-10-02T07:09:20,2026-10-02T07:09:20,2026-10-02T07:09:23,2026-10-02T07:09:23,2026-10-02T07:10:45,4105,4160,4160,4163,4163,4245,55,3,82,45,wave_B
2026-10-02T07:09:23,4163,S3,30,red,0,4163,4245,4245,2026-10-02T07:08:25,2026-10-02T07:09:20,2026-10-02T07:09:20,2026-10-02T07:09:23,2026-10-02T07:09:23,2026-10-02T07:10:45,4105,4160,4160,4163,4163,4245,55,3,82,45,wave_B
2026-10-02T07:10:45,4245,S3,31,green,0,4245,4300,4300,2026-10-02T07:10:45,2026-10-02T07:11:40,2026-10-02T07:11:40,2026-10-02T07:11:43,2026-10-02T07:11:43,2026-10-02T07:13:05,4245,4300,4300,4303,4303,4385,55,3,82,45,wave_B
2026-10-02T07:11:40,4300,S3,31,amber,0,4300,4303,4303,2026-10-02T07:10:45,2026-10-02T07:11:40,2026-10-02T07:11:40,2026-10-02T07:11:43,2026-10-02T07:11:43,2026-10-02T07:13:05,4245,4300,4300,4303,4303,4385,55,3,82,45,wave_B
2026-10-02T07:11:43,4303,S3,31,red,0,4303,4385,4385,2026-10-02T07:10:45,2026-10-02T07:11:40,2026-10-02T07:11:40,2026-10-02T07:11:43,2026-10-02T07:11:43,2026-10-02T07:13:05,4245,4300,4300,4303,4303,4385,55,3,82,45,wave_B
2026-10-02T07:13:05,4385,S3,32,green,0,4385,4440,4440,2026-10-02T07:13:05,2026-10-02T07:14:00,2026-10-02T07:14:00,2026-10-02T07:14:03,2026-10-02T07:14:03,2026-10-02T07:15:25,4385,4440,4440,4443,4443,4525,55,3,82,45,wave_B
2026-10-02T07:14:00,4440,S3,32,amber,0,4440,4443,4443,2026-10-02T07:13:05,2026-10-02T07:14:00,2026-10-02T07:14:00,2026-10-02T07:14:03,2026-10-02T07:14:03,2026-10-02T07:15:25,4385,4440,4440,4443,4443,4525,55,3,82,45,wave_B
2026-10-02T07:14:03,4443,S3,32,red,0,4443,4525,4525,2026-10-02T07:13:05,2026-10-02T07:14:00,2026-10-02T07:14:00,2026-10-02T07:14:03,2026-10-02T07:14:03,2026-10-02T07:15:25,4385,4440,4440,4443,4443,4525,55,3,82,45,wave_B
2026-10-02T07:15:25,4525,S3,33,green,0,4525,4580,4580,2026-10-02T07:15:25,2026-10-02T07:16:20,2026-10-02T07:16:20,2026-10-02T07:16:23,2026-10-02T07:16:23,2026-10-02T07:17:45,4525,4580,4580,4583,4583,4665,55,3,82,45,wave_B
2026-10-02T07:16:20,4580,S3,33,amber,0,4580,4583,4583,2026-10-02T07:15:25,2026-10-02T07:16:20,2026-10-02T07:16:20,2026-10-02T07:16:23,2026-10-02T07:16:23,2026-10-02T07:17:45,4525,4580,4580,4583,4583,4665,55,3,82,45,wave_B
2026-10-02T07:16:23,4583,S3,33,red,0,4583,4665,4665,2026-10-02T07:15:25,2026-10-02T07:16:20,2026-10-02T07:16:20,2026-10-02T07:16:23,2026-10-02T07:16:23,2026-10-02T07:17:45,4525,4580,4580,4583,4583,4665,55,3,82,45,wave_B
2026-10-02T07:17:45,4665,S3,34,green,0,4665,4720,4720,2026-10-02T07:17:45,2026-10-02T07:18:40,2026-10-02T07:18:40,2026-10-02T07:18:43,2026-10-02T07:18:43,2026-10-02T07:20:05,4665,4720,4720,4723,4723,4805,55,3,82,45,wave_B
2026-10-02T07:18:40,4720,S3,34,amber,0,4720,4723,4723,2026-10-02T07:17:45,2026-10-02T07:18:40,2026-10-02T07:18:40,2026-10-02T07:18:43,2026-10-02T07:18:43,2026-10-02T07:20:05,4665,4720,4720,4723,4723,4805,55,3,82,45,wave_B
2026-10-02T07:18:43,4723,S3,34,red,0,4723,4805,4805,2026-10-02T07:17:45,2026-10-02T07:18:40,2026-10-02T07:18:40,2026-10-02T07:18:43,2026-10-02T07:18:43,2026-10-02T07:20:05,4665,4720,4720,4723,4723,4805,55,3,82,45,wave_B
2026-10-02T07:20:05,4805,S3,35,green,0,4805,4860,4860,2026-10-02T07:20:05,2026-10-02T07:21:00,2026-10-02T07:21:00,2026-10-02T07:21:03,2026-10-02T07:21:03,2026-10-02T07:22:25,4805,4860,4860,4863,4863,4945,55,3,82,45,wave_B
2026-10-02T07:21:00,4860,S3,35,amber,0,4860,4863,4863,2026-10-02T07:20:05,2026-10-02T07:21:00,2026-10-02T07:21:00,2026-10-02T07:21:03,2026-10-02T07:21:03,2026-10-02T07:22:25,4805,4860,4860,4863,4863,4945,55,3,82,45,wave_B
2026-10-02T07:21:03,4863,S3,35,red,0,4863,4945,4945,2026-10-02T07:20:05,2026-10-02T07:21:00,2026-10-02T07:21:00,2026-10-02T07:21:03,2026-10-02T07:21:03,2026-10-02T07:22:25,4805,4860,4860,4863,4863,4945,55,3,82,45,wave_B
2026-10-02T07:22:25,4945,S3,36,green,0,4945,5000,5000,2026-10-02T07:22:25,2026-10-02T07:23:20,2026-10-02T07:23:20,2026-10-02T07:23:23,2026-10-02T07:23:23,2026-10-02T07:24:45,4945,5000,5000,5003,5003,5085,55,3,82,45,wave_B
2026-10-02T07:23:20,5000,S3,36,amber,0,5000,5003,5003,2026-10-02T07:22:25,2026-10-02T07:23:20,2026-10-02T07:23:20,2026-10-02T07:23:23,2026-10-02T07:23:23,2026-10-02T07:24:45,4945,5000,5000,5003,5003,5085,55,3,82,45,wave_B
2026-10-02T07:23:23,5003,S3,36,red,0,5003,5085,5085,2026-10-02T07:22:25,2026-10-02T07:23:20,2026-10-02T07:23:20,2026-10-02T07:23:23,2026-10-02T07:23:23,2026-10-02T07:24:45,4945,5000,5000,5003,5003,5085,55,3,82,45,wave_B
2026-10-02T07:24:45,5085,S3,37,green,0,5085,5140,5140,2026-10-02T07:24:45,2026-10-02T07:25:40,2026-10-02T07:25:40,2026-10-02T07:25:43,2026-10-02T07:25:43,2026-10-02T07:27:05,5085,5140,5140,5143,5143,5225,55,3,82,45,wave_B
2026-10-02T07:25:40,5140,S3,37,amber,0,5140,5143,5143,2026-10-02T07:24:45,2026-10-02T07:25:40,2026-10-02T07:25:40,2026-10-02T07:25:43,2026-10-02T07:25:43,2026-10-02T07:27:05,5085,5140,5140,5143,5143,5225,55,3,82,45,wave_B
2026-10-02T07:25:43,5143,S3,37,red,0,5143,5225,5225,2026-10-02T07:24:45,2026-10-02T07:25:40,2026-10-02T07:25:40,2026-10-02T07:25:43,2026-10-02T07:25:43,2026-10-02T07:27:05,5085,5140,5140,5143,5143,5225,55,3,82,45,wave_B
2026-10-02T07:27:05,5225,S3,38,green,0,5225,5280,5280,2026-10-02T07:27:05,2026-10-02T07:28:00,2026-10-02T07:28:00,2026-10-02T07:28:03,2026-10-02T07:28:03,2026-10-02T07:29:25,5225,5280,5280,5283,5283,5365,55,3,82,45,wave_B
2026-10-02T07:28:00,5280,S3,38,amber,0,5280,5283,5283,2026-10-02T07:27:05,2026-10-02T07:28:00,2026-10-02T07:28:00,2026-10-02T07:28:03,2026-10-02T07:28:03,2026-10-02T07:29:25,5225,5280,5280,5283,5283,5365,55,3,82,45,wave_B
2026-10-02T07:28:03,5283,S3,38,red,0,5283,5365,5365,2026-10-02T07:27:05,2026-10-02T07:28:00,2026-10-02T07:28:00,2026-10-02T07:28:03,2026-10-02T07:28:03,2026-10-02T07:29:25,5225,5280,5280,5283,5283,5365,55,3,82,45,wave_B
2026-10-02T07:29:25,5365,S3,39,green,0,5365,5420,5420,2026-10-02T07:29:25,2026-10-02T07:30:20,2026-10-02T07:30:20,2026-10-02T07:30:23,2026-10-02T07:30:23,2026-10-02T07:31:45,5365,5420,5420,5423,5423,5505,55,3,82,45,wave_B
2026-10-02T07:30:20,5420,S3,39,amber,0,5420,5423,5423,2026-10-02T07:29:25,2026-10-02T07:30:20,2026-10-02T07:30:20,2026-10-02T07:30:23,2026-10-02T07:30:23,2026-10-02T07:31:45,5365,5420,5420,5423,5423,5505,55,3,82,45,wave_B
2026-10-02T07:30:23,5423,S3,39,red,0,5423,5505,5505,2026-10-02T07:29:25,2026-10-02T07:30:20,2026-10-02T07:30:20,2026-10-02T07:30:23,2026-10-02T07:30:23,2026-10-02T07:31:45,5365,5420,5420,5423,5423,5505,55,3,82,45,wave_B
2026-10-02T07:31:45,5505,S3,40,green,0,5505,5560,5560,2026-10-02T07:31:45,2026-10-02T07:32:40,2026-10-02T07:32:40,2026-10-02T07:32:43,2026-10-02T07:32:43,2026-10-02T07:34:05,5505,5560,5560,5563,5563,5645,55,3,82,45,wave_B
2026-10-02T07:32:40,5560,S3,40,amber,0,5560,5563,5563,2026-10-02T07:31:45,2026-10-02T07:32:40,2026-10-02T07:32:40,2026-10-02T07:32:43,2026-10-02T07:32:43,2026-10-02T07:34:05,5505,5560,5560,5563,5563,5645,55,3,82,45,wave_B
2026-10-02T07:32:43,5563,S3,40,red,0,5563,5645,5645,2026-10-02T07:31:45,2026-10-02T07:32:40,2026-10-02T07:32:40,2026-10-02T07:32:43,2026-10-02T07:32:43,2026-10-02T07:34:05,5505,5560,5560,5563,5563,5645,55,3,82,45,wave_B
2026-10-02T07:34:05,5645,S3,41,green,0,5645,5700,5700,2026-10-02T07:34:05,2026-10-02T07:35:00,2026-10-02T07:35:00,2026-10-02T07:35:03,2026-10-02T07:35:03,2026-10-02T07:36:25,5645,5700,5700,5703,5703,5785,55,3,82,45,wave_B
2026-10-02T07:35:00,5700,S3,41,amber,0,5700,5703,5703,2026-10-02T07:34:05,2026-10-02T07:35:00,2026-10-02T07:35:00,2026-10-02T07:35:03,2026-10-02T07:35:03,2026-10-02T07:36:25,5645,5700,5700,5703,5703,5785,55,3,82,45,wave_B
2026-10-02T07:35:03,5703,S3,41,red,0,5703,5785,5785,2026-10-02T07:34:05,2026-10-02T07:35:00,2026-10-02T07:35:00,2026-10-02T07:35:03,2026-10-02T07:35:03,2026-10-02T07:36:25,5645,5700,5700,5703,5703,5785,55,3,82,45,wave_B
2026-10-02T07:36:25,5785,S3,42,green,0,5785,5840,5840,2026-10-02T07:36:25,2026-10-02T07:37:20,2026-10-02T07:37:20,2026-10-02T07:37:23,2026-10-02T07:37:23,2026-10-02T07:38:45,5785,5840,5840,5843,5843,5925,55,3,82,45,wave_B
2026-10-02T07:37:20,5840,S3,42,amber,0,5840,5843,5843,2026-10-02T07:36:25,2026-10-02T07:37:20,2026-10-02T07:37:20,2026-10-02T07:37:23,2026-10-02T07:37:23,2026-10-02T07:38:45,5785,5840,5840,5843,5843,5925,55,3,82,45,wave_B
2026-10-02T07:37:23,5843,S3,42,red,0,5843,5925,5925,2026-10-02T07:36:25,2026-10-02T07:37:20,2026-10-02T07:37:20,2026-10-02T07:37:23,2026-10-02T07:37:23,2026-10-02T07:38:45,5785,5840,5840,5843,5843,5925,55,3,82,45,wave_B
2026-10-02T07:38:45,5925,S3,43,green,0,5925,5980,5980,2026-10-02T07:38:45,2026-10-02T07:39:40,2026-10-02T07:39:40,2026-10-02T07:39:43,2026-10-02T07:39:43,2026-10-02T07:41:05,5925,5980,5980,5983,5983,6065,55,3,82,45,wave_B
2026-10-02T07:39:40,5980,S3,43,amber,0,5980,5983,5983,2026-10-02T07:38:45,2026-10-02T07:39:40,2026-10-02T07:39:40,2026-10-02T07:39:43,2026-10-02T07:39:43,2026-10-02T07:41:05,5925,5980,5980,5983,5983,6065,55,3,82,45,wave_B
2026-10-02T07:39:43,5983,S3,43,red,0,5983,6065,6065,2026-10-02T07:38:45,2026-10-02T07:39:40,2026-10-02T07:39:40,2026-10-02T07:39:43,2026-10-02T07:39:43,2026-10-02T07:41:05,5925,5980,5980,5983,5983,6065,55,3,82,45,wave_B
2026-10-02T07:41:05,6065,S3,44,green,0,6065,6120,6120,2026-10-02T07:41:05,2026-10-02T07:42:00,2026-10-02T07:42:00,2026-10-02T07:42:03,2026-10-02T07:42:03,2026-10-02T07:43:25,6065,6120,6120,6123,6123,6205,55,3,82,45,wave_B
2026-10-02T07:42:00,6120,S3,44,amber,0,6120,6123,6123,2026-10-02T07:41:05,2026-10-02T07:42:00,2026-10-02T07:42:00,2026-10-02T07:42:03,2026-10-02T07:42:03,2026-10-02T07:43:25,6065,6120,6120,6123,6123,6205,55,3,82,45,wave_B
2026-10-02T07:42:03,6123,S3,44,red,0,6123,6205,6205,2026-10-02T07:41:05,2026-10-02T07:42:00,2026-10-02T07:42:00,2026-10-02T07:42:03,2026-10-02T07:42:03,2026-10-02T07:43:25,6065,6120,6120,6123,6123,6205,55,3,82,45,wave_B
2026-10-02T07:43:25,6205,S3,45,green,0,6205,6260,6260,2026-10-02T07:43:25,2026-10-02T07:44:20,2026-10-02T07:44:20,2026-10-02T07:44:23,2026-10-02T07:44:23,2026-10-02T07:45:45,6205,6260,6260,6263,6263,6345,55,3,82,45,wave_B
2026-10-02T07:44:20,6260,S3,45,amber,0,6260,6263,6263,2026-10-02T07:43:25,2026-10-02T07:44:20,2026-10-02T07:44:20,2026-10-02T07:44:23,2026-10-02T07:44:23,2026-10-02T07:45:45,6205,6260,6260,6263,6263,6345,55,3,82,45,wave_B
2026-10-02T07:44:23,6263,S3,45,red,0,6263,6345,6345,2026-10-02T07:43:25,2026-10-02T07:44:20,2026-10-02T07:44:20,2026-10-02T07:44:23,2026-10-02T07:44:23,2026-10-02T07:45:45,6205,6260,6260,6263,6263,6345,55,3,82,45,wave_B
2026-10-02T07:45:45,6345,S3,46,green,0,6345,6400,6400,2026-10-02T07:45:45,2026-10-02T07:46:40,2026-10-02T07:46:40,2026-10-02T07:46:43,2026-10-02T07:46:43,2026-10-02T07:48:05,6345,6400,6400,6403,6403,6485,55,3,82,45,wave_B
2026-10-02T07:46:40,6400,S3,46,amber,0,6400,6403,6403,2026-10-02T07:45:45,2026-10-02T07:46:40,2026-10-02T07:46:40,2026-10-02T07:46:43,2026-10-02T07:46:43,2026-10-02T07:48:05,6345,6400,6400,6403,6403,6485,55,3,82,45,wave_B
2026-10-02T07:46:43,6403,S3,46,red,0,6403,6485,6485,2026-10-02T07:45:45,2026-10-02T07:46:40,2026-10-02T07:46:40,2026-10-02T07:46:43,2026-10-02T07:46:43,2026-10-02T07:48:05,6345,6400,6400,6403,6403,6485,55,3,82,45,wave_B
2026-10-02T07:48:05,6485,S3,47,green,0,6485,6540,6540,2026-10-02T07:48:05,2026-10-02T07:49:00,2026-10-02T07:49:00,2026-10-02T07:49:03,2026-10-02T07:49:03,2026-10-02T07:50:25,6485,6540,6540,6543,6543,6625,55,3,82,45,wave_B
2026-10-02T07:49:00,6540,S3,47,amber,0,6540,6543,6543,2026-10-02T07:48:05,2026-10-02T07:49:00,2026-10-02T07:49:00,2026-10-02T07:49:03,2026-10-02T07:49:03,2026-10-02T07:50:25,6485,6540,6540,6543,6543,6625,55,3,82,45,wave_B
2026-10-02T07:49:03,6543,S3,47,red,0,6543,6625,6625,2026-10-02T07:48:05,2026-10-02T07:49:00,2026-10-02T07:49:00,2026-10-02T07:49:03,2026-10-02T07:49:03,2026-10-02T07:50:25,6485,6540,6540,6543,6543,6625,55,3,82,45,wave_B
2026-10-02T07:50:25,6625,S3,48,green,0,6625,6680,6680,2026-10-02T07:50:25,2026-10-02T07:51:20,2026-10-02T07:51:20,2026-10-02T07:51:23,2026-10-02T07:51:23,2026-10-02T07:52:45,6625,6680,6680,6683,6683,6765,55,3,82,45,wave_B
2026-10-02T07:51:20,6680,S3,48,amber,0,6680,6683,6683,2026-10-02T07:50:25,2026-10-02T07:51:20,2026-10-02T07:51:20,2026-10-02T07:51:23,2026-10-02T07:51:23,2026-10-02T07:52:45,6625,6680,6680,6683,6683,6765,55,3,82,45,wave_B
2026-10-02T07:51:23,6683,S3,48,red,0,6683,6765,6765,2026-10-02T07:50:25,2026-10-02T07:51:20,2026-10-02T07:51:20,2026-10-02T07:51:23,2026-10-02T07:51:23,2026-10-02T07:52:45,6625,6680,6680,6683,6683,6765,55,3,82,45,wave_B
2026-10-02T07:52:45,6765,S3,49,green,0,6765,6820,6820,2026-10-02T07:52:45,2026-10-02T07:53:40,2026-10-02T07:53:40,2026-10-02T07:53:43,2026-10-02T07:53:43,2026-10-02T07:55:05,6765,6820,6820,6823,6823,6905,55,3,82,45,wave_B
2026-10-02T07:53:40,6820,S3,49,amber,0,6820,6823,6823,2026-10-02T07:52:45,2026-10-02T07:53:40,2026-10-02T07:53:40,2026-10-02T07:53:43,2026-10-02T07:53:43,2026-10-02T07:55:05,6765,6820,6820,6823,6823,6905,55,3,82,45,wave_B
2026-10-02T07:53:43,6823,S3,49,red,0,6823,6905,6905,2026-10-02T07:52:45,2026-10-02T07:53:40,2026-10-02T07:53:40,2026-10-02T07:53:43,2026-10-02T07:53:43,2026-10-02T07:55:05,6765,6820,6820,6823,6823,6905,55,3,82,45,wave_B
2026-10-02T07:55:05,6905,S3,50,green,0,6905,6960,6960,2026-10-02T07:55:05,2026-10-02T07:56:00,2026-10-02T07:56:00,2026-10-02T07:56:03,2026-10-02T07:56:03,2026-10-02T07:57:25,6905,6960,6960,6963,6963,7045,55,3,82,45,wave_B
2026-10-02T07:56:00,6960,S3,50,amber,0,6960,6963,6963,2026-10-02T07:55:05,2026-10-02T07:56:00,2026-10-02T07:56:00,2026-10-02T07:56:03,2026-10-02T07:56:03,2026-10-02T07:57:25,6905,6960,6960,6963,6963,7045,55,3,82,45,wave_B
2026-10-02T07:56:03,6963,S3,50,red,0,6963,7045,7045,2026-10-02T07:55:05,2026-10-02T07:56:00,2026-10-02T07:56:00,2026-10-02T07:56:03,2026-10-02T07:56:03,2026-10-02T07:57:25,6905,6960,6960,6963,6963,7045,55,3,82,45,wave_B
2026-10-02T07:57:25,7045,S3,51,green,0,7045,7100,7100,2026-10-02T07:57:25,2026-10-02T07:58:20,2026-10-02T07:58:20,2026-10-02T07:58:23,2026-10-02T07:58:23,2026-10-02T07:59:45,7045,7100,7100,7103,7103,7185,55,3,82,45,wave_B
2026-10-02T07:58:20,7100,S3,51,amber,0,7100,7103,7103,2026-10-02T07:57:25,2026-10-02T07:58:20,2026-10-02T07:58:20,2026-10-02T07:58:23,2026-10-02T07:58:23,2026-10-02T07:59:45,7045,7100,7100,7103,7103,7185,55,3,82,45,wave_B
2026-10-02T07:58:23,7103,S3,51,red,0,7103,7185,7185,2026-10-02T07:57:25,2026-10-02T07:58:20,2026-10-02T07:58:20,2026-10-02T07:58:23,2026-10-02T07:58:23,2026-10-02T07:59:45,7045,7100,7100,7103,7103,7185,55,3,82,45,wave_B
2026-10-02T07:59:45,7185,S3,52,green,0,7185,7240,7240,2026-10-02T07:59:45,2026-10-02T08:00:40,2026-10-02T08:00:40,2026-10-02T08:00:43,2026-10-02T08:00:43,2026-10-02T08:02:05,7185,7240,7240,7243,7243,7325,55,3,82,45,wave_B
2026-10-02T08:00:40,7240,S3,52,amber,0,7240,7243,7243,2026-10-02T07:59:45,2026-10-02T08:00:40,2026-10-02T08:00:40,2026-10-02T08:00:43,2026-10-02T08:00:43,2026-10-02T08:02:05,7185,7240,7240,7243,7243,7325,55,3,82,45,wave_B
2026-10-02T08:00:43,7243,S3,52,red,0,7243,7325,7280,2026-10-02T07:59:45,2026-10-02T08:00:40,2026-10-02T08:00:40,2026-10-02T08:00:43,2026-10-02T08:00:43,2026-10-02T08:02:05,7185,7240,7240,7243,7243,7325,55,3,82,45,wave_B
2026-10-02T06:00:00,0,S4,0,red,25,-25,59,59,2026-10-02T05:58:39,2026-10-02T05:59:32,2026-10-02T05:59:32,2026-10-02T05:59:35,2026-10-02T05:59:35,2026-10-02T06:00:59,-81,-28,-28,-25,-25,59,53,3,84,59,wave_A
2026-10-02T06:00:59,59,S4,1,green,0,59,112,112,2026-10-02T06:00:59,2026-10-02T06:01:52,2026-10-02T06:01:52,2026-10-02T06:01:55,2026-10-02T06:01:55,2026-10-02T06:03:19,59,112,112,115,115,199,53,3,84,59,wave_A
2026-10-02T06:01:52,112,S4,1,amber,0,112,115,115,2026-10-02T06:00:59,2026-10-02T06:01:52,2026-10-02T06:01:52,2026-10-02T06:01:55,2026-10-02T06:01:55,2026-10-02T06:03:19,59,112,112,115,115,199,53,3,84,59,wave_A
2026-10-02T06:01:55,115,S4,1,red,0,115,199,199,2026-10-02T06:00:59,2026-10-02T06:01:52,2026-10-02T06:01:52,2026-10-02T06:01:55,2026-10-02T06:01:55,2026-10-02T06:03:19,59,112,112,115,115,199,53,3,84,59,wave_A
2026-10-02T06:03:19,199,S4,2,green,0,199,252,252,2026-10-02T06:03:19,2026-10-02T06:04:12,2026-10-02T06:04:12,2026-10-02T06:04:15,2026-10-02T06:04:15,2026-10-02T06:05:39,199,252,252,255,255,339,53,3,84,59,wave_A
2026-10-02T06:04:12,252,S4,2,amber,0,252,255,255,2026-10-02T06:03:19,2026-10-02T06:04:12,2026-10-02T06:04:12,2026-10-02T06:04:15,2026-10-02T06:04:15,2026-10-02T06:05:39,199,252,252,255,255,339,53,3,84,59,wave_A
2026-10-02T06:04:15,255,S4,2,red,0,255,339,339,2026-10-02T06:03:19,2026-10-02T06:04:12,2026-10-02T06:04:12,2026-10-02T06:04:15,2026-10-02T06:04:15,2026-10-02T06:05:39,199,252,252,255,255,339,53,3,84,59,wave_A
2026-10-02T06:05:39,339,S4,3,green,0,339,392,392,2026-10-02T06:05:39,2026-10-02T06:06:32,2026-10-02T06:06:32,2026-10-02T06:06:35,2026-10-02T06:06:35,2026-10-02T06:07:59,339,392,392,395,395,479,53,3,84,59,wave_A
2026-10-02T06:06:32,392,S4,3,amber,0,392,395,395,2026-10-02T06:05:39,2026-10-02T06:06:32,2026-10-02T06:06:32,2026-10-02T06:06:35,2026-10-02T06:06:35,2026-10-02T06:07:59,339,392,392,395,395,479,53,3,84,59,wave_A
2026-10-02T06:06:35,395,S4,3,red,0,395,479,479,2026-10-02T06:05:39,2026-10-02T06:06:32,2026-10-02T06:06:32,2026-10-02T06:06:35,2026-10-02T06:06:35,2026-10-02T06:07:59,339,392,392,395,395,479,53,3,84,59,wave_A
2026-10-02T06:07:59,479,S4,4,green,0,479,532,532,2026-10-02T06:07:59,2026-10-02T06:08:52,2026-10-02T06:08:52,2026-10-02T06:08:55,2026-10-02T06:08:55,2026-10-02T06:10:19,479,532,532,535,535,619,53,3,84,59,wave_A
2026-10-02T06:08:52,532,S4,4,amber,0,532,535,535,2026-10-02T06:07:59,2026-10-02T06:08:52,2026-10-02T06:08:52,2026-10-02T06:08:55,2026-10-02T06:08:55,2026-10-02T06:10:19,479,532,532,535,535,619,53,3,84,59,wave_A
2026-10-02T06:08:55,535,S4,4,red,0,535,619,619,2026-10-02T06:07:59,2026-10-02T06:08:52,2026-10-02T06:08:52,2026-10-02T06:08:55,2026-10-02T06:08:55,2026-10-02T06:10:19,479,532,532,535,535,619,53,3,84,59,wave_A
2026-10-02T06:10:19,619,S4,5,green,0,619,672,672,2026-10-02T06:10:19,2026-10-02T06:11:12,2026-10-02T06:11:12,2026-10-02T06:11:15,2026-10-02T06:11:15,2026-10-02T06:12:39,619,672,672,675,675,759,53,3,84,59,wave_A
2026-10-02T06:11:12,672,S4,5,amber,0,672,675,675,2026-10-02T06:10:19,2026-10-02T06:11:12,2026-10-02T06:11:12,2026-10-02T06:11:15,2026-10-02T06:11:15,2026-10-02T06:12:39,619,672,672,675,675,759,53,3,84,59,wave_A
2026-10-02T06:11:15,675,S4,5,red,0,675,759,759,2026-10-02T06:10:19,2026-10-02T06:11:12,2026-10-02T06:11:12,2026-10-02T06:11:15,2026-10-02T06:11:15,2026-10-02T06:12:39,619,672,672,675,675,759,53,3,84,59,wave_A
2026-10-02T06:12:39,759,S4,6,green,0,759,812,812,2026-10-02T06:12:39,2026-10-02T06:13:32,2026-10-02T06:13:32,2026-10-02T06:13:35,2026-10-02T06:13:35,2026-10-02T06:14:59,759,812,812,815,815,899,53,3,84,59,wave_A
2026-10-02T06:13:32,812,S4,6,amber,0,812,815,815,2026-10-02T06:12:39,2026-10-02T06:13:32,2026-10-02T06:13:32,2026-10-02T06:13:35,2026-10-02T06:13:35,2026-10-02T06:14:59,759,812,812,815,815,899,53,3,84,59,wave_A
2026-10-02T06:13:35,815,S4,6,red,0,815,899,899,2026-10-02T06:12:39,2026-10-02T06:13:32,2026-10-02T06:13:32,2026-10-02T06:13:35,2026-10-02T06:13:35,2026-10-02T06:14:59,759,812,812,815,815,899,53,3,84,59,wave_A
2026-10-02T06:14:59,899,S4,7,green,0,899,953,953,2026-10-02T06:14:59,2026-10-02T06:15:53,2026-10-02T06:15:53,2026-10-02T06:15:56,2026-10-02T06:15:56,2026-10-02T06:17:19,899,953,953,956,956,1039,54,3,83,59,wave_A
2026-10-02T06:15:53,953,S4,7,amber,0,953,956,956,2026-10-02T06:14:59,2026-10-02T06:15:53,2026-10-02T06:15:53,2026-10-02T06:15:56,2026-10-02T06:15:56,2026-10-02T06:17:19,899,953,953,956,956,1039,54,3,83,59,wave_A
2026-10-02T06:15:56,956,S4,7,red,0,956,1039,1039,2026-10-02T06:14:59,2026-10-02T06:15:53,2026-10-02T06:15:53,2026-10-02T06:15:56,2026-10-02T06:15:56,2026-10-02T06:17:19,899,953,953,956,956,1039,54,3,83,59,wave_A
2026-10-02T06:17:19,1039,S4,8,green,0,1039,1092,1092,2026-10-02T06:17:19,2026-10-02T06:18:12,2026-10-02T06:18:12,2026-10-02T06:18:15,2026-10-02T06:18:15,2026-10-02T06:19:39,1039,1092,1092,1095,1095,1179,53,3,84,59,transicion
2026-10-02T06:18:12,1092,S4,8,amber,0,1092,1095,1095,2026-10-02T06:17:19,2026-10-02T06:18:12,2026-10-02T06:18:12,2026-10-02T06:18:15,2026-10-02T06:18:15,2026-10-02T06:19:39,1039,1092,1092,1095,1095,1179,53,3,84,59,transicion
2026-10-02T06:18:15,1095,S4,8,red,0,1095,1179,1179,2026-10-02T06:17:19,2026-10-02T06:18:12,2026-10-02T06:18:12,2026-10-02T06:18:15,2026-10-02T06:18:15,2026-10-02T06:19:39,1039,1092,1092,1095,1095,1179,53,3,84,59,transicion
2026-10-02T06:19:39,1179,S4,9,green,0,1179,1232,1232,2026-10-02T06:19:39,2026-10-02T06:20:32,2026-10-02T06:20:32,2026-10-02T06:20:35,2026-10-02T06:20:35,2026-10-02T06:21:59,1179,1232,1232,1235,1235,1319,53,3,84,59,transicion
2026-10-02T06:20:32,1232,S4,9,amber,0,1232,1235,1235,2026-10-02T06:19:39,2026-10-02T06:20:32,2026-10-02T06:20:32,2026-10-02T06:20:35,2026-10-02T06:20:35,2026-10-02T06:21:59,1179,1232,1232,1235,1235,1319,53,3,84,59,transicion
2026-10-02T06:20:35,1235,S4,9,red,0,1235,1319,1319,2026-10-02T06:19:39,2026-10-02T06:20:32,2026-10-02T06:20:32,2026-10-02T06:20:35,2026-10-02T06:20:35,2026-10-02T06:21:59,1179,1232,1232,1235,1235,1319,53,3,84,59,transicion
2026-10-02T06:21:59,1319,S4,10,green,0,1319,1372,1372,2026-10-02T06:21:59,2026-10-02T06:22:52,2026-10-02T06:22:52,2026-10-02T06:22:55,2026-10-02T06:22:55,2026-10-02T06:24:19,1319,1372,1372,1375,1375,1459,53,3,84,59,wave_B
2026-10-02T06:22:52,1372,S4,10,amber,0,1372,1375,1375,2026-10-02T06:21:59,2026-10-02T06:22:52,2026-10-02T06:22:52,2026-10-02T06:22:55,2026-10-02T06:22:55,2026-10-02T06:24:19,1319,1372,1372,1375,1375,1459,53,3,84,59,wave_B
2026-10-02T06:22:55,1375,S4,10,red,0,1375,1459,1459,2026-10-02T06:21:59,2026-10-02T06:22:52,2026-10-02T06:22:52,2026-10-02T06:22:55,2026-10-02T06:22:55,2026-10-02T06:24:19,1319,1372,1372,1375,1375,1459,53,3,84,59,wave_B
2026-10-02T06:24:19,1459,S4,11,green,0,1459,1512,1512,2026-10-02T06:24:19,2026-10-02T06:25:12,2026-10-02T06:25:12,2026-10-02T06:25:15,2026-10-02T06:25:15,2026-10-02T06:26:39,1459,1512,1512,1515,1515,1599,53,3,84,59,wave_B
2026-10-02T06:25:12,1512,S4,11,amber,0,1512,1515,1515,2026-10-02T06:24:19,2026-10-02T06:25:12,2026-10-02T06:25:12,2026-10-02T06:25:15,2026-10-02T06:25:15,2026-10-02T06:26:39,1459,1512,1512,1515,1515,1599,53,3,84,59,wave_B
2026-10-02T06:25:15,1515,S4,11,red,0,1515,1599,1599,2026-10-02T06:24:19,2026-10-02T06:25:12,2026-10-02T06:25:12,2026-10-02T06:25:15,2026-10-02T06:25:15,2026-10-02T06:26:39,1459,1512,1512,1515,1515,1599,53,3,84,59,wave_B
2026-10-02T06:26:39,1599,S4,12,green,0,1599,1652,1652,2026-10-02T06:26:39,2026-10-02T06:27:32,2026-10-02T06:27:32,2026-10-02T06:27:35,2026-10-02T06:27:35,2026-10-02T06:28:59,1599,1652,1652,1655,1655,1739,53,3,84,59,wave_B
2026-10-02T06:27:32,1652,S4,12,amber,0,1652,1655,1655,2026-10-02T06:26:39,2026-10-02T06:27:32,2026-10-02T06:27:32,2026-10-02T06:27:35,2026-10-02T06:27:35,2026-10-02T06:28:59,1599,1652,1652,1655,1655,1739,53,3,84,59,wave_B
2026-10-02T06:27:35,1655,S4,12,red,0,1655,1739,1739,2026-10-02T06:26:39,2026-10-02T06:27:32,2026-10-02T06:27:32,2026-10-02T06:27:35,2026-10-02T06:27:35,2026-10-02T06:28:59,1599,1652,1652,1655,1655,1739,53,3,84,59,wave_B
2026-10-02T06:28:59,1739,S4,13,green,0,1739,1792,1792,2026-10-02T06:28:59,2026-10-02T06:29:52,2026-10-02T06:29:52,2026-10-02T06:29:55,2026-10-02T06:29:55,2026-10-02T06:31:19,1739,1792,1792,1795,1795,1879,53,3,84,59,wave_B
2026-10-02T06:29:52,1792,S4,13,amber,0,1792,1795,1795,2026-10-02T06:28:59,2026-10-02T06:29:52,2026-10-02T06:29:52,2026-10-02T06:29:55,2026-10-02T06:29:55,2026-10-02T06:31:19,1739,1792,1792,1795,1795,1879,53,3,84,59,wave_B
2026-10-02T06:29:55,1795,S4,13,red,0,1795,1879,1879,2026-10-02T06:28:59,2026-10-02T06:29:52,2026-10-02T06:29:52,2026-10-02T06:29:55,2026-10-02T06:29:55,2026-10-02T06:31:19,1739,1792,1792,1795,1795,1879,53,3,84,59,wave_B
2026-10-02T06:31:19,1879,S4,14,green,0,1879,1932,1932,2026-10-02T06:31:19,2026-10-02T06:32:12,2026-10-02T06:32:12,2026-10-02T06:32:15,2026-10-02T06:32:15,2026-10-02T06:33:39,1879,1932,1932,1935,1935,2019,53,3,84,59,wave_B
2026-10-02T06:32:12,1932,S4,14,amber,0,1932,1935,1935,2026-10-02T06:31:19,2026-10-02T06:32:12,2026-10-02T06:32:12,2026-10-02T06:32:15,2026-10-02T06:32:15,2026-10-02T06:33:39,1879,1932,1932,1935,1935,2019,53,3,84,59,wave_B
2026-10-02T06:32:15,1935,S4,14,red,0,1935,2019,2019,2026-10-02T06:31:19,2026-10-02T06:32:12,2026-10-02T06:32:12,2026-10-02T06:32:15,2026-10-02T06:32:15,2026-10-02T06:33:39,1879,1932,1932,1935,1935,2019,53,3,84,59,wave_B
2026-10-02T06:33:39,2019,S4,15,green,0,2019,2072,2072,2026-10-02T06:33:39,2026-10-02T06:34:32,2026-10-02T06:34:32,2026-10-02T06:34:35,2026-10-02T06:34:35,2026-10-02T06:35:59,2019,2072,2072,2075,2075,2159,53,3,84,59,wave_B
2026-10-02T06:34:32,2072,S4,15,amber,0,2072,2075,2075,2026-10-02T06:33:39,2026-10-02T06:34:32,2026-10-02T06:34:32,2026-10-02T06:34:35,2026-10-02T06:34:35,2026-10-02T06:35:59,2019,2072,2072,2075,2075,2159,53,3,84,59,wave_B
2026-10-02T06:34:35,2075,S4,15,red,0,2075,2159,2159,2026-10-02T06:33:39,2026-10-02T06:34:32,2026-10-02T06:34:32,2026-10-02T06:34:35,2026-10-02T06:34:35,2026-10-02T06:35:59,2019,2072,2072,2075,2075,2159,53,3,84,59,wave_B
2026-10-02T06:35:59,2159,S4,16,green,0,2159,2212,2212,2026-10-02T06:35:59,2026-10-02T06:36:52,2026-10-02T06:36:52,2026-10-02T06:36:55,2026-10-02T06:36:55,2026-10-02T06:38:19,2159,2212,2212,2215,2215,2299,53,3,84,59,wave_B
2026-10-02T06:36:52,2212,S4,16,amber,0,2212,2215,2215,2026-10-02T06:35:59,2026-10-02T06:36:52,2026-10-02T06:36:52,2026-10-02T06:36:55,2026-10-02T06:36:55,2026-10-02T06:38:19,2159,2212,2212,2215,2215,2299,53,3,84,59,wave_B
2026-10-02T06:36:55,2215,S4,16,red,0,2215,2299,2299,2026-10-02T06:35:59,2026-10-02T06:36:52,2026-10-02T06:36:52,2026-10-02T06:36:55,2026-10-02T06:36:55,2026-10-02T06:38:19,2159,2212,2212,2215,2215,2299,53,3,84,59,wave_B
2026-10-02T06:38:19,2299,S4,17,green,0,2299,2352,2352,2026-10-02T06:38:19,2026-10-02T06:39:12,2026-10-02T06:39:12,2026-10-02T06:39:15,2026-10-02T06:39:15,2026-10-02T06:40:39,2299,2352,2352,2355,2355,2439,53,3,84,59,wave_B
2026-10-02T06:39:12,2352,S4,17,amber,0,2352,2355,2355,2026-10-02T06:38:19,2026-10-02T06:39:12,2026-10-02T06:39:12,2026-10-02T06:39:15,2026-10-02T06:39:15,2026-10-02T06:40:39,2299,2352,2352,2355,2355,2439,53,3,84,59,wave_B
2026-10-02T06:39:15,2355,S4,17,red,0,2355,2439,2439,2026-10-02T06:38:19,2026-10-02T06:39:12,2026-10-02T06:39:12,2026-10-02T06:39:15,2026-10-02T06:39:15,2026-10-02T06:40:39,2299,2352,2352,2355,2355,2439,53,3,84,59,wave_B
2026-10-02T06:40:39,2439,S4,18,green,0,2439,2492,2492,2026-10-02T06:40:39,2026-10-02T06:41:32,2026-10-02T06:41:32,2026-10-02T06:41:35,2026-10-02T06:41:35,2026-10-02T06:42:59,2439,2492,2492,2495,2495,2579,53,3,84,59,wave_B
2026-10-02T06:41:32,2492,S4,18,amber,0,2492,2495,2495,2026-10-02T06:40:39,2026-10-02T06:41:32,2026-10-02T06:41:32,2026-10-02T06:41:35,2026-10-02T06:41:35,2026-10-02T06:42:59,2439,2492,2492,2495,2495,2579,53,3,84,59,wave_B
2026-10-02T06:41:35,2495,S4,18,red,0,2495,2579,2579,2026-10-02T06:40:39,2026-10-02T06:41:32,2026-10-02T06:41:32,2026-10-02T06:41:35,2026-10-02T06:41:35,2026-10-02T06:42:59,2439,2492,2492,2495,2495,2579,53,3,84,59,wave_B
2026-10-02T06:42:59,2579,S4,19,green,0,2579,2632,2632,2026-10-02T06:42:59,2026-10-02T06:43:52,2026-10-02T06:43:52,2026-10-02T06:43:55,2026-10-02T06:43:55,2026-10-02T06:45:19,2579,2632,2632,2635,2635,2719,53,3,84,59,wave_B
2026-10-02T06:43:52,2632,S4,19,amber,0,2632,2635,2635,2026-10-02T06:42:59,2026-10-02T06:43:52,2026-10-02T06:43:52,2026-10-02T06:43:55,2026-10-02T06:43:55,2026-10-02T06:45:19,2579,2632,2632,2635,2635,2719,53,3,84,59,wave_B
2026-10-02T06:43:55,2635,S4,19,red,0,2635,2719,2719,2026-10-02T06:42:59,2026-10-02T06:43:52,2026-10-02T06:43:52,2026-10-02T06:43:55,2026-10-02T06:43:55,2026-10-02T06:45:19,2579,2632,2632,2635,2635,2719,53,3,84,59,wave_B
2026-10-02T06:45:19,2719,S4,20,green,0,2719,2772,2772,2026-10-02T06:45:19,2026-10-02T06:46:12,2026-10-02T06:46:12,2026-10-02T06:46:15,2026-10-02T06:46:15,2026-10-02T06:47:39,2719,2772,2772,2775,2775,2859,53,3,84,59,wave_B
2026-10-02T06:46:12,2772,S4,20,amber,0,2772,2775,2775,2026-10-02T06:45:19,2026-10-02T06:46:12,2026-10-02T06:46:12,2026-10-02T06:46:15,2026-10-02T06:46:15,2026-10-02T06:47:39,2719,2772,2772,2775,2775,2859,53,3,84,59,wave_B
2026-10-02T06:46:15,2775,S4,20,red,0,2775,2859,2859,2026-10-02T06:45:19,2026-10-02T06:46:12,2026-10-02T06:46:12,2026-10-02T06:46:15,2026-10-02T06:46:15,2026-10-02T06:47:39,2719,2772,2772,2775,2775,2859,53,3,84,59,wave_B
2026-10-02T06:47:39,2859,S4,21,green,0,2859,2912,2912,2026-10-02T06:47:39,2026-10-02T06:48:32,2026-10-02T06:48:32,2026-10-02T06:48:35,2026-10-02T06:48:35,2026-10-02T06:49:59,2859,2912,2912,2915,2915,2999,53,3,84,59,wave_B
2026-10-02T06:48:32,2912,S4,21,amber,0,2912,2915,2915,2026-10-02T06:47:39,2026-10-02T06:48:32,2026-10-02T06:48:32,2026-10-02T06:48:35,2026-10-02T06:48:35,2026-10-02T06:49:59,2859,2912,2912,2915,2915,2999,53,3,84,59,wave_B
2026-10-02T06:48:35,2915,S4,21,red,0,2915,2999,2999,2026-10-02T06:47:39,2026-10-02T06:48:32,2026-10-02T06:48:32,2026-10-02T06:48:35,2026-10-02T06:48:35,2026-10-02T06:49:59,2859,2912,2912,2915,2915,2999,53,3,84,59,wave_B
2026-10-02T06:49:59,2999,S4,22,green,0,2999,3052,3052,2026-10-02T06:49:59,2026-10-02T06:50:52,2026-10-02T06:50:52,2026-10-02T06:50:55,2026-10-02T06:50:55,2026-10-02T06:52:19,2999,3052,3052,3055,3055,3139,53,3,84,59,wave_B
2026-10-02T06:50:52,3052,S4,22,amber,0,3052,3055,3055,2026-10-02T06:49:59,2026-10-02T06:50:52,2026-10-02T06:50:52,2026-10-02T06:50:55,2026-10-02T06:50:55,2026-10-02T06:52:19,2999,3052,3052,3055,3055,3139,53,3,84,59,wave_B
2026-10-02T06:50:55,3055,S4,22,red,0,3055,3139,3139,2026-10-02T06:49:59,2026-10-02T06:50:52,2026-10-02T06:50:52,2026-10-02T06:50:55,2026-10-02T06:50:55,2026-10-02T06:52:19,2999,3052,3052,3055,3055,3139,53,3,84,59,wave_B
2026-10-02T06:52:19,3139,S4,23,green,0,3139,3192,3192,2026-10-02T06:52:19,2026-10-02T06:53:12,2026-10-02T06:53:12,2026-10-02T06:53:15,2026-10-02T06:53:15,2026-10-02T06:54:39,3139,3192,3192,3195,3195,3279,53,3,84,59,wave_B
2026-10-02T06:53:12,3192,S4,23,amber,0,3192,3195,3195,2026-10-02T06:52:19,2026-10-02T06:53:12,2026-10-02T06:53:12,2026-10-02T06:53:15,2026-10-02T06:53:15,2026-10-02T06:54:39,3139,3192,3192,3195,3195,3279,53,3,84,59,wave_B
2026-10-02T06:53:15,3195,S4,23,red,0,3195,3279,3279,2026-10-02T06:52:19,2026-10-02T06:53:12,2026-10-02T06:53:12,2026-10-02T06:53:15,2026-10-02T06:53:15,2026-10-02T06:54:39,3139,3192,3192,3195,3195,3279,53,3,84,59,wave_B
2026-10-02T06:54:39,3279,S4,24,green,0,3279,3332,3332,2026-10-02T06:54:39,2026-10-02T06:55:32,2026-10-02T06:55:32,2026-10-02T06:55:35,2026-10-02T06:55:35,2026-10-02T06:56:59,3279,3332,3332,3335,3335,3419,53,3,84,59,wave_B
2026-10-02T06:55:32,3332,S4,24,amber,0,3332,3335,3335,2026-10-02T06:54:39,2026-10-02T06:55:32,2026-10-02T06:55:32,2026-10-02T06:55:35,2026-10-02T06:55:35,2026-10-02T06:56:59,3279,3332,3332,3335,3335,3419,53,3,84,59,wave_B
2026-10-02T06:55:35,3335,S4,24,red,0,3335,3419,3419,2026-10-02T06:54:39,2026-10-02T06:55:32,2026-10-02T06:55:32,2026-10-02T06:55:35,2026-10-02T06:55:35,2026-10-02T06:56:59,3279,3332,3332,3335,3335,3419,53,3,84,59,wave_B
2026-10-02T06:56:59,3419,S4,25,green,0,3419,3472,3472,2026-10-02T06:56:59,2026-10-02T06:57:52,2026-10-02T06:57:52,2026-10-02T06:57:55,2026-10-02T06:57:55,2026-10-02T06:59:19,3419,3472,3472,3475,3475,3559,53,3,84,59,wave_B
2026-10-02T06:57:52,3472,S4,25,amber,0,3472,3475,3475,2026-10-02T06:56:59,2026-10-02T06:57:52,2026-10-02T06:57:52,2026-10-02T06:57:55,2026-10-02T06:57:55,2026-10-02T06:59:19,3419,3472,3472,3475,3475,3559,53,3,84,59,wave_B
2026-10-02T06:57:55,3475,S4,25,red,0,3475,3559,3559,2026-10-02T06:56:59,2026-10-02T06:57:52,2026-10-02T06:57:52,2026-10-02T06:57:55,2026-10-02T06:57:55,2026-10-02T06:59:19,3419,3472,3472,3475,3475,3559,53,3,84,59,wave_B
2026-10-02T06:59:19,3559,S4,26,green,0,3559,3612,3612,2026-10-02T06:59:19,2026-10-02T07:00:12,2026-10-02T07:00:12,2026-10-02T07:00:15,2026-10-02T07:00:15,2026-10-02T07:01:39,3559,3612,3612,3615,3615,3699,53,3,84,59,wave_B
2026-10-02T07:00:12,3612,S4,26,amber,0,3612,3615,3615,2026-10-02T06:59:19,2026-10-02T07:00:12,2026-10-02T07:00:12,2026-10-02T07:00:15,2026-10-02T07:00:15,2026-10-02T07:01:39,3559,3612,3612,3615,3615,3699,53,3,84,59,wave_B
2026-10-02T07:00:15,3615,S4,26,red,0,3615,3699,3699,2026-10-02T06:59:19,2026-10-02T07:00:12,2026-10-02T07:00:12,2026-10-02T07:00:15,2026-10-02T07:00:15,2026-10-02T07:01:39,3559,3612,3612,3615,3615,3699,53,3,84,59,wave_B
2026-10-02T07:01:39,3699,S4,27,green,0,3699,3752,3752,2026-10-02T07:01:39,2026-10-02T07:02:32,2026-10-02T07:02:32,2026-10-02T07:02:35,2026-10-02T07:02:35,2026-10-02T07:03:59,3699,3752,3752,3755,3755,3839,53,3,84,59,wave_B
2026-10-02T07:02:32,3752,S4,27,amber,0,3752,3755,3755,2026-10-02T07:01:39,2026-10-02T07:02:32,2026-10-02T07:02:32,2026-10-02T07:02:35,2026-10-02T07:02:35,2026-10-02T07:03:59,3699,3752,3752,3755,3755,3839,53,3,84,59,wave_B
2026-10-02T07:02:35,3755,S4,27,red,0,3755,3839,3839,2026-10-02T07:01:39,2026-10-02T07:02:32,2026-10-02T07:02:32,2026-10-02T07:02:35,2026-10-02T07:02:35,2026-10-02T07:03:59,3699,3752,3752,3755,3755,3839,53,3,84,59,wave_B
2026-10-02T07:03:59,3839,S4,28,green,0,3839,3892,3892,2026-10-02T07:03:59,2026-10-02T07:04:52,2026-10-02T07:04:52,2026-10-02T07:04:55,2026-10-02T07:04:55,2026-10-02T07:06:19,3839,3892,3892,3895,3895,3979,53,3,84,59,wave_B
2026-10-02T07:04:52,3892,S4,28,amber,0,3892,3895,3895,2026-10-02T07:03:59,2026-10-02T07:04:52,2026-10-02T07:04:52,2026-10-02T07:04:55,2026-10-02T07:04:55,2026-10-02T07:06:19,3839,3892,3892,3895,3895,3979,53,3,84,59,wave_B
2026-10-02T07:04:55,3895,S4,28,red,0,3895,3979,3979,2026-10-02T07:03:59,2026-10-02T07:04:52,2026-10-02T07:04:52,2026-10-02T07:04:55,2026-10-02T07:04:55,2026-10-02T07:06:19,3839,3892,3892,3895,3895,3979,53,3,84,59,wave_B
2026-10-02T07:06:19,3979,S4,29,green,0,3979,4032,4032,2026-10-02T07:06:19,2026-10-02T07:07:12,2026-10-02T07:07:12,2026-10-02T07:07:15,2026-10-02T07:07:15,2026-10-02T07:08:39,3979,4032,4032,4035,4035,4119,53,3,84,59,wave_B
2026-10-02T07:07:12,4032,S4,29,amber,0,4032,4035,4035,2026-10-02T07:06:19,2026-10-02T07:07:12,2026-10-02T07:07:12,2026-10-02T07:07:15,2026-10-02T07:07:15,2026-10-02T07:08:39,3979,4032,4032,4035,4035,4119,53,3,84,59,wave_B
2026-10-02T07:07:15,4035,S4,29,red,0,4035,4119,4119,2026-10-02T07:06:19,2026-10-02T07:07:12,2026-10-02T07:07:12,2026-10-02T07:07:15,2026-10-02T07:07:15,2026-10-02T07:08:39,3979,4032,4032,4035,4035,4119,53,3,84,59,wave_B
2026-10-02T07:08:39,4119,S4,30,green,0,4119,4172,4172,2026-10-02T07:08:39,2026-10-02T07:09:32,2026-10-02T07:09:32,2026-10-02T07:09:35,2026-10-02T07:09:35,2026-10-02T07:10:59,4119,4172,4172,4175,4175,4259,53,3,84,59,wave_B
2026-10-02T07:09:32,4172,S4,30,amber,0,4172,4175,4175,2026-10-02T07:08:39,2026-10-02T07:09:32,2026-10-02T07:09:32,2026-10-02T07:09:35,2026-10-02T07:09:35,2026-10-02T07:10:59,4119,4172,4172,4175,4175,4259,53,3,84,59,wave_B
2026-10-02T07:09:35,4175,S4,30,red,0,4175,4259,4259,2026-10-02T07:08:39,2026-10-02T07:09:32,2026-10-02T07:09:32,2026-10-02T07:09:35,2026-10-02T07:09:35,2026-10-02T07:10:59,4119,4172,4172,4175,4175,4259,53,3,84,59,wave_B
2026-10-02T07:10:59,4259,S4,31,green,0,4259,4312,4312,2026-10-02T07:10:59,2026-10-02T07:11:52,2026-10-02T07:11:52,2026-10-02T07:11:55,2026-10-02T07:11:55,2026-10-02T07:13:19,4259,4312,4312,4315,4315,4399,53,3,84,59,wave_B
2026-10-02T07:11:52,4312,S4,31,amber,0,4312,4315,4315,2026-10-02T07:10:59,2026-10-02T07:11:52,2026-10-02T07:11:52,2026-10-02T07:11:55,2026-10-02T07:11:55,2026-10-02T07:13:19,4259,4312,4312,4315,4315,4399,53,3,84,59,wave_B
2026-10-02T07:11:55,4315,S4,31,red,0,4315,4399,4399,2026-10-02T07:10:59,2026-10-02T07:11:52,2026-10-02T07:11:52,2026-10-02T07:11:55,2026-10-02T07:11:55,2026-10-02T07:13:19,4259,4312,4312,4315,4315,4399,53,3,84,59,wave_B
2026-10-02T07:13:19,4399,S4,32,green,0,4399,4452,4452,2026-10-02T07:13:19,2026-10-02T07:14:12,2026-10-02T07:14:12,2026-10-02T07:14:15,2026-10-02T07:14:15,2026-10-02T07:15:39,4399,4452,4452,4455,4455,4539,53,3,84,59,wave_B
2026-10-02T07:14:12,4452,S4,32,amber,0,4452,4455,4455,2026-10-02T07:13:19,2026-10-02T07:14:12,2026-10-02T07:14:12,2026-10-02T07:14:15,2026-10-02T07:14:15,2026-10-02T07:15:39,4399,4452,4452,4455,4455,4539,53,3,84,59,wave_B
2026-10-02T07:14:15,4455,S4,32,red,0,4455,4539,4539,2026-10-02T07:13:19,2026-10-02T07:14:12,2026-10-02T07:14:12,2026-10-02T07:14:15,2026-10-02T07:14:15,2026-10-02T07:15:39,4399,4452,4452,4455,4455,4539,53,3,84,59,wave_B
2026-10-02T07:15:39,4539,S4,33,green,0,4539,4592,4592,2026-10-02T07:15:39,2026-10-02T07:16:32,2026-10-02T07:16:32,2026-10-02T07:16:35,2026-10-02T07:16:35,2026-10-02T07:17:59,4539,4592,4592,4595,4595,4679,53,3,84,59,wave_B
2026-10-02T07:16:32,4592,S4,33,amber,0,4592,4595,4595,2026-10-02T07:15:39,2026-10-02T07:16:32,2026-10-02T07:16:32,2026-10-02T07:16:35,2026-10-02T07:16:35,2026-10-02T07:17:59,4539,4592,4592,4595,4595,4679,53,3,84,59,wave_B
2026-10-02T07:16:35,4595,S4,33,red,0,4595,4679,4679,2026-10-02T07:15:39,2026-10-02T07:16:32,2026-10-02T07:16:32,2026-10-02T07:16:35,2026-10-02T07:16:35,2026-10-02T07:17:59,4539,4592,4592,4595,4595,4679,53,3,84,59,wave_B
2026-10-02T07:17:59,4679,S4,34,green,0,4679,4732,4732,2026-10-02T07:17:59,2026-10-02T07:18:52,2026-10-02T07:18:52,2026-10-02T07:18:55,2026-10-02T07:18:55,2026-10-02T07:20:19,4679,4732,4732,4735,4735,4819,53,3,84,59,wave_B
2026-10-02T07:18:52,4732,S4,34,amber,0,4732,4735,4735,2026-10-02T07:17:59,2026-10-02T07:18:52,2026-10-02T07:18:52,2026-10-02T07:18:55,2026-10-02T07:18:55,2026-10-02T07:20:19,4679,4732,4732,4735,4735,4819,53,3,84,59,wave_B
2026-10-02T07:18:55,4735,S4,34,red,0,4735,4819,4819,2026-10-02T07:17:59,2026-10-02T07:18:52,2026-10-02T07:18:52,2026-10-02T07:18:55,2026-10-02T07:18:55,2026-10-02T07:20:19,4679,4732,4732,4735,4735,4819,53,3,84,59,wave_B
2026-10-02T07:20:19,4819,S4,35,green,0,4819,4872,4872,2026-10-02T07:20:19,2026-10-02T07:21:12,2026-10-02T07:21:12,2026-10-02T07:21:15,2026-10-02T07:21:15,2026-10-02T07:22:39,4819,4872,4872,4875,4875,4959,53,3,84,59,wave_B
2026-10-02T07:21:12,4872,S4,35,amber,0,4872,4875,4875,2026-10-02T07:20:19,2026-10-02T07:21:12,2026-10-02T07:21:12,2026-10-02T07:21:15,2026-10-02T07:21:15,2026-10-02T07:22:39,4819,4872,4872,4875,4875,4959,53,3,84,59,wave_B
2026-10-02T07:21:15,4875,S4,35,red,0,4875,4959,4959,2026-10-02T07:20:19,2026-10-02T07:21:12,2026-10-02T07:21:12,2026-10-02T07:21:15,2026-10-02T07:21:15,2026-10-02T07:22:39,4819,4872,4872,4875,4875,4959,53,3,84,59,wave_B
2026-10-02T07:22:39,4959,S4,36,green,0,4959,5012,5012,2026-10-02T07:22:39,2026-10-02T07:23:32,2026-10-02T07:23:32,2026-10-02T07:23:35,2026-10-02T07:23:35,2026-10-02T07:24:59,4959,5012,5012,5015,5015,5099,53,3,84,59,wave_B
2026-10-02T07:23:32,5012,S4,36,amber,0,5012,5015,5015,2026-10-02T07:22:39,2026-10-02T07:23:32,2026-10-02T07:23:32,2026-10-02T07:23:35,2026-10-02T07:23:35,2026-10-02T07:24:59,4959,5012,5012,5015,5015,5099,53,3,84,59,wave_B
2026-10-02T07:23:35,5015,S4,36,red,0,5015,5099,5099,2026-10-02T07:22:39,2026-10-02T07:23:32,2026-10-02T07:23:32,2026-10-02T07:23:35,2026-10-02T07:23:35,2026-10-02T07:24:59,4959,5012,5012,5015,5015,5099,53,3,84,59,wave_B
2026-10-02T07:24:59,5099,S4,37,green,0,5099,5152,5152,2026-10-02T07:24:59,2026-10-02T07:25:52,2026-10-02T07:25:52,2026-10-02T07:25:55,2026-10-02T07:25:55,2026-10-02T07:27:19,5099,5152,5152,5155,5155,5239,53,3,84,59,wave_B
2026-10-02T07:25:52,5152,S4,37,amber,0,5152,5155,5155,2026-10-02T07:24:59,2026-10-02T07:25:52,2026-10-02T07:25:52,2026-10-02T07:25:55,2026-10-02T07:25:55,2026-10-02T07:27:19,5099,5152,5152,5155,5155,5239,53,3,84,59,wave_B
2026-10-02T07:25:55,5155,S4,37,red,0,5155,5239,5239,2026-10-02T07:24:59,2026-10-02T07:25:52,2026-10-02T07:25:52,2026-10-02T07:25:55,2026-10-02T07:25:55,2026-10-02T07:27:19,5099,5152,5152,5155,5155,5239,53,3,84,59,wave_B
2026-10-02T07:27:19,5239,S4,38,green,0,5239,5292,5292,2026-10-02T07:27:19,2026-10-02T07:28:12,2026-10-02T07:28:12,2026-10-02T07:28:15,2026-10-02T07:28:15,2026-10-02T07:29:39,5239,5292,5292,5295,5295,5379,53,3,84,59,wave_B
2026-10-02T07:28:12,5292,S4,38,amber,0,5292,5295,5295,2026-10-02T07:27:19,2026-10-02T07:28:12,2026-10-02T07:28:12,2026-10-02T07:28:15,2026-10-02T07:28:15,2026-10-02T07:29:39,5239,5292,5292,5295,5295,5379,53,3,84,59,wave_B
2026-10-02T07:28:15,5295,S4,38,red,0,5295,5379,5379,2026-10-02T07:27:19,2026-10-02T07:28:12,2026-10-02T07:28:12,2026-10-02T07:28:15,2026-10-02T07:28:15,2026-10-02T07:29:39,5239,5292,5292,5295,5295,5379,53,3,84,59,wave_B
2026-10-02T07:29:39,5379,S4,39,green,0,5379,5432,5432,2026-10-02T07:29:39,2026-10-02T07:30:32,2026-10-02T07:30:32,2026-10-02T07:30:35,2026-10-02T07:30:35,2026-10-02T07:31:59,5379,5432,5432,5435,5435,5519,53,3,84,59,wave_B
2026-10-02T07:30:32,5432,S4,39,amber,0,5432,5435,5435,2026-10-02T07:29:39,2026-10-02T07:30:32,2026-10-02T07:30:32,2026-10-02T07:30:35,2026-10-02T07:30:35,2026-10-02T07:31:59,5379,5432,5432,5435,5435,5519,53,3,84,59,wave_B
2026-10-02T07:30:35,5435,S4,39,red,0,5435,5519,5519,2026-10-02T07:29:39,2026-10-02T07:30:32,2026-10-02T07:30:32,2026-10-02T07:30:35,2026-10-02T07:30:35,2026-10-02T07:31:59,5379,5432,5432,5435,5435,5519,53,3,84,59,wave_B
2026-10-02T07:31:59,5519,S4,40,green,0,5519,5572,5572,2026-10-02T07:31:59,2026-10-02T07:32:52,2026-10-02T07:32:52,2026-10-02T07:32:55,2026-10-02T07:32:55,2026-10-02T07:34:19,5519,5572,5572,5575,5575,5659,53,3,84,59,wave_B
2026-10-02T07:32:52,5572,S4,40,amber,0,5572,5575,5575,2026-10-02T07:31:59,2026-10-02T07:32:52,2026-10-02T07:32:52,2026-10-02T07:32:55,2026-10-02T07:32:55,2026-10-02T07:34:19,5519,5572,5572,5575,5575,5659,53,3,84,59,wave_B
2026-10-02T07:32:55,5575,S4,40,red,0,5575,5659,5659,2026-10-02T07:31:59,2026-10-02T07:32:52,2026-10-02T07:32:52,2026-10-02T07:32:55,2026-10-02T07:32:55,2026-10-02T07:34:19,5519,5572,5572,5575,5575,5659,53,3,84,59,wave_B
2026-10-02T07:34:19,5659,S4,41,green,0,5659,5712,5712,2026-10-02T07:34:19,2026-10-02T07:35:12,2026-10-02T07:35:12,2026-10-02T07:35:15,2026-10-02T07:35:15,2026-10-02T07:36:39,5659,5712,5712,5715,5715,5799,53,3,84,59,wave_B
2026-10-02T07:35:12,5712,S4,41,amber,0,5712,5715,5715,2026-10-02T07:34:19,2026-10-02T07:35:12,2026-10-02T07:35:12,2026-10-02T07:35:15,2026-10-02T07:35:15,2026-10-02T07:36:39,5659,5712,5712,5715,5715,5799,53,3,84,59,wave_B
2026-10-02T07:35:15,5715,S4,41,red,0,5715,5799,5799,2026-10-02T07:34:19,2026-10-02T07:35:12,2026-10-02T07:35:12,2026-10-02T07:35:15,2026-10-02T07:35:15,2026-10-02T07:36:39,5659,5712,5712,5715,5715,5799,53,3,84,59,wave_B
2026-10-02T07:36:39,5799,S4,42,green,0,5799,5852,5852,2026-10-02T07:36:39,2026-10-02T07:37:32,2026-10-02T07:37:32,2026-10-02T07:37:35,2026-10-02T07:37:35,2026-10-02T07:38:59,5799,5852,5852,5855,5855,5939,53,3,84,59,wave_B
2026-10-02T07:37:32,5852,S4,42,amber,0,5852,5855,5855,2026-10-02T07:36:39,2026-10-02T07:37:32,2026-10-02T07:37:32,2026-10-02T07:37:35,2026-10-02T07:37:35,2026-10-02T07:38:59,5799,5852,5852,5855,5855,5939,53,3,84,59,wave_B
2026-10-02T07:37:35,5855,S4,42,red,0,5855,5939,5939,2026-10-02T07:36:39,2026-10-02T07:37:32,2026-10-02T07:37:32,2026-10-02T07:37:35,2026-10-02T07:37:35,2026-10-02T07:38:59,5799,5852,5852,5855,5855,5939,53,3,84,59,wave_B
2026-10-02T07:38:59,5939,S4,43,green,0,5939,5992,5992,2026-10-02T07:38:59,2026-10-02T07:39:52,2026-10-02T07:39:52,2026-10-02T07:39:55,2026-10-02T07:39:55,2026-10-02T07:41:19,5939,5992,5992,5995,5995,6079,53,3,84,59,wave_B
2026-10-02T07:39:52,5992,S4,43,amber,0,5992,5995,5995,2026-10-02T07:38:59,2026-10-02T07:39:52,2026-10-02T07:39:52,2026-10-02T07:39:55,2026-10-02T07:39:55,2026-10-02T07:41:19,5939,5992,5992,5995,5995,6079,53,3,84,59,wave_B
2026-10-02T07:39:55,5995,S4,43,red,0,5995,6079,6079,2026-10-02T07:38:59,2026-10-02T07:39:52,2026-10-02T07:39:52,2026-10-02T07:39:55,2026-10-02T07:39:55,2026-10-02T07:41:19,5939,5992,5992,5995,5995,6079,53,3,84,59,wave_B
2026-10-02T07:41:19,6079,S4,44,green,0,6079,6132,6132,2026-10-02T07:41:19,2026-10-02T07:42:12,2026-10-02T07:42:12,2026-10-02T07:42:15,2026-10-02T07:42:15,2026-10-02T07:43:39,6079,6132,6132,6135,6135,6219,53,3,84,59,wave_B
2026-10-02T07:42:12,6132,S4,44,amber,0,6132,6135,6135,2026-10-02T07:41:19,2026-10-02T07:42:12,2026-10-02T07:42:12,2026-10-02T07:42:15,2026-10-02T07:42:15,2026-10-02T07:43:39,6079,6132,6132,6135,6135,6219,53,3,84,59,wave_B
2026-10-02T07:42:15,6135,S4,44,red,0,6135,6219,6219,2026-10-02T07:41:19,2026-10-02T07:42:12,2026-10-02T07:42:12,2026-10-02T07:42:15,2026-10-02T07:42:15,2026-10-02T07:43:39,6079,6132,6132,6135,6135,6219,53,3,84,59,wave_B
2026-10-02T07:43:39,6219,S4,45,green,0,6219,6272,6272,2026-10-02T07:43:39,2026-10-02T07:44:32,2026-10-02T07:44:32,2026-10-02T07:44:35,2026-10-02T07:44:35,2026-10-02T07:45:59,6219,6272,6272,6275,6275,6359,53,3,84,59,wave_B
2026-10-02T07:44:32,6272,S4,45,amber,0,6272,6275,6275,2026-10-02T07:43:39,2026-10-02T07:44:32,2026-10-02T07:44:32,2026-10-02T07:44:35,2026-10-02T07:44:35,2026-10-02T07:45:59,6219,6272,6272,6275,6275,6359,53,3,84,59,wave_B
2026-10-02T07:44:35,6275,S4,45,red,0,6275,6359,6359,2026-10-02T07:43:39,2026-10-02T07:44:32,2026-10-02T07:44:32,2026-10-02T07:44:35,2026-10-02T07:44:35,2026-10-02T07:45:59,6219,6272,6272,6275,6275,6359,53,3,84,59,wave_B
2026-10-02T07:45:59,6359,S4,46,green,0,6359,6412,6412,2026-10-02T07:45:59,2026-10-02T07:46:52,2026-10-02T07:46:52,2026-10-02T07:46:55,2026-10-02T07:46:55,2026-10-02T07:48:19,6359,6412,6412,6415,6415,6499,53,3,84,59,wave_B
2026-10-02T07:46:52,6412,S4,46,amber,0,6412,6415,6415,2026-10-02T07:45:59,2026-10-02T07:46:52,2026-10-02T07:46:52,2026-10-02T07:46:55,2026-10-02T07:46:55,2026-10-02T07:48:19,6359,6412,6412,6415,6415,6499,53,3,84,59,wave_B
2026-10-02T07:46:55,6415,S4,46,red,0,6415,6499,6499,2026-10-02T07:45:59,2026-10-02T07:46:52,2026-10-02T07:46:52,2026-10-02T07:46:55,2026-10-02T07:46:55,2026-10-02T07:48:19,6359,6412,6412,6415,6415,6499,53,3,84,59,wave_B
2026-10-02T07:48:19,6499,S4,47,green,0,6499,6552,6552,2026-10-02T07:48:19,2026-10-02T07:49:12,2026-10-02T07:49:12,2026-10-02T07:49:15,2026-10-02T07:49:15,2026-10-02T07:50:39,6499,6552,6552,6555,6555,6639,53,3,84,59,wave_B
2026-10-02T07:49:12,6552,S4,47,amber,0,6552,6555,6555,2026-10-02T07:48:19,2026-10-02T07:49:12,2026-10-02T07:49:12,2026-10-02T07:49:15,2026-10-02T07:49:15,2026-10-02T07:50:39,6499,6552,6552,6555,6555,6639,53,3,84,59,wave_B
2026-10-02T07:49:15,6555,S4,47,red,0,6555,6639,6639,2026-10-02T07:48:19,2026-10-02T07:49:12,2026-10-02T07:49:12,2026-10-02T07:49:15,2026-10-02T07:49:15,2026-10-02T07:50:39,6499,6552,6552,6555,6555,6639,53,3,84,59,wave_B
2026-10-02T07:50:39,6639,S4,48,green,0,6639,6692,6692,2026-10-02T07:50:39,2026-10-02T07:51:32,2026-10-02T07:51:32,2026-10-02T07:51:35,2026-10-02T07:51:35,2026-10-02T07:52:59,6639,6692,6692,6695,6695,6779,53,3,84,59,wave_B
2026-10-02T07:51:32,6692,S4,48,amber,0,6692,6695,6695,2026-10-02T07:50:39,2026-10-02T07:51:32,2026-10-02T07:51:32,2026-10-02T07:51:35,2026-10-02T07:51:35,2026-10-02T07:52:59,6639,6692,6692,6695,6695,6779,53,3,84,59,wave_B
2026-10-02T07:51:35,6695,S4,48,red,0,6695,6779,6779,2026-10-02T07:50:39,2026-10-02T07:51:32,2026-10-02T07:51:32,2026-10-02T07:51:35,2026-10-02T07:51:35,2026-10-02T07:52:59,6639,6692,6692,6695,6695,6779,53,3,84,59,wave_B
2026-10-02T07:52:59,6779,S4,49,green,0,6779,6832,6832,2026-10-02T07:52:59,2026-10-02T07:53:52,2026-10-02T07:53:52,2026-10-02T07:53:55,2026-10-02T07:53:55,2026-10-02T07:55:19,6779,6832,6832,6835,6835,6919,53,3,84,59,wave_B
2026-10-02T07:53:52,6832,S4,49,amber,0,6832,6835,6835,2026-10-02T07:52:59,2026-10-02T07:53:52,2026-10-02T07:53:52,2026-10-02T07:53:55,2026-10-02T07:53:55,2026-10-02T07:55:19,6779,6832,6832,6835,6835,6919,53,3,84,59,wave_B
2026-10-02T07:53:55,6835,S4,49,red,0,6835,6919,6919,2026-10-02T07:52:59,2026-10-02T07:53:52,2026-10-02T07:53:52,2026-10-02T07:53:55,2026-10-02T07:53:55,2026-10-02T07:55:19,6779,6832,6832,6835,6835,6919,53,3,84,59,wave_B
2026-10-02T07:55:19,6919,S4,50,green,0,6919,6972,6972,2026-10-02T07:55:19,2026-10-02T07:56:12,2026-10-02T07:56:12,2026-10-02T07:56:15,2026-10-02T07:56:15,2026-10-02T07:57:39,6919,6972,6972,6975,6975,7059,53,3,84,59,wave_B
2026-10-02T07:56:12,6972,S4,50,amber,0,6972,6975,6975,2026-10-02T07:55:19,2026-10-02T07:56:12,2026-10-02T07:56:12,2026-10-02T07:56:15,2026-10-02T07:56:15,2026-10-02T07:57:39,6919,6972,6972,6975,6975,7059,53,3,84,59,wave_B
2026-10-02T07:56:15,6975,S4,50,red,0,6975,7059,7059,2026-10-02T07:55:19,2026-10-02T07:56:12,2026-10-02T07:56:12,2026-10-02T07:56:15,2026-10-02T07:56:15,2026-10-02T07:57:39,6919,6972,6972,6975,6975,7059,53,3,84,59,wave_B
2026-10-02T07:57:39,7059,S4,51,green,0,7059,7112,7112,2026-10-02T07:57:39,2026-10-02T07:58:32,2026-10-02T07:58:32,2026-10-02T07:58:35,2026-10-02T07:58:35,2026-10-02T07:59:59,7059,7112,7112,7115,7115,7199,53,3,84,59,wave_B
2026-10-02T07:58:32,7112,S4,51,amber,0,7112,7115,7115,2026-10-02T07:57:39,2026-10-02T07:58:32,2026-10-02T07:58:32,2026-10-02T07:58:35,2026-10-02T07:58:35,2026-10-02T07:59:59,7059,7112,7112,7115,7115,7199,53,3,84,59,wave_B
2026-10-02T07:58:35,7115,S4,51,red,0,7115,7199,7199,2026-10-02T07:57:39,2026-10-02T07:58:32,2026-10-02T07:58:32,2026-10-02T07:58:35,2026-10-02T07:58:35,2026-10-02T07:59:59,7059,7112,7112,7115,7115,7199,53,3,84,59,wave_B
2026-10-02T07:59:59,7199,S4,52,green,0,7199,7252,7252,2026-10-02T07:59:59,2026-10-02T08:00:52,2026-10-02T08:00:52,2026-10-02T08:00:55,2026-10-02T08:00:55,2026-10-02T08:02:19,7199,7252,7252,7255,7255,7339,53,3,84,59,wave_B
2026-10-02T08:00:52,7252,S4,52,amber,0,7252,7255,7255,2026-10-02T07:59:59,2026-10-02T08:00:52,2026-10-02T08:00:52,2026-10-02T08:00:55,2026-10-02T08:00:55,2026-10-02T08:02:19,7199,7252,7252,7255,7255,7339,53,3,84,59,wave_B
2026-10-02T08:00:55,7255,S4,52,red,0,7255,7339,7280,2026-10-02T07:59:59,2026-10-02T08:00:52,2026-10-02T08:00:52,2026-10-02T08:00:55,2026-10-02T08:00:55,2026-10-02T08:02:19,7199,7252,7252,7255,7255,7339,53,3,84,59,wave_B
2026-10-02T06:00:00,0,S5,0,red,3,-3,91,91,2026-10-02T05:59:11,2026-10-02T05:59:54,2026-10-02T05:59:54,2026-10-02T05:59:57,2026-10-02T05:59:57,2026-10-02T06:01:31,-49,-6,-6,-3,-3,91,43,3,94,91,wave_A
2026-10-02T06:01:31,91,S5,1,green,0,91,134,134,2026-10-02T06:01:31,2026-10-02T06:02:14,2026-10-02T06:02:14,2026-10-02T06:02:17,2026-10-02T06:02:17,2026-10-02T06:03:51,91,134,134,137,137,231,43,3,94,91,wave_A
2026-10-02T06:02:14,134,S5,1,amber,0,134,137,137,2026-10-02T06:01:31,2026-10-02T06:02:14,2026-10-02T06:02:14,2026-10-02T06:02:17,2026-10-02T06:02:17,2026-10-02T06:03:51,91,134,134,137,137,231,43,3,94,91,wave_A
2026-10-02T06:02:17,137,S5,1,red,0,137,231,231,2026-10-02T06:01:31,2026-10-02T06:02:14,2026-10-02T06:02:14,2026-10-02T06:02:17,2026-10-02T06:02:17,2026-10-02T06:03:51,91,134,134,137,137,231,43,3,94,91,wave_A
2026-10-02T06:03:51,231,S5,2,green,0,231,274,274,2026-10-02T06:03:51,2026-10-02T06:04:34,2026-10-02T06:04:34,2026-10-02T06:04:37,2026-10-02T06:04:37,2026-10-02T06:06:11,231,274,274,277,277,371,43,3,94,91,wave_A
2026-10-02T06:04:34,274,S5,2,amber,0,274,277,277,2026-10-02T06:03:51,2026-10-02T06:04:34,2026-10-02T06:04:34,2026-10-02T06:04:37,2026-10-02T06:04:37,2026-10-02T06:06:11,231,274,274,277,277,371,43,3,94,91,wave_A
2026-10-02T06:04:37,277,S5,2,red,0,277,371,371,2026-10-02T06:03:51,2026-10-02T06:04:34,2026-10-02T06:04:34,2026-10-02T06:04:37,2026-10-02T06:04:37,2026-10-02T06:06:11,231,274,274,277,277,371,43,3,94,91,wave_A
2026-10-02T06:06:11,371,S5,3,green,0,371,414,414,2026-10-02T06:06:11,2026-10-02T06:06:54,2026-10-02T06:06:54,2026-10-02T06:06:57,2026-10-02T06:06:57,2026-10-02T06:08:31,371,414,414,417,417,511,43,3,94,91,wave_A
2026-10-02T06:06:54,414,S5,3,amber,0,414,417,417,2026-10-02T06:06:11,2026-10-02T06:06:54,2026-10-02T06:06:54,2026-10-02T06:06:57,2026-10-02T06:06:57,2026-10-02T06:08:31,371,414,414,417,417,511,43,3,94,91,wave_A
2026-10-02T06:06:57,417,S5,3,red,0,417,511,511,2026-10-02T06:06:11,2026-10-02T06:06:54,2026-10-02T06:06:54,2026-10-02T06:06:57,2026-10-02T06:06:57,2026-10-02T06:08:31,371,414,414,417,417,511,43,3,94,91,wave_A
2026-10-02T06:08:31,511,S5,4,green,0,511,554,554,2026-10-02T06:08:31,2026-10-02T06:09:14,2026-10-02T06:09:14,2026-10-02T06:09:17,2026-10-02T06:09:17,2026-10-02T06:10:51,511,554,554,557,557,651,43,3,94,91,wave_A
2026-10-02T06:09:14,554,S5,4,amber,0,554,557,557,2026-10-02T06:08:31,2026-10-02T06:09:14,2026-10-02T06:09:14,2026-10-02T06:09:17,2026-10-02T06:09:17,2026-10-02T06:10:51,511,554,554,557,557,651,43,3,94,91,wave_A
2026-10-02T06:09:17,557,S5,4,red,0,557,651,651,2026-10-02T06:08:31,2026-10-02T06:09:14,2026-10-02T06:09:14,2026-10-02T06:09:17,2026-10-02T06:09:17,2026-10-02T06:10:51,511,554,554,557,557,651,43,3,94,91,wave_A
2026-10-02T06:10:51,651,S5,5,green,0,651,694,694,2026-10-02T06:10:51,2026-10-02T06:11:34,2026-10-02T06:11:34,2026-10-02T06:11:37,2026-10-02T06:11:37,2026-10-02T06:13:11,651,694,694,697,697,791,43,3,94,91,wave_A
2026-10-02T06:11:34,694,S5,5,amber,0,694,697,697,2026-10-02T06:10:51,2026-10-02T06:11:34,2026-10-02T06:11:34,2026-10-02T06:11:37,2026-10-02T06:11:37,2026-10-02T06:13:11,651,694,694,697,697,791,43,3,94,91,wave_A
2026-10-02T06:11:37,697,S5,5,red,0,697,791,791,2026-10-02T06:10:51,2026-10-02T06:11:34,2026-10-02T06:11:34,2026-10-02T06:11:37,2026-10-02T06:11:37,2026-10-02T06:13:11,651,694,694,697,697,791,43,3,94,91,wave_A
2026-10-02T06:13:11,791,S5,6,green,0,791,834,834,2026-10-02T06:13:11,2026-10-02T06:13:54,2026-10-02T06:13:54,2026-10-02T06:13:57,2026-10-02T06:13:57,2026-10-02T06:15:31,791,834,834,837,837,931,43,3,94,91,wave_A
2026-10-02T06:13:54,834,S5,6,amber,0,834,837,837,2026-10-02T06:13:11,2026-10-02T06:13:54,2026-10-02T06:13:54,2026-10-02T06:13:57,2026-10-02T06:13:57,2026-10-02T06:15:31,791,834,834,837,837,931,43,3,94,91,wave_A
2026-10-02T06:13:57,837,S5,6,red,0,837,931,931,2026-10-02T06:13:11,2026-10-02T06:13:54,2026-10-02T06:13:54,2026-10-02T06:13:57,2026-10-02T06:13:57,2026-10-02T06:15:31,791,834,834,837,837,931,43,3,94,91,wave_A
2026-10-02T06:15:31,931,S5,7,green,0,931,974,974,2026-10-02T06:15:31,2026-10-02T06:16:14,2026-10-02T06:16:14,2026-10-02T06:16:17,2026-10-02T06:16:17,2026-10-02T06:17:51,931,974,974,977,977,1071,43,3,94,91,wave_A
2026-10-02T06:16:14,974,S5,7,amber,0,974,977,977,2026-10-02T06:15:31,2026-10-02T06:16:14,2026-10-02T06:16:14,2026-10-02T06:16:17,2026-10-02T06:16:17,2026-10-02T06:17:51,931,974,974,977,977,1071,43,3,94,91,wave_A
2026-10-02T06:16:17,977,S5,7,red,0,977,1071,1071,2026-10-02T06:15:31,2026-10-02T06:16:14,2026-10-02T06:16:14,2026-10-02T06:16:17,2026-10-02T06:16:17,2026-10-02T06:17:51,931,974,974,977,977,1071,43,3,94,91,wave_A
2026-10-02T06:17:51,1071,S5,8,green,0,1071,1114,1114,2026-10-02T06:17:51,2026-10-02T06:18:34,2026-10-02T06:18:34,2026-10-02T06:18:37,2026-10-02T06:18:37,2026-10-02T06:20:11,1071,1114,1114,1117,1117,1211,43,3,94,91,transicion
2026-10-02T06:18:34,1114,S5,8,amber,0,1114,1117,1117,2026-10-02T06:17:51,2026-10-02T06:18:34,2026-10-02T06:18:34,2026-10-02T06:18:37,2026-10-02T06:18:37,2026-10-02T06:20:11,1071,1114,1114,1117,1117,1211,43,3,94,91,transicion
2026-10-02T06:18:37,1117,S5,8,red,0,1117,1211,1211,2026-10-02T06:17:51,2026-10-02T06:18:34,2026-10-02T06:18:34,2026-10-02T06:18:37,2026-10-02T06:18:37,2026-10-02T06:20:11,1071,1114,1114,1117,1117,1211,43,3,94,91,transicion
2026-10-02T06:20:11,1211,S5,9,green,0,1211,1254,1254,2026-10-02T06:20:11,2026-10-02T06:20:54,2026-10-02T06:20:54,2026-10-02T06:20:57,2026-10-02T06:20:57,2026-10-02T06:22:31,1211,1254,1254,1257,1257,1351,43,3,94,91,transicion
2026-10-02T06:20:54,1254,S5,9,amber,0,1254,1257,1257,2026-10-02T06:20:11,2026-10-02T06:20:54,2026-10-02T06:20:54,2026-10-02T06:20:57,2026-10-02T06:20:57,2026-10-02T06:22:31,1211,1254,1254,1257,1257,1351,43,3,94,91,transicion
2026-10-02T06:20:57,1257,S5,9,red,0,1257,1351,1351,2026-10-02T06:20:11,2026-10-02T06:20:54,2026-10-02T06:20:54,2026-10-02T06:20:57,2026-10-02T06:20:57,2026-10-02T06:22:31,1211,1254,1254,1257,1257,1351,43,3,94,91,transicion
2026-10-02T06:22:31,1351,S5,10,green,0,1351,1394,1394,2026-10-02T06:22:31,2026-10-02T06:23:14,2026-10-02T06:23:14,2026-10-02T06:23:17,2026-10-02T06:23:17,2026-10-02T06:24:51,1351,1394,1394,1397,1397,1491,43,3,94,91,wave_B
2026-10-02T06:23:14,1394,S5,10,amber,0,1394,1397,1397,2026-10-02T06:22:31,2026-10-02T06:23:14,2026-10-02T06:23:14,2026-10-02T06:23:17,2026-10-02T06:23:17,2026-10-02T06:24:51,1351,1394,1394,1397,1397,1491,43,3,94,91,wave_B
2026-10-02T06:23:17,1397,S5,10,red,0,1397,1491,1491,2026-10-02T06:22:31,2026-10-02T06:23:14,2026-10-02T06:23:14,2026-10-02T06:23:17,2026-10-02T06:23:17,2026-10-02T06:24:51,1351,1394,1394,1397,1397,1491,43,3,94,91,wave_B
2026-10-02T06:24:51,1491,S5,11,green,0,1491,1534,1534,2026-10-02T06:24:51,2026-10-02T06:25:34,2026-10-02T06:25:34,2026-10-02T06:25:37,2026-10-02T06:25:37,2026-10-02T06:27:11,1491,1534,1534,1537,1537,1631,43,3,94,91,wave_B
2026-10-02T06:25:34,1534,S5,11,amber,0,1534,1537,1537,2026-10-02T06:24:51,2026-10-02T06:25:34,2026-10-02T06:25:34,2026-10-02T06:25:37,2026-10-02T06:25:37,2026-10-02T06:27:11,1491,1534,1534,1537,1537,1631,43,3,94,91,wave_B
2026-10-02T06:25:37,1537,S5,11,red,0,1537,1631,1631,2026-10-02T06:24:51,2026-10-02T06:25:34,2026-10-02T06:25:34,2026-10-02T06:25:37,2026-10-02T06:25:37,2026-10-02T06:27:11,1491,1534,1534,1537,1537,1631,43,3,94,91,wave_B
2026-10-02T06:27:11,1631,S5,12,green,0,1631,1674,1674,2026-10-02T06:27:11,2026-10-02T06:27:54,2026-10-02T06:27:54,2026-10-02T06:27:57,2026-10-02T06:27:57,2026-10-02T06:29:31,1631,1674,1674,1677,1677,1771,43,3,94,91,wave_B
2026-10-02T06:27:54,1674,S5,12,amber,0,1674,1677,1677,2026-10-02T06:27:11,2026-10-02T06:27:54,2026-10-02T06:27:54,2026-10-02T06:27:57,2026-10-02T06:27:57,2026-10-02T06:29:31,1631,1674,1674,1677,1677,1771,43,3,94,91,wave_B
2026-10-02T06:27:57,1677,S5,12,red,0,1677,1771,1771,2026-10-02T06:27:11,2026-10-02T06:27:54,2026-10-02T06:27:54,2026-10-02T06:27:57,2026-10-02T06:27:57,2026-10-02T06:29:31,1631,1674,1674,1677,1677,1771,43,3,94,91,wave_B
2026-10-02T06:29:31,1771,S5,13,green,0,1771,1814,1814,2026-10-02T06:29:31,2026-10-02T06:30:14,2026-10-02T06:30:14,2026-10-02T06:30:17,2026-10-02T06:30:17,2026-10-02T06:31:51,1771,1814,1814,1817,1817,1911,43,3,94,91,wave_B
2026-10-02T06:30:14,1814,S5,13,amber,0,1814,1817,1817,2026-10-02T06:29:31,2026-10-02T06:30:14,2026-10-02T06:30:14,2026-10-02T06:30:17,2026-10-02T06:30:17,2026-10-02T06:31:51,1771,1814,1814,1817,1817,1911,43,3,94,91,wave_B
2026-10-02T06:30:17,1817,S5,13,red,0,1817,1911,1911,2026-10-02T06:29:31,2026-10-02T06:30:14,2026-10-02T06:30:14,2026-10-02T06:30:17,2026-10-02T06:30:17,2026-10-02T06:31:51,1771,1814,1814,1817,1817,1911,43,3,94,91,wave_B
2026-10-02T06:31:51,1911,S5,14,green,0,1911,1954,1954,2026-10-02T06:31:51,2026-10-02T06:32:34,2026-10-02T06:32:34,2026-10-02T06:32:37,2026-10-02T06:32:37,2026-10-02T06:34:11,1911,1954,1954,1957,1957,2051,43,3,94,91,wave_B
2026-10-02T06:32:34,1954,S5,14,amber,0,1954,1957,1957,2026-10-02T06:31:51,2026-10-02T06:32:34,2026-10-02T06:32:34,2026-10-02T06:32:37,2026-10-02T06:32:37,2026-10-02T06:34:11,1911,1954,1954,1957,1957,2051,43,3,94,91,wave_B
2026-10-02T06:32:37,1957,S5,14,red,0,1957,2051,2051,2026-10-02T06:31:51,2026-10-02T06:32:34,2026-10-02T06:32:34,2026-10-02T06:32:37,2026-10-02T06:32:37,2026-10-02T06:34:11,1911,1954,1954,1957,1957,2051,43,3,94,91,wave_B
2026-10-02T06:34:11,2051,S5,15,green,0,2051,2094,2094,2026-10-02T06:34:11,2026-10-02T06:34:54,2026-10-02T06:34:54,2026-10-02T06:34:57,2026-10-02T06:34:57,2026-10-02T06:36:31,2051,2094,2094,2097,2097,2191,43,3,94,91,wave_B
2026-10-02T06:34:54,2094,S5,15,amber,0,2094,2097,2097,2026-10-02T06:34:11,2026-10-02T06:34:54,2026-10-02T06:34:54,2026-10-02T06:34:57,2026-10-02T06:34:57,2026-10-02T06:36:31,2051,2094,2094,2097,2097,2191,43,3,94,91,wave_B
2026-10-02T06:34:57,2097,S5,15,red,0,2097,2191,2191,2026-10-02T06:34:11,2026-10-02T06:34:54,2026-10-02T06:34:54,2026-10-02T06:34:57,2026-10-02T06:34:57,2026-10-02T06:36:31,2051,2094,2094,2097,2097,2191,43,3,94,91,wave_B
2026-10-02T06:36:31,2191,S5,16,green,0,2191,2234,2234,2026-10-02T06:36:31,2026-10-02T06:37:14,2026-10-02T06:37:14,2026-10-02T06:37:17,2026-10-02T06:37:17,2026-10-02T06:38:51,2191,2234,2234,2237,2237,2331,43,3,94,91,wave_B
2026-10-02T06:37:14,2234,S5,16,amber,0,2234,2237,2237,2026-10-02T06:36:31,2026-10-02T06:37:14,2026-10-02T06:37:14,2026-10-02T06:37:17,2026-10-02T06:37:17,2026-10-02T06:38:51,2191,2234,2234,2237,2237,2331,43,3,94,91,wave_B
2026-10-02T06:37:17,2237,S5,16,red,0,2237,2331,2331,2026-10-02T06:36:31,2026-10-02T06:37:14,2026-10-02T06:37:14,2026-10-02T06:37:17,2026-10-02T06:37:17,2026-10-02T06:38:51,2191,2234,2234,2237,2237,2331,43,3,94,91,wave_B
2026-10-02T06:38:51,2331,S5,17,green,0,2331,2374,2374,2026-10-02T06:38:51,2026-10-02T06:39:34,2026-10-02T06:39:34,2026-10-02T06:39:37,2026-10-02T06:39:37,2026-10-02T06:41:11,2331,2374,2374,2377,2377,2471,43,3,94,91,wave_B
2026-10-02T06:39:34,2374,S5,17,amber,0,2374,2377,2377,2026-10-02T06:38:51,2026-10-02T06:39:34,2026-10-02T06:39:34,2026-10-02T06:39:37,2026-10-02T06:39:37,2026-10-02T06:41:11,2331,2374,2374,2377,2377,2471,43,3,94,91,wave_B
2026-10-02T06:39:37,2377,S5,17,red,0,2377,2471,2471,2026-10-02T06:38:51,2026-10-02T06:39:34,2026-10-02T06:39:34,2026-10-02T06:39:37,2026-10-02T06:39:37,2026-10-02T06:41:11,2331,2374,2374,2377,2377,2471,43,3,94,91,wave_B
2026-10-02T06:41:11,2471,S5,18,green,0,2471,2514,2514,2026-10-02T06:41:11,2026-10-02T06:41:54,2026-10-02T06:41:54,2026-10-02T06:41:57,2026-10-02T06:41:57,2026-10-02T06:43:31,2471,2514,2514,2517,2517,2611,43,3,94,91,wave_B
2026-10-02T06:41:54,2514,S5,18,amber,0,2514,2517,2517,2026-10-02T06:41:11,2026-10-02T06:41:54,2026-10-02T06:41:54,2026-10-02T06:41:57,2026-10-02T06:41:57,2026-10-02T06:43:31,2471,2514,2514,2517,2517,2611,43,3,94,91,wave_B
2026-10-02T06:41:57,2517,S5,18,red,0,2517,2611,2611,2026-10-02T06:41:11,2026-10-02T06:41:54,2026-10-02T06:41:54,2026-10-02T06:41:57,2026-10-02T06:41:57,2026-10-02T06:43:31,2471,2514,2514,2517,2517,2611,43,3,94,91,wave_B
2026-10-02T06:43:31,2611,S5,19,green,0,2611,2654,2654,2026-10-02T06:43:31,2026-10-02T06:44:14,2026-10-02T06:44:14,2026-10-02T06:44:17,2026-10-02T06:44:17,2026-10-02T06:45:51,2611,2654,2654,2657,2657,2751,43,3,94,91,wave_B
2026-10-02T06:44:14,2654,S5,19,amber,0,2654,2657,2657,2026-10-02T06:43:31,2026-10-02T06:44:14,2026-10-02T06:44:14,2026-10-02T06:44:17,2026-10-02T06:44:17,2026-10-02T06:45:51,2611,2654,2654,2657,2657,2751,43,3,94,91,wave_B
2026-10-02T06:44:17,2657,S5,19,red,0,2657,2751,2751,2026-10-02T06:43:31,2026-10-02T06:44:14,2026-10-02T06:44:14,2026-10-02T06:44:17,2026-10-02T06:44:17,2026-10-02T06:45:51,2611,2654,2654,2657,2657,2751,43,3,94,91,wave_B
2026-10-02T06:45:51,2751,S5,20,green,0,2751,2794,2794,2026-10-02T06:45:51,2026-10-02T06:46:34,2026-10-02T06:46:34,2026-10-02T06:46:37,2026-10-02T06:46:37,2026-10-02T06:48:11,2751,2794,2794,2797,2797,2891,43,3,94,91,wave_B
2026-10-02T06:46:34,2794,S5,20,amber,0,2794,2797,2797,2026-10-02T06:45:51,2026-10-02T06:46:34,2026-10-02T06:46:34,2026-10-02T06:46:37,2026-10-02T06:46:37,2026-10-02T06:48:11,2751,2794,2794,2797,2797,2891,43,3,94,91,wave_B
2026-10-02T06:46:37,2797,S5,20,red,0,2797,2891,2891,2026-10-02T06:45:51,2026-10-02T06:46:34,2026-10-02T06:46:34,2026-10-02T06:46:37,2026-10-02T06:46:37,2026-10-02T06:48:11,2751,2794,2794,2797,2797,2891,43,3,94,91,wave_B
2026-10-02T06:48:11,2891,S5,21,green,0,2891,2934,2934,2026-10-02T06:48:11,2026-10-02T06:48:54,2026-10-02T06:48:54,2026-10-02T06:48:57,2026-10-02T06:48:57,2026-10-02T06:50:31,2891,2934,2934,2937,2937,3031,43,3,94,91,wave_B
2026-10-02T06:48:54,2934,S5,21,amber,0,2934,2937,2937,2026-10-02T06:48:11,2026-10-02T06:48:54,2026-10-02T06:48:54,2026-10-02T06:48:57,2026-10-02T06:48:57,2026-10-02T06:50:31,2891,2934,2934,2937,2937,3031,43,3,94,91,wave_B
2026-10-02T06:48:57,2937,S5,21,red,0,2937,3031,3031,2026-10-02T06:48:11,2026-10-02T06:48:54,2026-10-02T06:48:54,2026-10-02T06:48:57,2026-10-02T06:48:57,2026-10-02T06:50:31,2891,2934,2934,2937,2937,3031,43,3,94,91,wave_B
2026-10-02T06:50:31,3031,S5,22,green,0,3031,3074,3074,2026-10-02T06:50:31,2026-10-02T06:51:14,2026-10-02T06:51:14,2026-10-02T06:51:17,2026-10-02T06:51:17,2026-10-02T06:52:51,3031,3074,3074,3077,3077,3171,43,3,94,91,wave_B
2026-10-02T06:51:14,3074,S5,22,amber,0,3074,3077,3077,2026-10-02T06:50:31,2026-10-02T06:51:14,2026-10-02T06:51:14,2026-10-02T06:51:17,2026-10-02T06:51:17,2026-10-02T06:52:51,3031,3074,3074,3077,3077,3171,43,3,94,91,wave_B
2026-10-02T06:51:17,3077,S5,22,red,0,3077,3171,3171,2026-10-02T06:50:31,2026-10-02T06:51:14,2026-10-02T06:51:14,2026-10-02T06:51:17,2026-10-02T06:51:17,2026-10-02T06:52:51,3031,3074,3074,3077,3077,3171,43,3,94,91,wave_B
2026-10-02T06:52:51,3171,S5,23,green,0,3171,3214,3214,2026-10-02T06:52:51,2026-10-02T06:53:34,2026-10-02T06:53:34,2026-10-02T06:53:37,2026-10-02T06:53:37,2026-10-02T06:55:11,3171,3214,3214,3217,3217,3311,43,3,94,91,wave_B
2026-10-02T06:53:34,3214,S5,23,amber,0,3214,3217,3217,2026-10-02T06:52:51,2026-10-02T06:53:34,2026-10-02T06:53:34,2026-10-02T06:53:37,2026-10-02T06:53:37,2026-10-02T06:55:11,3171,3214,3214,3217,3217,3311,43,3,94,91,wave_B
2026-10-02T06:53:37,3217,S5,23,red,0,3217,3311,3311,2026-10-02T06:52:51,2026-10-02T06:53:34,2026-10-02T06:53:34,2026-10-02T06:53:37,2026-10-02T06:53:37,2026-10-02T06:55:11,3171,3214,3214,3217,3217,3311,43,3,94,91,wave_B
2026-10-02T06:55:11,3311,S5,24,green,0,3311,3354,3354,2026-10-02T06:55:11,2026-10-02T06:55:54,2026-10-02T06:55:54,2026-10-02T06:55:57,2026-10-02T06:55:57,2026-10-02T06:57:31,3311,3354,3354,3357,3357,3451,43,3,94,91,wave_B
2026-10-02T06:55:54,3354,S5,24,amber,0,3354,3357,3357,2026-10-02T06:55:11,2026-10-02T06:55:54,2026-10-02T06:55:54,2026-10-02T06:55:57,2026-10-02T06:55:57,2026-10-02T06:57:31,3311,3354,3354,3357,3357,3451,43,3,94,91,wave_B
2026-10-02T06:55:57,3357,S5,24,red,0,3357,3451,3451,2026-10-02T06:55:11,2026-10-02T06:55:54,2026-10-02T06:55:54,2026-10-02T06:55:57,2026-10-02T06:55:57,2026-10-02T06:57:31,3311,3354,3354,3357,3357,3451,43,3,94,91,wave_B
2026-10-02T06:57:31,3451,S5,25,green,0,3451,3494,3494,2026-10-02T06:57:31,2026-10-02T06:58:14,2026-10-02T06:58:14,2026-10-02T06:58:17,2026-10-02T06:58:17,2026-10-02T06:59:51,3451,3494,3494,3497,3497,3591,43,3,94,91,wave_B
2026-10-02T06:58:14,3494,S5,25,amber,0,3494,3497,3497,2026-10-02T06:57:31,2026-10-02T06:58:14,2026-10-02T06:58:14,2026-10-02T06:58:17,2026-10-02T06:58:17,2026-10-02T06:59:51,3451,3494,3494,3497,3497,3591,43,3,94,91,wave_B
2026-10-02T06:58:17,3497,S5,25,red,0,3497,3591,3591,2026-10-02T06:57:31,2026-10-02T06:58:14,2026-10-02T06:58:14,2026-10-02T06:58:17,2026-10-02T06:58:17,2026-10-02T06:59:51,3451,3494,3494,3497,3497,3591,43,3,94,91,wave_B
2026-10-02T06:59:51,3591,S5,26,green,0,3591,3634,3634,2026-10-02T06:59:51,2026-10-02T07:00:34,2026-10-02T07:00:34,2026-10-02T07:00:37,2026-10-02T07:00:37,2026-10-02T07:02:11,3591,3634,3634,3637,3637,3731,43,3,94,91,wave_B
2026-10-02T07:00:34,3634,S5,26,amber,0,3634,3637,3637,2026-10-02T06:59:51,2026-10-02T07:00:34,2026-10-02T07:00:34,2026-10-02T07:00:37,2026-10-02T07:00:37,2026-10-02T07:02:11,3591,3634,3634,3637,3637,3731,43,3,94,91,wave_B
2026-10-02T07:00:37,3637,S5,26,red,0,3637,3731,3731,2026-10-02T06:59:51,2026-10-02T07:00:34,2026-10-02T07:00:34,2026-10-02T07:00:37,2026-10-02T07:00:37,2026-10-02T07:02:11,3591,3634,3634,3637,3637,3731,43,3,94,91,wave_B
2026-10-02T07:02:11,3731,S5,27,green,0,3731,3774,3774,2026-10-02T07:02:11,2026-10-02T07:02:54,2026-10-02T07:02:54,2026-10-02T07:02:57,2026-10-02T07:02:57,2026-10-02T07:04:31,3731,3774,3774,3777,3777,3871,43,3,94,91,wave_B
2026-10-02T07:02:54,3774,S5,27,amber,0,3774,3777,3777,2026-10-02T07:02:11,2026-10-02T07:02:54,2026-10-02T07:02:54,2026-10-02T07:02:57,2026-10-02T07:02:57,2026-10-02T07:04:31,3731,3774,3774,3777,3777,3871,43,3,94,91,wave_B
2026-10-02T07:02:57,3777,S5,27,red,0,3777,3871,3871,2026-10-02T07:02:11,2026-10-02T07:02:54,2026-10-02T07:02:54,2026-10-02T07:02:57,2026-10-02T07:02:57,2026-10-02T07:04:31,3731,3774,3774,3777,3777,3871,43,3,94,91,wave_B
2026-10-02T07:04:31,3871,S5,28,green,0,3871,3914,3914,2026-10-02T07:04:31,2026-10-02T07:05:14,2026-10-02T07:05:14,2026-10-02T07:05:17,2026-10-02T07:05:17,2026-10-02T07:06:51,3871,3914,3914,3917,3917,4011,43,3,94,91,wave_B
2026-10-02T07:05:14,3914,S5,28,amber,0,3914,3917,3917,2026-10-02T07:04:31,2026-10-02T07:05:14,2026-10-02T07:05:14,2026-10-02T07:05:17,2026-10-02T07:05:17,2026-10-02T07:06:51,3871,3914,3914,3917,3917,4011,43,3,94,91,wave_B
2026-10-02T07:05:17,3917,S5,28,red,0,3917,4011,4011,2026-10-02T07:04:31,2026-10-02T07:05:14,2026-10-02T07:05:14,2026-10-02T07:05:17,2026-10-02T07:05:17,2026-10-02T07:06:51,3871,3914,3914,3917,3917,4011,43,3,94,91,wave_B
2026-10-02T07:06:51,4011,S5,29,green,0,4011,4054,4054,2026-10-02T07:06:51,2026-10-02T07:07:34,2026-10-02T07:07:34,2026-10-02T07:07:37,2026-10-02T07:07:37,2026-10-02T07:09:11,4011,4054,4054,4057,4057,4151,43,3,94,91,wave_B
2026-10-02T07:07:34,4054,S5,29,amber,0,4054,4057,4057,2026-10-02T07:06:51,2026-10-02T07:07:34,2026-10-02T07:07:34,2026-10-02T07:07:37,2026-10-02T07:07:37,2026-10-02T07:09:11,4011,4054,4054,4057,4057,4151,43,3,94,91,wave_B
2026-10-02T07:07:37,4057,S5,29,red,0,4057,4151,4151,2026-10-02T07:06:51,2026-10-02T07:07:34,2026-10-02T07:07:34,2026-10-02T07:07:37,2026-10-02T07:07:37,2026-10-02T07:09:11,4011,4054,4054,4057,4057,4151,43,3,94,91,wave_B
2026-10-02T07:09:11,4151,S5,30,green,0,4151,4194,4194,2026-10-02T07:09:11,2026-10-02T07:09:54,2026-10-02T07:09:54,2026-10-02T07:09:57,2026-10-02T07:09:57,2026-10-02T07:11:31,4151,4194,4194,4197,4197,4291,43,3,94,91,wave_B
2026-10-02T07:09:54,4194,S5,30,amber,0,4194,4197,4197,2026-10-02T07:09:11,2026-10-02T07:09:54,2026-10-02T07:09:54,2026-10-02T07:09:57,2026-10-02T07:09:57,2026-10-02T07:11:31,4151,4194,4194,4197,4197,4291,43,3,94,91,wave_B
2026-10-02T07:09:57,4197,S5,30,red,0,4197,4291,4291,2026-10-02T07:09:11,2026-10-02T07:09:54,2026-10-02T07:09:54,2026-10-02T07:09:57,2026-10-02T07:09:57,2026-10-02T07:11:31,4151,4194,4194,4197,4197,4291,43,3,94,91,wave_B
2026-10-02T07:11:31,4291,S5,31,green,0,4291,4334,4334,2026-10-02T07:11:31,2026-10-02T07:12:14,2026-10-02T07:12:14,2026-10-02T07:12:17,2026-10-02T07:12:17,2026-10-02T07:13:51,4291,4334,4334,4337,4337,4431,43,3,94,91,wave_B
2026-10-02T07:12:14,4334,S5,31,amber,0,4334,4337,4337,2026-10-02T07:11:31,2026-10-02T07:12:14,2026-10-02T07:12:14,2026-10-02T07:12:17,2026-10-02T07:12:17,2026-10-02T07:13:51,4291,4334,4334,4337,4337,4431,43,3,94,91,wave_B
2026-10-02T07:12:17,4337,S5,31,red,0,4337,4431,4431,2026-10-02T07:11:31,2026-10-02T07:12:14,2026-10-02T07:12:14,2026-10-02T07:12:17,2026-10-02T07:12:17,2026-10-02T07:13:51,4291,4334,4334,4337,4337,4431,43,3,94,91,wave_B
2026-10-02T07:13:51,4431,S5,32,green,0,4431,4474,4474,2026-10-02T07:13:51,2026-10-02T07:14:34,2026-10-02T07:14:34,2026-10-02T07:14:37,2026-10-02T07:14:37,2026-10-02T07:16:11,4431,4474,4474,4477,4477,4571,43,3,94,91,wave_B
2026-10-02T07:14:34,4474,S5,32,amber,0,4474,4477,4477,2026-10-02T07:13:51,2026-10-02T07:14:34,2026-10-02T07:14:34,2026-10-02T07:14:37,2026-10-02T07:14:37,2026-10-02T07:16:11,4431,4474,4474,4477,4477,4571,43,3,94,91,wave_B
2026-10-02T07:14:37,4477,S5,32,red,0,4477,4571,4571,2026-10-02T07:13:51,2026-10-02T07:14:34,2026-10-02T07:14:34,2026-10-02T07:14:37,2026-10-02T07:14:37,2026-10-02T07:16:11,4431,4474,4474,4477,4477,4571,43,3,94,91,wave_B
2026-10-02T07:16:11,4571,S5,33,green,0,4571,4614,4614,2026-10-02T07:16:11,2026-10-02T07:16:54,2026-10-02T07:16:54,2026-10-02T07:16:57,2026-10-02T07:16:57,2026-10-02T07:18:31,4571,4614,4614,4617,4617,4711,43,3,94,91,wave_B
2026-10-02T07:16:54,4614,S5,33,amber,0,4614,4617,4617,2026-10-02T07:16:11,2026-10-02T07:16:54,2026-10-02T07:16:54,2026-10-02T07:16:57,2026-10-02T07:16:57,2026-10-02T07:18:31,4571,4614,4614,4617,4617,4711,43,3,94,91,wave_B
2026-10-02T07:16:57,4617,S5,33,red,0,4617,4711,4711,2026-10-02T07:16:11,2026-10-02T07:16:54,2026-10-02T07:16:54,2026-10-02T07:16:57,2026-10-02T07:16:57,2026-10-02T07:18:31,4571,4614,4614,4617,4617,4711,43,3,94,91,wave_B
2026-10-02T07:18:31,4711,S5,34,green,0,4711,4754,4754,2026-10-02T07:18:31,2026-10-02T07:19:14,2026-10-02T07:19:14,2026-10-02T07:19:17,2026-10-02T07:19:17,2026-10-02T07:20:51,4711,4754,4754,4757,4757,4851,43,3,94,91,wave_B
2026-10-02T07:19:14,4754,S5,34,amber,0,4754,4757,4757,2026-10-02T07:18:31,2026-10-02T07:19:14,2026-10-02T07:19:14,2026-10-02T07:19:17,2026-10-02T07:19:17,2026-10-02T07:20:51,4711,4754,4754,4757,4757,4851,43,3,94,91,wave_B
2026-10-02T07:19:17,4757,S5,34,red,0,4757,4851,4851,2026-10-02T07:18:31,2026-10-02T07:19:14,2026-10-02T07:19:14,2026-10-02T07:19:17,2026-10-02T07:19:17,2026-10-02T07:20:51,4711,4754,4754,4757,4757,4851,43,3,94,91,wave_B
2026-10-02T07:20:51,4851,S5,35,green,0,4851,4894,4894,2026-10-02T07:20:51,2026-10-02T07:21:34,2026-10-02T07:21:34,2026-10-02T07:21:37,2026-10-02T07:21:37,2026-10-02T07:23:11,4851,4894,4894,4897,4897,4991,43,3,94,91,wave_B
2026-10-02T07:21:34,4894,S5,35,amber,0,4894,4897,4897,2026-10-02T07:20:51,2026-10-02T07:21:34,2026-10-02T07:21:34,2026-10-02T07:21:37,2026-10-02T07:21:37,2026-10-02T07:23:11,4851,4894,4894,4897,4897,4991,43,3,94,91,wave_B
2026-10-02T07:21:37,4897,S5,35,red,0,4897,4991,4991,2026-10-02T07:20:51,2026-10-02T07:21:34,2026-10-02T07:21:34,2026-10-02T07:21:37,2026-10-02T07:21:37,2026-10-02T07:23:11,4851,4894,4894,4897,4897,4991,43,3,94,91,wave_B
2026-10-02T07:23:11,4991,S5,36,green,0,4991,5034,5034,2026-10-02T07:23:11,2026-10-02T07:23:54,2026-10-02T07:23:54,2026-10-02T07:23:57,2026-10-02T07:23:57,2026-10-02T07:25:31,4991,5034,5034,5037,5037,5131,43,3,94,91,wave_B
2026-10-02T07:23:54,5034,S5,36,amber,0,5034,5037,5037,2026-10-02T07:23:11,2026-10-02T07:23:54,2026-10-02T07:23:54,2026-10-02T07:23:57,2026-10-02T07:23:57,2026-10-02T07:25:31,4991,5034,5034,5037,5037,5131,43,3,94,91,wave_B
2026-10-02T07:23:57,5037,S5,36,red,0,5037,5131,5131,2026-10-02T07:23:11,2026-10-02T07:23:54,2026-10-02T07:23:54,2026-10-02T07:23:57,2026-10-02T07:23:57,2026-10-02T07:25:31,4991,5034,5034,5037,5037,5131,43,3,94,91,wave_B
2026-10-02T07:25:31,5131,S5,37,green,0,5131,5174,5174,2026-10-02T07:25:31,2026-10-02T07:26:14,2026-10-02T07:26:14,2026-10-02T07:26:17,2026-10-02T07:26:17,2026-10-02T07:27:51,5131,5174,5174,5177,5177,5271,43,3,94,91,wave_B
2026-10-02T07:26:14,5174,S5,37,amber,0,5174,5177,5177,2026-10-02T07:25:31,2026-10-02T07:26:14,2026-10-02T07:26:14,2026-10-02T07:26:17,2026-10-02T07:26:17,2026-10-02T07:27:51,5131,5174,5174,5177,5177,5271,43,3,94,91,wave_B
2026-10-02T07:26:17,5177,S5,37,red,0,5177,5271,5271,2026-10-02T07:25:31,2026-10-02T07:26:14,2026-10-02T07:26:14,2026-10-02T07:26:17,2026-10-02T07:26:17,2026-10-02T07:27:51,5131,5174,5174,5177,5177,5271,43,3,94,91,wave_B
2026-10-02T07:27:51,5271,S5,38,green,0,5271,5314,5314,2026-10-02T07:27:51,2026-10-02T07:28:34,2026-10-02T07:28:34,2026-10-02T07:28:37,2026-10-02T07:28:37,2026-10-02T07:30:11,5271,5314,5314,5317,5317,5411,43,3,94,91,wave_B
2026-10-02T07:28:34,5314,S5,38,amber,0,5314,5317,5317,2026-10-02T07:27:51,2026-10-02T07:28:34,2026-10-02T07:28:34,2026-10-02T07:28:37,2026-10-02T07:28:37,2026-10-02T07:30:11,5271,5314,5314,5317,5317,5411,43,3,94,91,wave_B
2026-10-02T07:28:37,5317,S5,38,red,0,5317,5411,5411,2026-10-02T07:27:51,2026-10-02T07:28:34,2026-10-02T07:28:34,2026-10-02T07:28:37,2026-10-02T07:28:37,2026-10-02T07:30:11,5271,5314,5314,5317,5317,5411,43,3,94,91,wave_B
2026-10-02T07:30:11,5411,S5,39,green,0,5411,5454,5454,2026-10-02T07:30:11,2026-10-02T07:30:54,2026-10-02T07:30:54,2026-10-02T07:30:57,2026-10-02T07:30:57,2026-10-02T07:32:31,5411,5454,5454,5457,5457,5551,43,3,94,91,wave_B
2026-10-02T07:30:54,5454,S5,39,amber,0,5454,5457,5457,2026-10-02T07:30:11,2026-10-02T07:30:54,2026-10-02T07:30:54,2026-10-02T07:30:57,2026-10-02T07:30:57,2026-10-02T07:32:31,5411,5454,5454,5457,5457,5551,43,3,94,91,wave_B
2026-10-02T07:30:57,5457,S5,39,red,0,5457,5551,5551,2026-10-02T07:30:11,2026-10-02T07:30:54,2026-10-02T07:30:54,2026-10-02T07:30:57,2026-10-02T07:30:57,2026-10-02T07:32:31,5411,5454,5454,5457,5457,5551,43,3,94,91,wave_B
2026-10-02T07:32:31,5551,S5,40,green,0,5551,5594,5594,2026-10-02T07:32:31,2026-10-02T07:33:14,2026-10-02T07:33:14,2026-10-02T07:33:17,2026-10-02T07:33:17,2026-10-02T07:34:51,5551,5594,5594,5597,5597,5691,43,3,94,91,wave_B
2026-10-02T07:33:14,5594,S5,40,amber,0,5594,5597,5597,2026-10-02T07:32:31,2026-10-02T07:33:14,2026-10-02T07:33:14,2026-10-02T07:33:17,2026-10-02T07:33:17,2026-10-02T07:34:51,5551,5594,5594,5597,5597,5691,43,3,94,91,wave_B
2026-10-02T07:33:17,5597,S5,40,red,0,5597,5691,5691,2026-10-02T07:32:31,2026-10-02T07:33:14,2026-10-02T07:33:14,2026-10-02T07:33:17,2026-10-02T07:33:17,2026-10-02T07:34:51,5551,5594,5594,5597,5597,5691,43,3,94,91,wave_B
2026-10-02T07:34:51,5691,S5,41,green,0,5691,5734,5734,2026-10-02T07:34:51,2026-10-02T07:35:34,2026-10-02T07:35:34,2026-10-02T07:35:37,2026-10-02T07:35:37,2026-10-02T07:37:11,5691,5734,5734,5737,5737,5831,43,3,94,91,wave_B
2026-10-02T07:35:34,5734,S5,41,amber,0,5734,5737,5737,2026-10-02T07:34:51,2026-10-02T07:35:34,2026-10-02T07:35:34,2026-10-02T07:35:37,2026-10-02T07:35:37,2026-10-02T07:37:11,5691,5734,5734,5737,5737,5831,43,3,94,91,wave_B
2026-10-02T07:35:37,5737,S5,41,red,0,5737,5831,5831,2026-10-02T07:34:51,2026-10-02T07:35:34,2026-10-02T07:35:34,2026-10-02T07:35:37,2026-10-02T07:35:37,2026-10-02T07:37:11,5691,5734,5734,5737,5737,5831,43,3,94,91,wave_B
2026-10-02T07:37:11,5831,S5,42,green,0,5831,5874,5874,2026-10-02T07:37:11,2026-10-02T07:37:54,2026-10-02T07:37:54,2026-10-02T07:37:57,2026-10-02T07:37:57,2026-10-02T07:39:31,5831,5874,5874,5877,5877,5971,43,3,94,91,wave_B
2026-10-02T07:37:54,5874,S5,42,amber,0,5874,5877,5877,2026-10-02T07:37:11,2026-10-02T07:37:54,2026-10-02T07:37:54,2026-10-02T07:37:57,2026-10-02T07:37:57,2026-10-02T07:39:31,5831,5874,5874,5877,5877,5971,43,3,94,91,wave_B
2026-10-02T07:37:57,5877,S5,42,red,0,5877,5971,5971,2026-10-02T07:37:11,2026-10-02T07:37:54,2026-10-02T07:37:54,2026-10-02T07:37:57,2026-10-02T07:37:57,2026-10-02T07:39:31,5831,5874,5874,5877,5877,5971,43,3,94,91,wave_B
2026-10-02T07:39:31,5971,S5,43,green,0,5971,6014,6014,2026-10-02T07:39:31,2026-10-02T07:40:14,2026-10-02T07:40:14,2026-10-02T07:40:17,2026-10-02T07:40:17,2026-10-02T07:41:51,5971,6014,6014,6017,6017,6111,43,3,94,91,wave_B
2026-10-02T07:40:14,6014,S5,43,amber,0,6014,6017,6017,2026-10-02T07:39:31,2026-10-02T07:40:14,2026-10-02T07:40:14,2026-10-02T07:40:17,2026-10-02T07:40:17,2026-10-02T07:41:51,5971,6014,6014,6017,6017,6111,43,3,94,91,wave_B
2026-10-02T07:40:17,6017,S5,43,red,0,6017,6111,6111,2026-10-02T07:39:31,2026-10-02T07:40:14,2026-10-02T07:40:14,2026-10-02T07:40:17,2026-10-02T07:40:17,2026-10-02T07:41:51,5971,6014,6014,6017,6017,6111,43,3,94,91,wave_B
2026-10-02T07:41:51,6111,S5,44,green,0,6111,6154,6154,2026-10-02T07:41:51,2026-10-02T07:42:34,2026-10-02T07:42:34,2026-10-02T07:42:37,2026-10-02T07:42:37,2026-10-02T07:44:11,6111,6154,6154,6157,6157,6251,43,3,94,91,wave_B
2026-10-02T07:42:34,6154,S5,44,amber,0,6154,6157,6157,2026-10-02T07:41:51,2026-10-02T07:42:34,2026-10-02T07:42:34,2026-10-02T07:42:37,2026-10-02T07:42:37,2026-10-02T07:44:11,6111,6154,6154,6157,6157,6251,43,3,94,91,wave_B
2026-10-02T07:42:37,6157,S5,44,red,0,6157,6251,6251,2026-10-02T07:41:51,2026-10-02T07:42:34,2026-10-02T07:42:34,2026-10-02T07:42:37,2026-10-02T07:42:37,2026-10-02T07:44:11,6111,6154,6154,6157,6157,6251,43,3,94,91,wave_B
2026-10-02T07:44:11,6251,S5,45,green,0,6251,6294,6294,2026-10-02T07:44:11,2026-10-02T07:44:54,2026-10-02T07:44:54,2026-10-02T07:44:57,2026-10-02T07:44:57,2026-10-02T07:46:31,6251,6294,6294,6297,6297,6391,43,3,94,91,wave_B
2026-10-02T07:44:54,6294,S5,45,amber,0,6294,6297,6297,2026-10-02T07:44:11,2026-10-02T07:44:54,2026-10-02T07:44:54,2026-10-02T07:44:57,2026-10-02T07:44:57,2026-10-02T07:46:31,6251,6294,6294,6297,6297,6391,43,3,94,91,wave_B
2026-10-02T07:44:57,6297,S5,45,red,0,6297,6391,6391,2026-10-02T07:44:11,2026-10-02T07:44:54,2026-10-02T07:44:54,2026-10-02T07:44:57,2026-10-02T07:44:57,2026-10-02T07:46:31,6251,6294,6294,6297,6297,6391,43,3,94,91,wave_B
2026-10-02T07:46:31,6391,S5,46,green,0,6391,6434,6434,2026-10-02T07:46:31,2026-10-02T07:47:14,2026-10-02T07:47:14,2026-10-02T07:47:17,2026-10-02T07:47:17,2026-10-02T07:48:51,6391,6434,6434,6437,6437,6531,43,3,94,91,wave_B
2026-10-02T07:47:14,6434,S5,46,amber,0,6434,6437,6437,2026-10-02T07:46:31,2026-10-02T07:47:14,2026-10-02T07:47:14,2026-10-02T07:47:17,2026-10-02T07:47:17,2026-10-02T07:48:51,6391,6434,6434,6437,6437,6531,43,3,94,91,wave_B
2026-10-02T07:47:17,6437,S5,46,red,0,6437,6531,6531,2026-10-02T07:46:31,2026-10-02T07:47:14,2026-10-02T07:47:14,2026-10-02T07:47:17,2026-10-02T07:47:17,2026-10-02T07:48:51,6391,6434,6434,6437,6437,6531,43,3,94,91,wave_B
2026-10-02T07:48:51,6531,S5,47,green,0,6531,6574,6574,2026-10-02T07:48:51,2026-10-02T07:49:34,2026-10-02T07:49:34,2026-10-02T07:49:37,2026-10-02T07:49:37,2026-10-02T07:51:11,6531,6574,6574,6577,6577,6671,43,3,94,91,wave_B
2026-10-02T07:49:34,6574,S5,47,amber,0,6574,6577,6577,2026-10-02T07:48:51,2026-10-02T07:49:34,2026-10-02T07:49:34,2026-10-02T07:49:37,2026-10-02T07:49:37,2026-10-02T07:51:11,6531,6574,6574,6577,6577,6671,43,3,94,91,wave_B
2026-10-02T07:49:37,6577,S5,47,red,0,6577,6671,6671,2026-10-02T07:48:51,2026-10-02T07:49:34,2026-10-02T07:49:34,2026-10-02T07:49:37,2026-10-02T07:49:37,2026-10-02T07:51:11,6531,6574,6574,6577,6577,6671,43,3,94,91,wave_B
2026-10-02T07:51:11,6671,S5,48,green,0,6671,6714,6714,2026-10-02T07:51:11,2026-10-02T07:51:54,2026-10-02T07:51:54,2026-10-02T07:51:57,2026-10-02T07:51:57,2026-10-02T07:53:31,6671,6714,6714,6717,6717,6811,43,3,94,91,wave_B
2026-10-02T07:51:54,6714,S5,48,amber,0,6714,6717,6717,2026-10-02T07:51:11,2026-10-02T07:51:54,2026-10-02T07:51:54,2026-10-02T07:51:57,2026-10-02T07:51:57,2026-10-02T07:53:31,6671,6714,6714,6717,6717,6811,43,3,94,91,wave_B
2026-10-02T07:51:57,6717,S5,48,red,0,6717,6811,6811,2026-10-02T07:51:11,2026-10-02T07:51:54,2026-10-02T07:51:54,2026-10-02T07:51:57,2026-10-02T07:51:57,2026-10-02T07:53:31,6671,6714,6714,6717,6717,6811,43,3,94,91,wave_B
2026-10-02T07:53:31,6811,S5,49,green,0,6811,6854,6854,2026-10-02T07:53:31,2026-10-02T07:54:14,2026-10-02T07:54:14,2026-10-02T07:54:17,2026-10-02T07:54:17,2026-10-02T07:55:51,6811,6854,6854,6857,6857,6951,43,3,94,91,wave_B
2026-10-02T07:54:14,6854,S5,49,amber,0,6854,6857,6857,2026-10-02T07:53:31,2026-10-02T07:54:14,2026-10-02T07:54:14,2026-10-02T07:54:17,2026-10-02T07:54:17,2026-10-02T07:55:51,6811,6854,6854,6857,6857,6951,43,3,94,91,wave_B
2026-10-02T07:54:17,6857,S5,49,red,0,6857,6951,6951,2026-10-02T07:53:31,2026-10-02T07:54:14,2026-10-02T07:54:14,2026-10-02T07:54:17,2026-10-02T07:54:17,2026-10-02T07:55:51,6811,6854,6854,6857,6857,6951,43,3,94,91,wave_B
2026-10-02T07:55:51,6951,S5,50,green,0,6951,6994,6994,2026-10-02T07:55:51,2026-10-02T07:56:34,2026-10-02T07:56:34,2026-10-02T07:56:37,2026-10-02T07:56:37,2026-10-02T07:58:11,6951,6994,6994,6997,6997,7091,43,3,94,91,wave_B
2026-10-02T07:56:34,6994,S5,50,amber,0,6994,6997,6997,2026-10-02T07:55:51,2026-10-02T07:56:34,2026-10-02T07:56:34,2026-10-02T07:56:37,2026-10-02T07:56:37,2026-10-02T07:58:11,6951,6994,6994,6997,6997,7091,43,3,94,91,wave_B
2026-10-02T07:56:37,6997,S5,50,red,0,6997,7091,7091,2026-10-02T07:55:51,2026-10-02T07:56:34,2026-10-02T07:56:34,2026-10-02T07:56:37,2026-10-02T07:56:37,2026-10-02T07:58:11,6951,6994,6994,6997,6997,7091,43,3,94,91,wave_B
2026-10-02T07:58:11,7091,S5,51,green,0,7091,7134,7134,2026-10-02T07:58:11,2026-10-02T07:58:54,2026-10-02T07:58:54,2026-10-02T07:58:57,2026-10-02T07:58:57,2026-10-02T08:00:31,7091,7134,7134,7137,7137,7231,43,3,94,91,wave_B
2026-10-02T07:58:54,7134,S5,51,amber,0,7134,7137,7137,2026-10-02T07:58:11,2026-10-02T07:58:54,2026-10-02T07:58:54,2026-10-02T07:58:57,2026-10-02T07:58:57,2026-10-02T08:00:31,7091,7134,7134,7137,7137,7231,43,3,94,91,wave_B
2026-10-02T07:58:57,7137,S5,51,red,0,7137,7231,7231,2026-10-02T07:58:11,2026-10-02T07:58:54,2026-10-02T07:58:54,2026-10-02T07:58:57,2026-10-02T07:58:57,2026-10-02T08:00:31,7091,7134,7134,7137,7137,7231,43,3,94,91,wave_B
2026-10-02T08:00:31,7231,S5,52,green,0,7231,7274,7274,2026-10-02T08:00:31,2026-10-02T08:01:14,2026-10-02T08:01:14,2026-10-02T08:01:17,2026-10-02T08:01:17,2026-10-02T08:02:51,7231,7274,7274,7277,7277,7371,43,3,94,91,wave_B
2026-10-02T08:01:14,7274,S5,52,amber,0,7274,7277,7277,2026-10-02T08:00:31,2026-10-02T08:01:14,2026-10-02T08:01:14,2026-10-02T08:01:17,2026-10-02T08:01:17,2026-10-02T08:02:51,7231,7274,7274,7277,7277,7371,43,3,94,91,wave_B
2026-10-02T08:01:17,7277,S5,52,red,0,7277,7371,7280,2026-10-02T08:00:31,2026-10-02T08:01:14,2026-10-02T08:01:14,2026-10-02T08:01:17,2026-10-02T08:01:17,2026-10-02T08:02:51,7231,7274,7274,7277,7277,7371,43,3,94,91,wave_B
2026-10-02T06:00:00,0,S6,0,green,27,-27,38,38,2026-10-02T05:59:33,2026-10-02T06:00:38,2026-10-02T06:00:38,2026-10-02T06:00:41,2026-10-02T06:00:41,2026-10-02T06:01:53,-27,38,38,41,41,113,65,3,72,113,wave_A
2026-10-02T06:00:38,38,S6,0,amber,0,38,41,41,2026-10-02T05:59:33,2026-10-02T06:00:38,2026-10-02T06:00:38,2026-10-02T06:00:41,2026-10-02T06:00:41,2026-10-02T06:01:53,-27,38,38,41,41,113,65,3,72,113,wave_A
2026-10-02T06:00:41,41,S6,0,red,0,41,113,113,2026-10-02T05:59:33,2026-10-02T06:00:38,2026-10-02T06:00:38,2026-10-02T06:00:41,2026-10-02T06:00:41,2026-10-02T06:01:53,-27,38,38,41,41,113,65,3,72,113,wave_A
2026-10-02T06:01:53,113,S6,1,green,0,113,178,178,2026-10-02T06:01:53,2026-10-02T06:02:58,2026-10-02T06:02:58,2026-10-02T06:03:01,2026-10-02T06:03:01,2026-10-02T06:04:13,113,178,178,181,181,253,65,3,72,113,wave_A
2026-10-02T06:02:58,178,S6,1,amber,0,178,181,181,2026-10-02T06:01:53,2026-10-02T06:02:58,2026-10-02T06:02:58,2026-10-02T06:03:01,2026-10-02T06:03:01,2026-10-02T06:04:13,113,178,178,181,181,253,65,3,72,113,wave_A
2026-10-02T06:03:01,181,S6,1,red,0,181,253,253,2026-10-02T06:01:53,2026-10-02T06:02:58,2026-10-02T06:02:58,2026-10-02T06:03:01,2026-10-02T06:03:01,2026-10-02T06:04:13,113,178,178,181,181,253,65,3,72,113,wave_A
2026-10-02T06:04:13,253,S6,2,green,0,253,318,318,2026-10-02T06:04:13,2026-10-02T06:05:18,2026-10-02T06:05:18,2026-10-02T06:05:21,2026-10-02T06:05:21,2026-10-02T06:06:33,253,318,318,321,321,393,65,3,72,113,wave_A
2026-10-02T06:05:18,318,S6,2,amber,0,318,321,321,2026-10-02T06:04:13,2026-10-02T06:05:18,2026-10-02T06:05:18,2026-10-02T06:05:21,2026-10-02T06:05:21,2026-10-02T06:06:33,253,318,318,321,321,393,65,3,72,113,wave_A
2026-10-02T06:05:21,321,S6,2,red,0,321,393,393,2026-10-02T06:04:13,2026-10-02T06:05:18,2026-10-02T06:05:18,2026-10-02T06:05:21,2026-10-02T06:05:21,2026-10-02T06:06:33,253,318,318,321,321,393,65,3,72,113,wave_A
2026-10-02T06:06:33,393,S6,3,green,0,393,458,458,2026-10-02T06:06:33,2026-10-02T06:07:38,2026-10-02T06:07:38,2026-10-02T06:07:41,2026-10-02T06:07:41,2026-10-02T06:08:53,393,458,458,461,461,533,65,3,72,113,wave_A
2026-10-02T06:07:38,458,S6,3,amber,0,458,461,461,2026-10-02T06:06:33,2026-10-02T06:07:38,2026-10-02T06:07:38,2026-10-02T06:07:41,2026-10-02T06:07:41,2026-10-02T06:08:53,393,458,458,461,461,533,65,3,72,113,wave_A
2026-10-02T06:07:41,461,S6,3,red,0,461,533,533,2026-10-02T06:06:33,2026-10-02T06:07:38,2026-10-02T06:07:38,2026-10-02T06:07:41,2026-10-02T06:07:41,2026-10-02T06:08:53,393,458,458,461,461,533,65,3,72,113,wave_A
2026-10-02T06:08:53,533,S6,4,green,0,533,598,598,2026-10-02T06:08:53,2026-10-02T06:09:58,2026-10-02T06:09:58,2026-10-02T06:10:01,2026-10-02T06:10:01,2026-10-02T06:11:13,533,598,598,601,601,673,65,3,72,113,wave_A
2026-10-02T06:09:58,598,S6,4,amber,0,598,601,601,2026-10-02T06:08:53,2026-10-02T06:09:58,2026-10-02T06:09:58,2026-10-02T06:10:01,2026-10-02T06:10:01,2026-10-02T06:11:13,533,598,598,601,601,673,65,3,72,113,wave_A
2026-10-02T06:10:01,601,S6,4,red,0,601,673,673,2026-10-02T06:08:53,2026-10-02T06:09:58,2026-10-02T06:09:58,2026-10-02T06:10:01,2026-10-02T06:10:01,2026-10-02T06:11:13,533,598,598,601,601,673,65,3,72,113,wave_A
2026-10-02T06:11:13,673,S6,5,green,0,673,738,738,2026-10-02T06:11:13,2026-10-02T06:12:18,2026-10-02T06:12:18,2026-10-02T06:12:21,2026-10-02T06:12:21,2026-10-02T06:13:33,673,738,738,741,741,813,65,3,72,113,wave_A
2026-10-02T06:12:18,738,S6,5,amber,0,738,741,741,2026-10-02T06:11:13,2026-10-02T06:12:18,2026-10-02T06:12:18,2026-10-02T06:12:21,2026-10-02T06:12:21,2026-10-02T06:13:33,673,738,738,741,741,813,65,3,72,113,wave_A
2026-10-02T06:12:21,741,S6,5,red,0,741,813,813,2026-10-02T06:11:13,2026-10-02T06:12:18,2026-10-02T06:12:18,2026-10-02T06:12:21,2026-10-02T06:12:21,2026-10-02T06:13:33,673,738,738,741,741,813,65,3,72,113,wave_A
2026-10-02T06:13:33,813,S6,6,green,0,813,878,878,2026-10-02T06:13:33,2026-10-02T06:14:38,2026-10-02T06:14:38,2026-10-02T06:14:41,2026-10-02T06:14:41,2026-10-02T06:15:53,813,878,878,881,881,953,65,3,72,113,wave_A
2026-10-02T06:14:38,878,S6,6,amber,0,878,881,881,2026-10-02T06:13:33,2026-10-02T06:14:38,2026-10-02T06:14:38,2026-10-02T06:14:41,2026-10-02T06:14:41,2026-10-02T06:15:53,813,878,878,881,881,953,65,3,72,113,wave_A
2026-10-02T06:14:41,881,S6,6,red,0,881,953,953,2026-10-02T06:13:33,2026-10-02T06:14:38,2026-10-02T06:14:38,2026-10-02T06:14:41,2026-10-02T06:14:41,2026-10-02T06:15:53,813,878,878,881,881,953,65,3,72,113,wave_A
2026-10-02T06:15:53,953,S6,7,green,0,953,1018,1018,2026-10-02T06:15:53,2026-10-02T06:16:58,2026-10-02T06:16:58,2026-10-02T06:17:01,2026-10-02T06:17:01,2026-10-02T06:18:13,953,1018,1018,1021,1021,1093,65,3,72,113,wave_A
2026-10-02T06:16:58,1018,S6,7,amber,0,1018,1021,1021,2026-10-02T06:15:53,2026-10-02T06:16:58,2026-10-02T06:16:58,2026-10-02T06:17:01,2026-10-02T06:17:01,2026-10-02T06:18:13,953,1018,1018,1021,1021,1093,65,3,72,113,wave_A
2026-10-02T06:17:01,1021,S6,7,red,0,1021,1093,1093,2026-10-02T06:15:53,2026-10-02T06:16:58,2026-10-02T06:16:58,2026-10-02T06:17:01,2026-10-02T06:17:01,2026-10-02T06:18:13,953,1018,1018,1021,1021,1093,65,3,72,113,wave_A
2026-10-02T06:18:13,1093,S6,8,green,0,1093,1158,1158,2026-10-02T06:18:13,2026-10-02T06:19:18,2026-10-02T06:19:18,2026-10-02T06:19:21,2026-10-02T06:19:21,2026-10-02T06:20:33,1093,1158,1158,1161,1161,1233,65,3,72,113,transicion
2026-10-02T06:19:18,1158,S6,8,amber,0,1158,1161,1161,2026-10-02T06:18:13,2026-10-02T06:19:18,2026-10-02T06:19:18,2026-10-02T06:19:21,2026-10-02T06:19:21,2026-10-02T06:20:33,1093,1158,1158,1161,1161,1233,65,3,72,113,transicion
2026-10-02T06:19:21,1161,S6,8,red,0,1161,1233,1233,2026-10-02T06:18:13,2026-10-02T06:19:18,2026-10-02T06:19:18,2026-10-02T06:19:21,2026-10-02T06:19:21,2026-10-02T06:20:33,1093,1158,1158,1161,1161,1233,65,3,72,113,transicion
2026-10-02T06:20:33,1233,S6,9,green,0,1233,1298,1298,2026-10-02T06:20:33,2026-10-02T06:21:38,2026-10-02T06:21:38,2026-10-02T06:21:41,2026-10-02T06:21:41,2026-10-02T06:22:53,1233,1298,1298,1301,1301,1373,65,3,72,113,transicion
2026-10-02T06:21:38,1298,S6,9,amber,0,1298,1301,1301,2026-10-02T06:20:33,2026-10-02T06:21:38,2026-10-02T06:21:38,2026-10-02T06:21:41,2026-10-02T06:21:41,2026-10-02T06:22:53,1233,1298,1298,1301,1301,1373,65,3,72,113,transicion
2026-10-02T06:21:41,1301,S6,9,red,0,1301,1373,1373,2026-10-02T06:20:33,2026-10-02T06:21:38,2026-10-02T06:21:38,2026-10-02T06:21:41,2026-10-02T06:21:41,2026-10-02T06:22:53,1233,1298,1298,1301,1301,1373,65,3,72,113,transicion
2026-10-02T06:22:53,1373,S6,10,green,0,1373,1438,1438,2026-10-02T06:22:53,2026-10-02T06:23:58,2026-10-02T06:23:58,2026-10-02T06:24:01,2026-10-02T06:24:01,2026-10-02T06:25:13,1373,1438,1438,1441,1441,1513,65,3,72,113,wave_B
2026-10-02T06:23:58,1438,S6,10,amber,0,1438,1441,1441,2026-10-02T06:22:53,2026-10-02T06:23:58,2026-10-02T06:23:58,2026-10-02T06:24:01,2026-10-02T06:24:01,2026-10-02T06:25:13,1373,1438,1438,1441,1441,1513,65,3,72,113,wave_B
2026-10-02T06:24:01,1441,S6,10,red,0,1441,1513,1513,2026-10-02T06:22:53,2026-10-02T06:23:58,2026-10-02T06:23:58,2026-10-02T06:24:01,2026-10-02T06:24:01,2026-10-02T06:25:13,1373,1438,1438,1441,1441,1513,65,3,72,113,wave_B
2026-10-02T06:25:13,1513,S6,11,green,0,1513,1578,1578,2026-10-02T06:25:13,2026-10-02T06:26:18,2026-10-02T06:26:18,2026-10-02T06:26:21,2026-10-02T06:26:21,2026-10-02T06:27:33,1513,1578,1578,1581,1581,1653,65,3,72,113,wave_B
2026-10-02T06:26:18,1578,S6,11,amber,0,1578,1581,1581,2026-10-02T06:25:13,2026-10-02T06:26:18,2026-10-02T06:26:18,2026-10-02T06:26:21,2026-10-02T06:26:21,2026-10-02T06:27:33,1513,1578,1578,1581,1581,1653,65,3,72,113,wave_B
2026-10-02T06:26:21,1581,S6,11,red,0,1581,1653,1653,2026-10-02T06:25:13,2026-10-02T06:26:18,2026-10-02T06:26:18,2026-10-02T06:26:21,2026-10-02T06:26:21,2026-10-02T06:27:33,1513,1578,1578,1581,1581,1653,65,3,72,113,wave_B
2026-10-02T06:27:33,1653,S6,12,green,0,1653,1718,1718,2026-10-02T06:27:33,2026-10-02T06:28:38,2026-10-02T06:28:38,2026-10-02T06:28:41,2026-10-02T06:28:41,2026-10-02T06:29:53,1653,1718,1718,1721,1721,1793,65,3,72,113,wave_B
2026-10-02T06:28:38,1718,S6,12,amber,0,1718,1721,1721,2026-10-02T06:27:33,2026-10-02T06:28:38,2026-10-02T06:28:38,2026-10-02T06:28:41,2026-10-02T06:28:41,2026-10-02T06:29:53,1653,1718,1718,1721,1721,1793,65,3,72,113,wave_B
2026-10-02T06:28:41,1721,S6,12,red,0,1721,1793,1793,2026-10-02T06:27:33,2026-10-02T06:28:38,2026-10-02T06:28:38,2026-10-02T06:28:41,2026-10-02T06:28:41,2026-10-02T06:29:53,1653,1718,1718,1721,1721,1793,65,3,72,113,wave_B
2026-10-02T06:29:53,1793,S6,13,green,0,1793,1858,1858,2026-10-02T06:29:53,2026-10-02T06:30:58,2026-10-02T06:30:58,2026-10-02T06:31:01,2026-10-02T06:31:01,2026-10-02T06:32:13,1793,1858,1858,1861,1861,1933,65,3,72,113,wave_B
2026-10-02T06:30:58,1858,S6,13,amber,0,1858,1861,1861,2026-10-02T06:29:53,2026-10-02T06:30:58,2026-10-02T06:30:58,2026-10-02T06:31:01,2026-10-02T06:31:01,2026-10-02T06:32:13,1793,1858,1858,1861,1861,1933,65,3,72,113,wave_B
2026-10-02T06:31:01,1861,S6,13,red,0,1861,1933,1933,2026-10-02T06:29:53,2026-10-02T06:30:58,2026-10-02T06:30:58,2026-10-02T06:31:01,2026-10-02T06:31:01,2026-10-02T06:32:13,1793,1858,1858,1861,1861,1933,65,3,72,113,wave_B
2026-10-02T06:32:13,1933,S6,14,green,0,1933,1998,1998,2026-10-02T06:32:13,2026-10-02T06:33:18,2026-10-02T06:33:18,2026-10-02T06:33:21,2026-10-02T06:33:21,2026-10-02T06:34:33,1933,1998,1998,2001,2001,2073,65,3,72,113,wave_B
2026-10-02T06:33:18,1998,S6,14,amber,0,1998,2001,2001,2026-10-02T06:32:13,2026-10-02T06:33:18,2026-10-02T06:33:18,2026-10-02T06:33:21,2026-10-02T06:33:21,2026-10-02T06:34:33,1933,1998,1998,2001,2001,2073,65,3,72,113,wave_B
2026-10-02T06:33:21,2001,S6,14,red,0,2001,2073,2073,2026-10-02T06:32:13,2026-10-02T06:33:18,2026-10-02T06:33:18,2026-10-02T06:33:21,2026-10-02T06:33:21,2026-10-02T06:34:33,1933,1998,1998,2001,2001,2073,65,3,72,113,wave_B
2026-10-02T06:34:33,2073,S6,15,green,0,2073,2138,2138,2026-10-02T06:34:33,2026-10-02T06:35:38,2026-10-02T06:35:38,2026-10-02T06:35:41,2026-10-02T06:35:41,2026-10-02T06:36:53,2073,2138,2138,2141,2141,2213,65,3,72,113,wave_B
2026-10-02T06:35:38,2138,S6,15,amber,0,2138,2141,2141,2026-10-02T06:34:33,2026-10-02T06:35:38,2026-10-02T06:35:38,2026-10-02T06:35:41,2026-10-02T06:35:41,2026-10-02T06:36:53,2073,2138,2138,2141,2141,2213,65,3,72,113,wave_B
2026-10-02T06:35:41,2141,S6,15,red,0,2141,2213,2213,2026-10-02T06:34:33,2026-10-02T06:35:38,2026-10-02T06:35:38,2026-10-02T06:35:41,2026-10-02T06:35:41,2026-10-02T06:36:53,2073,2138,2138,2141,2141,2213,65,3,72,113,wave_B
2026-10-02T06:36:53,2213,S6,16,green,0,2213,2278,2278,2026-10-02T06:36:53,2026-10-02T06:37:58,2026-10-02T06:37:58,2026-10-02T06:38:01,2026-10-02T06:38:01,2026-10-02T06:39:13,2213,2278,2278,2281,2281,2353,65,3,72,113,wave_B
2026-10-02T06:37:58,2278,S6,16,amber,0,2278,2281,2281,2026-10-02T06:36:53,2026-10-02T06:37:58,2026-10-02T06:37:58,2026-10-02T06:38:01,2026-10-02T06:38:01,2026-10-02T06:39:13,2213,2278,2278,2281,2281,2353,65,3,72,113,wave_B
2026-10-02T06:38:01,2281,S6,16,red,0,2281,2353,2353,2026-10-02T06:36:53,2026-10-02T06:37:58,2026-10-02T06:37:58,2026-10-02T06:38:01,2026-10-02T06:38:01,2026-10-02T06:39:13,2213,2278,2278,2281,2281,2353,65,3,72,113,wave_B
2026-10-02T06:39:13,2353,S6,17,green,0,2353,2418,2418,2026-10-02T06:39:13,2026-10-02T06:40:18,2026-10-02T06:40:18,2026-10-02T06:40:21,2026-10-02T06:40:21,2026-10-02T06:41:33,2353,2418,2418,2421,2421,2493,65,3,72,113,wave_B
2026-10-02T06:40:18,2418,S6,17,amber,0,2418,2421,2421,2026-10-02T06:39:13,2026-10-02T06:40:18,2026-10-02T06:40:18,2026-10-02T06:40:21,2026-10-02T06:40:21,2026-10-02T06:41:33,2353,2418,2418,2421,2421,2493,65,3,72,113,wave_B
2026-10-02T06:40:21,2421,S6,17,red,0,2421,2493,2493,2026-10-02T06:39:13,2026-10-02T06:40:18,2026-10-02T06:40:18,2026-10-02T06:40:21,2026-10-02T06:40:21,2026-10-02T06:41:33,2353,2418,2418,2421,2421,2493,65,3,72,113,wave_B
2026-10-02T06:41:33,2493,S6,18,green,0,2493,2558,2558,2026-10-02T06:41:33,2026-10-02T06:42:38,2026-10-02T06:42:38,2026-10-02T06:42:41,2026-10-02T06:42:41,2026-10-02T06:43:53,2493,2558,2558,2561,2561,2633,65,3,72,113,wave_B
2026-10-02T06:42:38,2558,S6,18,amber,0,2558,2561,2561,2026-10-02T06:41:33,2026-10-02T06:42:38,2026-10-02T06:42:38,2026-10-02T06:42:41,2026-10-02T06:42:41,2026-10-02T06:43:53,2493,2558,2558,2561,2561,2633,65,3,72,113,wave_B
2026-10-02T06:42:41,2561,S6,18,red,0,2561,2633,2633,2026-10-02T06:41:33,2026-10-02T06:42:38,2026-10-02T06:42:38,2026-10-02T06:42:41,2026-10-02T06:42:41,2026-10-02T06:43:53,2493,2558,2558,2561,2561,2633,65,3,72,113,wave_B
2026-10-02T06:43:53,2633,S6,19,green,0,2633,2698,2698,2026-10-02T06:43:53,2026-10-02T06:44:58,2026-10-02T06:44:58,2026-10-02T06:45:01,2026-10-02T06:45:01,2026-10-02T06:46:13,2633,2698,2698,2701,2701,2773,65,3,72,113,wave_B
2026-10-02T06:44:58,2698,S6,19,amber,0,2698,2701,2701,2026-10-02T06:43:53,2026-10-02T06:44:58,2026-10-02T06:44:58,2026-10-02T06:45:01,2026-10-02T06:45:01,2026-10-02T06:46:13,2633,2698,2698,2701,2701,2773,65,3,72,113,wave_B
2026-10-02T06:45:01,2701,S6,19,red,0,2701,2773,2773,2026-10-02T06:43:53,2026-10-02T06:44:58,2026-10-02T06:44:58,2026-10-02T06:45:01,2026-10-02T06:45:01,2026-10-02T06:46:13,2633,2698,2698,2701,2701,2773,65,3,72,113,wave_B
2026-10-02T06:46:13,2773,S6,20,green,0,2773,2838,2838,2026-10-02T06:46:13,2026-10-02T06:47:18,2026-10-02T06:47:18,2026-10-02T06:47:21,2026-10-02T06:47:21,2026-10-02T06:48:33,2773,2838,2838,2841,2841,2913,65,3,72,113,wave_B
2026-10-02T06:47:18,2838,S6,20,amber,0,2838,2841,2841,2026-10-02T06:46:13,2026-10-02T06:47:18,2026-10-02T06:47:18,2026-10-02T06:47:21,2026-10-02T06:47:21,2026-10-02T06:48:33,2773,2838,2838,2841,2841,2913,65,3,72,113,wave_B
2026-10-02T06:47:21,2841,S6,20,red,0,2841,2913,2913,2026-10-02T06:46:13,2026-10-02T06:47:18,2026-10-02T06:47:18,2026-10-02T06:47:21,2026-10-02T06:47:21,2026-10-02T06:48:33,2773,2838,2838,2841,2841,2913,65,3,72,113,wave_B
2026-10-02T06:48:33,2913,S6,21,green,0,2913,2978,2978,2026-10-02T06:48:33,2026-10-02T06:49:38,2026-10-02T06:49:38,2026-10-02T06:49:41,2026-10-02T06:49:41,2026-10-02T06:50:53,2913,2978,2978,2981,2981,3053,65,3,72,113,wave_B
2026-10-02T06:49:38,2978,S6,21,amber,0,2978,2981,2981,2026-10-02T06:48:33,2026-10-02T06:49:38,2026-10-02T06:49:38,2026-10-02T06:49:41,2026-10-02T06:49:41,2026-10-02T06:50:53,2913,2978,2978,2981,2981,3053,65,3,72,113,wave_B
2026-10-02T06:49:41,2981,S6,21,red,0,2981,3053,3053,2026-10-02T06:48:33,2026-10-02T06:49:38,2026-10-02T06:49:38,2026-10-02T06:49:41,2026-10-02T06:49:41,2026-10-02T06:50:53,2913,2978,2978,2981,2981,3053,65,3,72,113,wave_B
2026-10-02T06:50:53,3053,S6,22,green,0,3053,3118,3118,2026-10-02T06:50:53,2026-10-02T06:51:58,2026-10-02T06:51:58,2026-10-02T06:52:01,2026-10-02T06:52:01,2026-10-02T06:53:13,3053,3118,3118,3121,3121,3193,65,3,72,113,wave_B
2026-10-02T06:51:58,3118,S6,22,amber,0,3118,3121,3121,2026-10-02T06:50:53,2026-10-02T06:51:58,2026-10-02T06:51:58,2026-10-02T06:52:01,2026-10-02T06:52:01,2026-10-02T06:53:13,3053,3118,3118,3121,3121,3193,65,3,72,113,wave_B
2026-10-02T06:52:01,3121,S6,22,red,0,3121,3193,3193,2026-10-02T06:50:53,2026-10-02T06:51:58,2026-10-02T06:51:58,2026-10-02T06:52:01,2026-10-02T06:52:01,2026-10-02T06:53:13,3053,3118,3118,3121,3121,3193,65,3,72,113,wave_B
2026-10-02T06:53:13,3193,S6,23,green,0,3193,3258,3258,2026-10-02T06:53:13,2026-10-02T06:54:18,2026-10-02T06:54:18,2026-10-02T06:54:21,2026-10-02T06:54:21,2026-10-02T06:55:33,3193,3258,3258,3261,3261,3333,65,3,72,113,wave_B
2026-10-02T06:54:18,3258,S6,23,amber,0,3258,3261,3261,2026-10-02T06:53:13,2026-10-02T06:54:18,2026-10-02T06:54:18,2026-10-02T06:54:21,2026-10-02T06:54:21,2026-10-02T06:55:33,3193,3258,3258,3261,3261,3333,65,3,72,113,wave_B
2026-10-02T06:54:21,3261,S6,23,red,0,3261,3333,3333,2026-10-02T06:53:13,2026-10-02T06:54:18,2026-10-02T06:54:18,2026-10-02T06:54:21,2026-10-02T06:54:21,2026-10-02T06:55:33,3193,3258,3258,3261,3261,3333,65,3,72,113,wave_B
2026-10-02T06:55:33,3333,S6,24,green,0,3333,3398,3398,2026-10-02T06:55:33,2026-10-02T06:56:38,2026-10-02T06:56:38,2026-10-02T06:56:41,2026-10-02T06:56:41,2026-10-02T06:57:53,3333,3398,3398,3401,3401,3473,65,3,72,113,wave_B
2026-10-02T06:56:38,3398,S6,24,amber,0,3398,3401,3401,2026-10-02T06:55:33,2026-10-02T06:56:38,2026-10-02T06:56:38,2026-10-02T06:56:41,2026-10-02T06:56:41,2026-10-02T06:57:53,3333,3398,3398,3401,3401,3473,65,3,72,113,wave_B
2026-10-02T06:56:41,3401,S6,24,red,0,3401,3473,3473,2026-10-02T06:55:33,2026-10-02T06:56:38,2026-10-02T06:56:38,2026-10-02T06:56:41,2026-10-02T06:56:41,2026-10-02T06:57:53,3333,3398,3398,3401,3401,3473,65,3,72,113,wave_B
2026-10-02T06:57:53,3473,S6,25,green,0,3473,3538,3538,2026-10-02T06:57:53,2026-10-02T06:58:58,2026-10-02T06:58:58,2026-10-02T06:59:01,2026-10-02T06:59:01,2026-10-02T07:00:13,3473,3538,3538,3541,3541,3613,65,3,72,113,wave_B
2026-10-02T06:58:58,3538,S6,25,amber,0,3538,3541,3541,2026-10-02T06:57:53,2026-10-02T06:58:58,2026-10-02T06:58:58,2026-10-02T06:59:01,2026-10-02T06:59:01,2026-10-02T07:00:13,3473,3538,3538,3541,3541,3613,65,3,72,113,wave_B
2026-10-02T06:59:01,3541,S6,25,red,0,3541,3613,3613,2026-10-02T06:57:53,2026-10-02T06:58:58,2026-10-02T06:58:58,2026-10-02T06:59:01,2026-10-02T06:59:01,2026-10-02T07:00:13,3473,3538,3538,3541,3541,3613,65,3,72,113,wave_B
2026-10-02T07:00:13,3613,S6,26,green,0,3613,3678,3678,2026-10-02T07:00:13,2026-10-02T07:01:18,2026-10-02T07:01:18,2026-10-02T07:01:21,2026-10-02T07:01:21,2026-10-02T07:02:33,3613,3678,3678,3681,3681,3753,65,3,72,113,wave_B
2026-10-02T07:01:18,3678,S6,26,amber,0,3678,3681,3681,2026-10-02T07:00:13,2026-10-02T07:01:18,2026-10-02T07:01:18,2026-10-02T07:01:21,2026-10-02T07:01:21,2026-10-02T07:02:33,3613,3678,3678,3681,3681,3753,65,3,72,113,wave_B
2026-10-02T07:01:21,3681,S6,26,red,0,3681,3753,3753,2026-10-02T07:00:13,2026-10-02T07:01:18,2026-10-02T07:01:18,2026-10-02T07:01:21,2026-10-02T07:01:21,2026-10-02T07:02:33,3613,3678,3678,3681,3681,3753,65,3,72,113,wave_B
2026-10-02T07:02:33,3753,S6,27,green,0,3753,3818,3818,2026-10-02T07:02:33,2026-10-02T07:03:38,2026-10-02T07:03:38,2026-10-02T07:03:41,2026-10-02T07:03:41,2026-10-02T07:04:53,3753,3818,3818,3821,3821,3893,65,3,72,113,wave_B
2026-10-02T07:03:38,3818,S6,27,amber,0,3818,3821,3821,2026-10-02T07:02:33,2026-10-02T07:03:38,2026-10-02T07:03:38,2026-10-02T07:03:41,2026-10-02T07:03:41,2026-10-02T07:04:53,3753,3818,3818,3821,3821,3893,65,3,72,113,wave_B
2026-10-02T07:03:41,3821,S6,27,red,0,3821,3893,3893,2026-10-02T07:02:33,2026-10-02T07:03:38,2026-10-02T07:03:38,2026-10-02T07:03:41,2026-10-02T07:03:41,2026-10-02T07:04:53,3753,3818,3818,3821,3821,3893,65,3,72,113,wave_B
2026-10-02T07:04:53,3893,S6,28,green,0,3893,3958,3958,2026-10-02T07:04:53,2026-10-02T07:05:58,2026-10-02T07:05:58,2026-10-02T07:06:01,2026-10-02T07:06:01,2026-10-02T07:07:13,3893,3958,3958,3961,3961,4033,65,3,72,113,wave_B
2026-10-02T07:05:58,3958,S6,28,amber,0,3958,3961,3961,2026-10-02T07:04:53,2026-10-02T07:05:58,2026-10-02T07:05:58,2026-10-02T07:06:01,2026-10-02T07:06:01,2026-10-02T07:07:13,3893,3958,3958,3961,3961,4033,65,3,72,113,wave_B
2026-10-02T07:06:01,3961,S6,28,red,0,3961,4033,4033,2026-10-02T07:04:53,2026-10-02T07:05:58,2026-10-02T07:05:58,2026-10-02T07:06:01,2026-10-02T07:06:01,2026-10-02T07:07:13,3893,3958,3958,3961,3961,4033,65,3,72,113,wave_B
2026-10-02T07:07:13,4033,S6,29,green,0,4033,4098,4098,2026-10-02T07:07:13,2026-10-02T07:08:18,2026-10-02T07:08:18,2026-10-02T07:08:21,2026-10-02T07:08:21,2026-10-02T07:09:33,4033,4098,4098,4101,4101,4173,65,3,72,113,wave_B
2026-10-02T07:08:18,4098,S6,29,amber,0,4098,4101,4101,2026-10-02T07:07:13,2026-10-02T07:08:18,2026-10-02T07:08:18,2026-10-02T07:08:21,2026-10-02T07:08:21,2026-10-02T07:09:33,4033,4098,4098,4101,4101,4173,65,3,72,113,wave_B
2026-10-02T07:08:21,4101,S6,29,red,0,4101,4173,4173,2026-10-02T07:07:13,2026-10-02T07:08:18,2026-10-02T07:08:18,2026-10-02T07:08:21,2026-10-02T07:08:21,2026-10-02T07:09:33,4033,4098,4098,4101,4101,4173,65,3,72,113,wave_B
2026-10-02T07:09:33,4173,S6,30,green,0,4173,4238,4238,2026-10-02T07:09:33,2026-10-02T07:10:38,2026-10-02T07:10:38,2026-10-02T07:10:41,2026-10-02T07:10:41,2026-10-02T07:11:53,4173,4238,4238,4241,4241,4313,65,3,72,113,wave_B
2026-10-02T07:10:38,4238,S6,30,amber,0,4238,4241,4241,2026-10-02T07:09:33,2026-10-02T07:10:38,2026-10-02T07:10:38,2026-10-02T07:10:41,2026-10-02T07:10:41,2026-10-02T07:11:53,4173,4238,4238,4241,4241,4313,65,3,72,113,wave_B
2026-10-02T07:10:41,4241,S6,30,red,0,4241,4313,4313,2026-10-02T07:09:33,2026-10-02T07:10:38,2026-10-02T07:10:38,2026-10-02T07:10:41,2026-10-02T07:10:41,2026-10-02T07:11:53,4173,4238,4238,4241,4241,4313,65,3,72,113,wave_B
2026-10-02T07:11:53,4313,S6,31,green,0,4313,4378,4378,2026-10-02T07:11:53,2026-10-02T07:12:58,2026-10-02T07:12:58,2026-10-02T07:13:01,2026-10-02T07:13:01,2026-10-02T07:14:13,4313,4378,4378,4381,4381,4453,65,3,72,113,wave_B
2026-10-02T07:12:58,4378,S6,31,amber,0,4378,4381,4381,2026-10-02T07:11:53,2026-10-02T07:12:58,2026-10-02T07:12:58,2026-10-02T07:13:01,2026-10-02T07:13:01,2026-10-02T07:14:13,4313,4378,4378,4381,4381,4453,65,3,72,113,wave_B
2026-10-02T07:13:01,4381,S6,31,red,0,4381,4453,4453,2026-10-02T07:11:53,2026-10-02T07:12:58,2026-10-02T07:12:58,2026-10-02T07:13:01,2026-10-02T07:13:01,2026-10-02T07:14:13,4313,4378,4378,4381,4381,4453,65,3,72,113,wave_B
2026-10-02T07:14:13,4453,S6,32,green,0,4453,4518,4518,2026-10-02T07:14:13,2026-10-02T07:15:18,2026-10-02T07:15:18,2026-10-02T07:15:21,2026-10-02T07:15:21,2026-10-02T07:16:33,4453,4518,4518,4521,4521,4593,65,3,72,113,wave_B
2026-10-02T07:15:18,4518,S6,32,amber,0,4518,4521,4521,2026-10-02T07:14:13,2026-10-02T07:15:18,2026-10-02T07:15:18,2026-10-02T07:15:21,2026-10-02T07:15:21,2026-10-02T07:16:33,4453,4518,4518,4521,4521,4593,65,3,72,113,wave_B
2026-10-02T07:15:21,4521,S6,32,red,0,4521,4593,4593,2026-10-02T07:14:13,2026-10-02T07:15:18,2026-10-02T07:15:18,2026-10-02T07:15:21,2026-10-02T07:15:21,2026-10-02T07:16:33,4453,4518,4518,4521,4521,4593,65,3,72,113,wave_B
2026-10-02T07:16:33,4593,S6,33,green,0,4593,4658,4658,2026-10-02T07:16:33,2026-10-02T07:17:38,2026-10-02T07:17:38,2026-10-02T07:17:41,2026-10-02T07:17:41,2026-10-02T07:18:53,4593,4658,4658,4661,4661,4733,65,3,72,113,wave_B
2026-10-02T07:17:38,4658,S6,33,amber,0,4658,4661,4661,2026-10-02T07:16:33,2026-10-02T07:17:38,2026-10-02T07:17:38,2026-10-02T07:17:41,2026-10-02T07:17:41,2026-10-02T07:18:53,4593,4658,4658,4661,4661,4733,65,3,72,113,wave_B
2026-10-02T07:17:41,4661,S6,33,red,0,4661,4733,4733,2026-10-02T07:16:33,2026-10-02T07:17:38,2026-10-02T07:17:38,2026-10-02T07:17:41,2026-10-02T07:17:41,2026-10-02T07:18:53,4593,4658,4658,4661,4661,4733,65,3,72,113,wave_B
2026-10-02T07:18:53,4733,S6,34,green,0,4733,4798,4798,2026-10-02T07:18:53,2026-10-02T07:19:58,2026-10-02T07:19:58,2026-10-02T07:20:01,2026-10-02T07:20:01,2026-10-02T07:21:13,4733,4798,4798,4801,4801,4873,65,3,72,113,wave_B
2026-10-02T07:19:58,4798,S6,34,amber,0,4798,4801,4801,2026-10-02T07:18:53,2026-10-02T07:19:58,2026-10-02T07:19:58,2026-10-02T07:20:01,2026-10-02T07:20:01,2026-10-02T07:21:13,4733,4798,4798,4801,4801,4873,65,3,72,113,wave_B
2026-10-02T07:20:01,4801,S6,34,red,0,4801,4873,4873,2026-10-02T07:18:53,2026-10-02T07:19:58,2026-10-02T07:19:58,2026-10-02T07:20:01,2026-10-02T07:20:01,2026-10-02T07:21:13,4733,4798,4798,4801,4801,4873,65,3,72,113,wave_B
2026-10-02T07:21:13,4873,S6,35,green,0,4873,4938,4938,2026-10-02T07:21:13,2026-10-02T07:22:18,2026-10-02T07:22:18,2026-10-02T07:22:21,2026-10-02T07:22:21,2026-10-02T07:23:33,4873,4938,4938,4941,4941,5013,65,3,72,113,wave_B
2026-10-02T07:22:18,4938,S6,35,amber,0,4938,4941,4941,2026-10-02T07:21:13,2026-10-02T07:22:18,2026-10-02T07:22:18,2026-10-02T07:22:21,2026-10-02T07:22:21,2026-10-02T07:23:33,4873,4938,4938,4941,4941,5013,65,3,72,113,wave_B
2026-10-02T07:22:21,4941,S6,35,red,0,4941,5013,5013,2026-10-02T07:21:13,2026-10-02T07:22:18,2026-10-02T07:22:18,2026-10-02T07:22:21,2026-10-02T07:22:21,2026-10-02T07:23:33,4873,4938,4938,4941,4941,5013,65,3,72,113,wave_B
2026-10-02T07:23:33,5013,S6,36,green,0,5013,5078,5078,2026-10-02T07:23:33,2026-10-02T07:24:38,2026-10-02T07:24:38,2026-10-02T07:24:41,2026-10-02T07:24:41,2026-10-02T07:25:53,5013,5078,5078,5081,5081,5153,65,3,72,113,wave_B
2026-10-02T07:24:38,5078,S6,36,amber,0,5078,5081,5081,2026-10-02T07:23:33,2026-10-02T07:24:38,2026-10-02T07:24:38,2026-10-02T07:24:41,2026-10-02T07:24:41,2026-10-02T07:25:53,5013,5078,5078,5081,5081,5153,65,3,72,113,wave_B
2026-10-02T07:24:41,5081,S6,36,red,0,5081,5153,5153,2026-10-02T07:23:33,2026-10-02T07:24:38,2026-10-02T07:24:38,2026-10-02T07:24:41,2026-10-02T07:24:41,2026-10-02T07:25:53,5013,5078,5078,5081,5081,5153,65,3,72,113,wave_B
2026-10-02T07:25:53,5153,S6,37,green,0,5153,5218,5218,2026-10-02T07:25:53,2026-10-02T07:26:58,2026-10-02T07:26:58,2026-10-02T07:27:01,2026-10-02T07:27:01,2026-10-02T07:28:13,5153,5218,5218,5221,5221,5293,65,3,72,113,wave_B
2026-10-02T07:26:58,5218,S6,37,amber,0,5218,5221,5221,2026-10-02T07:25:53,2026-10-02T07:26:58,2026-10-02T07:26:58,2026-10-02T07:27:01,2026-10-02T07:27:01,2026-10-02T07:28:13,5153,5218,5218,5221,5221,5293,65,3,72,113,wave_B
2026-10-02T07:27:01,5221,S6,37,red,0,5221,5293,5293,2026-10-02T07:25:53,2026-10-02T07:26:58,2026-10-02T07:26:58,2026-10-02T07:27:01,2026-10-02T07:27:01,2026-10-02T07:28:13,5153,5218,5218,5221,5221,5293,65,3,72,113,wave_B
2026-10-02T07:28:13,5293,S6,38,green,0,5293,5358,5358,2026-10-02T07:28:13,2026-10-02T07:29:18,2026-10-02T07:29:18,2026-10-02T07:29:21,2026-10-02T07:29:21,2026-10-02T07:30:33,5293,5358,5358,5361,5361,5433,65,3,72,113,wave_B
2026-10-02T07:29:18,5358,S6,38,amber,0,5358,5361,5361,2026-10-02T07:28:13,2026-10-02T07:29:18,2026-10-02T07:29:18,2026-10-02T07:29:21,2026-10-02T07:29:21,2026-10-02T07:30:33,5293,5358,5358,5361,5361,5433,65,3,72,113,wave_B
2026-10-02T07:29:21,5361,S6,38,red,0,5361,5433,5433,2026-10-02T07:28:13,2026-10-02T07:29:18,2026-10-02T07:29:18,2026-10-02T07:29:21,2026-10-02T07:29:21,2026-10-02T07:30:33,5293,5358,5358,5361,5361,5433,65,3,72,113,wave_B
2026-10-02T07:30:33,5433,S6,39,green,0,5433,5498,5498,2026-10-02T07:30:33,2026-10-02T07:31:38,2026-10-02T07:31:38,2026-10-02T07:31:41,2026-10-02T07:31:41,2026-10-02T07:32:53,5433,5498,5498,5501,5501,5573,65,3,72,113,wave_B
2026-10-02T07:31:38,5498,S6,39,amber,0,5498,5501,5501,2026-10-02T07:30:33,2026-10-02T07:31:38,2026-10-02T07:31:38,2026-10-02T07:31:41,2026-10-02T07:31:41,2026-10-02T07:32:53,5433,5498,5498,5501,5501,5573,65,3,72,113,wave_B
2026-10-02T07:31:41,5501,S6,39,red,0,5501,5573,5573,2026-10-02T07:30:33,2026-10-02T07:31:38,2026-10-02T07:31:38,2026-10-02T07:31:41,2026-10-02T07:31:41,2026-10-02T07:32:53,5433,5498,5498,5501,5501,5573,65,3,72,113,wave_B
2026-10-02T07:32:53,5573,S6,40,green,0,5573,5638,5638,2026-10-02T07:32:53,2026-10-02T07:33:58,2026-10-02T07:33:58,2026-10-02T07:34:01,2026-10-02T07:34:01,2026-10-02T07:35:13,5573,5638,5638,5641,5641,5713,65,3,72,113,wave_B
2026-10-02T07:33:58,5638,S6,40,amber,0,5638,5641,5641,2026-10-02T07:32:53,2026-10-02T07:33:58,2026-10-02T07:33:58,2026-10-02T07:34:01,2026-10-02T07:34:01,2026-10-02T07:35:13,5573,5638,5638,5641,5641,5713,65,3,72,113,wave_B
2026-10-02T07:34:01,5641,S6,40,red,0,5641,5713,5713,2026-10-02T07:32:53,2026-10-02T07:33:58,2026-10-02T07:33:58,2026-10-02T07:34:01,2026-10-02T07:34:01,2026-10-02T07:35:13,5573,5638,5638,5641,5641,5713,65,3,72,113,wave_B
2026-10-02T07:35:13,5713,S6,41,green,0,5713,5778,5778,2026-10-02T07:35:13,2026-10-02T07:36:18,2026-10-02T07:36:18,2026-10-02T07:36:21,2026-10-02T07:36:21,2026-10-02T07:37:33,5713,5778,5778,5781,5781,5853,65,3,72,113,wave_B
2026-10-02T07:36:18,5778,S6,41,amber,0,5778,5781,5781,2026-10-02T07:35:13,2026-10-02T07:36:18,2026-10-02T07:36:18,2026-10-02T07:36:21,2026-10-02T07:36:21,2026-10-02T07:37:33,5713,5778,5778,5781,5781,5853,65,3,72,113,wave_B
2026-10-02T07:36:21,5781,S6,41,red,0,5781,5853,5853,2026-10-02T07:35:13,2026-10-02T07:36:18,2026-10-02T07:36:18,2026-10-02T07:36:21,2026-10-02T07:36:21,2026-10-02T07:37:33,5713,5778,5778,5781,5781,5853,65,3,72,113,wave_B
2026-10-02T07:37:33,5853,S6,42,green,0,5853,5918,5918,2026-10-02T07:37:33,2026-10-02T07:38:38,2026-10-02T07:38:38,2026-10-02T07:38:41,2026-10-02T07:38:41,2026-10-02T07:39:53,5853,5918,5918,5921,5921,5993,65,3,72,113,wave_B
2026-10-02T07:38:38,5918,S6,42,amber,0,5918,5921,5921,2026-10-02T07:37:33,2026-10-02T07:38:38,2026-10-02T07:38:38,2026-10-02T07:38:41,2026-10-02T07:38:41,2026-10-02T07:39:53,5853,5918,5918,5921,5921,5993,65,3,72,113,wave_B
2026-10-02T07:38:41,5921,S6,42,red,0,5921,5993,5993,2026-10-02T07:37:33,2026-10-02T07:38:38,2026-10-02T07:38:38,2026-10-02T07:38:41,2026-10-02T07:38:41,2026-10-02T07:39:53,5853,5918,5918,5921,5921,5993,65,3,72,113,wave_B
2026-10-02T07:39:53,5993,S6,43,green,0,5993,6058,6058,2026-10-02T07:39:53,2026-10-02T07:40:58,2026-10-02T07:40:58,2026-10-02T07:41:01,2026-10-02T07:41:01,2026-10-02T07:42:13,5993,6058,6058,6061,6061,6133,65,3,72,113,wave_B
2026-10-02T07:40:58,6058,S6,43,amber,0,6058,6061,6061,2026-10-02T07:39:53,2026-10-02T07:40:58,2026-10-02T07:40:58,2026-10-02T07:41:01,2026-10-02T07:41:01,2026-10-02T07:42:13,5993,6058,6058,6061,6061,6133,65,3,72,113,wave_B
2026-10-02T07:41:01,6061,S6,43,red,0,6061,6133,6133,2026-10-02T07:39:53,2026-10-02T07:40:58,2026-10-02T07:40:58,2026-10-02T07:41:01,2026-10-02T07:41:01,2026-10-02T07:42:13,5993,6058,6058,6061,6061,6133,65,3,72,113,wave_B
2026-10-02T07:42:13,6133,S6,44,green,0,6133,6198,6198,2026-10-02T07:42:13,2026-10-02T07:43:18,2026-10-02T07:43:18,2026-10-02T07:43:21,2026-10-02T07:43:21,2026-10-02T07:44:33,6133,6198,6198,6201,6201,6273,65,3,72,113,wave_B
2026-10-02T07:43:18,6198,S6,44,amber,0,6198,6201,6201,2026-10-02T07:42:13,2026-10-02T07:43:18,2026-10-02T07:43:18,2026-10-02T07:43:21,2026-10-02T07:43:21,2026-10-02T07:44:33,6133,6198,6198,6201,6201,6273,65,3,72,113,wave_B
2026-10-02T07:43:21,6201,S6,44,red,0,6201,6273,6273,2026-10-02T07:42:13,2026-10-02T07:43:18,2026-10-02T07:43:18,2026-10-02T07:43:21,2026-10-02T07:43:21,2026-10-02T07:44:33,6133,6198,6198,6201,6201,6273,65,3,72,113,wave_B
2026-10-02T07:44:33,6273,S6,45,green,0,6273,6338,6338,2026-10-02T07:44:33,2026-10-02T07:45:38,2026-10-02T07:45:38,2026-10-02T07:45:41,2026-10-02T07:45:41,2026-10-02T07:46:53,6273,6338,6338,6341,6341,6413,65,3,72,113,wave_B
2026-10-02T07:45:38,6338,S6,45,amber,0,6338,6341,6341,2026-10-02T07:44:33,2026-10-02T07:45:38,2026-10-02T07:45:38,2026-10-02T07:45:41,2026-10-02T07:45:41,2026-10-02T07:46:53,6273,6338,6338,6341,6341,6413,65,3,72,113,wave_B
2026-10-02T07:45:41,6341,S6,45,red,0,6341,6413,6413,2026-10-02T07:44:33,2026-10-02T07:45:38,2026-10-02T07:45:38,2026-10-02T07:45:41,2026-10-02T07:45:41,2026-10-02T07:46:53,6273,6338,6338,6341,6341,6413,65,3,72,113,wave_B
2026-10-02T07:46:53,6413,S6,46,green,0,6413,6478,6478,2026-10-02T07:46:53,2026-10-02T07:47:58,2026-10-02T07:47:58,2026-10-02T07:48:01,2026-10-02T07:48:01,2026-10-02T07:49:13,6413,6478,6478,6481,6481,6553,65,3,72,113,wave_B
2026-10-02T07:47:58,6478,S6,46,amber,0,6478,6481,6481,2026-10-02T07:46:53,2026-10-02T07:47:58,2026-10-02T07:47:58,2026-10-02T07:48:01,2026-10-02T07:48:01,2026-10-02T07:49:13,6413,6478,6478,6481,6481,6553,65,3,72,113,wave_B
2026-10-02T07:48:01,6481,S6,46,red,0,6481,6553,6553,2026-10-02T07:46:53,2026-10-02T07:47:58,2026-10-02T07:47:58,2026-10-02T07:48:01,2026-10-02T07:48:01,2026-10-02T07:49:13,6413,6478,6478,6481,6481,6553,65,3,72,113,wave_B
2026-10-02T07:49:13,6553,S6,47,green,0,6553,6618,6618,2026-10-02T07:49:13,2026-10-02T07:50:18,2026-10-02T07:50:18,2026-10-02T07:50:21,2026-10-02T07:50:21,2026-10-02T07:51:33,6553,6618,6618,6621,6621,6693,65,3,72,113,wave_B
2026-10-02T07:50:18,6618,S6,47,amber,0,6618,6621,6621,2026-10-02T07:49:13,2026-10-02T07:50:18,2026-10-02T07:50:18,2026-10-02T07:50:21,2026-10-02T07:50:21,2026-10-02T07:51:33,6553,6618,6618,6621,6621,6693,65,3,72,113,wave_B
2026-10-02T07:50:21,6621,S6,47,red,0,6621,6693,6693,2026-10-02T07:49:13,2026-10-02T07:50:18,2026-10-02T07:50:18,2026-10-02T07:50:21,2026-10-02T07:50:21,2026-10-02T07:51:33,6553,6618,6618,6621,6621,6693,65,3,72,113,wave_B
2026-10-02T07:51:33,6693,S6,48,green,0,6693,6758,6758,2026-10-02T07:51:33,2026-10-02T07:52:38,2026-10-02T07:52:38,2026-10-02T07:52:41,2026-10-02T07:52:41,2026-10-02T07:53:53,6693,6758,6758,6761,6761,6833,65,3,72,113,wave_B
2026-10-02T07:52:38,6758,S6,48,amber,0,6758,6761,6761,2026-10-02T07:51:33,2026-10-02T07:52:38,2026-10-02T07:52:38,2026-10-02T07:52:41,2026-10-02T07:52:41,2026-10-02T07:53:53,6693,6758,6758,6761,6761,6833,65,3,72,113,wave_B
2026-10-02T07:52:41,6761,S6,48,red,0,6761,6833,6833,2026-10-02T07:51:33,2026-10-02T07:52:38,2026-10-02T07:52:38,2026-10-02T07:52:41,2026-10-02T07:52:41,2026-10-02T07:53:53,6693,6758,6758,6761,6761,6833,65,3,72,113,wave_B
2026-10-02T07:53:53,6833,S6,49,green,0,6833,6898,6898,2026-10-02T07:53:53,2026-10-02T07:54:58,2026-10-02T07:54:58,2026-10-02T07:55:01,2026-10-02T07:55:01,2026-10-02T07:56:13,6833,6898,6898,6901,6901,6973,65,3,72,113,wave_B
2026-10-02T07:54:58,6898,S6,49,amber,0,6898,6901,6901,2026-10-02T07:53:53,2026-10-02T07:54:58,2026-10-02T07:54:58,2026-10-02T07:55:01,2026-10-02T07:55:01,2026-10-02T07:56:13,6833,6898,6898,6901,6901,6973,65,3,72,113,wave_B
2026-10-02T07:55:01,6901,S6,49,red,0,6901,6973,6973,2026-10-02T07:53:53,2026-10-02T07:54:58,2026-10-02T07:54:58,2026-10-02T07:55:01,2026-10-02T07:55:01,2026-10-02T07:56:13,6833,6898,6898,6901,6901,6973,65,3,72,113,wave_B
2026-10-02T07:56:13,6973,S6,50,green,0,6973,7038,7038,2026-10-02T07:56:13,2026-10-02T07:57:18,2026-10-02T07:57:18,2026-10-02T07:57:21,2026-10-02T07:57:21,2026-10-02T07:58:33,6973,7038,7038,7041,7041,7113,65,3,72,113,wave_B
2026-10-02T07:57:18,7038,S6,50,amber,0,7038,7041,7041,2026-10-02T07:56:13,2026-10-02T07:57:18,2026-10-02T07:57:18,2026-10-02T07:57:21,2026-10-02T07:57:21,2026-10-02T07:58:33,6973,7038,7038,7041,7041,7113,65,3,72,113,wave_B
2026-10-02T07:57:21,7041,S6,50,red,0,7041,7113,7113,2026-10-02T07:56:13,2026-10-02T07:57:18,2026-10-02T07:57:18,2026-10-02T07:57:21,2026-10-02T07:57:21,2026-10-02T07:58:33,6973,7038,7038,7041,7041,7113,65,3,72,113,wave_B
2026-10-02T07:58:33,7113,S6,51,green,0,7113,7178,7178,2026-10-02T07:58:33,2026-10-02T07:59:38,2026-10-02T07:59:38,2026-10-02T07:59:41,2026-10-02T07:59:41,2026-10-02T08:00:53,7113,7178,7178,7181,7181,7253,65,3,72,113,wave_B
2026-10-02T07:59:38,7178,S6,51,amber,0,7178,7181,7181,2026-10-02T07:58:33,2026-10-02T07:59:38,2026-10-02T07:59:38,2026-10-02T07:59:41,2026-10-02T07:59:41,2026-10-02T08:00:53,7113,7178,7178,7181,7181,7253,65,3,72,113,wave_B
2026-10-02T07:59:41,7181,S6,51,red,0,7181,7253,7253,2026-10-02T07:58:33,2026-10-02T07:59:38,2026-10-02T07:59:38,2026-10-02T07:59:41,2026-10-02T07:59:41,2026-10-02T08:00:53,7113,7178,7178,7181,7181,7253,65,3,72,113,wave_B
2026-10-02T08:00:53,7253,S6,52,green,0,7253,7318,7280,2026-10-02T08:00:53,2026-10-02T08:01:58,2026-10-02T08:01:58,2026-10-02T08:02:01,2026-10-02T08:02:01,2026-10-02T08:03:13,7253,7318,7318,7321,7321,7393,65,3,72,113,wave_B
