timestamp,time_s,intersection,cycle_id,phase,phase_elapsed_s,phase_start_s,phase_end_s,visible_end_s,green_start,green_end,amber_start,amber_end,red_start,red_end,green_start_s,green_end_s,amber_start_s,amber_end_s,red_start_s,red_end_s,green_duration,amber_duration,red_duration,offset,stage
2026-10-02T06:00:00,0,S1,1,green,0,0,60,60,2026-10-02T06:00:00,2026-10-02T06:01:00,2026-10-02T06:01:00,2026-10-02T06:01:03,2026-10-02T06:01:03,2026-10-02T06:02:20,0,60,60,63,63,140,60,3,77,0,wave_A
2026-10-02T06:01:00,60,S1,1,amber,0,60,63,63,2026-10-02T06:00:00,2026-10-02T06:01:00,2026-10-02T06:01:00,2026-10-02T06:01:03,2026-10-02T06:01:03,2026-10-02T06:02:20,0,60,60,63,63,140,60,3,77,0,wave_A
2026-10-02T06:01:03,63,S1,1,red,0,63,140,140,2026-10-02T06:00:00,2026-10-02T06:01:00,2026-10-02T06:01:00,2026-10-02T06:01:03,2026-10-02T06:01:03,2026-10-02T06:02:20,0,60,60,63,63,140,60,3,77,0,wave_A
2026-10-02T06:02:20,140,S1,2,green,0,140,200,200,2026-10-02T06:02:20,2026-10-02T06:03:20,2026-10-02T06:03:20,2026-10-02T06:03:23,2026-10-02T06:03:23,2026-10-02T06:04:40,140,200,200,203,203,280,60,3,77,0,wave_A
2026-10-02T06:03:20,200,S1,2,amber,0,200,203,203,2026-10-02T06:02:20,2026-10-02T06:03:20,2026-10-02T06:03:20,2026-10-02T06:03:23,2026-10-02T06:03:23,2026-10-02T06:04:40,140,200,200,203,203,280,60,3,77,0,wave_A
2026-10-02T06:03:23,203,S1,2,red,0,203,280,280,2026-10-02T06:02:20,2026-10-02T06:03:20,2026-10-02T06:03:20,2026-10-02T06:03:23,2026-10-02T06:03:23,2026-10-02T06:04:40,140,200,200,203,203,280,60,3,77,0,wave_A
2026-10-02T06:04:40,280,S1,3,green,0,280,340,340,2026-10-02T06:04:40,2026-10-02T06:05:40,2026-10-02T06:05:40,2026-10-02T06:05:43,2026-10-02T06:05:43,2026-10-02T06:07:00,280,340,340,343,343,420,60,3,77,0,wave_A
2026-10-02T06:05:40,340,S1,3,amber,0,340,343,343,2026-10-02T06:04:40,2026-10-02T06:05:40,2026-10-02T06:05:40,2026-10-02T06:05:43,2026-10-02T06:05:43,2026-10-02T06:07:00,280,340,340,343,343,420,60,3,77,0,wave_A
2026-10-02T06:05:43,343,S1,3,red,0,343,420,420,2026-10-02T06:04:40,2026-10-02T06:05:40,2026-10-02T06:05:40,2026-10-02T06:05:43,2026-10-02T06:05:43,2026-10-02T06:07:00,280,340,340,343,343,420,60,3,77,0,wave_A
2026-10-02T06:07:00,420,S1,4,green,0,420,480,480,2026-10-02T06:07:00,2026-10-02T06:08:00,2026-10-02T06:08:00,2026-10-02T06:08:03,2026-10-02T06:08:03,2026-10-02T06:09:20,420,480,480,483,483,560,60,3,77,0,wave_A
2026-10-02T06:08:00,480,S1,4,amber,0,480,483,483,2026-10-02T06:07:00,2026-10-02T06:08:00,2026-10-02T06:08:00,2026-10-02T06:08:03,2026-10-02T06:08:03,2026-10-02T06:09:20,420,480,480,483,483,560,60,3,77,0,wave_A
2026-10-02T06:08:03,483,S1,4,red,0,483,560,560,2026-10-02T06:07:00,2026-10-02T06:08:00,2026-10-02T06:08:00,2026-10-02T06:08:03,2026-10-02T06:08:03,2026-10-02T06:09:20,420,480,480,483,483,560,60,3,77,0,wave_A
2026-10-02T06:09:20,560,S1,5,green,0,560,620,620,2026-10-02T06:09:20,2026-10-02T06:10:20,2026-10-02T06:10:20,2026-10-02T06:10:23,2026-10-02T06:10:23,2026-10-02T06:11:40,560,620,620,623,623,700,60,3,77,0,wave_A
2026-10-02T06:10:20,620,S1,5,amber,0,620,623,623,2026-10-02T06:09:20,2026-10-02T06:10:20,2026-10-02T06:10:20,2026-10-02T06:10:23,2026-10-02T06:10:23,2026-10-02T06:11:40,560,620,620,623,623,700,60,3,77,0,wave_A
2026-10-02T06:10:23,623,S1,5,red,0,623,700,700,2026-10-02T06:09:20,2026-10-02T06:10:20,2026-10-02T06:10:20,2026-10-02T06:10:23,2026-10-02T06:10:23,2026-10-02T06:11:40,560,620,620,623,623,700,60,3,77,0,wave_A
2026-10-02T06:11:40,700,S1,6,green,0,700,760,760,2026-10-02T06:11:40,2026-10-02T06:12:40,2026-10-02T06:12:40,2026-10-02T06:12:43,2026-10-02T06:12:43,2026-10-02T06:14:00,700,760,760,763,763,840,60,3,77,0,wave_A
2026-10-02T06:12:40,760,S1,6,amber,0,760,763,763,2026-10-02T06:11:40,2026-10-02T06:12:40,2026-10-02T06:12:40,2026-10-02T06:12:43,2026-10-02T06:12:43,2026-10-02T06:14:00,700,760,760,763,763,840,60,3,77,0,wave_A
2026-10-02T06:12:43,763,S1,6,red,0,763,840,840,2026-10-02T06:11:40,2026-10-02T06:12:40,2026-10-02T06:12:40,2026-10-02T06:12:43,2026-10-02T06:12:43,2026-10-02T06:14:00,700,760,760,763,763,840,60,3,77,0,wave_A
2026-10-02T06:14:00,840,S1,7,green,0,840,900,900,2026-10-02T06:14:00,2026-10-02T06:15:00,2026-10-02T06:15:00,2026-10-02T06:15:03,2026-10-02T06:15:03,2026-10-02T06:16:20,840,900,900,903,903,980,60,3,77,0,wave_A
2026-10-02T06:15:00,900,S1,7,amber,0,900,903,903,2026-10-02T06:14:00,2026-10-02T06:15:00,2026-10-02T06:15:00,2026-10-02T06:15:03,2026-10-02T06:15:03,2026-10-02T06:16:20,840,900,900,903,903,980,60,3,77,0,wave_A
2026-10-02T06:15:03,903,S1,7,red,0,903,980,980,2026-10-02T06:14:00,2026-10-02T06:15:00,2026-10-02T06:15:00,2026-10-02T06:15:03,2026-10-02T06:15:03,2026-10-02T06:16:20,840,900,900,903,903,980,60,3,77,0,wave_A
2026-10-02T06:16:20,980,S1,8,green,0,980,1040,1040,2026-10-02T06:16:20,2026-10-02T06:17:20,2026-10-02T06:17:20,2026-10-02T06:17:23,2026-10-02T06:17:23,2026-10-02T06:18:40,980,1040,1040,1043,1043,1120,60,3,77,0,wave_A
2026-10-02T06:17:20,1040,S1,8,amber,0,1040,1043,1043,2026-10-02T06:16:20,2026-10-02T06:17:20,2026-10-02T06:17:20,2026-10-02T06:17:23,2026-10-02T06:17:23,2026-10-02T06:18:40,980,1040,1040,1043,1043,1120,60,3,77,0,wave_A
2026-10-02T06:17:23,1043,S1,8,red,0,1043,1120,1120,2026-10-02T06:16:20,2026-10-02T06:17:20,2026-10-02T06:17:20,2026-10-02T06:17:23,2026-10-02T06:17:23,2026-10-02T06:18:40,980,1040,1040,1043,1043,1120,60,3,77,0,wave_A
2026-10-02T06:18:40,1120,S1,9,green,0,1120,1180,1180,2026-10-02T06:18:40,2026-10-02T06:19:40,2026-10-02T06:19:40,2026-10-02T06:19:43,2026-10-02T06:19:43,2026-10-02T06:21:00,1120,1180,1180,1183,1183,1260,60,3,77,0,wave_A
2026-10-02T06:19:40,1180,S1,9,amber,0,1180,1183,1183,2026-10-02T06:18:40,2026-10-02T06:19:40,2026-10-02T06:19:40,2026-10-02T06:19:43,2026-10-02T06:19:43,2026-10-02T06:21:00,1120,1180,1180,1183,1183,1260,60,3,77,0,wave_A
2026-10-02T06:19:43,1183,S1,9,red,0,1183,1260,1260,2026-10-02T06:18:40,2026-10-02T06:19:40,2026-10-02T06:19:40,2026-10-02T06:19:43,2026-10-02T06:19:43,2026-10-02T06:21:00,1120,1180,1180,1183,1183,1260,60,3,77,0,wave_A
2026-10-02T06:21:00,1260,S1,10,green,0,1260,1320,1320,2026-10-02T06:21:00,2026-10-02T06:22:00,2026-10-02T06:22:00,2026-10-02T06:22:03,2026-10-02T06:22:03,2026-10-02T06:23:20,1260,1320,1320,1323,1323,1400,60,3,77,0,wave_A
2026-10-02T06:22:00,1320,S1,10,amber,0,1320,1323,1323,2026-10-02T06:21:00,2026-10-02T06:22:00,2026-10-02T06:22:00,2026-10-02T06:22:03,2026-10-02T06:22:03,2026-10-02T06:23:20,1260,1320,1320,1323,1323,1400,60,3,77,0,wave_A
2026-10-02T06:22:03,1323,S1,10,red,0,1323,1400,1400,2026-10-02T06:21:00,2026-10-02T06:22:00,2026-10-02T06:22:00,2026-10-02T06:22:03,2026-10-02T06:22:03,2026-10-02T06:23:20,1260,1320,1320,1323,1323,1400,60,3,77,0,wave_A
2026-10-02T06:23:20,1400,S1,11,green,0,1400,1460,1460,2026-10-02T06:23:20,2026-10-02T06:24:20,2026-10-02T06:24:20,2026-10-02T06:24:23,2026-10-02T06:24:23,2026-10-02T06:25:40,1400,1460,1460,1463,1463,1540,60,3,77,0,wave_A
2026-10-02T06:24:20,1460,S1,11,amber,0,1460,1463,1463,2026-10-02T06:23:20,2026-10-02T06:24:20,2026-10-02T06:24:20,2026-10-02T06:24:23,2026-10-02T06:24:23,2026-10-02T06:25:40,1400,1460,1460,1463,1463,1540,60,3,77,0,wave_A
2026-10-02T06:24:23,1463,S1,11,red,0,1463,1540,1540,2026-10-02T06:23:20,2026-10-02T06:24:20,2026-10-02T06:24:20,2026-10-02T06:24:23,2026-10-02T06:24:23,2026-10-02T06:25:40,1400,1460,1460,1463,1463,1540,60,3,77,0,wave_A
2026-10-02T06:25:40,1540,S1,12,green,0,1540,1600,1600,2026-10-02T06:25:40,2026-10-02T06:26:40,2026-10-02T06:26:40,2026-10-02T06:26:43,2026-10-02T06:26:43,2026-10-02T06:28:00,1540,1600,1600,1603,1603,1680,60,3,77,0,wave_A
2026-10-02T06:26:40,1600,S1,12,amber,0,1600,1603,1603,2026-10-02T06:25:40,2026-10-02T06:26:40,2026-10-02T06:26:40,2026-10-02T06:26:43,2026-10-02T06:26:43,2026-10-02T06:28:00,1540,1600,1600,1603,1603,1680,60,3,77,0,wave_A
2026-10-02T06:26:43,1603,S1,12,red,0,1603,1680,1680,2026-10-02T06:25:40,2026-10-02T06:26:40,2026-10-02T06:26:40,2026-10-02T06:26:43,2026-10-02T06:26:43,2026-10-02T06:28:00,1540,1600,1600,1603,1603,1680,60,3,77,0,wave_A
2026-10-02T06:28:00,1680,S1,13,green,0,1680,1740,1740,2026-10-02T06:28:00,2026-10-02T06:29:00,2026-10-02T06:29:00,2026-10-02T06:29:03,2026-10-02T06:29:03,2026-10-02T06:30:20,1680,1740,1740,1743,1743,1820,60,3,77,0,wave_A
2026-10-02T06:29:00,1740,S1,13,amber,0,1740,1743,1743,2026-10-02T06:28:00,2026-10-02T06:29:00,2026-10-02T06:29:00,2026-10-02T06:29:03,2026-10-02T06:29:03,2026-10-02T06:30:20,1680,1740,1740,1743,1743,1820,60,3,77,0,wave_A
2026-10-02T06:29:03,1743,S1,13,red,0,1743,1820,1820,2026-10-02T06:28:00,2026-10-02T06:29:00,2026-10-02T06:29:00,2026-10-02T06:29:03,2026-10-02T06:29:03,2026-10-02T06:30:20,1680,1740,1740,1743,1743,1820,60,3,77,0,wave_A
2026-10-02T06:30:20,1820,S1,14,green,0,1820,1880,1880,2026-10-02T06:30:20,2026-10-02T06:31:20,2026-10-02T06:31:20,2026-10-02T06:31:23,2026-10-02T06:31:23,2026-10-02T06:32:40,1820,1880,1880,1883,1883,1960,60,3,77,0,wave_A
2026-10-02T06:31:20,1880,S1,14,amber,0,1880,1883,1883,2026-10-02T06:30:20,2026-10-02T06:31:20,2026-10-02T06:31:20,2026-10-02T06:31:23,2026-10-02T06:31:23,2026-10-02T06:32:40,1820,1880,1880,1883,1883,1960,60,3,77,0,wave_A
2026-10-02T06:31:23,1883,S1,14,red,0,1883,1960,1960,2026-10-02T06:30:20,2026-10-02T06:31:20,2026-10-02T06:31:20,2026-10-02T06:31:23,2026-10-02T06:31:23,2026-10-02T06:32:40,1820,1880,1880,1883,1883,1960,60,3,77,0,wave_A
2026-10-02T06:32:40,1960,S1,15,green,0,1960,2020,2020,2026-10-02T06:32:40,2026-10-02T06:33:40,2026-10-02T06:33:40,2026-10-02T06:33:43,2026-10-02T06:33:43,2026-10-02T06:35:00,1960,2020,2020,2023,2023,2100,60,3,77,0,wave_A
2026-10-02T06:33:40,2020,S1,15,amber,0,2020,2023,2023,2026-10-02T06:32:40,2026-10-02T06:33:40,2026-10-02T06:33:40,2026-10-02T06:33:43,2026-10-02T06:33:43,2026-10-02T06:35:00,1960,2020,2020,2023,2023,2100,60,3,77,0,wave_A
2026-10-02T06:33:43,2023,S1,15,red,0,2023,2100,2100,2026-10-02T06:32:40,2026-10-02T06:33:40,2026-10-02T06:33:40,2026-10-02T06:33:43,2026-10-02T06:33:43,2026-10-02T06:35:00,1960,2020,2020,2023,2023,2100,60,3,77,0,wave_A
2026-10-02T06:35:00,2100,S1,16,green,0,2100,2160,2160,2026-10-02T06:35:00,2026-10-02T06:36:00,2026-10-02T06:36:00,2026-10-02T06:36:03,2026-10-02T06:36:03,2026-10-02T06:37:20,2100,2160,2160,2163,2163,2240,60,3,77,0,wave_A
2026-10-02T06:36:00,2160,S1,16,amber,0,2160,2163,2163,2026-10-02T06:35:00,2026-10-02T06:36:00,2026-10-02T06:36:00,2026-10-02T06:36:03,2026-10-02T06:36:03,2026-10-02T06:37:20,2100,2160,2160,2163,2163,2240,60,3,77,0,wave_A
2026-10-02T06:36:03,2163,S1,16,red,0,2163,2240,2240,2026-10-02T06:35:00,2026-10-02T06:36:00,2026-10-02T06:36:00,2026-10-02T06:36:03,2026-10-02T06:36:03,2026-10-02T06:37:20,2100,2160,2160,2163,2163,2240,60,3,77,0,wave_A
2026-10-02T06:37:20,2240,S1,17,green,0,2240,2300,2300,2026-10-02T06:37:20,2026-10-02T06:38:20,2026-10-02T06:38:20,2026-10-02T06:38:23,2026-10-02T06:38:23,2026-10-02T06:39:40,2240,2300,2300,2303,2303,2380,60,3,77,0,wave_A
2026-10-02T06:38:20,2300,S1,17,amber,0,2300,2303,2303,2026-10-02T06:37:20,2026-10-02T06:38:20,2026-10-02T06:38:20,2026-10-02T06:38:23,2026-10-02T06:38:23,2026-10-02T06:39:40,2240,2300,2300,2303,2303,2380,60,3,77,0,wave_A
2026-10-02T06:38:23,2303,S1,17,red,0,2303,2380,2380,2026-10-02T06:37:20,2026-10-02T06:38:20,2026-10-02T06:38:20,2026-10-02T06:38:23,2026-10-02T06:38:23,2026-10-02T06:39:40,2240,2300,2300,2303,2303,2380,60,3,77,0,wave_A
2026-10-02T06:39:40,2380,S1,18,green,0,2380,2440,2440,2026-10-02T06:39:40,2026-10-02T06:40:40,2026-10-02T06:40:40,2026-10-02T06:40:43,2026-10-02T06:40:43,2026-10-02T06:42:00,2380,2440,2440,2443,2443,2520,60,3,77,0,wave_A
2026-10-02T06:40:40,2440,S1,18,amber,0,2440,2443,2443,2026-10-02T06:39:40,2026-10-02T06:40:40,2026-10-02T06:40:40,2026-10-02T06:40:43,2026-10-02T06:40:43,2026-10-02T06:42:00,2380,2440,2440,2443,2443,2520,60,3,77,0,wave_A
2026-10-02T06:40:43,2443,S1,18,red,0,2443,2520,2520,2026-10-02T06:39:40,2026-10-02T06:40:40,2026-10-02T06:40:40,2026-10-02T06:40:43,2026-10-02T06:40:43,2026-10-02T06:42:00,2380,2440,2440,2443,2443,2520,60,3,77,0,wave_A
2026-10-02T06:42:00,2520,S1,19,green,0,2520,2580,2580,2026-10-02T06:42:00,2026-10-02T06:43:00,2026-10-02T06:43:00,2026-10-02T06:43:03,2026-10-02T06:43:03,2026-10-02T06:44:20,2520,2580,2580,2583,2583,2660,60,3,77,0,wave_A
2026-10-02T06:43:00,2580,S1,19,amber,0,2580,2583,2583,2026-10-02T06:42:00,2026-10-02T06:43:00,2026-10-02T06:43:00,2026-10-02T06:43:03,2026-10-02T06:43:03,2026-10-02T06:44:20,2520,2580,2580,2583,2583,2660,60,3,77,0,wave_A
2026-10-02T06:43:03,2583,S1,19,red,0,2583,2660,2660,2026-10-02T06:42:00,2026-10-02T06:43:00,2026-10-02T06:43:00,2026-10-02T06:43:03,2026-10-02T06:43:03,2026-10-02T06:44:20,2520,2580,2580,2583,2583,2660,60,3,77,0,wave_A
2026-10-02T06:44:20,2660,S1,20,green,0,2660,2720,2720,2026-10-02T06:44:20,2026-10-02T06:45:20,2026-10-02T06:45:20,2026-10-02T06:45:23,2026-10-02T06:45:23,2026-10-02T06:46:40,2660,2720,2720,2723,2723,2800,60,3,77,0,wave_A
2026-10-02T06:45:20,2720,S1,20,amber,0,2720,2723,2723,2026-10-02T06:44:20,2026-10-02T06:45:20,2026-10-02T06:45:20,2026-10-02T06:45:23,2026-10-02T06:45:23,2026-10-02T06:46:40,2660,2720,2720,2723,2723,2800,60,3,77,0,wave_A
2026-10-02T06:45:23,2723,S1,20,red,0,2723,2800,2800,2026-10-02T06:44:20,2026-10-02T06:45:20,2026-10-02T06:45:20,2026-10-02T06:45:23,2026-10-02T06:45:23,2026-10-02T06:46:40,2660,2720,2720,2723,2723,2800,60,3,77,0,wave_A
2026-10-02T06:46:40,2800,S1,21,green,0,2800,2860,2860,2026-10-02T06:46:40,2026-10-02T06:47:40,2026-10-02T06:47:40,2026-10-02T06:47:43,2026-10-02T06:47:43,2026-10-02T06:49:00,2800,2860,2860,2863,2863,2940,60,3,77,0,wave_A
2026-10-02T06:47:40,2860,S1,21,amber,0,2860,2863,2863,2026-10-02T06:46:40,2026-10-02T06:47:40,2026-10-02T06:47:40,2026-10-02T06:47:43,2026-10-02T06:47:43,2026-10-02T06:49:00,2800,2860,2860,2863,2863,2940,60,3,77,0,wave_A
2026-10-02T06:47:43,2863,S1,21,red,0,2863,2940,2940,2026-10-02T06:46:40,2026-10-02T06:47:40,2026-10-02T06:47:40,2026-10-02T06:47:43,2026-10-02T06:47:43,2026-10-02T06:49:00,2800,2860,2860,2863,2863,2940,60,3,77,0,wave_A
2026-10-02T06:49:00,2940,S1,22,green,0,2940,3000,3000,2026-10-02T06:49:00,2026-10-02T06:50:00,2026-10-02T06:50:00,2026-10-02T06:50:03,2026-10-02T06:50:03,2026-10-02T06:51:20,2940,3000,3000,3003,3003,3080,60,3,77,0,wave_A
2026-10-02T06:50:00,3000,S1,22,amber,0,3000,3003,3003,2026-10-02T06:49:00,2026-10-02T06:50:00,2026-10-02T06:50:00,2026-10-02T06:50:03,2026-10-02T06:50:03,2026-10-02T06:51:20,2940,3000,3000,3003,3003,3080,60,3,77,0,wave_A
2026-10-02T06:50:03,3003,S1,22,red,0,3003,3080,3080,2026-10-02T06:49:00,2026-10-02T06:50:00,2026-10-02T06:50:00,2026-10-02T06:50:03,2026-10-02T06:50:03,2026-10-02T06:51:20,2940,3000,3000,3003,3003,3080,60,3,77,0,wave_A
2026-10-02T06:51:20,3080,S1,23,green,0,3080,3140,3140,2026-10-02T06:51:20,2026-10-02T06:52:20,2026-10-02T06:52:20,2026-10-02T06:52:23,2026-10-02T06:52:23,2026-10-02T06:53:40,3080,3140,3140,3143,3143,3220,60,3,77,0,wave_A
2026-10-02T06:52:20,3140,S1,23,amber,0,3140,3143,3143,2026-10-02T06:51:20,2026-10-02T06:52:20,2026-10-02T06:52:20,2026-10-02T06:52:23,2026-10-02T06:52:23,2026-10-02T06:53:40,3080,3140,3140,3143,3143,3220,60,3,77,0,wave_A
2026-10-02T06:52:23,3143,S1,23,red,0,3143,3220,3220,2026-10-02T06:51:20,2026-10-02T06:52:20,2026-10-02T06:52:20,2026-10-02T06:52:23,2026-10-02T06:52:23,2026-10-02T06:53:40,3080,3140,3140,3143,3143,3220,60,3,77,0,wave_A
2026-10-02T06:53:40,3220,S1,24,green,0,3220,3280,3280,2026-10-02T06:53:40,2026-10-02T06:54:40,2026-10-02T06:54:40,2026-10-02T06:54:43,2026-10-02T06:54:43,2026-10-02T06:56:00,3220,3280,3280,3283,3283,3360,60,3,77,0,wave_A
2026-10-02T06:54:40,3280,S1,24,amber,0,3280,3283,3283,2026-10-02T06:53:40,2026-10-02T06:54:40,2026-10-02T06:54:40,2026-10-02T06:54:43,2026-10-02T06:54:43,2026-10-02T06:56:00,3220,3280,3280,3283,3283,3360,60,3,77,0,wave_A
2026-10-02T06:54:43,3283,S1,24,red,0,3283,3360,3360,2026-10-02T06:53:40,2026-10-02T06:54:40,2026-10-02T06:54:40,2026-10-02T06:54:43,2026-10-02T06:54:43,2026-10-02T06:56:00,3220,3280,3280,3283,3283,3360,60,3,77,0,wave_A
2026-10-02T06:56:00,3360,S1,25,green,0,3360,3420,3420,2026-10-02T06:56:00,2026-10-02T06:57:00,2026-10-02T06:57:00,2026-10-02T06:57:03,2026-10-02T06:57:03,2026-10-02T06:58:20,3360,3420,3420,3423,3423,3500,60,3,77,0,wave_A
2026-10-02T06:57:00,3420,S1,25,amber,0,3420,3423,3423,2026-10-02T06:56:00,2026-10-02T06:57:00,2026-10-02T06:57:00,2026-10-02T06:57:03,2026-10-02T06:57:03,2026-10-02T06:58:20,3360,3420,3420,3423,3423,3500,60,3,77,0,wave_A
2026-10-02T06:57:03,3423,S1,25,red,0,3423,3500,3500,2026-10-02T06:56:00,2026-10-02T06:57:00,2026-10-02T06:57:00,2026-10-02T06:57:03,2026-10-02T06:57:03,2026-10-02T06:58:20,3360,3420,3420,3423,3423,3500,60,3,77,0,wave_A
2026-10-02T06:58:20,3500,S1,26,green,0,3500,3560,3560,2026-10-02T06:58:20,2026-10-02T06:59:20,2026-10-02T06:59:20,2026-10-02T06:59:23,2026-10-02T06:59:23,2026-10-02T07:00:40,3500,3560,3560,3563,3563,3640,60,3,77,0,wave_A
2026-10-02T06:59:20,3560,S1,26,amber,0,3560,3563,3563,2026-10-02T06:58:20,2026-10-02T06:59:20,2026-10-02T06:59:20,2026-10-02T06:59:23,2026-10-02T06:59:23,2026-10-02T07:00:40,3500,3560,3560,3563,3563,3640,60,3,77,0,wave_A
2026-10-02T06:59:23,3563,S1,26,red,0,3563,3640,3640,2026-10-02T06:58:20,2026-10-02T06:59:20,2026-10-02T06:59:20,2026-10-02T06:59:23,2026-10-02T06:59:23,2026-10-02T07:00:40,3500,3560,3560,3563,3563,3640,60,3,77,0,wave_A
2026-10-02T07:00:40,3640,S1,27,green,0,3640,3700,3700,2026-10-02T07:00:40,2026-10-02T07:01:40,2026-10-02T07:01:40,2026-10-02T07:01:43,2026-10-02T07:01:43,2026-10-02T07:03:00,3640,3700,3700,3703,3703,3780,60,3,77,0,wave_A
2026-10-02T07:01:40,3700,S1,27,amber,0,3700,3703,3703,2026-10-02T07:00:40,2026-10-02T07:01:40,2026-10-02T07:01:40,2026-10-02T07:01:43,2026-10-02T07:01:43,2026-10-02T07:03:00,3640,3700,3700,3703,3703,3780,60,3,77,0,wave_A
2026-10-02T07:01:43,3703,S1,27,red,0,3703,3780,3780,2026-10-02T07:00:40,2026-10-02T07:01:40,2026-10-02T07:01:40,2026-10-02T07:01:43,2026-10-02T07:01:43,2026-10-02T07:03:00,3640,3700,3700,3703,3703,3780,60,3,77,0,wave_A
2026-10-02T07:03:00,3780,S1,28,green,0,3780,3840,3840,2026-10-02T07:03:00,2026-10-02T07:04:00,2026-10-02T07:04:00,2026-10-02T07:04:03,2026-10-02T07:04:03,2026-10-02T07:05:20,3780,3840,3840,3843,3843,3920,60,3,77,0,wave_A
2026-10-02T07:04:00,3840,S1,28,amber,0,3840,3843,3843,2026-10-02T07:03:00,2026-10-02T07:04:00,2026-10-02T07:04:00,2026-10-02T07:04:03,2026-10-02T07:04:03,2026-10-02T07:05:20,3780,3840,3840,3843,3843,3920,60,3,77,0,wave_A
2026-10-02T07:04:03,3843,S1,28,red,0,3843,3920,3920,2026-10-02T07:03:00,2026-10-02T07:04:00,2026-10-02T07:04:00,2026-10-02T07:04:03,2026-10-02T07:04:03,2026-10-02T07:05:20,3780,3840,3840,3843,3843,3920,60,3,77,0,wave_A
2026-10-02T07:05:20,3920,S1,29,green,0,3920,3980,3980,2026-10-02T07:05:20,2026-10-02T07:06:20,2026-10-02T07:06:20,2026-10-02T07:06:23,2026-10-02T07:06:23,2026-10-02T07:07:40,3920,3980,3980,3983,3983,4060,60,3,77,0,wave_A
2026-10-02T07:06:20,3980,S1,29,amber,0,3980,3983,3983,2026-10-02T07:05:20,2026-10-02T07:06:20,2026-10-02T07:06:20,2026-10-02T07:06:23,2026-10-02T07:06:23,2026-10-02T07:07:40,3920,3980,3980,3983,3983,4060,60,3,77,0,wave_A
2026-10-02T07:06:23,3983,S1,29,red,0,3983,4060,4060,2026-10-02T07:05:20,2026-10-02T07:06:20,2026-10-02T07:06:20,2026-10-02T07:06:23,2026-10-02T07:06:23,2026-10-02T07:07:40,3920,3980,3980,3983,3983,4060,60,3,77,0,wave_A
2026-10-02T07:07:40,4060,S1,30,green,0,4060,4120,4120,2026-10-02T07:07:40,2026-10-02T07:08:40,2026-10-02T07:08:40,2026-10-02T07:08:43,2026-10-02T07:08:43,2026-10-02T07:10:00,4060,4120,4120,4123,4123,4200,60,3,77,0,wave_A
2026-10-02T07:08:40,4120,S1,30,amber,0,4120,4123,4123,2026-10-02T07:07:40,2026-10-02T07:08:40,2026-10-02T07:08:40,2026-10-02T07:08:43,2026-10-02T07:08:43,2026-10-02T07:10:00,4060,4120,4120,4123,4123,4200,60,3,77,0,wave_A
2026-10-02T07:08:43,4123,S1,30,red,0,4123,4200,4200,2026-10-02T07:07:40,2026-10-02T07:08:40,2026-10-02T07:08:40,2026-10-02T07:08:43,2026-10-02T07:08:43,2026-10-02T07:10:00,4060,4120,4120,4123,4123,4200,60,3,77,0,wave_A
2026-10-02T07:10:00,4200,S1,31,green,0,4200,4260,4260,2026-10-02T07:10:00,2026-10-02T07:11:00,2026-10-02T07:11:00,2026-10-02T07:11:03,2026-10-02T07:11:03,2026-10-02T07:12:20,4200,4260,4260,4263,4263,4340,60,3,77,0,wave_A
2026-10-02T07:11:00,4260,S1,31,amber,0,4260,4263,4263,2026-10-02T07:10:00,2026-10-02T07:11:00,2026-10-02T07:11:00,2026-10-02T07:11:03,2026-10-02T07:11:03,2026-10-02T07:12:20,4200,4260,4260,4263,4263,4340,60,3,77,0,wave_A
2026-10-02T07:11:03,4263,S1,31,red,0,4263,4340,4340,2026-10-02T07:10:00,2026-10-02T07:11:00,2026-10-02T07:11:00,2026-10-02T07:11:03,2026-10-02T07:11:03,2026-10-02T07:12:20,4200,4260,4260,4263,4263,4340,60,3,77,0,wave_A
2026-10-02T07:12:20,4340,S1,32,green,0,4340,4400,4400,2026-10-02T07:12:20,2026-10-02T07:13:20,2026-10-02T07:13:20,2026-10-02T07:13:23,2026-10-02T07:13:23,2026-10-02T07:14:40,4340,4400,4400,4403,4403,4480,60,3,77,0,wave_A
2026-10-02T07:13:20,4400,S1,32,amber,0,4400,4403,4403,2026-10-02T07:12:20,2026-10-02T07:13:20,2026-10-02T07:13:20,2026-10-02T07:13:23,2026-10-02T07:13:23,2026-10-02T07:14:40,4340,4400,4400,4403,4403,4480,60,3,77,0,wave_A
2026-10-02T07:13:23,4403,S1,32,red,0,4403,4480,4480,2026-10-02T07:12:20,2026-10-02T07:13:20,2026-10-02T07:13:20,2026-10-02T07:13:23,2026-10-02T07:13:23,2026-10-02T07:14:40,4340,4400,4400,4403,4403,4480,60,3,77,0,wave_A
2026-10-02T07:14:40,4480,S1,33,green,0,4480,4540,4540,2026-10-02T07:14:40,2026-10-02T07:15:40,2026-10-02T07:15:40,2026-10-02T07:15:43,2026-10-02T07:15:43,2026-10-02T07:17:00,4480,4540,4540,4543,4543,4620,60,3,77,0,wave_A
2026-10-02T07:15:40,4540,S1,33,amber,0,4540,4543,4543,2026-10-02T07:14:40,2026-10-02T07:15:40,2026-10-02T07:15:40,2026-10-02T07:15:43,2026-10-02T07:15:43,2026-10-02T07:17:00,4480,4540,4540,4543,4543,4620,60,3,77,0,wave_A
2026-10-02T07:15:43,4543,S1,33,red,0,4543,4620,4620,2026-10-02T07:14:40,2026-10-02T07:15:40,2026-10-02T07:15:40,2026-10-02T07:15:43,2026-10-02T07:15:43,2026-10-02T07:17:00,4480,4540,4540,4543,4543,4620,60,3,77,0,wave_A
2026-10-02T07:17:00,4620,S1,34,green,0,4620,4680,4680,2026-10-02T07:17:00,2026-10-02T07:18:00,2026-10-02T07:18:00,2026-10-02T07:18:03,2026-10-02T07:18:03,2026-10-02T07:19:20,4620,4680,4680,4683,4683,4760,60,3,77,0,wave_A
2026-10-02T07:18:00,4680,S1,34,amber,0,4680,4683,4683,2026-10-02T07:17:00,2026-10-02T07:18:00,2026-10-02T07:18:00,2026-10-02T07:18:03,2026-10-02T07:18:03,2026-10-02T07:19:20,4620,4680,4680,4683,4683,4760,60,3,77,0,wave_A
2026-10-02T07:18:03,4683,S1,34,red,0,4683,4760,4760,2026-10-02T07:17:00,2026-10-02T07:18:00,2026-10-02T07:18:00,2026-10-02T07:18:03,2026-10-02T07:18:03,2026-10-02T07:19:20,4620,4680,4680,4683,4683,4760,60,3,77,0,wave_A
2026-10-02T07:19:20,4760,S1,35,green,0,4760,4820,4820,2026-10-02T07:19:20,2026-10-02T07:20:20,2026-10-02T07:20:20,2026-10-02T07:20:23,2026-10-02T07:20:23,2026-10-02T07:21:40,4760,4820,4820,4823,4823,4900,60,3,77,0,wave_A
2026-10-02T07:20:20,4820,S1,35,amber,0,4820,4823,4823,2026-10-02T07:19:20,2026-10-02T07:20:20,2026-10-02T07:20:20,2026-10-02T07:20:23,2026-10-02T07:20:23,2026-10-02T07:21:40,4760,4820,4820,4823,4823,4900,60,3,77,0,wave_A
2026-10-02T07:20:23,4823,S1,35,red,0,4823,4900,4900,2026-10-02T07:19:20,2026-10-02T07:20:20,2026-10-02T07:20:20,2026-10-02T07:20:23,2026-10-02T07:20:23,2026-10-02T07:21:40,4760,4820,4820,4823,4823,4900,60,3,77,0,wave_A
2026-10-02T07:21:40,4900,S1,36,green,0,4900,4960,4960,2026-10-02T07:21:40,2026-10-02T07:22:40,2026-10-02T07:22:40,2026-10-02T07:22:43,2026-10-02T07:22:43,2026-10-02T07:24:00,4900,4960,4960,4963,4963,5040,60,3,77,0,wave_A
2026-10-02T07:22:40,4960,S1,36,amber,0,4960,4963,4963,2026-10-02T07:21:40,2026-10-02T07:22:40,2026-10-02T07:22:40,2026-10-02T07:22:43,2026-10-02T07:22:43,2026-10-02T07:24:00,4900,4960,4960,4963,4963,5040,60,3,77,0,wave_A
2026-10-02T07:22:43,4963,S1,36,red,0,4963,5040,5040,2026-10-02T07:21:40,2026-10-02T07:22:40,2026-10-02T07:22:40,2026-10-02T07:22:43,2026-10-02T07:22:43,2026-10-02T07:24:00,4900,4960,4960,4963,4963,5040,60,3,77,0,wave_A
2026-10-02T07:24:00,5040,S1,37,green,0,5040,5100,5100,2026-10-02T07:24:00,2026-10-02T07:25:00,2026-10-02T07:25:00,2026-10-02T07:25:03,2026-10-02T07:25:03,2026-10-02T07:26:20,5040,5100,5100,5103,5103,5180,60,3,77,0,wave_A
2026-10-02T07:25:00,5100,S1,37,amber,0,5100,5103,5103,2026-10-02T07:24:00,2026-10-02T07:25:00,2026-10-02T07:25:00,2026-10-02T07:25:03,2026-10-02T07:25:03,2026-10-02T07:26:20,5040,5100,5100,5103,5103,5180,60,3,77,0,wave_A
2026-10-02T07:25:03,5103,S1,37,red,0,5103,5180,5180,2026-10-02T07:24:00,2026-10-02T07:25:00,2026-10-02T07:25:00,2026-10-02T07:25:03,2026-10-02T07:25:03,2026-10-02T07:26:20,5040,5100,5100,5103,5103,5180,60,3,77,0,wave_A
2026-10-02T07:26:20,5180,S1,38,green,0,5180,5240,5240,2026-10-02T07:26:20,2026-10-02T07:27:20,2026-10-02T07:27:20,2026-10-02T07:27:23,2026-10-02T07:27:23,2026-10-02T07:28:40,5180,5240,5240,5243,5243,5320,60,3,77,0,wave_A
2026-10-02T07:27:20,5240,S1,38,amber,0,5240,5243,5243,2026-10-02T07:26:20,2026-10-02T07:27:20,2026-10-02T07:27:20,2026-10-02T07:27:23,2026-10-02T07:27:23,2026-10-02T07:28:40,5180,5240,5240,5243,5243,5320,60,3,77,0,wave_A
2026-10-02T07:27:23,5243,S1,38,red,0,5243,5320,5320,2026-10-02T07:26:20,2026-10-02T07:27:20,2026-10-02T07:27:20,2026-10-02T07:27:23,2026-10-02T07:27:23,2026-10-02T07:28:40,5180,5240,5240,5243,5243,5320,60,3,77,0,wave_A
2026-10-02T07:28:40,5320,S1,39,green,0,5320,5380,5380,2026-10-02T07:28:40,2026-10-02T07:29:40,2026-10-02T07:29:40,2026-10-02T07:29:43,2026-10-02T07:29:43,2026-10-02T07:31:00,5320,5380,5380,5383,5383,5460,60,3,77,0,wave_A
2026-10-02T07:29:40,5380,S1,39,amber,0,5380,5383,5383,2026-10-02T07:28:40,2026-10-02T07:29:40,2026-10-02T07:29:40,2026-10-02T07:29:43,2026-10-02T07:29:43,2026-10-02T07:31:00,5320,5380,5380,5383,5383,5460,60,3,77,0,wave_A
2026-10-02T07:29:43,5383,S1,39,red,0,5383,5460,5460,2026-10-02T07:28:40,2026-10-02T07:29:40,2026-10-02T07:29:40,2026-10-02T07:29:43,2026-10-02T07:29:43,2026-10-02T07:31:00,5320,5380,5380,5383,5383,5460,60,3,77,0,wave_A
2026-10-02T07:31:00,5460,S1,40,green,0,5460,5520,5520,2026-10-02T07:31:00,2026-10-02T07:32:00,2026-10-02T07:32:00,2026-10-02T07:32:03,2026-10-02T07:32:03,2026-10-02T07:33:20,5460,5520,5520,5523,5523,5600,60,3,77,0,wave_A
2026-10-02T07:32:00,5520,S1,40,amber,0,5520,5523,5523,2026-10-02T07:31:00,2026-10-02T07:32:00,2026-10-02T07:32:00,2026-10-02T07:32:03,2026-10-02T07:32:03,2026-10-02T07:33:20,5460,5520,5520,5523,5523,5600,60,3,77,0,wave_A
2026-10-02T07:32:03,5523,S1,40,red,0,5523,5600,5600,2026-10-02T07:31:00,2026-10-02T07:32:00,2026-10-02T07:32:00,2026-10-02T07:32:03,2026-10-02T07:32:03,2026-10-02T07:33:20,5460,5520,5520,5523,5523,5600,60,3,77,0,wave_A
2026-10-02T07:33:20,5600,S1,41,green,0,5600,5660,5660,2026-10-02T07:33:20,2026-10-02T07:34:20,2026-10-02T07:34:20,2026-10-02T07:34:23,2026-10-02T07:34:23,2026-10-02T07:35:40,5600,5660,5660,5663,5663,5740,60,3,77,0,wave_A
2026-10-02T07:34:20,5660,S1,41,amber,0,5660,5663,5663,2026-10-02T07:33:20,2026-10-02T07:34:20,2026-10-02T07:34:20,2026-10-02T07:34:23,2026-10-02T07:34:23,2026-10-02T07:35:40,5600,5660,5660,5663,5663,5740,60,3,77,0,wave_A
2026-10-02T07:34:23,5663,S1,41,red,0,5663,5740,5740,2026-10-02T07:33:20,2026-10-02T07:34:20,2026-10-02T07:34:20,2026-10-02T07:34:23,2026-10-02T07:34:23,2026-10-02T07:35:40,5600,5660,5660,5663,5663,5740,60,3,77,0,wave_A
2026-10-02T07:35:40,5740,S1,42,green,0,5740,5800,5800,2026-10-02T07:35:40,2026-10-02T07:36:40,2026-10-02T07:36:40,2026-10-02T07:36:43,2026-10-02T07:36:43,2026-10-02T07:38:00,5740,5800,5800,5803,5803,5880,60,3,77,0,wave_A
2026-10-02T07:36:40,5800,S1,42,amber,0,5800,5803,5803,2026-10-02T07:35:40,2026-10-02T07:36:40,2026-10-02T07:36:40,2026-10-02T07:36:43,2026-10-02T07:36:43,2026-10-02T07:38:00,5740,5800,5800,5803,5803,5880,60,3,77,0,wave_A
2026-10-02T07:36:43,5803,S1,42,red,0,5803,5880,5880,2026-10-02T07:35:40,2026-10-02T07:36:40,2026-10-02T07:36:40,2026-10-02T07:36:43,2026-10-02T07:36:43,2026-10-02T07:38:00,5740,5800,5800,5803,5803,5880,60,3,77,0,wave_A
2026-10-02T07:38:00,5880,S1,43,green,0,5880,5940,5940,2026-10-02T07:38:00,2026-10-02T07:39:00,2026-10-02T07:39:00,2026-10-02T07:39:03,2026-10-02T07:39:03,2026-10-02T07:40:20,5880,5940,5940,5943,5943,6020,60,3,77,0,wave_A
2026-10-02T07:39:00,5940,S1,43,amber,0,5940,5943,5943,2026-10-02T07:38:00,2026-10-02T07:39:00,2026-10-02T07:39:00,2026-10-02T07:39:03,2026-10-02T07:39:03,2026-10-02T07:40:20,5880,5940,5940,5943,5943,6020,60,3,77,0,wave_A
2026-10-02T07:39:03,5943,S1,43,red,0,5943,6020,6020,2026-10-02T07:38:00,2026-10-02T07:39:00,2026-10-02T07:39:00,2026-10-02T07:39:03,2026-10-02T07:39:03,2026-10-02T07:40:20,5880,5940,5940,5943,5943,6020,60,3,77,0,wave_A
2026-10-02T07:40:20,6020,S1,44,green,0,6020,6080,6080,2026-10-02T07:40:20,2026-10-02T07:41:20,2026-10-02T07:41:20,2026-10-02T07:41:23,2026-10-02T07:41:23,2026-10-02T07:42:40,6020,6080,6080,6083,6083,6160,60,3,77,0,wave_A
2026-10-02T07:41:20,6080,S1,44,amber,0,6080,6083,6083,2026-10-02T07:40:20,2026-10-02T07:41:20,2026-10-02T07:41:20,2026-10-02T07:41:23,2026-10-02T07:41:23,2026-10-02T07:42:40,6020,6080,6080,6083,6083,6160,60,3,77,0,wave_A
2026-10-02T07:41:23,6083,S1,44,red,0,6083,6160,6160,2026-10-02T07:40:20,2026-10-02T07:41:20,2026-10-02T07:41:20,2026-10-02T07:41:23,2026-10-02T07:41:23,2026-10-02T07:42:40,6020,6080,6080,6083,6083,6160,60,3,77,0,wave_A
2026-10-02T07:42:40,6160,S1,45,green,0,6160,6220,6220,2026-10-02T07:42:40,2026-10-02T07:43:40,2026-10-02T07:43:40,2026-10-02T07:43:43,2026-10-02T07:43:43,2026-10-02T07:45:00,6160,6220,6220,6223,6223,6300,60,3,77,0,wave_A
2026-10-02T07:43:40,6220,S1,45,amber,0,6220,6223,6223,2026-10-02T07:42:40,2026-10-02T07:43:40,2026-10-02T07:43:40,2026-10-02T07:43:43,2026-10-02T07:43:43,2026-10-02T07:45:00,6160,6220,6220,6223,6223,6300,60,3,77,0,wave_A
2026-10-02T07:43:43,6223,S1,45,red,0,6223,6300,6300,2026-10-02T07:42:40,2026-10-02T07:43:40,2026-10-02T07:43:40,2026-10-02T07:43:43,2026-10-02T07:43:43,2026-10-02T07:45:00,6160,6220,6220,6223,6223,6300,60,3,77,0,wave_A
2026-10-02T07:45:00,6300,S1,46,green,0,6300,6360,6360,2026-10-02T07:45:00,2026-10-02T07:46:00,2026-10-02T07:46:00,2026-10-02T07:46:03,2026-10-02T07:46:03,2026-10-02T07:47:20,6300,6360,6360,6363,6363,6440,60,3,77,0,wave_A
2026-10-02T07:46:00,6360,S1,46,amber,0,6360,6363,6363,2026-10-02T07:45:00,2026-10-02T07:46:00,2026-10-02T07:46:00,2026-10-02T07:46:03,2026-10-02T07:46:03,2026-10-02T07:47:20,6300,6360,6360,6363,6363,6440,60,3,77,0,wave_A
2026-10-02T07:46:03,6363,S1,46,red,0,6363,6440,6440,2026-10-02T07:45:00,2026-10-02T07:46:00,2026-10-02T07:46:00,2026-10-02T07:46:03,2026-10-02T07:46:03,2026-10-02T07:47:20,6300,6360,6360,6363,6363,6440,60,3,77,0,wave_A
2026-10-02T07:47:20,6440,S1,47,green,0,6440,6500,6500,2026-10-02T07:47:20,2026-10-02T07:48:20,2026-10-02T07:48:20,2026-10-02T07:48:23,2026-10-02T07:48:23,2026-10-02T07:49:40,6440,6500,6500,6503,6503,6580,60,3,77,0,wave_A
2026-10-02T07:48:20,6500,S1,47,amber,0,6500,6503,6503,2026-10-02T07:47:20,2026-10-02T07:48:20,2026-10-02T07:48:20,2026-10-02T07:48:23,2026-10-02T07:48:23,2026-10-02T07:49:40,6440,6500,6500,6503,6503,6580,60,3,77,0,wave_A
2026-10-02T07:48:23,6503,S1,47,red,0,6503,6580,6580,2026-10-02T07:47:20,2026-10-02T07:48:20,2026-10-02T07:48:20,2026-10-02T07:48:23,2026-10-02T07:48:23,2026-10-02T07:49:40,6440,6500,6500,6503,6503,6580,60,3,77,0,wave_A
2026-10-02T07:49:40,6580,S1,48,green,0,6580,6640,6640,2026-10-02T07:49:40,2026-10-02T07:50:40,2026-10-02T07:50:40,2026-10-02T07:50:43,2026-10-02T07:50:43,2026-10-02T07:52:00,6580,6640,6640,6643,6643,6720,60,3,77,0,wave_A
2026-10-02T07:50:40,6640,S1,48,amber,0,6640,6643,6643,2026-10-02T07:49:40,2026-10-02T07:50:40,2026-10-02T07:50:40,2026-10-02T07:50:43,2026-10-02T07:50:43,2026-10-02T07:52:00,6580,6640,6640,6643,6643,6720,60,3,77,0,wave_A
2026-10-02T07:50:43,6643,S1,48,red,0,6643,6720,6720,2026-10-02T07:49:40,2026-10-02T07:50:40,2026-10-02T07:50:40,2026-10-02T07:50:43,2026-10-02T07:50:43,2026-10-02T07:52:00,6580,6640,6640,6643,6643,6720,60,3,77,0,wave_A
2026-10-02T07:52:00,6720,S1,49,green,0,6720,6780,6780,2026-10-02T07:52:00,2026-10-02T07:53:00,2026-10-02T07:53:00,2026-10-02T07:53:03,2026-10-02T07:53:03,2026-10-02T07:54:20,6720,6780,6780,6783,6783,6860,60,3,77,0,wave_A
2026-10-02T07:53:00,6780,S1,49,amber,0,6780,6783,6783,2026-10-02T07:52:00,2026-10-02T07:53:00,2026-10-02T07:53:00,2026-10-02T07:53:03,2026-10-02T07:53:03,2026-10-02T07:54:20,6720,6780,6780,6783,6783,6860,60,3,77,0,wave_A
2026-10-02T07:53:03,6783,S1,49,red,0,6783,6860,6860,2026-10-02T07:52:00,2026-10-02T07:53:00,2026-10-02T07:53:00,2026-10-02T07:53:03,2026-10-02T07:53:03,2026-10-02T07:54:20,6720,6780,6780,6783,6783,6860,60,3,77,0,wave_A
2026-10-02T07:54:20,6860,S1,50,green,0,6860,6920,6920,2026-10-02T07:54:20,2026-10-02T07:55:20,2026-10-02T07:55:20,2026-10-02T07:55:23,2026-10-02T07:55:23,2026-10-02T07:56:40,6860,6920,6920,6923,6923,7000,60,3,77,0,wave_A
2026-10-02T07:55:20,6920,S1,50,amber,0,6920,6923,6923,2026-10-02T07:54:20,2026-10-02T07:55:20,2026-10-02T07:55:20,2026-10-02T07:55:23,2026-10-02T07:55:23,2026-10-02T07:56:40,6860,6920,6920,6923,6923,7000,60,3,77,0,wave_A
2026-10-02T07:55:23,6923,S1,50,red,0,6923,7000,7000,2026-10-02T07:54:20,2026-10-02T07:55:20,2026-10-02T07:55:20,2026-10-02T07:55:23,2026-10-02T07:55:23,2026-10-02T07:56:40,6860,6920,6920,6923,6923,7000,60,3,77,0,wave_A
2026-10-02T07:56:40,7000,S1,51,green,0,7000,7060,7060,2026-10-02T07:56:40,2026-10-02T07:57:40,2026-10-02T07:57:40,2026-10-02T07:57:43,2026-10-02T07:57:43,2026-10-02T07:59:00,7000,7060,7060,7063,7063,7140,60,3,77,0,wave_A
2026-10-02T07:57:40,7060,S1,51,amber,0,7060,7063,7063,2026-10-02T07:56:40,2026-10-02T07:57:40,2026-10-02T07:57:40,2026-10-02T07:57:43,2026-10-02T07:57:43,2026-10-02T07:59:00,7000,7060,7060,7063,7063,7140,60,3,77,0,wave_A
2026-10-02T07:57:43,7063,S1,51,red,0,7063,7140,7140,2026-10-02T07:56:40,2026-10-02T07:57:40,2026-10-02T07:57:40,2026-10-02T07:57:43,2026-10-02T07:57:43,2026-10-02T07:59:00,7000,7060,7060,7063,7063,7140,60,3,77,0,wave_A
2026-10-02T07:59:00,7140,S1,52,green,0,7140,7200,7200,2026-10-02T07:59:00,2026-10-02T08:00:00,2026-10-02T08:00:00,2026-10-02T08:00:03,2026-10-02T08:00:03,2026-10-02T08:01:20,7140,7200,7200,7203,7203,7280,60,3,77,0,wave_A
2026-10-02T08:00:00,7200,S1,52,amber,0,7200,7203,7203,2026-10-02T07:59:00,2026-10-02T08:00:00,2026-10-02T08:00:00,2026-10-02T08:00:03,2026-10-02T08:00:03,2026-10-02T08:01:20,7140,7200,7200,7203,7203,7280,60,3,77,0,wave_A
2026-10-02T08:00:03,7203,S1,52,red,0,7203,7280,7280,2026-10-02T07:59:00,2026-10-02T08:00:00,2026-10-02T08:00:00,2026-10-02T08:00:03,2026-10-02T08:00:03,2026-10-02T08:01:20,7140,7200,7200,7203,7203,7280,60,3,77,0,wave_A
2026-10-02T06:00:00,0,S2,0,red,65,-65,32,32,2026-10-02T05:58:12,2026-10-02T05:58:52,2026-10-02T05:58:52,2026-10-02T05:58:55,2026-10-02T05:58:55,2026-10-02T06:00:32,-108,-68,-68,-65,-65,32,40,3,97,32,wave_A
2026-10-02T06:00:32,32,S2,1,green,0,32,72,72,2026-10-02T06:00:32,2026-10-02T06:01:12,2026-10-02T06:01:12,2026-10-02T06:01:15,2026-10-02T06:01:15,2026-10-02T06:02:52,32,72,72,75,75,172,40,3,97,32,wave_A
2026-10-02T06:01:12,72,S2,1,amber,0,72,75,75,2026-10-02T06:00:32,2026-10-02T06:01:12,2026-10-02T06:01:12,2026-10-02T06:01:15,2026-10-02T06:01:15,2026-10-02T06:02:52,32,72,72,75,75,172,40,3,97,32,wave_A
2026-10-02T06:01:15,75,S2,1,red,0,75,172,172,2026-10-02T06:00:32,2026-10-02T06:01:12,2026-10-02T06:01:12,2026-10-02T06:01:15,2026-10-02T06:01:15,2026-10-02T06:02:52,32,72,72,75,75,172,40,3,97,32,wave_A
2026-10-02T06:02:52,172,S2,2,green,0,172,212,212,2026-10-02T06:02:52,2026-10-02T06:03:32,2026-10-02T06:03:32,2026-10-02T06:03:35,2026-10-02T06:03:35,2026-10-02T06:05:12,172,212,212,215,215,312,40,3,97,32,wave_A
2026-10-02T06:03:32,212,S2,2,amber,0,212,215,215,2026-10-02T06:02:52,2026-10-02T06:03:32,2026-10-02T06:03:32,2026-10-02T06:03:35,2026-10-02T06:03:35,2026-10-02T06:05:12,172,212,212,215,215,312,40,3,97,32,wave_A
2026-10-02T06:03:35,215,S2,2,red,0,215,312,312,2026-10-02T06:02:52,2026-10-02T06:03:32,2026-10-02T06:03:32,2026-10-02T06:03:35,2026-10-02T06:03:35,2026-10-02T06:05:12,172,212,212,215,215,312,40,3,97,32,wave_A
2026-10-02T06:05:12,312,S2,3,green,0,312,352,352,2026-10-02T06:05:12,2026-10-02T06:05:52,2026-10-02T06:05:52,2026-10-02T06:05:55,2026-10-02T06:05:55,2026-10-02T06:07:32,312,352,352,355,355,452,40,3,97,32,wave_A
2026-10-02T06:05:52,352,S2,3,amber,0,352,355,355,2026-10-02T06:05:12,2026-10-02T06:05:52,2026-10-02T06:05:52,2026-10-02T06:05:55,2026-10-02T06:05:55,2026-10-02T06:07:32,312,352,352,355,355,452,40,3,97,32,wave_A
2026-10-02T06:05:55,355,S2,3,red,0,355,452,452,2026-10-02T06:05:12,2026-10-02T06:05:52,2026-10-02T06:05:52,2026-10-02T06:05:55,2026-10-02T06:05:55,2026-10-02T06:07:32,312,352,352,355,355,452,40,3,97,32,wave_A
2026-10-02T06:07:32,452,S2,4,green,0,452,492,492,2026-10-02T06:07:32,2026-10-02T06:08:12,2026-10-02T06:08:12,2026-10-02T06:08:15,2026-10-02T06:08:15,2026-10-02T06:09:52,452,492,492,495,495,592,40,3,97,32,wave_A
2026-10-02T06:08:12,492,S2,4,amber,0,492,495,495,2026-10-02T06:07:32,2026-10-02T06:08:12,2026-10-02T06:08:12,2026-10-02T06:08:15,2026-10-02T06:08:15,2026-10-02T06:09:52,452,492,492,495,495,592,40,3,97,32,wave_A
2026-10-02T06:08:15,495,S2,4,red,0,495,592,592,2026-10-02T06:07:32,2026-10-02T06:08:12,2026-10-02T06:08:12,2026-10-02T06:08:15,2026-10-02T06:08:15,2026-10-02T06:09:52,452,492,492,495,495,592,40,3,97,32,wave_A
2026-10-02T06:09:52,592,S2,5,green,0,592,632,632,2026-10-02T06:09:52,2026-10-02T06:10:32,2026-10-02T06:10:32,2026-10-02T06:10:35,2026-10-02T06:10:35,2026-10-02T06:12:12,592,632,632,635,635,732,40,3,97,32,wave_A
2026-10-02T06:10:32,632,S2,5,amber,0,632,635,635,2026-10-02T06:09:52,2026-10-02T06:10:32,2026-10-02T06:10:32,2026-10-02T06:10:35,2026-10-02T06:10:35,2026-10-02T06:12:12,592,632,632,635,635,732,40,3,97,32,wave_A
2026-10-02T06:10:35,635,S2,5,red,0,635,732,732,2026-10-02T06:09:52,2026-10-02T06:10:32,2026-10-02T06:10:32,2026-10-02T06:10:35,2026-10-02T06:10:35,2026-10-02T06:12:12,592,632,632,635,635,732,40,3,97,32,wave_A
2026-10-02T06:12:12,732,S2,6,green,0,732,772,772,2026-10-02T06:12:12,2026-10-02T06:12:52,2026-10-02T06:12:52,2026-10-02T06:12:55,2026-10-02T06:12:55,2026-10-02T06:14:32,732,772,772,775,775,872,40,3,97,32,wave_A
2026-10-02T06:12:52,772,S2,6,amber,0,772,775,775,2026-10-02T06:12:12,2026-10-02T06:12:52,2026-10-02T06:12:52,2026-10-02T06:12:55,2026-10-02T06:12:55,2026-10-02T06:14:32,732,772,772,775,775,872,40,3,97,32,wave_A
2026-10-02T06:12:55,775,S2,6,red,0,775,872,872,2026-10-02T06:12:12,2026-10-02T06:12:52,2026-10-02T06:12:52,2026-10-02T06:12:55,2026-10-02T06:12:55,2026-10-02T06:14:32,732,772,772,775,775,872,40,3,97,32,wave_A
2026-10-02T06:14:32,872,S2,7,green,0,872,912,912,2026-10-02T06:14:32,2026-10-02T06:15:12,2026-10-02T06:15:12,2026-10-02T06:15:15,2026-10-02T06:15:15,2026-10-02T06:16:52,872,912,912,915,915,1012,40,3,97,32,wave_A
2026-10-02T06:15:12,912,S2,7,amber,0,912,915,915,2026-10-02T06:14:32,2026-10-02T06:15:12,2026-10-02T06:15:12,2026-10-02T06:15:15,2026-10-02T06:15:15,2026-10-02T06:16:52,872,912,912,915,915,1012,40,3,97,32,wave_A
2026-10-02T06:15:15,915,S2,7,red,0,915,1012,1012,2026-10-02T06:14:32,2026-10-02T06:15:12,2026-10-02T06:15:12,2026-10-02T06:15:15,2026-10-02T06:15:15,2026-10-02T06:16:52,872,912,912,915,915,1012,40,3,97,32,wave_A
2026-10-02T06:16:52,1012,S2,8,green,0,1012,1052,1052,2026-10-02T06:16:52,2026-10-02T06:17:32,2026-10-02T06:17:32,2026-10-02T06:17:35,2026-10-02T06:17:35,2026-10-02T06:19:12,1012,1052,1052,1055,1055,1152,40,3,97,32,wave_A
2026-10-02T06:17:32,1052,S2,8,amber,0,1052,1055,1055,2026-10-02T06:16:52,2026-10-02T06:17:32,2026-10-02T06:17:32,2026-10-02T06:17:35,2026-10-02T06:17:35,2026-10-02T06:19:12,1012,1052,1052,1055,1055,1152,40,3,97,32,wave_A
2026-10-02T06:17:35,1055,S2,8,red,0,1055,1152,1152,2026-10-02T06:16:52,2026-10-02T06:17:32,2026-10-02T06:17:32,2026-10-02T06:17:35,2026-10-02T06:17:35,2026-10-02T06:19:12,1012,1052,1052,1055,1055,1152,40,3,97,32,wave_A
2026-10-02T06:19:12,1152,S2,9,green,0,1152,1192,1192,2026-10-02T06:19:12,2026-10-02T06:19:52,2026-10-02T06:19:52,2026-10-02T06:19:55,2026-10-02T06:19:55,2026-10-02T06:21:32,1152,1192,1192,1195,1195,1292,40,3,97,32,wave_A
2026-10-02T06:19:52,1192,S2,9,amber,0,1192,1195,1195,2026-10-02T06:19:12,2026-10-02T06:19:52,2026-10-02T06:19:52,2026-10-02T06:19:55,2026-10-02T06:19:55,2026-10-02T06:21:32,1152,1192,1192,1195,1195,1292,40,3,97,32,wave_A
2026-10-02T06:19:55,1195,S2,9,red,0,1195,1292,1292,2026-10-02T06:19:12,2026-10-02T06:19:52,2026-10-02T06:19:52,2026-10-02T06:19:55,2026-10-02T06:19:55,2026-10-02T06:21:32,1152,1192,1192,1195,1195,1292,40,3,97,32,wave_A
2026-10-02T06:21:32,1292,S2,10,green,0,1292,1332,1332,2026-10-02T06:21:32,2026-10-02T06:22:12,2026-10-02T06:22:12,2026-10-02T06:22:15,2026-10-02T06:22:15,2026-10-02T06:23:52,1292,1332,1332,1335,1335,1432,40,3,97,32,wave_A
2026-10-02T06:22:12,1332,S2,10,amber,0,1332,1335,1335,2026-10-02T06:21:32,2026-10-02T06:22:12,2026-10-02T06:22:12,2026-10-02T06:22:15,2026-10-02T06:22:15,2026-10-02T06:23:52,1292,1332,1332,1335,1335,1432,40,3,97,32,wave_A
2026-10-02T06:22:15,1335,S2,10,red,0,1335,1432,1432,2026-10-02T06:21:32,2026-10-02T06:22:12,2026-10-02T06:22:12,2026-10-02T06:22:15,2026-10-02T06:22:15,2026-10-02T06:23:52,1292,1332,1332,1335,1335,1432,40,3,97,32,wave_A
2026-10-02T06:23:52,1432,S2,11,green,0,1432,1472,1472,2026-10-02T06:23:52,2026-10-02T06:24:32,2026-10-02T06:24:32,2026-10-02T06:24:35,2026-10-02T06:24:35,2026-10-02T06:26:12,1432,1472,1472,1475,1475,1572,40,3,97,32,wave_A
2026-10-02T06:24:32,1472,S2,11,amber,0,1472,1475,1475,2026-10-02T06:23:52,2026-10-02T06:24:32,2026-10-02T06:24:32,2026-10-02T06:24:35,2026-10-02T06:24:35,2026-10-02T06:26:12,1432,1472,1472,1475,1475,1572,40,3,97,32,wave_A
2026-10-02T06:24:35,1475,S2,11,red,0,1475,1572,1572,2026-10-02T06:23:52,2026-10-02T06:24:32,2026-10-02T06:24:32,2026-10-02T06:24:35,2026-10-02T06:24:35,2026-10-02T06:26:12,1432,1472,1472,1475,1475,1572,40,3,97,32,wave_A
2026-10-02T06:26:12,1572,S2,12,green,0,1572,1612,1612,2026-10-02T06:26:12,2026-10-02T06:26:52,2026-10-02T06:26:52,2026-10-02T06:26:55,2026-10-02T06:26:55,2026-10-02T06:28:32,1572,1612,1612,1615,1615,1712,40,3,97,32,wave_A
2026-10-02T06:26:52,1612,S2,12,amber,0,1612,1615,1615,2026-10-02T06:26:12,2026-10-02T06:26:52,2026-10-02T06:26:52,2026-10-02T06:26:55,2026-10-02T06:26:55,2026-10-02T06:28:32,1572,1612,1612,1615,1615,1712,40,3,97,32,wave_A
2026-10-02T06:26:55,1615,S2,12,red,0,1615,1712,1712,2026-10-02T06:26:12,2026-10-02T06:26:52,2026-10-02T06:26:52,2026-10-02T06:26:55,2026-10-02T06:26:55,2026-10-02T06:28:32,1572,1612,1612,1615,1615,1712,40,3,97,32,wave_A
2026-10-02T06:28:32,1712,S2,13,green,0,1712,1752,1752,2026-10-02T06:28:32,2026-10-02T06:29:12,2026-10-02T06:29:12,2026-10-02T06:29:15,2026-10-02T06:29:15,2026-10-02T06:30:52,1712,1752,1752,1755,1755,1852,40,3,97,32,wave_A
2026-10-02T06:29:12,1752,S2,13,amber,0,1752,1755,1755,2026-10-02T06:28:32,2026-10-02T06:29:12,2026-10-02T06:29:12,2026-10-02T06:29:15,2026-10-02T06:29:15,2026-10-02T06:30:52,1712,1752,1752,1755,1755,1852,40,3,97,32,wave_A
2026-10-02T06:29:15,1755,S2,13,red,0,1755,1852,1852,2026-10-02T06:28:32,2026-10-02T06:29:12,2026-10-02T06:29:12,2026-10-02T06:29:15,2026-10-02T06:29:15,2026-10-02T06:30:52,1712,1752,1752,1755,1755,1852,40,3,97,32,wave_A
2026-10-02T06:30:52,1852,S2,14,green,0,1852,1892,1892,2026-10-02T06:30:52,2026-10-02T06:31:32,2026-10-02T06:31:32,2026-10-02T06:31:35,2026-10-02T06:31:35,2026-10-02T06:33:12,1852,1892,1892,1895,1895,1992,40,3,97,32,wave_A
2026-10-02T06:31:32,1892,S2,14,amber,0,1892,1895,1895,2026-10-02T06:30:52,2026-10-02T06:31:32,2026-10-02T06:31:32,2026-10-02T06:31:35,2026-10-02T06:31:35,2026-10-02T06:33:12,1852,1892,1892,1895,1895,1992,40,3,97,32,wave_A
2026-10-02T06:31:35,1895,S2,14,red,0,1895,1992,1992,2026-10-02T06:30:52,2026-10-02T06:31:32,2026-10-02T06:31:32,2026-10-02T06:31:35,2026-10-02T06:31:35,2026-10-02T06:33:12,1852,1892,1892,1895,1895,1992,40,3,97,32,wave_A
2026-10-02T06:33:12,1992,S2,15,green,0,1992,2032,2032,2026-10-02T06:33:12,2026-10-02T06:33:52,2026-10-02T06:33:52,2026-10-02T06:33:55,2026-10-02T06:33:55,2026-10-02T06:35:32,1992,2032,2032,2035,2035,2132,40,3,97,32,wave_A
2026-10-02T06:33:52,2032,S2,15,amber,0,2032,2035,2035,2026-10-02T06:33:12,2026-10-02T06:33:52,2026-10-02T06:33:52,2026-10-02T06:33:55,2026-10-02T06:33:55,2026-10-02T06:35:32,1992,2032,2032,2035,2035,2132,40,3,97,32,wave_A
2026-10-02T06:33:55,2035,S2,15,red,0,2035,2132,2132,2026-10-02T06:33:12,2026-10-02T06:33:52,2026-10-02T06:33:52,2026-10-02T06:33:55,2026-10-02T06:33:55,2026-10-02T06:35:32,1992,2032,2032,2035,2035,2132,40,3,97,32,wave_A
2026-10-02T06:35:32,2132,S2,16,green,0,2132,2172,2172,2026-10-02T06:35:32,2026-10-02T06:36:12,2026-10-02T06:36:12,2026-10-02T06:36:15,2026-10-02T06:36:15,2026-10-02T06:37:52,2132,2172,2172,2175,2175,2272,40,3,97,32,wave_A
2026-10-02T06:36:12,2172,S2,16,amber,0,2172,2175,2175,2026-10-02T06:35:32,2026-10-02T06:36:12,2026-10-02T06:36:12,2026-10-02T06:36:15,2026-10-02T06:36:15,2026-10-02T06:37:52,2132,2172,2172,2175,2175,2272,40,3,97,32,wave_A
2026-10-02T06:36:15,2175,S2,16,red,0,2175,2272,2272,2026-10-02T06:35:32,2026-10-02T06:36:12,2026-10-02T06:36:12,2026-10-02T06:36:15,2026-10-02T06:36:15,2026-10-02T06:37:52,2132,2172,2172,2175,2175,2272,40,3,97,32,wave_A
2026-10-02T06:37:52,2272,S2,17,green,0,2272,2312,2312,2026-10-02T06:37:52,2026-10-02T06:38:32,2026-10-02T06:38:32,2026-10-02T06:38:35,2026-10-02T06:38:35,2026-10-02T06:40:12,2272,2312,2312,2315,2315,2412,40,3,97,32,wave_A
2026-10-02T06:38:32,2312,S2,17,amber,0,2312,2315,2315,2026-10-02T06:37:52,2026-10-02T06:38:32,2026-10-02T06:38:32,2026-10-02T06:38:35,2026-10-02T06:38:35,2026-10-02T06:40:12,2272,2312,2312,2315,2315,2412,40,3,97,32,wave_A
2026-10-02T06:38:35,2315,S2,17,red,0,2315,2412,2412,2026-10-02T06:37:52,2026-10-02T06:38:32,2026-10-02T06:38:32,2026-10-02T06:38:35,2026-10-02T06:38:35,2026-10-02T06:40:12,2272,2312,2312,2315,2315,2412,40,3,97,32,wave_A
2026-10-02T06:40:12,2412,S2,18,green,0,2412,2452,2452,2026-10-02T06:40:12,2026-10-02T06:40:52,2026-10-02T06:40:52,2026-10-02T06:40:55,2026-10-02T06:40:55,2026-10-02T06:42:32,2412,2452,2452,2455,2455,2552,40,3,97,32,wave_A
2026-10-02T06:40:52,2452,S2,18,amber,0,2452,2455,2455,2026-10-02T06:40:12,2026-10-02T06:40:52,2026-10-02T06:40:52,2026-10-02T06:40:55,2026-10-02T06:40:55,2026-10-02T06:42:32,2412,2452,2452,2455,2455,2552,40,3,97,32,wave_A
2026-10-02T06:40:55,2455,S2,18,red,0,2455,2552,2552,2026-10-02T06:40:12,2026-10-02T06:40:52,2026-10-02T06:40:52,2026-10-02T06:40:55,2026-10-02T06:40:55,2026-10-02T06:42:32,2412,2452,2452,2455,2455,2552,40,3,97,32,wave_A
2026-10-02T06:42:32,2552,S2,19,green,0,2552,2592,2592,2026-10-02T06:42:32,2026-10-02T06:43:12,2026-10-02T06:43:12,2026-10-02T06:43:15,2026-10-02T06:43:15,2026-10-02T06:44:52,2552,2592,2592,2595,2595,2692,40,3,97,32,wave_A
2026-10-02T06:43:12,2592,S2,19,amber,0,2592,2595,2595,2026-10-02T06:42:32,2026-10-02T06:43:12,2026-10-02T06:43:12,2026-10-02T06:43:15,2026-10-02T06:43:15,2026-10-02T06:44:52,2552,2592,2592,2595,2595,2692,40,3,97,32,wave_A
2026-10-02T06:43:15,2595,S2,19,red,0,2595,2692,2692,2026-10-02T06:42:32,2026-10-02T06:43:12,2026-10-02T06:43:12,2026-10-02T06:43:15,2026-10-02T06:43:15,2026-10-02T06:44:52,2552,2592,2592,2595,2595,2692,40,3,97,32,wave_A
2026-10-02T06:44:52,2692,S2,20,green,0,2692,2732,2732,2026-10-02T06:44:52,2026-10-02T06:45:32,2026-10-02T06:45:32,2026-10-02T06:45:35,2026-10-02T06:45:35,2026-10-02T06:47:12,2692,2732,2732,2735,2735,2832,40,3,97,32,wave_A
2026-10-02T06:45:32,2732,S2,20,amber,0,2732,2735,2735,2026-10-02T06:44:52,2026-10-02T06:45:32,2026-10-02T06:45:32,2026-10-02T06:45:35,2026-10-02T06:45:35,2026-10-02T06:47:12,2692,2732,2732,2735,2735,2832,40,3,97,32,wave_A
2026-10-02T06:45:35,2735,S2,20,red,0,2735,2832,2832,2026-10-02T06:44:52,2026-10-02T06:45:32,2026-10-02T06:45:32,2026-10-02T06:45:35,2026-10-02T06:45:35,2026-10-02T06:47:12,2692,2732,2732,2735,2735,2832,40,3,97,32,wave_A
2026-10-02T06:47:12,2832,S2,21,green,0,2832,2872,2872,2026-10-02T06:47:12,2026-10-02T06:47:52,2026-10-02T06:47:52,2026-10-02T06:47:55,2026-10-02T06:47:55,2026-10-02T06:49:32,2832,2872,2872,2875,2875,2972,40,3,97,32,wave_A
2026-10-02T06:47:52,2872,S2,21,amber,0,2872,2875,2875,2026-10-02T06:47:12,2026-10-02T06:47:52,2026-10-02T06:47:52,2026-10-02T06:47:55,2026-10-02T06:47:55,2026-10-02T06:49:32,2832,2872,2872,2875,2875,2972,40,3,97,32,wave_A
2026-10-02T06:47:55,2875,S2,21,red,0,2875,2972,2972,2026-10-02T06:47:12,2026-10-02T06:47:52,2026-10-02T06:47:52,2026-10-02T06:47:55,2026-10-02T06:47:55,2026-10-02T06:49:32,2832,2872,2872,2875,2875,2972,40,3,97,32,wave_A
2026-10-02T06:49:32,2972,S2,22,green,0,2972,3012,3012,2026-10-02T06:49:32,2026-10-02T06:50:12,2026-10-02T06:50:12,2026-10-02T06:50:15,2026-10-02T06:50:15,2026-10-02T06:51:52,2972,3012,3012,3015,3015,3112,40,3,97,32,wave_A
2026-10-02T06:50:12,3012,S2,22,amber,0,3012,3015,3015,2026-10-02T06:49:32,2026-10-02T06:50:12,2026-10-02T06:50:12,2026-10-02T06:50:15,2026-10-02T06:50:15,2026-10-02T06:51:52,2972,3012,3012,3015,3015,3112,40,3,97,32,wave_A
2026-10-02T06:50:15,3015,S2,22,red,0,3015,3112,3112,2026-10-02T06:49:32,2026-10-02T06:50:12,2026-10-02T06:50:12,2026-10-02T06:50:15,2026-10-02T06:50:15,2026-10-02T06:51:52,2972,3012,3012,3015,3015,3112,40,3,97,32,wave_A
2026-10-02T06:51:52,3112,S2,23,green,0,3112,3152,3152,2026-10-02T06:51:52,2026-10-02T06:52:32,2026-10-02T06:52:32,2026-10-02T06:52:35,2026-10-02T06:52:35,2026-10-02T06:54:12,3112,3152,3152,3155,3155,3252,40,3,97,32,wave_A
2026-10-02T06:52:32,3152,S2,23,amber,0,3152,3155,3155,2026-10-02T06:51:52,2026-10-02T06:52:32,2026-10-02T06:52:32,2026-10-02T06:52:35,2026-10-02T06:52:35,2026-10-02T06:54:12,3112,3152,3152,3155,3155,3252,40,3,97,32,wave_A
2026-10-02T06:52:35,3155,S2,23,red,0,3155,3252,3252,2026-10-02T06:51:52,2026-10-02T06:52:32,2026-10-02T06:52:32,2026-10-02T06:52:35,2026-10-02T06:52:35,2026-10-02T06:54:12,3112,3152,3152,3155,3155,3252,40,3,97,32,wave_A
2026-10-02T06:54:12,3252,S2,24,green,0,3252,3292,3292,2026-10-02T06:54:12,2026-10-02T06:54:52,2026-10-02T06:54:52,2026-10-02T06:54:55,2026-10-02T06:54:55,2026-10-02T06:56:32,3252,3292,3292,3295,3295,3392,40,3,97,32,wave_A
2026-10-02T06:54:52,3292,S2,24,amber,0,3292,3295,3295,2026-10-02T06:54:12,2026-10-02T06:54:52,2026-10-02T06:54:52,2026-10-02T06:54:55,2026-10-02T06:54:55,2026-10-02T06:56:32,3252,3292,3292,3295,3295,3392,40,3,97,32,wave_A
2026-10-02T06:54:55,3295,S2,24,red,0,3295,3392,3392,2026-10-02T06:54:12,2026-10-02T06:54:52,2026-10-02T06:54:52,2026-10-02T06:54:55,2026-10-02T06:54:55,2026-10-02T06:56:32,3252,3292,3292,3295,3295,3392,40,3,97,32,wave_A
2026-10-02T06:56:32,3392,S2,25,green,0,3392,3432,3432,2026-10-02T06:56:32,2026-10-02T06:57:12,2026-10-02T06:57:12,2026-10-02T06:57:15,2026-10-02T06:57:15,2026-10-02T06:58:52,3392,3432,3432,3435,3435,3532,40,3,97,32,wave_A
2026-10-02T06:57:12,3432,S2,25,amber,0,3432,3435,3435,2026-10-02T06:56:32,2026-10-02T06:57:12,2026-10-02T06:57:12,2026-10-02T06:57:15,2026-10-02T06:57:15,2026-10-02T06:58:52,3392,3432,3432,3435,3435,3532,40,3,97,32,wave_A
2026-10-02T06:57:15,3435,S2,25,red,0,3435,3532,3532,2026-10-02T06:56:32,2026-10-02T06:57:12,2026-10-02T06:57:12,2026-10-02T06:57:15,2026-10-02T06:57:15,2026-10-02T06:58:52,3392,3432,3432,3435,3435,3532,40,3,97,32,wave_A
2026-10-02T06:58:52,3532,S2,26,green,0,3532,3572,3572,2026-10-02T06:58:52,2026-10-02T06:59:32,2026-10-02T06:59:32,2026-10-02T06:59:35,2026-10-02T06:59:35,2026-10-02T07:01:12,3532,3572,3572,3575,3575,3672,40,3,97,32,wave_A
2026-10-02T06:59:32,3572,S2,26,amber,0,3572,3575,3575,2026-10-02T06:58:52,2026-10-02T06:59:32,2026-10-02T06:59:32,2026-10-02T06:59:35,2026-10-02T06:59:35,2026-10-02T07:01:12,3532,3572,3572,3575,3575,3672,40,3,97,32,wave_A
2026-10-02T06:59:35,3575,S2,26,red,0,3575,3672,3672,2026-10-02T06:58:52,2026-10-02T06:59:32,2026-10-02T06:59:32,2026-10-02T06:59:35,2026-10-02T06:59:35,2026-10-02T07:01:12,3532,3572,3572,3575,3575,3672,40,3,97,32,wave_A
2026-10-02T07:01:12,3672,S2,27,green,0,3672,3712,3712,2026-10-02T07:01:12,2026-10-02T07:01:52,2026-10-02T07:01:52,2026-10-02T07:01:55,2026-10-02T07:01:55,2026-10-02T07:03:32,3672,3712,3712,3715,3715,3812,40,3,97,32,wave_A
2026-10-02T07:01:52,3712,S2,27,amber,0,3712,3715,3715,2026-10-02T07:01:12,2026-10-02T07:01:52,2026-10-02T07:01:52,2026-10-02T07:01:55,2026-10-02T07:01:55,2026-10-02T07:03:32,3672,3712,3712,3715,3715,3812,40,3,97,32,wave_A
2026-10-02T07:01:55,3715,S2,27,red,0,3715,3812,3812,2026-10-02T07:01:12,2026-10-02T07:01:52,2026-10-02T07:01:52,2026-10-02T07:01:55,2026-10-02T07:01:55,2026-10-02T07:03:32,3672,3712,3712,3715,3715,3812,40,3,97,32,wave_A
2026-10-02T07:03:32,3812,S2,28,green,0,3812,3852,3852,2026-10-02T07:03:32,2026-10-02T07:04:12,2026-10-02T07:04:12,2026-10-02T07:04:15,2026-10-02T07:04:15,2026-10-02T07:05:52,3812,3852,3852,3855,3855,3952,40,3,97,32,wave_A
2026-10-02T07:04:12,3852,S2,28,amber,0,3852,3855,3855,2026-10-02T07:03:32,2026-10-02T07:04:12,2026-10-02T07:04:12,2026-10-02T07:04:15,2026-10-02T07:04:15,2026-10-02T07:05:52,3812,3852,3852,3855,3855,3952,40,3,97,32,wave_A
2026-10-02T07:04:15,3855,S2,28,red,0,3855,3952,3952,2026-10-02T07:03:32,2026-10-02T07:04:12,2026-10-02T07:04:12,2026-10-02T07:04:15,2026-10-02T07:04:15,2026-10-02T07:05:52,3812,3852,3852,3855,3855,3952,40,3,97,32,wave_A
2026-10-02T07:05:52,3952,S2,29,green,0,3952,3992,3992,2026-10-02T07:05:52,2026-10-02T07:06:32,2026-10-02T07:06:32,2026-10-02T07:06:35,2026-10-02T07:06:35,2026-10-02T07:08:12,3952,3992,3992,3995,3995,4092,40,3,97,32,wave_A
2026-10-02T07:06:32,3992,S2,29,amber,0,3992,3995,3995,2026-10-02T07:05:52,2026-10-02T07:06:32,2026-10-02T07:06:32,2026-10-02T07:06:35,2026-10-02T07:06:35,2026-10-02T07:08:12,3952,3992,3992,3995,3995,4092,40,3,97,32,wave_A
2026-10-02T07:06:35,3995,S2,29,red,0,3995,4092,4092,2026-10-02T07:05:52,2026-10-02T07:06:32,2026-10-02T07:06:32,2026-10-02T07:06:35,2026-10-02T07:06:35,2026-10-02T07:08:12,3952,3992,3992,3995,3995,4092,40,3,97,32,wave_A
2026-10-02T07:08:12,4092,S2,30,green,0,4092,4132,4132,2026-10-02T07:08:12,2026-10-02T07:08:52,2026-10-02T07:08:52,2026-10-02T07:08:55,2026-10-02T07:08:55,2026-10-02T07:10:32,4092,4132,4132,4135,4135,4232,40,3,97,32,wave_A
2026-10-02T07:08:52,4132,S2,30,amber,0,4132,4135,4135,2026-10-02T07:08:12,2026-10-02T07:08:52,2026-10-02T07:08:52,2026-10-02T07:08:55,2026-10-02T07:08:55,2026-10-02T07:10:32,4092,4132,4132,4135,4135,4232,40,3,97,32,wave_A
2026-10-02T07:08:55,4135,S2,30,red,0,4135,4232,4232,2026-10-02T07:08:12,2026-10-02T07:08:52,2026-10-02T07:08:52,2026-10-02T07:08:55,2026-10-02T07:08:55,2026-10-02T07:10:32,4092,4132,4132,4135,4135,4232,40,3,97,32,wave_A
2026-10-02T07:10:32,4232,S2,31,green,0,4232,4272,4272,2026-10-02T07:10:32,2026-10-02T07:11:12,2026-10-02T07:11:12,2026-10-02T07:11:15,2026-10-02T07:11:15,2026-10-02T07:12:52,4232,4272,4272,4275,4275,4372,40,3,97,32,wave_A
2026-10-02T07:11:12,4272,S2,31,amber,0,4272,4275,4275,2026-10-02T07:10:32,2026-10-02T07:11:12,2026-10-02T07:11:12,2026-10-02T07:11:15,2026-10-02T07:11:15,2026-10-02T07:12:52,4232,4272,4272,4275,4275,4372,40,3,97,32,wave_A
2026-10-02T07:11:15,4275,S2,31,red,0,4275,4372,4372,2026-10-02T07:10:32,2026-10-02T07:11:12,2026-10-02T07:11:12,2026-10-02T07:11:15,2026-10-02T07:11:15,2026-10-02T07:12:52,4232,4272,4272,4275,4275,4372,40,3,97,32,wave_A
2026-10-02T07:12:52,4372,S2,32,green,0,4372,4412,4412,2026-10-02T07:12:52,2026-10-02T07:13:32,2026-10-02T07:13:32,2026-10-02T07:13:35,2026-10-02T07:13:35,2026-10-02T07:15:12,4372,4412,4412,4415,4415,4512,40,3,97,32,wave_A
2026-10-02T07:13:32,4412,S2,32,amber,0,4412,4415,4415,2026-10-02T07:12:52,2026-10-02T07:13:32,2026-10-02T07:13:32,2026-10-02T07:13:35,2026-10-02T07:13:35,2026-10-02T07:15:12,4372,4412,4412,4415,4415,4512,40,3,97,32,wave_A
2026-10-02T07:13:35,4415,S2,32,red,0,4415,4512,4512,2026-10-02T07:12:52,2026-10-02T07:13:32,2026-10-02T07:13:32,2026-10-02T07:13:35,2026-10-02T07:13:35,2026-10-02T07:15:12,4372,4412,4412,4415,4415,4512,40,3,97,32,wave_A
2026-10-02T07:15:12,4512,S2,33,green,0,4512,4552,4552,2026-10-02T07:15:12,2026-10-02T07:15:52,2026-10-02T07:15:52,2026-10-02T07:15:55,2026-10-02T07:15:55,2026-10-02T07:17:32,4512,4552,4552,4555,4555,4652,40,3,97,32,wave_A
2026-10-02T07:15:52,4552,S2,33,amber,0,4552,4555,4555,2026-10-02T07:15:12,2026-10-02T07:15:52,2026-10-02T07:15:52,2026-10-02T07:15:55,2026-10-02T07:15:55,2026-10-02T07:17:32,4512,4552,4552,4555,4555,4652,40,3,97,32,wave_A
2026-10-02T07:15:55,4555,S2,33,red,0,4555,4652,4652,2026-10-02T07:15:12,2026-10-02T07:15:52,2026-10-02T07:15:52,2026-10-02T07:15:55,2026-10-02T07:15:55,2026-10-02T07:17:32,4512,4552,4552,4555,4555,4652,40,3,97,32,wave_A
2026-10-02T07:17:32,4652,S2,34,green,0,4652,4692,4692,2026-10-02T07:17:32,2026-10-02T07:18:12,2026-10-02T07:18:12,2026-10-02T07:18:15,2026-10-02T07:18:15,2026-10-02T07:19:52,4652,4692,4692,4695,4695,4792,40,3,97,32,wave_A
2026-10-02T07:18:12,4692,S2,34,amber,0,4692,4695,4695,2026-10-02T07:17:32,2026-10-02T07:18:12,2026-10-02T07:18:12,2026-10-02T07:18:15,2026-10-02T07:18:15,2026-10-02T07:19:52,4652,4692,4692,4695,4695,4792,40,3,97,32,wave_A
2026-10-02T07:18:15,4695,S2,34,red,0,4695,4792,4792,2026-10-02T07:17:32,2026-10-02T07:18:12,2026-10-02T07:18:12,2026-10-02T07:18:15,2026-10-02T07:18:15,2026-10-02T07:19:52,4652,4692,4692,4695,4695,4792,40,3,97,32,wave_A
2026-10-02T07:19:52,4792,S2,35,green,0,4792,4832,4832,2026-10-02T07:19:52,2026-10-02T07:20:32,2026-10-02T07:20:32,2026-10-02T07:20:35,2026-10-02T07:20:35,2026-10-02T07:22:12,4792,4832,4832,4835,4835,4932,40,3,97,32,wave_A
2026-10-02T07:20:32,4832,S2,35,amber,0,4832,4835,4835,2026-10-02T07:19:52,2026-10-02T07:20:32,2026-10-02T07:20:32,2026-10-02T07:20:35,2026-10-02T07:20:35,2026-10-02T07:22:12,4792,4832,4832,4835,4835,4932,40,3,97,32,wave_A
2026-10-02T07:20:35,4835,S2,35,red,0,4835,4932,4932,2026-10-02T07:19:52,2026-10-02T07:20:32,2026-10-02T07:20:32,2026-10-02T07:20:35,2026-10-02T07:20:35,2026-10-02T07:22:12,4792,4832,4832,4835,4835,4932,40,3,97,32,wave_A
2026-10-02T07:22:12,4932,S2,36,green,0,4932,4972,4972,2026-10-02T07:22:12,2026-10-02T07:22:52,2026-10-02T07:22:52,2026-10-02T07:22:55,2026-10-02T07:22:55,2026-10-02T07:24:32,4932,4972,4972,4975,4975,5072,40,3,97,32,wave_A
2026-10-02T07:22:52,4972,S2,36,amber,0,4972,4975,4975,2026-10-02T07:22:12,2026-10-02T07:22:52,2026-10-02T07:22:52,2026-10-02T07:22:55,2026-10-02T07:22:55,2026-10-02T07:24:32,4932,4972,4972,4975,4975,5072,40,3,97,32,wave_A
2026-10-02T07:22:55,4975,S2,36,red,0,4975,5072,5072,2026-10-02T07:22:12,2026-10-02T07:22:52,2026-10-02T07:22:52,2026-10-02T07:22:55,2026-10-02T07:22:55,2026-10-02T07:24:32,4932,4972,4972,4975,4975,5072,40,3,97,32,wave_A
2026-10-02T07:24:32,5072,S2,37,green,0,5072,5112,5112,2026-10-02T07:24:32,2026-10-02T07:25:12,2026-10-02T07:25:12,2026-10-02T07:25:15,2026-10-02T07:25:15,2026-10-02T07:26:52,5072,5112,5112,5115,5115,5212,40,3,97,32,wave_A
2026-10-02T07:25:12,5112,S2,37,amber,0,5112,5115,5115,2026-10-02T07:24:32,2026-10-02T07:25:12,2026-10-02T07:25:12,2026-10-02T07:25:15,2026-10-02T07:25:15,2026-10-02T07:26:52,5072,5112,5112,5115,5115,5212,40,3,97,32,wave_A
2026-10-02T07:25:15,5115,S2,37,red,0,5115,5212,5212,2026-10-02T07:24:32,2026-10-02T07:25:12,2026-10-02T07:25:12,2026-10-02T07:25:15,2026-10-02T07:25:15,2026-10-02T07:26:52,5072,5112,5112,5115,5115,5212,40,3,97,32,wave_A
2026-10-02T07:26:52,5212,S2,38,green,0,5212,5252,5252,2026-10-02T07:26:52,2026-10-02T07:27:32,2026-10-02T07:27:32,2026-10-02T07:27:35,2026-10-02T07:27:35,2026-10-02T07:29:12,5212,5252,5252,5255,5255,5352,40,3,97,32,wave_A
2026-10-02T07:27:32,5252,S2,38,amber,0,5252,5255,5255,2026-10-02T07:26:52,2026-10-02T07:27:32,2026-10-02T07:27:32,2026-10-02T07:27:35,2026-10-02T07:27:35,2026-10-02T07:29:12,5212,5252,5252,5255,5255,5352,40,3,97,32,wave_A
2026-10-02T07:27:35,5255,S2,38,red,0,5255,5352,5352,2026-10-02T07:26:52,2026-10-02T07:27:32,2026-10-02T07:27:32,2026-10-02T07:27:35,2026-10-02T07:27:35,2026-10-02T07:29:12,5212,5252,5252,5255,5255,5352,40,3,97,32,wave_A
2026-10-02T07:29:12,5352,S2,39,green,0,5352,5392,5392,2026-10-02T07:29:12,2026-10-02T07:29:52,2026-10-02T07:29:52,2026-10-02T07:29:55,2026-10-02T07:29:55,2026-10-02T07:31:32,5352,5392,5392,5395,5395,5492,40,3,97,32,wave_A
2026-10-02T07:29:52,5392,S2,39,amber,0,5392,5395,5395,2026-10-02T07:29:12,2026-10-02T07:29:52,2026-10-02T07:29:52,2026-10-02T07:29:55,2026-10-02T07:29:55,2026-10-02T07:31:32,5352,5392,5392,5395,5395,5492,40,3,97,32,wave_A
2026-10-02T07:29:55,5395,S2,39,red,0,5395,5492,5492,2026-10-02T07:29:12,2026-10-02T07:29:52,2026-10-02T07:29:52,2026-10-02T07:29:55,2026-10-02T07:29:55,2026-10-02T07:31:32,5352,5392,5392,5395,5395,5492,40,3,97,32,wave_A
2026-10-02T07:31:32,5492,S2,40,green,0,5492,5532,5532,2026-10-02T07:31:32,2026-10-02T07:32:12,2026-10-02T07:32:12,2026-10-02T07:32:15,2026-10-02T07:32:15,2026-10-02T07:33:52,5492,5532,5532,5535,5535,5632,40,3,97,32,wave_A
2026-10-02T07:32:12,5532,S2,40,amber,0,5532,5535,5535,2026-10-02T07:31:32,2026-10-02T07:32:12,2026-10-02T07:32:12,2026-10-02T07:32:15,2026-10-02T07:32:15,2026-10-02T07:33:52,5492,5532,5532,5535,5535,5632,40,3,97,32,wave_A
2026-10-02T07:32:15,5535,S2,40,red,0,5535,5632,5632,2026-10-02T07:31:32,2026-10-02T07:32:12,2026-10-02T07:32:12,2026-10-02T07:32:15,2026-10-02T07:32:15,2026-10-02T07:33:52,5492,5532,5532,5535,5535,5632,40,3,97,32,wave_A
2026-10-02T07:33:52,5632,S2,41,green,0,5632,5672,5672,2026-10-02T07:33:52,2026-10-02T07:34:32,2026-10-02T07:34:32,2026-10-02T07:34:35,2026-10-02T07:34:35,2026-10-02T07:36:12,5632,5672,5672,5675,5675,5772,40,3,97,32,wave_A
2026-10-02T07:34:32,5672,S2,41,amber,0,5672,5675,5675,2026-10-02T07:33:52,2026-10-02T07:34:32,2026-10-02T07:34:32,2026-10-02T07:34:35,2026-10-02T07:34:35,2026-10-02T07:36:12,5632,5672,5672,5675,5675,5772,40,3,97,32,wave_A
2026-10-02T07:34:35,5675,S2,41,red,0,5675,5772,5772,2026-10-02T07:33:52,2026-10-02T07:34:32,2026-10-02T07:34:32,2026-10-02T07:34:35,2026-10-02T07:34:35,2026-10-02T07:36:12,5632,5672,5672,5675,5675,5772,40,3,97,32,wave_A
2026-10-02T07:36:12,5772,S2,42,green,0,5772,5812,5812,2026-10-02T07:36:12,2026-10-02T07:36:52,2026-10-02T07:36:52,2026-10-02T07:36:55,2026-10-02T07:36:55,2026-10-02T07:38:32,5772,5812,5812,5815,5815,5912,40,3,97,32,wave_A
2026-10-02T07:36:52,5812,S2,42,amber,0,5812,5815,5815,2026-10-02T07:36:12,2026-10-02T07:36:52,2026-10-02T07:36:52,2026-10-02T07:36:55,2026-10-02T07:36:55,2026-10-02T07:38:32,5772,5812,5812,5815,5815,5912,40,3,97,32,wave_A
2026-10-02T07:36:55,5815,S2,42,red,0,5815,5912,5912,2026-10-02T07:36:12,2026-10-02T07:36:52,2026-10-02T07:36:52,2026-10-02T07:36:55,2026-10-02T07:36:55,2026-10-02T07:38:32,5772,5812,5812,5815,5815,5912,40,3,97,32,wave_A
2026-10-02T07:38:32,5912,S2,43,green,0,5912,5952,5952,2026-10-02T07:38:32,2026-10-02T07:39:12,2026-10-02T07:39:12,2026-10-02T07:39:15,2026-10-02T07:39:15,2026-10-02T07:40:52,5912,5952,5952,5955,5955,6052,40,3,97,32,wave_A
2026-10-02T07:39:12,5952,S2,43,amber,0,5952,5955,5955,2026-10-02T07:38:32,2026-10-02T07:39:12,2026-10-02T07:39:12,2026-10-02T07:39:15,2026-10-02T07:39:15,2026-10-02T07:40:52,5912,5952,5952,5955,5955,6052,40,3,97,32,wave_A
2026-10-02T07:39:15,5955,S2,43,red,0,5955,6052,6052,2026-10-02T07:38:32,2026-10-02T07:39:12,2026-10-02T07:39:12,2026-10-02T07:39:15,2026-10-02T07:39:15,2026-10-02T07:40:52,5912,5952,5952,5955,5955,6052,40,3,97,32,wave_A
2026-10-02T07:40:52,6052,S2,44,green,0,6052,6092,6092,2026-10-02T07:40:52,2026-10-02T07:41:32,2026-10-02T07:41:32,2026-10-02T07:41:35,2026-10-02T07:41:35,2026-10-02T07:43:12,6052,6092,6092,6095,6095,6192,40,3,97,32,wave_A
2026-10-02T07:41:32,6092,S2,44,amber,0,6092,6095,6095,2026-10-02T07:40:52,2026-10-02T07:41:32,2026-10-02T07:41:32,2026-10-02T07:41:35,2026-10-02T07:41:35,2026-10-02T07:43:12,6052,6092,6092,6095,6095,6192,40,3,97,32,wave_A
2026-10-02T07:41:35,6095,S2,44,red,0,6095,6192,6192,2026-10-02T07:40:52,2026-10-02T07:41:32,2026-10-02T07:41:32,2026-10-02T07:41:35,2026-10-02T07:41:35,2026-10-02T07:43:12,6052,6092,6092,6095,6095,6192,40,3,97,32,wave_A
2026-10-02T07:43:12,6192,S2,45,green,0,6192,6232,6232,2026-10-02T07:43:12,2026-10-02T07:43:52,2026-10-02T07:43:52,2026-10-02T07:43:55,2026-10-02T07:43:55,2026-10-02T07:45:32,6192,6232,6232,6235,6235,6332,40,3,97,32,wave_A
2026-10-02T07:43:52,6232,S2,45,amber,0,6232,6235,6235,2026-10-02T07:43:12,2026-10-02T07:43:52,2026-10-02T07:43:52,2026-10-02T07:43:55,2026-10-02T07:43:55,2026-10-02T07:45:32,6192,6232,6232,6235,6235,6332,40,3,97,32,wave_A
2026-10-02T07:43:55,6235,S2,45,red,0,6235,6332,6332,2026-10-02T07:43:12,2026-10-02T07:43:52,2026-10-02T07:43:52,2026-10-02T07:43:55,2026-10-02T07:43:55,2026-10-02T07:45:32,6192,6232,6232,6235,6235,6332,40,3,97,32,wave_A
2026-10-02T07:45:32,6332,S2,46,green,0,6332,6372,6372,2026-10-02T07:45:32,2026-10-02T07:46:12,2026-10-02T07:46:12,2026-10-02T07:46:15,2026-10-02T07:46:15,2026-10-02T07:47:52,6332,6372,6372,6375,6375,6472,40,3,97,32,wave_A
2026-10-02T07:46:12,6372,S2,46,amber,0,6372,6375,6375,2026-10-02T07:45:32,2026-10-02T07:46:12,2026-10-02T07:46:12,2026-10-02T07:46:15,2026-10-02T07:46:15,2026-10-02T07:47:52,6332,6372,6372,6375,6375,6472,40,3,97,32,wave_A
2026-10-02T07:46:15,6375,S2,46,red,0,6375,6472,6472,2026-10-02T07:45:32,2026-10-02T07:46:12,2026-10-02T07:46:12,2026-10-02T07:46:15,2026-10-02T07:46:15,2026-10-02T07:47:52,6332,6372,6372,6375,6375,6472,40,3,97,32,wave_A
2026-10-02T07:47:52,6472,S2,47,green,0,6472,6512,6512,2026-10-02T07:47:52,2026-10-02T07:48:32,2026-10-02T07:48:32,2026-10-02T07:48:35,2026-10-02T07:48:35,2026-10-02T07:50:12,6472,6512,6512,6515,6515,6612,40,3,97,32,wave_A
2026-10-02T07:48:32,6512,S2,47,amber,0,6512,6515,6515,2026-10-02T07:47:52,2026-10-02T07:48:32,2026-10-02T07:48:32,2026-10-02T07:48:35,2026-10-02T07:48:35,2026-10-02T07:50:12,6472,6512,6512,6515,6515,6612,40,3,97,32,wave_A
2026-10-02T07:48:35,6515,S2,47,red,0,6515,6612,6612,2026-10-02T07:47:52,2026-10-02T07:48:32,2026-10-02T07:48:32,2026-10-02T07:48:35,2026-10-02T07:48:35,2026-10-02T07:50:12,6472,6512,6512,6515,6515,6612,40,3,97,32,wave_A
2026-10-02T07:50:12,6612,S2,48,green,0,6612,6652,6652,2026-10-02T07:50:12,2026-10-02T07:50:52,2026-10-02T07:50:52,2026-10-02T07:50:55,2026-10-02T07:50:55,2026-10-02T07:52:32,6612,6652,6652,6655,6655,6752,40,3,97,32,wave_A
2026-10-02T07:50:52,6652,S2,48,amber,0,6652,6655,6655,2026-10-02T07:50:12,2026-10-02T07:50:52,2026-10-02T07:50:52,2026-10-02T07:50:55,2026-10-02T07:50:55,2026-10-02T07:52:32,6612,6652,6652,6655,6655,6752,40,3,97,32,wave_A
2026-10-02T07:50:55,6655,S2,48,red,0,6655,6752,6752,2026-10-02T07:50:12,2026-10-02T07:50:52,2026-10-02T07:50:52,2026-10-02T07:50:55,2026-10-02T07:50:55,2026-10-02T07:52:32,6612,6652,6652,6655,6655,6752,40,3,97,32,wave_A
2026-10-02T07:52:32,6752,S2,49,green,0,6752,6792,6792,2026-10-02T07:52:32,2026-10-02T07:53:12,2026-10-02T07:53:12,2026-10-02T07:53:15,2026-10-02T07:53:15,2026-10-02T07:54:52,6752,6792,6792,6795,6795,6892,40,3,97,32,wave_A
2026-10-02T07:53:12,6792,S2,49,amber,0,6792,6795,6795,2026-10-02T07:52:32,2026-10-02T07:53:12,2026-10-02T07:53:12,2026-10-02T07:53:15,2026-10-02T07:53:15,2026-10-02T07:54:52,6752,6792,6792,6795,6795,6892,40,3,97,32,wave_A
2026-10-02T07:53:15,6795,S2,49,red,0,6795,6892,6892,2026-10-02T07:52:32,2026-10-02T07:53:12,2026-10-02T07:53:12,2026-10-02T07:53:15,2026-10-02T07:53:15,2026-10-02T07:54:52,6752,6792,6792,6795,6795,6892,40,3,97,32,wave_A
2026-10-02T07:54:52,6892,S2,50,green,0,6892,6932,6932,2026-10-02T07:54:52,2026-10-02T07:55:32,2026-10-02T07:55:32,2026-10-02T07:55:35,2026-10-02T07:55:35,2026-10-02T07:57:12,6892,6932,6932,6935,6935,7032,40,3,97,32,wave_A
2026-10-02T07:55:32,6932,S2,50,amber,0,6932,6935,6935,2026-10-02T07:54:52,2026-10-02T07:55:32,2026-10-02T07:55:32,2026-10-02T07:55:35,2026-10-02T07:55:35,2026-10-02T07:57:12,6892,6932,6932,6935,6935,7032,40,3,97,32,wave_A
2026-10-02T07:55:35,6935,S2,50,red,0,6935,7032,7032,2026-10-02T07:54:52,2026-10-02T07:55:32,2026-10-02T07:55:32,2026-10-02T07:55:35,2026-10-02T07:55:35,2026-10-02T07:57:12,6892,6932,6932,6935,6935,7032,40,3,97,32,wave_A
2026-10-02T07:57:12,7032,S2,51,green,0,7032,7072,7072,2026-10-02T07:57:12,2026-10-02T07:57:52,2026-10-02T07:57:52,2026-10-02T07:57:55,2026-10-02T07:57:55,2026-10-02T07:59:32,7032,7072,7072,7075,7075,7172,40,3,97,32,wave_A
2026-10-02T07:57:52,7072,S2,51,amber,0,7072,7075,7075,2026-10-02T07:57:12,2026-10-02T07:57:52,2026-10-02T07:57:52,2026-10-02T07:57:55,2026-10-02T07:57:55,2026-10-02T07:59:32,7032,7072,7072,7075,7075,7172,40,3,97,32,wave_A
2026-10-02T07:57:55,7075,S2,51,red,0,7075,7172,7172,2026-10-02T07:57:12,2026-10-02T07:57:52,2026-10-02T07:57:52,2026-10-02T07:57:55,2026-10-02T07:57:55,2026-10-02T07:59:32,7032,7072,7072,7075,7075,7172,40,3,97,32,wave_A
2026-10-02T07:59:32,7172,S2,52,green,0,7172,7212,7212,2026-10-02T07:59:32,2026-10-02T08:00:12,2026-10-02T08:00:12,2026-10-02T08:00:15,2026-10-02T08:00:15,2026-10-02T08:01:52,7172,7212,7212,7215,7215,7312,40,3,97,32,wave_A
2026-10-02T08:00:12,7212,S2,52,amber,0,7212,7215,7215,2026-10-02T07:59:32,2026-10-02T08:00:12,2026-10-02T08:00:12,2026-10-02T08:00:15,2026-10-02T08:00:15,2026-10-02T08:01:52,7172,7212,7212,7215,7215,7312,40,3,97,32,wave_A
2026-10-02T08:00:15,7215,S2,52,red,0,7215,7312,7280,2026-10-02T07:59:32,2026-10-02T08:00:12,2026-10-02T08:00:12,2026-10-02T08:00:15,2026-10-02T08:00:15,2026-10-02T08:01:52,7172,7212,7212,7215,7215,7312,40,3,97,32,wave_A
2026-10-02T06:00:00,0,S3,0,red,4,-4,78,78,2026-10-02T05:58:58,2026-10-02T05:59:53,2026-10-02T05:59:53,2026-10-02T05:59:56,2026-10-02T05:59:56,2026-10-02T06:01:18,-62,-7,-7,-4,-4,78,55,3,82,78,wave_A
2026-10-02T06:01:18,78,S3,1,green,0,78,133,133,2026-10-02T06:01:18,2026-10-02T06:02:13,2026-10-02T06:02:13,2026-10-02T06:02:16,2026-10-02T06:02:16,2026-10-02T06:03:38,78,133,133,136,136,218,55,3,82,78,wave_A
2026-10-02T06:02:13,133,S3,1,amber,0,133,136,136,2026-10-02T06:01:18,2026-10-02T06:02:13,2026-10-02T06:02:13,2026-10-02T06:02:16,2026-10-02T06:02:16,2026-10-02T06:03:38,78,133,133,136,136,218,55,3,82,78,wave_A
2026-10-02T06:02:16,136,S3,1,red,0,136,218,218,2026-10-02T06:01:18,2026-10-02T06:02:13,2026-10-02T06:02:13,2026-10-02T06:02:16,2026-10-02T06:02:16,2026-10-02T06:03:38,78,133,133,136,136,218,55,3,82,78,wave_A
2026-10-02T06:03:38,218,S3,2,green,0,218,273,273,2026-10-02T06:03:38,2026-10-02T06:04:33,2026-10-02T06:04:33,2026-10-02T06:04:36,2026-10-02T06:04:36,2026-10-02T06:05:58,218,273,273,276,276,358,55,3,82,78,wave_A
2026-10-02T06:04:33,273,S3,2,amber,0,273,276,276,2026-10-02T06:03:38,2026-10-02T06:04:33,2026-10-02T06:04:33,2026-10-02T06:04:36,2026-10-02T06:04:36,2026-10-02T06:05:58,218,273,273,276,276,358,55,3,82,78,wave_A
2026-10-02T06:04:36,276,S3,2,red,0,276,358,358,2026-10-02T06:03:38,2026-10-02T06:04:33,2026-10-02T06:04:33,2026-10-02T06:04:36,2026-10-02T06:04:36,2026-10-02T06:05:58,218,273,273,276,276,358,55,3,82,78,wave_A
2026-10-02T06:05:58,358,S3,3,green,0,358,413,413,2026-10-02T06:05:58,2026-10-02T06:06:53,2026-10-02T06:06:53,2026-10-02T06:06:56,2026-10-02T06:06:56,2026-10-02T06:08:18,358,413,413,416,416,498,55,3,82,78,wave_A
2026-10-02T06:06:53,413,S3,3,amber,0,413,416,416,2026-10-02T06:05:58,2026-10-02T06:06:53,2026-10-02T06:06:53,2026-10-02T06:06:56,2026-10-02T06:06:56,2026-10-02T06:08:18,358,413,413,416,416,498,55,3,82,78,wave_A
2026-10-02T06:06:56,416,S3,3,red,0,416,498,498,2026-10-02T06:05:58,2026-10-02T06:06:53,2026-10-02T06:06:53,2026-10-02T06:06:56,2026-10-02T06:06:56,2026-10-02T06:08:18,358,413,413,416,416,498,55,3,82,78,wave_A
2026-10-02T06:08:18,498,S3,4,green,0,498,553,553,2026-10-02T06:08:18,2026-10-02T06:09:13,2026-10-02T06:09:13,2026-10-02T06:09:16,2026-10-02T06:09:16,2026-10-02T06:10:38,498,553,553,556,556,638,55,3,82,78,wave_A
2026-10-02T06:09:13,553,S3,4,amber,0,553,556,556,2026-10-02T06:08:18,2026-10-02T06:09:13,2026-10-02T06:09:13,2026-10-02T06:09:16,2026-10-02T06:09:16,2026-10-02T06:10:38,498,553,553,556,556,638,55,3,82,78,wave_A
2026-10-02T06:09:16,556,S3,4,red,0,556,638,638,2026-10-02T06:08:18,2026-10-02T06:09:13,2026-10-02T06:09:13,2026-10-02T06:09:16,2026-10-02T06:09:16,2026-10-02T06:10:38,498,553,553,556,556,638,55,3,82,78,wave_A
2026-10-02T06:10:38,638,S3,5,green,0,638,693,693,2026-10-02T06:10:38,2026-10-02T06:11:33,2026-10-02T06:11:33,2026-10-02T06:11:36,2026-10-02T06:11:36,2026-10-02T06:12:58,638,693,693,696,696,778,55,3,82,78,wave_A
2026-10-02T06:11:33,693,S3,5,amber,0,693,696,696,2026-10-02T06:10:38,2026-10-02T06:11:33,2026-10-02T06:11:33,2026-10-02T06:11:36,2026-10-02T06:11:36,2026-10-02T06:12:58,638,693,693,696,696,778,55,3,82,78,wave_A
2026-10-02T06:11:36,696,S3,5,red,0,696,778,778,2026-10-02T06:10:38,2026-10-02T06:11:33,2026-10-02T06:11:33,2026-10-02T06:11:36,2026-10-02T06:11:36,2026-10-02T06:12:58,638,693,693,696,696,778,55,3,82,78,wave_A
2026-10-02T06:12:58,778,S3,6,green,0,778,833,833,2026-10-02T06:12:58,2026-10-02T06:13:53,2026-10-02T06:13:53,2026-10-02T06:13:56,2026-10-02T06:13:56,2026-10-02T06:15:18,778,833,833,836,836,918,55,3,82,78,wave_A
2026-10-02T06:13:53,833,S3,6,amber,0,833,836,836,2026-10-02T06:12:58,2026-10-02T06:13:53,2026-10-02T06:13:53,2026-10-02T06:13:56,2026-10-02T06:13:56,2026-10-02T06:15:18,778,833,833,836,836,918,55,3,82,78,wave_A
2026-10-02T06:13:56,836,S3,6,red,0,836,918,918,2026-10-02T06:12:58,2026-10-02T06:13:53,2026-10-02T06:13:53,2026-10-02T06:13:56,2026-10-02T06:13:56,2026-10-02T06:15:18,778,833,833,836,836,918,55,3,82,78,wave_A
2026-10-02T06:15:18,918,S3,7,green,0,918,973,973,2026-10-02T06:15:18,2026-10-02T06:16:13,2026-10-02T06:16:13,2026-10-02T06:16:16,2026-10-02T06:16:16,2026-10-02T06:17:38,918,973,973,976,976,1058,55,3,82,78,wave_A
2026-10-02T06:16:13,973,S3,7,amber,0,973,976,976,2026-10-02T06:15:18,2026-10-02T06:16:13,2026-10-02T06:16:13,2026-10-02T06:16:16,2026-10-02T06:16:16,2026-10-02T06:17:38,918,973,973,976,976,1058,55,3,82,78,wave_A
2026-10-02T06:16:16,976,S3,7,red,0,976,1058,1058,2026-10-02T06:15:18,2026-10-02T06:16:13,2026-10-02T06:16:13,2026-10-02T06:16:16,2026-10-02T06:16:16,2026-10-02T06:17:38,918,973,973,976,976,1058,55,3,82,78,wave_A
2026-10-02T06:17:38,1058,S3,8,green,0,1058,1113,1113,2026-10-02T06:17:38,2026-10-02T06:18:33,2026-10-02T06:18:33,2026-10-02T06:18:36,2026-10-02T06:18:36,2026-10-02T06:19:58,1058,1113,1113,1116,1116,1198,55,3,82,78,wave_A
2026-10-02T06:18:33,1113,S3,8,amber,0,1113,1116,1116,2026-10-02T06:17:38,2026-10-02T06:18:33,2026-10-02T06:18:33,2026-10-02T06:18:36,2026-10-02T06:18:36,2026-10-02T06:19:58,1058,1113,1113,1116,1116,1198,55,3,82,78,wave_A
2026-10-02T06:18:36,1116,S3,8,red,0,1116,1198,1198,2026-10-02T06:17:38,2026-10-02T06:18:33,2026-10-02T06:18:33,2026-10-02T06:18:36,2026-10-02T06:18:36,2026-10-02T06:19:58,1058,1113,1113,1116,1116,1198,55,3,82,78,wave_A
2026-10-02T06:19:58,1198,S3,9,green,0,1198,1253,1253,2026-10-02T06:19:58,2026-10-02T06:20:53,2026-10-02T06:20:53,2026-10-02T06:20:56,2026-10-02T06:20:56,2026-10-02T06:22:18,1198,1253,1253,1256,1256,1338,55,3,82,78,wave_A
2026-10-02T06:20:53,1253,S3,9,amber,0,1253,1256,1256,2026-10-02T06:19:58,2026-10-02T06:20:53,2026-10-02T06:20:53,2026-10-02T06:20:56,2026-10-02T06:20:56,2026-10-02T06:22:18,1198,1253,1253,1256,1256,1338,55,3,82,78,wave_A
2026-10-02T06:20:56,1256,S3,9,red,0,1256,1338,1338,2026-10-02T06:19:58,2026-10-02T06:20:53,2026-10-02T06:20:53,2026-10-02T06:20:56,2026-10-02T06:20:56,2026-10-02T06:22:18,1198,1253,1253,1256,1256,1338,55,3,82,78,wave_A
2026-10-02T06:22:18,1338,S3,10,green,0,1338,1393,1393,2026-10-02T06:22:18,2026-10-02T06:23:13,2026-10-02T06:23:13,2026-10-02T06:23:16,2026-10-02T06:23:16,2026-10-02T06:24:38,1338,1393,1393,1396,1396,1478,55,3,82,78,wave_A
2026-10-02T06:23:13,1393,S3,10,amber,0,1393,1396,1396,2026-10-02T06:22:18,2026-10-02T06:23:13,2026-10-02T06:23:13,2026-10-02T06:23:16,2026-10-02T06:23:16,2026-10-02T06:24:38,1338,1393,1393,1396,1396,1478,55,3,82,78,wave_A
2026-10-02T06:23:16,1396,S3,10,red,0,1396,1478,1478,2026-10-02T06:22:18,2026-10-02T06:23:13,2026-10-02T06:23:13,2026-10-02T06:23:16,2026-10-02T06:23:16,2026-10-02T06:24:38,1338,1393,1393,1396,1396,1478,55,3,82,78,wave_A
2026-10-02T06:24:38,1478,S3,11,green,0,1478,1533,1533,2026-10-02T06:24:38,2026-10-02T06:25:33,2026-10-02T06:25:33,2026-10-02T06:25:36,2026-10-02T06:25:36,2026-10-02T06:26:58,1478,1533,1533,1536,1536,1618,55,3,82,78,wave_A
2026-10-02T06:25:33,1533,S3,11,amber,0,1533,1536,1536,2026-10-02T06:24:38,2026-10-02T06:25:33,2026-10-02T06:25:33,2026-10-02T06:25:36,2026-10-02T06:25:36,2026-10-02T06:26:58,1478,1533,1533,1536,1536,1618,55,3,82,78,wave_A
2026-10-02T06:25:36,1536,S3,11,red,0,1536,1618,1618,2026-10-02T06:24:38,2026-10-02T06:25:33,2026-10-02T06:25:33,2026-10-02T06:25:36,2026-10-02T06:25:36,2026-10-02T06:26:58,1478,1533,1533,1536,1536,1618,55,3,82,78,wave_A
2026-10-02T06:26:58,1618,S3,12,green,0,1618,1673,1673,2026-10-02T06:26:58,2026-10-02T06:27:53,2026-10-02T06:27:53,2026-10-02T06:27:56,2026-10-02T06:27:56,2026-10-02T06:29:18,1618,1673,1673,1676,1676,1758,55,3,82,78,wave_A
2026-10-02T06:27:53,1673,S3,12,amber,0,1673,1676,1676,2026-10-02T06:26:58,2026-10-02T06:27:53,2026-10-02T06:27:53,2026-10-02T06:27:56,2026-10-02T06:27:56,2026-10-02T06:29:18,1618,1673,1673,1676,1676,1758,55,3,82,78,wave_A
2026-10-02T06:27:56,1676,S3,12,red,0,1676,1758,1758,2026-10-02T06:26:58,2026-10-02T06:27:53,2026-10-02T06:27:53,2026-10-02T06:27:56,2026-10-02T06:27:56,2026-10-02T06:29:18,1618,1673,1673,1676,1676,1758,55,3,82,78,wave_A
2026-10-02T06:29:18,1758,S3,13,green,0,1758,1813,1813,2026-10-02T06:29:18,2026-10-02T06:30:13,2026-10-02T06:30:13,2026-10-02T06:30:16,2026-10-02T06:30:16,2026-10-02T06:31:38,1758,1813,1813,1816,1816,1898,55,3,82,78,wave_A
2026-10-02T06:30:13,1813,S3,13,amber,0,1813,1816,1816,2026-10-02T06:29:18,2026-10-02T06:30:13,2026-10-02T06:30:13,2026-10-02T06:30:16,2026-10-02T06:30:16,2026-10-02T06:31:38,1758,1813,1813,1816,1816,1898,55,3,82,78,wave_A
2026-10-02T06:30:16,1816,S3,13,red,0,1816,1898,1898,2026-10-02T06:29:18,2026-10-02T06:30:13,2026-10-02T06:30:13,2026-10-02T06:30:16,2026-10-02T06:30:16,2026-10-02T06:31:38,1758,1813,1813,1816,1816,1898,55,3,82,78,wave_A
2026-10-02T06:31:38,1898,S3,14,green,0,1898,1953,1953,2026-10-02T06:31:38,2026-10-02T06:32:33,2026-10-02T06:32:33,2026-10-02T06:32:36,2026-10-02T06:32:36,2026-10-02T06:33:58,1898,1953,1953,1956,1956,2038,55,3,82,78,wave_A
2026-10-02T06:32:33,1953,S3,14,amber,0,1953,1956,1956,2026-10-02T06:31:38,2026-10-02T06:32:33,2026-10-02T06:32:33,2026-10-02T06:32:36,2026-10-02T06:32:36,2026-10-02T06:33:58,1898,1953,1953,1956,1956,2038,55,3,82,78,wave_A
2026-10-02T06:32:36,1956,S3,14,red,0,1956,2038,2038,2026-10-02T06:31:38,2026-10-02T06:32:33,2026-10-02T06:32:33,2026-10-02T06:32:36,2026-10-02T06:32:36,2026-10-02T06:33:58,1898,1953,1953,1956,1956,2038,55,3,82,78,wave_A
2026-10-02T06:33:58,2038,S3,15,green,0,2038,2093,2093,2026-10-02T06:33:58,2026-10-02T06:34:53,2026-10-02T06:34:53,2026-10-02T06:34:56,2026-10-02T06:34:56,2026-10-02T06:36:18,2038,2093,2093,2096,2096,2178,55,3,82,78,wave_A
2026-10-02T06:34:53,2093,S3,15,amber,0,2093,2096,2096,2026-10-02T06:33:58,2026-10-02T06:34:53,2026-10-02T06:34:53,2026-10-02T06:34:56,2026-10-02T06:34:56,2026-10-02T06:36:18,2038,2093,2093,2096,2096,2178,55,3,82,78,wave_A
2026-10-02T06:34:56,2096,S3,15,red,0,2096,2178,2178,2026-10-02T06:33:58,2026-10-02T06:34:53,2026-10-02T06:34:53,2026-10-02T06:34:56,2026-10-02T06:34:56,2026-10-02T06:36:18,2038,2093,2093,2096,2096,2178,55,3,82,78,wave_A
2026-10-02T06:36:18,2178,S3,16,green,0,2178,2233,2233,2026-10-02T06:36:18,2026-10-02T06:37:13,2026-10-02T06:37:13,2026-10-02T06:37:16,2026-10-02T06:37:16,2026-10-02T06:38:38,2178,2233,2233,2236,2236,2318,55,3,82,78,wave_A
2026-10-02T06:37:13,2233,S3,16,amber,0,2233,2236,2236,2026-10-02T06:36:18,2026-10-02T06:37:13,2026-10-02T06:37:13,2026-10-02T06:37:16,2026-10-02T06:37:16,2026-10-02T06:38:38,2178,2233,2233,2236,2236,2318,55,3,82,78,wave_A
2026-10-02T06:37:16,2236,S3,16,red,0,2236,2318,2318,2026-10-02T06:36:18,2026-10-02T06:37:13,2026-10-02T06:37:13,2026-10-02T06:37:16,2026-10-02T06:37:16,2026-10-02T06:38:38,2178,2233,2233,2236,2236,2318,55,3,82,78,wave_A
2026-10-02T06:38:38,2318,S3,17,green,0,2318,2373,2373,2026-10-02T06:38:38,2026-10-02T06:39:33,2026-10-02T06:39:33,2026-10-02T06:39:36,2026-10-02T06:39:36,2026-10-02T06:40:58,2318,2373,2373,2376,2376,2458,55,3,82,78,wave_A
2026-10-02T06:39:33,2373,S3,17,amber,0,2373,2376,2376,2026-10-02T06:38:38,2026-10-02T06:39:33,2026-10-02T06:39:33,2026-10-02T06:39:36,2026-10-02T06:39:36,2026-10-02T06:40:58,2318,2373,2373,2376,2376,2458,55,3,82,78,wave_A
2026-10-02T06:39:36,2376,S3,17,red,0,2376,2458,2458,2026-10-02T06:38:38,2026-10-02T06:39:33,2026-10-02T06:39:33,2026-10-02T06:39:36,2026-10-02T06:39:36,2026-10-02T06:40:58,2318,2373,2373,2376,2376,2458,55,3,82,78,wave_A
2026-10-02T06:40:58,2458,S3,18,green,0,2458,2513,2513,2026-10-02T06:40:58,2026-10-02T06:41:53,2026-10-02T06:41:53,2026-10-02T06:41:56,2026-10-02T06:41:56,2026-10-02T06:43:18,2458,2513,2513,2516,2516,2598,55,3,82,78,wave_A
2026-10-02T06:41:53,2513,S3,18,amber,0,2513,2516,2516,2026-10-02T06:40:58,2026-10-02T06:41:53,2026-10-02T06:41:53,2026-10-02T06:41:56,2026-10-02T06:41:56,2026-10-02T06:43:18,2458,2513,2513,2516,2516,2598,55,3,82,78,wave_A
2026-10-02T06:41:56,2516,S3,18,red,0,2516,2598,2598,2026-10-02T06:40:58,2026-10-02T06:41:53,2026-10-02T06:41:53,2026-10-02T06:41:56,2026-10-02T06:41:56,2026-10-02T06:43:18,2458,2513,2513,2516,2516,2598,55,3,82,78,wave_A
2026-10-02T06:43:18,2598,S3,19,green,0,2598,2653,2653,2026-10-02T06:43:18,2026-10-02T06:44:13,2026-10-02T06:44:13,2026-10-02T06:44:16,2026-10-02T06:44:16,2026-10-02T06:45:38,2598,2653,2653,2656,2656,2738,55,3,82,78,wave_A
2026-10-02T06:44:13,2653,S3,19,amber,0,2653,2656,2656,2026-10-02T06:43:18,2026-10-02T06:44:13,2026-10-02T06:44:13,2026-10-02T06:44:16,2026-10-02T06:44:16,2026-10-02T06:45:38,2598,2653,2653,2656,2656,2738,55,3,82,78,wave_A
2026-10-02T06:44:16,2656,S3,19,red,0,2656,2738,2738,2026-10-02T06:43:18,2026-10-02T06:44:13,2026-10-02T06:44:13,2026-10-02T06:44:16,2026-10-02T06:44:16,2026-10-02T06:45:38,2598,2653,2653,2656,2656,2738,55,3,82,78,wave_A
2026-10-02T06:45:38,2738,S3,20,green,0,2738,2793,2793,2026-10-02T06:45:38,2026-10-02T06:46:33,2026-10-02T06:46:33,2026-10-02T06:46:36,2026-10-02T06:46:36,2026-10-02T06:47:58,2738,2793,2793,2796,2796,2878,55,3,82,78,wave_A
2026-10-02T06:46:33,2793,S3,20,amber,0,2793,2796,2796,2026-10-02T06:45:38,2026-10-02T06:46:33,2026-10-02T06:46:33,2026-10-02T06:46:36,2026-10-02T06:46:36,2026-10-02T06:47:58,2738,2793,2793,2796,2796,2878,55,3,82,78,wave_A
2026-10-02T06:46:36,2796,S3,20,red,0,2796,2878,2878,2026-10-02T06:45:38,2026-10-02T06:46:33,2026-10-02T06:46:33,2026-10-02T06:46:36,2026-10-02T06:46:36,2026-10-02T06:47:58,2738,2793,2793,2796,2796,2878,55,3,82,78,wave_A
2026-10-02T06:47:58,2878,S3,21,green,0,2878,2933,2933,2026-10-02T06:47:58,2026-10-02T06:48:53,2026-10-02T06:48:53,2026-10-02T06:48:56,2026-10-02T06:48:56,2026-10-02T06:50:18,2878,2933,2933,2936,2936,3018,55,3,82,78,wave_A
2026-10-02T06:48:53,2933,S3,21,amber,0,2933,2936,2936,2026-10-02T06:47:58,2026-10-02T06:48:53,2026-10-02T06:48:53,2026-10-02T06:48:56,2026-10-02T06:48:56,2026-10-02T06:50:18,2878,2933,2933,2936,2936,3018,55,3,82,78,wave_A
2026-10-02T06:48:56,2936,S3,21,red,0,2936,3018,3018,2026-10-02T06:47:58,2026-10-02T06:48:53,2026-10-02T06:48:53,2026-10-02T06:48:56,2026-10-02T06:48:56,2026-10-02T06:50:18,2878,2933,2933,2936,2936,3018,55,3,82,78,wave_A
2026-10-02T06:50:18,3018,S3,22,green,0,3018,3073,3073,2026-10-02T06:50:18,2026-10-02T06:51:13,2026-10-02T06:51:13,2026-10-02T06:51:16,2026-10-02T06:51:16,2026-10-02T06:52:38,3018,3073,3073,3076,3076,3158,55,3,82,78,wave_A
2026-10-02T06:51:13,3073,S3,22,amber,0,3073,3076,3076,2026-10-02T06:50:18,2026-10-02T06:51:13,2026-10-02T06:51:13,2026-10-02T06:51:16,2026-10-02T06:51:16,2026-10-02T06:52:38,3018,3073,3073,3076,3076,3158,55,3,82,78,wave_A
2026-10-02T06:51:16,3076,S3,22,red,0,3076,3158,3158,2026-10-02T06:50:18,2026-10-02T06:51:13,2026-10-02T06:51:13,2026-10-02T06:51:16,2026-10-02T06:51:16,2026-10-02T06:52:38,3018,3073,3073,3076,3076,3158,55,3,82,78,wave_A
2026-10-02T06:52:38,3158,S3,23,green,0,3158,3213,3213,2026-10-02T06:52:38,2026-10-02T06:53:33,2026-10-02T06:53:33,2026-10-02T06:53:36,2026-10-02T06:53:36,2026-10-02T06:54:58,3158,3213,3213,3216,3216,3298,55,3,82,78,wave_A
2026-10-02T06:53:33,3213,S3,23,amber,0,3213,3216,3216,2026-10-02T06:52:38,2026-10-02T06:53:33,2026-10-02T06:53:33,2026-10-02T06:53:36,2026-10-02T06:53:36,2026-10-02T06:54:58,3158,3213,3213,3216,3216,3298,55,3,82,78,wave_A
2026-10-02T06:53:36,3216,S3,23,red,0,3216,3298,3298,2026-10-02T06:52:38,2026-10-02T06:53:33,2026-10-02T06:53:33,2026-10-02T06:53:36,2026-10-02T06:53:36,2026-10-02T06:54:58,3158,3213,3213,3216,3216,3298,55,3,82,78,wave_A
2026-10-02T06:54:58,3298,S3,24,green,0,3298,3353,3353,2026-10-02T06:54:58,2026-10-02T06:55:53,2026-10-02T06:55:53,2026-10-02T06:55:56,2026-10-02T06:55:56,2026-10-02T06:57:18,3298,3353,3353,3356,3356,3438,55,3,82,78,wave_A
2026-10-02T06:55:53,3353,S3,24,amber,0,3353,3356,3356,2026-10-02T06:54:58,2026-10-02T06:55:53,2026-10-02T06:55:53,2026-10-02T06:55:56,2026-10-02T06:55:56,2026-10-02T06:57:18,3298,3353,3353,3356,3356,3438,55,3,82,78,wave_A
2026-10-02T06:55:56,3356,S3,24,red,0,3356,3438,3438,2026-10-02T06:54:58,2026-10-02T06:55:53,2026-10-02T06:55:53,2026-10-02T06:55:56,2026-10-02T06:55:56,2026-10-02T06:57:18,3298,3353,3353,3356,3356,3438,55,3,82,78,wave_A
2026-10-02T06:57:18,3438,S3,25,green,0,3438,3493,3493,2026-10-02T06:57:18,2026-10-02T06:58:13,2026-10-02T06:58:13,2026-10-02T06:58:16,2026-10-02T06:58:16,2026-10-02T06:59:38,3438,3493,3493,3496,3496,3578,55,3,82,78,wave_A
2026-10-02T06:58:13,3493,S3,25,amber,0,3493,3496,3496,2026-10-02T06:57:18,2026-10-02T06:58:13,2026-10-02T06:58:13,2026-10-02T06:58:16,2026-10-02T06:58:16,2026-10-02T06:59:38,3438,3493,3493,3496,3496,3578,55,3,82,78,wave_A
2026-10-02T06:58:16,3496,S3,25,red,0,3496,3578,3578,2026-10-02T06:57:18,2026-10-02T06:58:13,2026-10-02T06:58:13,2026-10-02T06:58:16,2026-10-02T06:58:16,2026-10-02T06:59:38,3438,3493,3493,3496,3496,3578,55,3,82,78,wave_A
2026-10-02T06:59:38,3578,S3,26,green,0,3578,3633,3633,2026-10-02T06:59:38,2026-10-02T07:00:33,2026-10-02T07:00:33,2026-10-02T07:00:36,2026-10-02T07:00:36,2026-10-02T07:01:58,3578,3633,3633,3636,3636,3718,55,3,82,78,wave_A
2026-10-02T07:00:33,3633,S3,26,amber,0,3633,3636,3636,2026-10-02T06:59:38,2026-10-02T07:00:33,2026-10-02T07:00:33,2026-10-02T07:00:36,2026-10-02T07:00:36,2026-10-02T07:01:58,3578,3633,3633,3636,3636,3718,55,3,82,78,wave_A
2026-10-02T07:00:36,3636,S3,26,red,0,3636,3718,3718,2026-10-02T06:59:38,2026-10-02T07:00:33,2026-10-02T07:00:33,2026-10-02T07:00:36,2026-10-02T07:00:36,2026-10-02T07:01:58,3578,3633,3633,3636,3636,3718,55,3,82,78,wave_A
2026-10-02T07:01:58,3718,S3,27,green,0,3718,3773,3773,2026-10-02T07:01:58,2026-10-02T07:02:53,2026-10-02T07:02:53,2026-10-02T07:02:56,2026-10-02T07:02:56,2026-10-02T07:04:18,3718,3773,3773,3776,3776,3858,55,3,82,78,wave_A
2026-10-02T07:02:53,3773,S3,27,amber,0,3773,3776,3776,2026-10-02T07:01:58,2026-10-02T07:02:53,2026-10-02T07:02:53,2026-10-02T07:02:56,2026-10-02T07:02:56,2026-10-02T07:04:18,3718,3773,3773,3776,3776,3858,55,3,82,78,wave_A
2026-10-02T07:02:56,3776,S3,27,red,0,3776,3858,3858,2026-10-02T07:01:58,2026-10-02T07:02:53,2026-10-02T07:02:53,2026-10-02T07:02:56,2026-10-02T07:02:56,2026-10-02T07:04:18,3718,3773,3773,3776,3776,3858,55,3,82,78,wave_A
2026-10-02T07:04:18,3858,S3,28,green,0,3858,3913,3913,2026-10-02T07:04:18,2026-10-02T07:05:13,2026-10-02T07:05:13,2026-10-02T07:05:16,2026-10-02T07:05:16,2026-10-02T07:06:38,3858,3913,3913,3916,3916,3998,55,3,82,78,wave_A
2026-10-02T07:05:13,3913,S3,28,amber,0,3913,3916,3916,2026-10-02T07:04:18,2026-10-02T07:05:13,2026-10-02T07:05:13,2026-10-02T07:05:16,2026-10-02T07:05:16,2026-10-02T07:06:38,3858,3913,3913,3916,3916,3998,55,3,82,78,wave_A
2026-10-02T07:05:16,3916,S3,28,red,0,3916,3998,3998,2026-10-02T07:04:18,2026-10-02T07:05:13,2026-10-02T07:05:13,2026-10-02T07:05:16,2026-10-02T07:05:16,2026-10-02T07:06:38,3858,3913,3913,3916,3916,3998,55,3,82,78,wave_A
2026-10-02T07:06:38,3998,S3,29,green,0,3998,4053,4053,2026-10-02T07:06:38,2026-10-02T07:07:33,2026-10-02T07:07:33,2026-10-02T07:07:36,2026-10-02T07:07:36,2026-10-02T07:08:58,3998,4053,4053,4056,4056,4138,55,3,82,78,wave_A
2026-10-02T07:07:33,4053,S3,29,amber,0,4053,4056,4056,2026-10-02T07:06:38,2026-10-02T07:07:33,2026-10-02T07:07:33,2026-10-02T07:07:36,2026-10-02T07:07:36,2026-10-02T07:08:58,3998,4053,4053,4056,4056,4138,55,3,82,78,wave_A
2026-10-02T07:07:36,4056,S3,29,red,0,4056,4138,4138,2026-10-02T07:06:38,2026-10-02T07:07:33,2026-10-02T07:07:33,2026-10-02T07:07:36,2026-10-02T07:07:36,2026-10-02T07:08:58,3998,4053,4053,4056,4056,4138,55,3,82,78,wave_A
2026-10-02T07:08:58,4138,S3,30,green,0,4138,4193,4193,2026-10-02T07:08:58,2026-10-02T07:09:53,2026-10-02T07:09:53,2026-10-02T07:09:56,2026-10-02T07:09:56,2026-10-02T07:11:18,4138,4193,4193,4196,4196,4278,55,3,82,78,wave_A
2026-10-02T07:09:53,4193,S3,30,amber,0,4193,4196,4196,2026-10-02T07:08:58,2026-10-02T07:09:53,2026-10-02T07:09:53,2026-10-02T07:09:56,2026-10-02T07:09:56,2026-10-02T07:11:18,4138,4193,4193,4196,4196,4278,55,3,82,78,wave_A
2026-10-02T07:09:56,4196,S3,30,red,0,4196,4278,4278,2026-10-02T07:08:58,2026-10-02T07:09:53,2026-10-02T07:09:53,2026-10-02T07:09:56,2026-10-02T07:09:56,2026-10-02T07:11:18,4138,4193,4193,4196,4196,4278,55,3,82,78,wave_A
2026-10-02T07:11:18,4278,S3,31,green,0,4278,4333,4333,2026-10-02T07:11:18,2026-10-02T07:12:13,2026-10-02T07:12:13,2026-10-02T07:12:16,2026-10-02T07:12:16,2026-10-02T07:13:38,4278,4333,4333,4336,4336,4418,55,3,82,78,wave_A
2026-10-02T07:12:13,4333,S3,31,amber,0,4333,4336,4336,2026-10-02T07:11:18,2026-10-02T07:12:13,2026-10-02T07:12:13,2026-10-02T07:12:16,2026-10-02T07:12:16,2026-10-02T07:13:38,4278,4333,4333,4336,4336,4418,55,3,82,78,wave_A
2026-10-02T07:12:16,4336,S3,31,red,0,4336,4418,4418,2026-10-02T07:11:18,2026-10-02T07:12:13,2026-10-02T07:12:13,2026-10-02T07:12:16,2026-10-02T07:12:16,2026-10-02T07:13:38,4278,4333,4333,4336,4336,4418,55,3,82,78,wave_A
2026-10-02T07:13:38,4418,S3,32,green,0,4418,4473,4473,2026-10-02T07:13:38,2026-10-02T07:14:33,2026-10-02T07:14:33,2026-10-02T07:14:36,2026-10-02T07:14:36,2026-10-02T07:15:58,4418,4473,4473,4476,4476,4558,55,3,82,78,wave_A
2026-10-02T07:14:33,4473,S3,32,amber,0,4473,4476,4476,2026-10-02T07:13:38,2026-10-02T07:14:33,2026-10-02T07:14:33,2026-10-02T07:14:36,2026-10-02T07:14:36,2026-10-02T07:15:58,4418,4473,4473,4476,4476,4558,55,3,82,78,wave_A
2026-10-02T07:14:36,4476,S3,32,red,0,4476,4558,4558,2026-10-02T07:13:38,2026-10-02T07:14:33,2026-10-02T07:14:33,2026-10-02T07:14:36,2026-10-02T07:14:36,2026-10-02T07:15:58,4418,4473,4473,4476,4476,4558,55,3,82,78,wave_A
2026-10-02T07:15:58,4558,S3,33,green,0,4558,4613,4613,2026-10-02T07:15:58,2026-10-02T07:16:53,2026-10-02T07:16:53,2026-10-02T07:16:56,2026-10-02T07:16:56,2026-10-02T07:18:18,4558,4613,4613,4616,4616,4698,55,3,82,78,wave_A
2026-10-02T07:16:53,4613,S3,33,amber,0,4613,4616,4616,2026-10-02T07:15:58,2026-10-02T07:16:53,2026-10-02T07:16:53,2026-10-02T07:16:56,2026-10-02T07:16:56,2026-10-02T07:18:18,4558,4613,4613,4616,4616,4698,55,3,82,78,wave_A
2026-10-02T07:16:56,4616,S3,33,red,0,4616,4698,4698,2026-10-02T07:15:58,2026-10-02T07:16:53,2026-10-02T07:16:53,2026-10-02T07:16:56,2026-10-02T07:16:56,2026-10-02T07:18:18,4558,4613,4613,4616,4616,4698,55,3,82,78,wave_A
2026-10-02T07:18:18,4698,S3,34,green,0,4698,4753,4753,2026-10-02T07:18:18,2026-10-02T07:19:13,2026-10-02T07:19:13,2026-10-02T07:19:16,2026-10-02T07:19:16,2026-10-02T07:20:38,4698,4753,4753,4756,4756,4838,55,3,82,78,wave_A
2026-10-02T07:19:13,4753,S3,34,amber,0,4753,4756,4756,2026-10-02T07:18:18,2026-10-02T07:19:13,2026-10-02T07:19:13,2026-10-02T07:19:16,2026-10-02T07:19:16,2026-10-02T07:20:38,4698,4753,4753,4756,4756,4838,55,3,82,78,wave_A
2026-10-02T07:19:16,4756,S3,34,red,0,4756,4838,4838,2026-10-02T07:18:18,2026-10-02T07:19:13,2026-10-02T07:19:13,2026-10-02T07:19:16,2026-10-02T07:19:16,2026-10-02T07:20:38,4698,4753,4753,4756,4756,4838,55,3,82,78,wave_A
2026-10-02T07:20:38,4838,S3,35,green,0,4838,4893,4893,2026-10-02T07:20:38,2026-10-02T07:21:33,2026-10-02T07:21:33,2026-10-02T07:21:36,2026-10-02T07:21:36,2026-10-02T07:22:58,4838,4893,4893,4896,4896,4978,55,3,82,78,wave_A
2026-10-02T07:21:33,4893,S3,35,amber,0,4893,4896,4896,2026-10-02T07:20:38,2026-10-02T07:21:33,2026-10-02T07:21:33,2026-10-02T07:21:36,2026-10-02T07:21:36,2026-10-02T07:22:58,4838,4893,4893,4896,4896,4978,55,3,82,78,wave_A
2026-10-02T07:21:36,4896,S3,35,red,0,4896,4978,4978,2026-10-02T07:20:38,2026-10-02T07:21:33,2026-10-02T07:21:33,2026-10-02T07:21:36,2026-10-02T07:21:36,2026-10-02T07:22:58,4838,4893,4893,4896,4896,4978,55,3,82,78,wave_A
2026-10-02T07:22:58,4978,S3,36,green,0,4978,5033,5033,2026-10-02T07:22:58,2026-10-02T07:23:53,2026-10-02T07:23:53,2026-10-02T07:23:56,2026-10-02T07:23:56,2026-10-02T07:25:18,4978,5033,5033,5036,5036,5118,55,3,82,78,wave_A
2026-10-02T07:23:53,5033,S3,36,amber,0,5033,5036,5036,2026-10-02T07:22:58,2026-10-02T07:23:53,2026-10-02T07:23:53,2026-10-02T07:23:56,2026-10-02T07:23:56,2026-10-02T07:25:18,4978,5033,5033,5036,5036,5118,55,3,82,78,wave_A
2026-10-02T07:23:56,5036,S3,36,red,0,5036,5118,5118,2026-10-02T07:22:58,2026-10-02T07:23:53,2026-10-02T07:23:53,2026-10-02T07:23:56,2026-10-02T07:23:56,2026-10-02T07:25:18,4978,5033,5033,5036,5036,5118,55,3,82,78,wave_A
2026-10-02T07:25:18,5118,S3,37,green,0,5118,5173,5173,2026-10-02T07:25:18,2026-10-02T07:26:13,2026-10-02T07:26:13,2026-10-02T07:26:16,2026-10-02T07:26:16,2026-10-02T07:27:38,5118,5173,5173,5176,5176,5258,55,3,82,78,wave_A
2026-10-02T07:26:13,5173,S3,37,amber,0,5173,5176,5176,2026-10-02T07:25:18,2026-10-02T07:26:13,2026-10-02T07:26:13,2026-10-02T07:26:16,2026-10-02T07:26:16,2026-10-02T07:27:38,5118,5173,5173,5176,5176,5258,55,3,82,78,wave_A
2026-10-02T07:26:16,5176,S3,37,red,0,5176,5258,5258,2026-10-02T07:25:18,2026-10-02T07:26:13,2026-10-02T07:26:13,2026-10-02T07:26:16,2026-10-02T07:26:16,2026-10-02T07:27:38,5118,5173,5173,5176,5176,5258,55,3,82,78,wave_A
2026-10-02T07:27:38,5258,S3,38,green,0,5258,5313,5313,2026-10-02T07:27:38,2026-10-02T07:28:33,2026-10-02T07:28:33,2026-10-02T07:28:36,2026-10-02T07:28:36,2026-10-02T07:29:58,5258,5313,5313,5316,5316,5398,55,3,82,78,wave_A
2026-10-02T07:28:33,5313,S3,38,amber,0,5313,5316,5316,2026-10-02T07:27:38,2026-10-02T07:28:33,2026-10-02T07:28:33,2026-10-02T07:28:36,2026-10-02T07:28:36,2026-10-02T07:29:58,5258,5313,5313,5316,5316,5398,55,3,82,78,wave_A
2026-10-02T07:28:36,5316,S3,38,red,0,5316,5398,5398,2026-10-02T07:27:38,2026-10-02T07:28:33,2026-10-02T07:28:33,2026-10-02T07:28:36,2026-10-02T07:28:36,2026-10-02T07:29:58,5258,5313,5313,5316,5316,5398,55,3,82,78,wave_A
2026-10-02T07:29:58,5398,S3,39,green,0,5398,5453,5453,2026-10-02T07:29:58,2026-10-02T07:30:53,2026-10-02T07:30:53,2026-10-02T07:30:56,2026-10-02T07:30:56,2026-10-02T07:32:18,5398,5453,5453,5456,5456,5538,55,3,82,78,wave_A
2026-10-02T07:30:53,5453,S3,39,amber,0,5453,5456,5456,2026-10-02T07:29:58,2026-10-02T07:30:53,2026-10-02T07:30:53,2026-10-02T07:30:56,2026-10-02T07:30:56,2026-10-02T07:32:18,5398,5453,5453,5456,5456,5538,55,3,82,78,wave_A
2026-10-02T07:30:56,5456,S3,39,red,0,5456,5538,5538,2026-10-02T07:29:58,2026-10-02T07:30:53,2026-10-02T07:30:53,2026-10-02T07:30:56,2026-10-02T07:30:56,2026-10-02T07:32:18,5398,5453,5453,5456,5456,5538,55,3,82,78,wave_A
2026-10-02T07:32:18,5538,S3,40,green,0,5538,5593,5593,2026-10-02T07:32:18,2026-10-02T07:33:13,2026-10-02T07:33:13,2026-10-02T07:33:16,2026-10-02T07:33:16,2026-10-02T07:34:38,5538,5593,5593,5596,5596,5678,55,3,82,78,wave_A
2026-10-02T07:33:13,5593,S3,40,amber,0,5593,5596,5596,2026-10-02T07:32:18,2026-10-02T07:33:13,2026-10-02T07:33:13,2026-10-02T07:33:16,2026-10-02T07:33:16,2026-10-02T07:34:38,5538,5593,5593,5596,5596,5678,55,3,82,78,wave_A
2026-10-02T07:33:16,5596,S3,40,red,0,5596,5678,5678,2026-10-02T07:32:18,2026-10-02T07:33:13,2026-10-02T07:33:13,2026-10-02T07:33:16,2026-10-02T07:33:16,2026-10-02T07:34:38,5538,5593,5593,5596,5596,5678,55,3,82,78,wave_A
2026-10-02T07:34:38,5678,S3,41,green,0,5678,5733,5733,2026-10-02T07:34:38,2026-10-02T07:35:33,2026-10-02T07:35:33,2026-10-02T07:35:36,2026-10-02T07:35:36,2026-10-02T07:36:58,5678,5733,5733,5736,5736,5818,55,3,82,78,wave_A
2026-10-02T07:35:33,5733,S3,41,amber,0,5733,5736,5736,2026-10-02T07:34:38,2026-10-02T07:35:33,2026-10-02T07:35:33,2026-10-02T07:35:36,2026-10-02T07:35:36,2026-10-02T07:36:58,5678,5733,5733,5736,5736,5818,55,3,82,78,wave_A
2026-10-02T07:35:36,5736,S3,41,red,0,5736,5818,5818,2026-10-02T07:34:38,2026-10-02T07:35:33,2026-10-02T07:35:33,2026-10-02T07:35:36,2026-10-02T07:35:36,2026-10-02T07:36:58,5678,5733,5733,5736,5736,5818,55,3,82,78,wave_A
2026-10-02T07:36:58,5818,S3,42,green,0,5818,5873,5873,2026-10-02T07:36:58,2026-10-02T07:37:53,2026-10-02T07:37:53,2026-10-02T07:37:56,2026-10-02T07:37:56,2026-10-02T07:39:18,5818,5873,5873,5876,5876,5958,55,3,82,78,wave_A
2026-10-02T07:37:53,5873,S3,42,amber,0,5873,5876,5876,2026-10-02T07:36:58,2026-10-02T07:37:53,2026-10-02T07:37:53,2026-10-02T07:37:56,2026-10-02T07:37:56,2026-10-02T07:39:18,5818,5873,5873,5876,5876,5958,55,3,82,78,wave_A
2026-10-02T07:37:56,5876,S3,42,red,0,5876,5958,5958,2026-10-02T07:36:58,2026-10-02T07:37:53,2026-10-02T07:37:53,2026-10-02T07:37:56,2026-10-02T07:37:56,2026-10-02T07:39:18,5818,5873,5873,5876,5876,5958,55,3,82,78,wave_A
2026-10-02T07:39:18,5958,S3,43,green,0,5958,6013,6013,2026-10-02T07:39:18,2026-10-02T07:40:13,2026-10-02T07:40:13,2026-10-02T07:40:16,2026-10-02T07:40:16,2026-10-02T07:41:38,5958,6013,6013,6016,6016,6098,55,3,82,78,wave_A
2026-10-02T07:40:13,6013,S3,43,amber,0,6013,6016,6016,2026-10-02T07:39:18,2026-10-02T07:40:13,2026-10-02T07:40:13,2026-10-02T07:40:16,2026-10-02T07:40:16,2026-10-02T07:41:38,5958,6013,6013,6016,6016,6098,55,3,82,78,wave_A
2026-10-02T07:40:16,6016,S3,43,red,0,6016,6098,6098,2026-10-02T07:39:18,2026-10-02T07:40:13,2026-10-02T07:40:13,2026-10-02T07:40:16,2026-10-02T07:40:16,2026-10-02T07:41:38,5958,6013,6013,6016,6016,6098,55,3,82,78,wave_A
2026-10-02T07:41:38,6098,S3,44,green,0,6098,6153,6153,2026-10-02T07:41:38,2026-10-02T07:42:33,2026-10-02T07:42:33,2026-10-02T07:42:36,2026-10-02T07:42:36,2026-10-02T07:43:58,6098,6153,6153,6156,6156,6238,55,3,82,78,wave_A
2026-10-02T07:42:33,6153,S3,44,amber,0,6153,6156,6156,2026-10-02T07:41:38,2026-10-02T07:42:33,2026-10-02T07:42:33,2026-10-02T07:42:36,2026-10-02T07:42:36,2026-10-02T07:43:58,6098,6153,6153,6156,6156,6238,55,3,82,78,wave_A
2026-10-02T07:42:36,6156,S3,44,red,0,6156,6238,6238,2026-10-02T07:41:38,2026-10-02T07:42:33,2026-10-02T07:42:33,2026-10-02T07:42:36,2026-10-02T07:42:36,2026-10-02T07:43:58,6098,6153,6153,6156,6156,6238,55,3,82,78,wave_A
2026-10-02T07:43:58,6238,S3,45,green,0,6238,6293,6293,2026-10-02T07:43:58,2026-10-02T07:44:53,2026-10-02T07:44:53,2026-10-02T07:44:56,2026-10-02T07:44:56,2026-10-02T07:46:18,6238,6293,6293,6296,6296,6378,55,3,82,78,wave_A
2026-10-02T07:44:53,6293,S3,45,amber,0,6293,6296,6296,2026-10-02T07:43:58,2026-10-02T07:44:53,2026-10-02T07:44:53,2026-10-02T07:44:56,2026-10-02T07:44:56,2026-10-02T07:46:18,6238,6293,6293,6296,6296,6378,55,3,82,78,wave_A
2026-10-02T07:44:56,6296,S3,45,red,0,6296,6378,6378,2026-10-02T07:43:58,2026-10-02T07:44:53,2026-10-02T07:44:53,2026-10-02T07:44:56,2026-10-02T07:44:56,2026-10-02T07:46:18,6238,6293,6293,6296,6296,6378,55,3,82,78,wave_A
2026-10-02T07:46:18,6378,S3,46,green,0,6378,6433,6433,2026-10-02T07:46:18,2026-10-02T07:47:13,2026-10-02T07:47:13,2026-10-02T07:47:16,2026-10-02T07:47:16,2026-10-02T07:48:38,6378,6433,6433,6436,6436,6518,55,3,82,78,wave_A
2026-10-02T07:47:13,6433,S3,46,amber,0,6433,6436,6436,2026-10-02T07:46:18,2026-10-02T07:47:13,2026-10-02T07:47:13,2026-10-02T07:47:16,2026-10-02T07:47:16,2026-10-02T07:48:38,6378,6433,6433,6436,6436,6518,55,3,82,78,wave_A
2026-10-02T07:47:16,6436,S3,46,red,0,6436,6518,6518,2026-10-02T07:46:18,2026-10-02T07:47:13,2026-10-02T07:47:13,2026-10-02T07:47:16,2026-10-02T07:47:16,2026-10-02T07:48:38,6378,6433,6433,6436,6436,6518,55,3,82,78,wave_A
2026-10-02T07:48:38,6518,S3,47,green,0,6518,6573,6573,2026-10-02T07:48:38,2026-10-02T07:49:33,2026-10-02T07:49:33,2026-10-02T07:49:36,2026-10-02T07:49:36,2026-10-02T07:50:58,6518,6573,6573,6576,6576,6658,55,3,82,78,wave_A
2026-10-02T07:49:33,6573,S3,47,amber,0,6573,6576,6576,2026-10-02T07:48:38,2026-10-02T07:49:33,2026-10-02T07:49:33,2026-10-02T07:49:36,2026-10-02T07:49:36,2026-10-02T07:50:58,6518,6573,6573,6576,6576,6658,55,3,82,78,wave_A
2026-10-02T07:49:36,6576,S3,47,red,0,6576,6658,6658,2026-10-02T07:48:38,2026-10-02T07:49:33,2026-10-02T07:49:33,2026-10-02T07:49:36,2026-10-02T07:49:36,2026-10-02T07:50:58,6518,6573,6573,6576,6576,6658,55,3,82,78,wave_A
2026-10-02T07:50:58,6658,S3,48,green,0,6658,6713,6713,2026-10-02T07:50:58,2026-10-02T07:51:53,2026-10-02T07:51:53,2026-10-02T07:51:56,2026-10-02T07:51:56,2026-10-02T07:53:18,6658,6713,6713,6716,6716,6798,55,3,82,78,wave_A
2026-10-02T07:51:53,6713,S3,48,amber,0,6713,6716,6716,2026-10-02T07:50:58,2026-10-02T07:51:53,2026-10-02T07:51:53,2026-10-02T07:51:56,2026-10-02T07:51:56,2026-10-02T07:53:18,6658,6713,6713,6716,6716,6798,55,3,82,78,wave_A
2026-10-02T07:51:56,6716,S3,48,red,0,6716,6798,6798,2026-10-02T07:50:58,2026-10-02T07:51:53,2026-10-02T07:51:53,2026-10-02T07:51:56,2026-10-02T07:51:56,2026-10-02T07:53:18,6658,6713,6713,6716,6716,6798,55,3,82,78,wave_A
2026-10-02T07:53:18,6798,S3,49,green,0,6798,6853,6853,2026-10-02T07:53:18,2026-10-02T07:54:13,2026-10-02T07:54:13,2026-10-02T07:54:16,2026-10-02T07:54:16,2026-10-02T07:55:38,6798,6853,6853,6856,6856,6938,55,3,82,78,wave_A
2026-10-02T07:54:13,6853,S3,49,amber,0,6853,6856,6856,2026-10-02T07:53:18,2026-10-02T07:54:13,2026-10-02T07:54:13,2026-10-02T07:54:16,2026-10-02T07:54:16,2026-10-02T07:55:38,6798,6853,6853,6856,6856,6938,55,3,82,78,wave_A
2026-10-02T07:54:16,6856,S3,49,red,0,6856,6938,6938,2026-10-02T07:53:18,2026-10-02T07:54:13,2026-10-02T07:54:13,2026-10-02T07:54:16,2026-10-02T07:54:16,2026-10-02T07:55:38,6798,6853,6853,6856,6856,6938,55,3,82,78,wave_A
2026-10-02T07:55:38,6938,S3,50,green,0,6938,6993,6993,2026-10-02T07:55:38,2026-10-02T07:56:33,2026-10-02T07:56:33,2026-10-02T07:56:36,2026-10-02T07:56:36,2026-10-02T07:57:58,6938,6993,6993,6996,6996,7078,55,3,82,78,wave_A
2026-10-02T07:56:33,6993,S3,50,amber,0,6993,6996,6996,2026-10-02T07:55:38,2026-10-02T07:56:33,2026-10-02T07:56:33,2026-10-02T07:56:36,2026-10-02T07:56:36,2026-10-02T07:57:58,6938,6993,6993,6996,6996,7078,55,3,82,78,wave_A
2026-10-02T07:56:36,6996,S3,50,red,0,6996,7078,7078,2026-10-02T07:55:38,2026-10-02T07:56:33,2026-10-02T07:56:33,2026-10-02T07:56:36,2026-10-02T07:56:36,2026-10-02T07:57:58,6938,6993,6993,6996,6996,7078,55,3,82,78,wave_A
2026-10-02T07:57:58,7078,S3,51,green,0,7078,7133,7133,2026-10-02T07:57:58,2026-10-02T07:58:53,2026-10-02T07:58:53,2026-10-02T07:58:56,2026-10-02T07:58:56,2026-10-02T08:00:18,7078,7133,7133,7136,7136,7218,55,3,82,78,wave_A
2026-10-02T07:58:53,7133,S3,51,amber,0,7133,7136,7136,2026-10-02T07:57:58,2026-10-02T07:58:53,2026-10-02T07:58:53,2026-10-02T07:58:56,2026-10-02T07:58:56,2026-10-02T08:00:18,7078,7133,7133,7136,7136,7218,55,3,82,78,wave_A
2026-10-02T07:58:56,7136,S3,51,red,0,7136,7218,7218,2026-10-02T07:57:58,2026-10-02T07:58:53,2026-10-02T07:58:53,2026-10-02T07:58:56,2026-10-02T07:58:56,2026-10-02T08:00:18,7078,7133,7133,7136,7136,7218,55,3,82,78,wave_A
2026-10-02T08:00:18,7218,S3,52,green,0,7218,7273,7273,2026-10-02T08:00:18,2026-10-02T08:01:13,2026-10-02T08:01:13,2026-10-02T08:01:16,2026-10-02T08:01:16,2026-10-02T08:02:38,7218,7273,7273,7276,7276,7358,55,3,82,78,wave_A
2026-10-02T08:01:13,7273,S3,52,amber,0,7273,7276,7276,2026-10-02T08:00:18,2026-10-02T08:01:13,2026-10-02T08:01:13,2026-10-02T08:01:16,2026-10-02T08:01:16,2026-10-02T08:02:38,7218,7273,7273,7276,7276,7358,55,3,82,78,wave_A
2026-10-02T08:01:16,7276,S3,52,red,0,7276,7358,7280,2026-10-02T08:00:18,2026-10-02T08:01:13,2026-10-02T08:01:13,2026-10-02T08:01:16,2026-10-02T08:01:16,2026-10-02T08:02:38,7218,7273,7273,7276,7276,7358,55,3,82,78,wave_A
2026-10-02T06:00:00,0,S4,0,green,36,-36,17,17,2026-10-02T05:59:24,2026-10-02T06:00:17,2026-10-02T06:00:17,2026-10-02T06:00:20,2026-10-02T06:00:20,2026-10-02T06:01:44,-36,17,17,20,20,104,53,3,84,104,wave_A
2026-10-02T06:00:17,17,S4,0,amber,0,17,20,20,2026-10-02T05:59:24,2026-10-02T06:00:17,2026-10-02T06:00:17,2026-10-02T06:00:20,2026-10-02T06:00:20,2026-10-02T06:01:44,-36,17,17,20,20,104,53,3,84,104,wave_A
2026-10-02T06:00:20,20,S4,0,red,0,20,104,104,2026-10-02T05:59:24,2026-10-02T06:00:17,2026-10-02T06:00:17,2026-10-02T06:00:20,2026-10-02T06:00:20,2026-10-02T06:01:44,-36,17,17,20,20,104,53,3,84,104,wave_A
2026-10-02T06:01:44,104,S4,1,green,0,104,157,157,2026-10-02T06:01:44,2026-10-02T06:02:37,2026-10-02T06:02:37,2026-10-02T06:02:40,2026-10-02T06:02:40,2026-10-02T06:04:04,104,157,157,160,160,244,53,3,84,104,wave_A
2026-10-02T06:02:37,157,S4,1,amber,0,157,160,160,2026-10-02T06:01:44,2026-10-02T06:02:37,2026-10-02T06:02:37,2026-10-02T06:02:40,2026-10-02T06:02:40,2026-10-02T06:04:04,104,157,157,160,160,244,53,3,84,104,wave_A
2026-10-02T06:02:40,160,S4,1,red,0,160,244,244,2026-10-02T06:01:44,2026-10-02T06:02:37,2026-10-02T06:02:37,2026-10-02T06:02:40,2026-10-02T06:02:40,2026-10-02T06:04:04,104,157,157,160,160,244,53,3,84,104,wave_A
2026-10-02T06:04:04,244,S4,2,green,0,244,297,297,2026-10-02T06:04:04,2026-10-02T06:04:57,2026-10-02T06:04:57,2026-10-02T06:05:00,2026-10-02T06:05:00,2026-10-02T06:06:24,244,297,297,300,300,384,53,3,84,104,wave_A
2026-10-02T06:04:57,297,S4,2,amber,0,297,300,300,2026-10-02T06:04:04,2026-10-02T06:04:57,2026-10-02T06:04:57,2026-10-02T06:05:00,2026-10-02T06:05:00,2026-10-02T06:06:24,244,297,297,300,300,384,53,3,84,104,wave_A
2026-10-02T06:05:00,300,S4,2,red,0,300,384,384,2026-10-02T06:04:04,2026-10-02T06:04:57,2026-10-02T06:04:57,2026-10-02T06:05:00,2026-10-02T06:05:00,2026-10-02T06:06:24,244,297,297,300,300,384,53,3,84,104,wave_A
2026-10-02T06:06:24,384,S4,3,green,0,384,437,437,2026-10-02T06:06:24,2026-10-02T06:07:17,2026-10-02T06:07:17,2026-10-02T06:07:20,2026-10-02T06:07:20,2026-10-02T06:08:44,384,437,437,440,440,524,53,3,84,104,wave_A
2026-10-02T06:07:17,437,S4,3,amber,0,437,440,440,2026-10-02T06:06:24,2026-10-02T06:07:17,2026-10-02T06:07:17,2026-10-02T06:07:20,2026-10-02T06:07:20,2026-10-02T06:08:44,384,437,437,440,440,524,53,3,84,104,wave_A
2026-10-02T06:07:20,440,S4,3,red,0,440,524,524,2026-10-02T06:06:24,2026-10-02T06:07:17,2026-10-02T06:07:17,2026-10-02T06:07:20,2026-10-02T06:07:20,2026-10-02T06:08:44,384,437,437,440,440,524,53,3,84,104,wave_A
2026-10-02T06:08:44,524,S4,4,green,0,524,577,577,2026-10-02T06:08:44,2026-10-02T06:09:37,2026-10-02T06:09:37,2026-10-02T06:09:40,2026-10-02T06:09:40,2026-10-02T06:11:04,524,577,577,580,580,664,53,3,84,104,wave_A
2026-10-02T06:09:37,577,S4,4,amber,0,577,580,580,2026-10-02T06:08:44,2026-10-02T06:09:37,2026-10-02T06:09:37,2026-10-02T06:09:40,2026-10-02T06:09:40,2026-10-02T06:11:04,524,577,577,580,580,664,53,3,84,104,wave_A
2026-10-02T06:09:40,580,S4,4,red,0,580,664,664,2026-10-02T06:08:44,2026-10-02T06:09:37,2026-10-02T06:09:37,2026-10-02T06:09:40,2026-10-02T06:09:40,2026-10-02T06:11:04,524,577,577,580,580,664,53,3,84,104,wave_A
2026-10-02T06:11:04,664,S4,5,green,0,664,717,717,2026-10-02T06:11:04,2026-10-02T06:11:57,2026-10-02T06:11:57,2026-10-02T06:12:00,2026-10-02T06:12:00,2026-10-02T06:13:24,664,717,717,720,720,804,53,3,84,104,wave_A
2026-10-02T06:11:57,717,S4,5,amber,0,717,720,720,2026-10-02T06:11:04,2026-10-02T06:11:57,2026-10-02T06:11:57,2026-10-02T06:12:00,2026-10-02T06:12:00,2026-10-02T06:13:24,664,717,717,720,720,804,53,3,84,104,wave_A
2026-10-02T06:12:00,720,S4,5,red,0,720,804,804,2026-10-02T06:11:04,2026-10-02T06:11:57,2026-10-02T06:11:57,2026-10-02T06:12:00,2026-10-02T06:12:00,2026-10-02T06:13:24,664,717,717,720,720,804,53,3,84,104,wave_A
2026-10-02T06:13:24,804,S4,6,green,0,804,857,857,2026-10-02T06:13:24,2026-10-02T06:14:17,2026-10-02T06:14:17,2026-10-02T06:14:20,2026-10-02T06:14:20,2026-10-02T06:15:44,804,857,857,860,860,944,53,3,84,104,wave_A
2026-10-02T06:14:17,857,S4,6,amber,0,857,860,860,2026-10-02T06:13:24,2026-10-02T06:14:17,2026-10-02T06:14:17,2026-10-02T06:14:20,2026-10-02T06:14:20,2026-10-02T06:15:44,804,857,857,860,860,944,53,3,84,104,wave_A
2026-10-02T06:14:20,860,S4,6,red,0,860,944,944,2026-10-02T06:13:24,2026-10-02T06:14:17,2026-10-02T06:14:17,2026-10-02T06:14:20,2026-10-02T06:14:20,2026-10-02T06:15:44,804,857,857,860,860,944,53,3,84,104,wave_A
2026-10-02T06:15:44,944,S4,7,green,0,944,997,997,2026-10-02T06:15:44,2026-10-02T06:16:37,2026-10-02T06:16:37,2026-10-02T06:16:40,2026-10-02T06:16:40,2026-10-02T06:18:04,944,997,997,1000,1000,1084,53,3,84,104,wave_A
2026-10-02T06:16:37,997,S4,7,amber,0,997,1000,1000,2026-10-02T06:15:44,2026-10-02T06:16:37,2026-10-02T06:16:37,2026-10-02T06:16:40,2026-10-02T06:16:40,2026-10-02T06:18:04,944,997,997,1000,1000,1084,53,3,84,104,wave_A
2026-10-02T06:16:40,1000,S4,7,red,0,1000,1084,1084,2026-10-02T06:15:44,2026-10-02T06:16:37,2026-10-02T06:16:37,2026-10-02T06:16:40,2026-10-02T06:16:40,2026-10-02T06:18:04,944,997,997,1000,1000,1084,53,3,84,104,wave_A
2026-10-02T06:18:04,1084,S4,8,green,0,1084,1137,1137,2026-10-02T06:18:04,2026-10-02T06:18:57,2026-10-02T06:18:57,2026-10-02T06:19:00,2026-10-02T06:19:00,2026-10-02T06:20:24,1084,1137,1137,1140,1140,1224,53,3,84,104,wave_A
2026-10-02T06:18:57,1137,S4,8,amber,0,1137,1140,1140,2026-10-02T06:18:04,2026-10-02T06:18:57,2026-10-02T06:18:57,2026-10-02T06:19:00,2026-10-02T06:19:00,2026-10-02T06:20:24,1084,1137,1137,1140,1140,1224,53,3,84,104,wave_A
2026-10-02T06:19:00,1140,S4,8,red,0,1140,1224,1224,2026-10-02T06:18:04,2026-10-02T06:18:57,2026-10-02T06:18:57,2026-10-02T06:19:00,2026-10-02T06:19:00,2026-10-02T06:20:24,1084,1137,1137,1140,1140,1224,53,3,84,104,wave_A
2026-10-02T06:20:24,1224,S4,9,green,0,1224,1277,1277,2026-10-02T06:20:24,2026-10-02T06:21:17,2026-10-02T06:21:17,2026-10-02T06:21:20,2026-10-02T06:21:20,2026-10-02T06:22:44,1224,1277,1277,1280,1280,1364,53,3,84,104,wave_A
2026-10-02T06:21:17,1277,S4,9,amber,0,1277,1280,1280,2026-10-02T06:20:24,2026-10-02T06:21:17,2026-10-02T06:21:17,2026-10-02T06:21:20,2026-10-02T06:21:20,2026-10-02T06:22:44,1224,1277,1277,1280,1280,1364,53,3,84,104,wave_A
2026-10-02T06:21:20,1280,S4,9,red,0,1280,1364,1364,2026-10-02T06:20:24,2026-10-02T06:21:17,2026-10-02T06:21:17,2026-10-02T06:21:20,2026-10-02T06:21:20,2026-10-02T06:22:44,1224,1277,1277,1280,1280,1364,53,3,84,104,wave_A
2026-10-02T06:22:44,1364,S4,10,green,0,1364,1417,1417,2026-10-02T06:22:44,2026-10-02T06:23:37,2026-10-02T06:23:37,2026-10-02T06:23:40,2026-10-02T06:23:40,2026-10-02T06:25:04,1364,1417,1417,1420,1420,1504,53,3,84,104,wave_A
2026-10-02T06:23:37,1417,S4,10,amber,0,1417,1420,1420,2026-10-02T06:22:44,2026-10-02T06:23:37,2026-10-02T06:23:37,2026-10-02T06:23:40,2026-10-02T06:23:40,2026-10-02T06:25:04,1364,1417,1417,1420,1420,1504,53,3,84,104,wave_A
2026-10-02T06:23:40,1420,S4,10,red,0,1420,1504,1504,2026-10-02T06:22:44,2026-10-02T06:23:37,2026-10-02T06:23:37,2026-10-02T06:23:40,2026-10-02T06:23:40,2026-10-02T06:25:04,1364,1417,1417,1420,1420,1504,53,3,84,104,wave_A
2026-10-02T06:25:04,1504,S4,11,green,0,1504,1557,1557,2026-10-02T06:25:04,2026-10-02T06:25:57,2026-10-02T06:25:57,2026-10-02T06:26:00,2026-10-02T06:26:00,2026-10-02T06:27:24,1504,1557,1557,1560,1560,1644,53,3,84,104,wave_A
2026-10-02T06:25:57,1557,S4,11,amber,0,1557,1560,1560,2026-10-02T06:25:04,2026-10-02T06:25:57,2026-10-02T06:25:57,2026-10-02T06:26:00,2026-10-02T06:26:00,2026-10-02T06:27:24,1504,1557,1557,1560,1560,1644,53,3,84,104,wave_A
2026-10-02T06:26:00,1560,S4,11,red,0,1560,1644,1644,2026-10-02T06:25:04,2026-10-02T06:25:57,2026-10-02T06:25:57,2026-10-02T06:26:00,2026-10-02T06:26:00,2026-10-02T06:27:24,1504,1557,1557,1560,1560,1644,53,3,84,104,wave_A
2026-10-02T06:27:24,1644,S4,12,green,0,1644,1697,1697,2026-10-02T06:27:24,2026-10-02T06:28:17,2026-10-02T06:28:17,2026-10-02T06:28:20,2026-10-02T06:28:20,2026-10-02T06:29:44,1644,1697,1697,1700,1700,1784,53,3,84,104,wave_A
2026-10-02T06:28:17,1697,S4,12,amber,0,1697,1700,1700,2026-10-02T06:27:24,2026-10-02T06:28:17,2026-10-02T06:28:17,2026-10-02T06:28:20,2026-10-02T06:28:20,2026-10-02T06:29:44,1644,1697,1697,1700,1700,1784,53,3,84,104,wave_A
2026-10-02T06:28:20,1700,S4,12,red,0,1700,1784,1784,2026-10-02T06:27:24,2026-10-02T06:28:17,2026-10-02T06:28:17,2026-10-02T06:28:20,2026-10-02T06:28:20,2026-10-02T06:29:44,1644,1697,1697,1700,1700,1784,53,3,84,104,wave_A
2026-10-02T06:29:44,1784,S4,13,green,0,1784,1837,1837,2026-10-02T06:29:44,2026-10-02T06:30:37,2026-10-02T06:30:37,2026-10-02T06:30:40,2026-10-02T06:30:40,2026-10-02T06:32:04,1784,1837,1837,1840,1840,1924,53,3,84,104,wave_A
2026-10-02T06:30:37,1837,S4,13,amber,0,1837,1840,1840,2026-10-02T06:29:44,2026-10-02T06:30:37,2026-10-02T06:30:37,2026-10-02T06:30:40,2026-10-02T06:30:40,2026-10-02T06:32:04,1784,1837,1837,1840,1840,1924,53,3,84,104,wave_A
2026-10-02T06:30:40,1840,S4,13,red,0,1840,1924,1924,2026-10-02T06:29:44,2026-10-02T06:30:37,2026-10-02T06:30:37,2026-10-02T06:30:40,2026-10-02T06:30:40,2026-10-02T06:32:04,1784,1837,1837,1840,1840,1924,53,3,84,104,wave_A
2026-10-02T06:32:04,1924,S4,14,green,0,1924,1977,1977,2026-10-02T06:32:04,2026-10-02T06:32:57,2026-10-02T06:32:57,2026-10-02T06:33:00,2026-10-02T06:33:00,2026-10-02T06:34:24,1924,1977,1977,1980,1980,2064,53,3,84,104,wave_A
2026-10-02T06:32:57,1977,S4,14,amber,0,1977,1980,1980,2026-10-02T06:32:04,2026-10-02T06:32:57,2026-10-02T06:32:57,2026-10-02T06:33:00,2026-10-02T06:33:00,2026-10-02T06:34:24,1924,1977,1977,1980,1980,2064,53,3,84,104,wave_A
2026-10-02T06:33:00,1980,S4,14,red,0,1980,2064,2064,2026-10-02T06:32:04,2026-10-02T06:32:57,2026-10-02T06:32:57,2026-10-02T06:33:00,2026-10-02T06:33:00,2026-10-02T06:34:24,1924,1977,1977,1980,1980,2064,53,3,84,104,wave_A
2026-10-02T06:34:24,2064,S4,15,green,0,2064,2117,2117,2026-10-02T06:34:24,2026-10-02T06:35:17,2026-10-02T06:35:17,2026-10-02T06:35:20,2026-10-02T06:35:20,2026-10-02T06:36:44,2064,2117,2117,2120,2120,2204,53,3,84,104,wave_A
2026-10-02T06:35:17,2117,S4,15,amber,0,2117,2120,2120,2026-10-02T06:34:24,2026-10-02T06:35:17,2026-10-02T06:35:17,2026-10-02T06:35:20,2026-10-02T06:35:20,2026-10-02T06:36:44,2064,2117,2117,2120,2120,2204,53,3,84,104,wave_A
2026-10-02T06:35:20,2120,S4,15,red,0,2120,2204,2204,2026-10-02T06:34:24,2026-10-02T06:35:17,2026-10-02T06:35:17,2026-10-02T06:35:20,2026-10-02T06:35:20,2026-10-02T06:36:44,2064,2117,2117,2120,2120,2204,53,3,84,104,wave_A
2026-10-02T06:36:44,2204,S4,16,green,0,2204,2257,2257,2026-10-02T06:36:44,2026-10-02T06:37:37,2026-10-02T06:37:37,2026-10-02T06:37:40,2026-10-02T06:37:40,2026-10-02T06:39:04,2204,2257,2257,2260,2260,2344,53,3,84,104,wave_A
2026-10-02T06:37:37,2257,S4,16,amber,0,2257,2260,2260,2026-10-02T06:36:44,2026-10-02T06:37:37,2026-10-02T06:37:37,2026-10-02T06:37:40,2026-10-02T06:37:40,2026-10-02T06:39:04,2204,2257,2257,2260,2260,2344,53,3,84,104,wave_A
2026-10-02T06:37:40,2260,S4,16,red,0,2260,2344,2344,2026-10-02T06:36:44,2026-10-02T06:37:37,2026-10-02T06:37:37,2026-10-02T06:37:40,2026-10-02T06:37:40,2026-10-02T06:39:04,2204,2257,2257,2260,2260,2344,53,3,84,104,wave_A
2026-10-02T06:39:04,2344,S4,17,green,0,2344,2397,2397,2026-10-02T06:39:04,2026-10-02T06:39:57,2026-10-02T06:39:57,2026-10-02T06:40:00,2026-10-02T06:40:00,2026-10-02T06:41:24,2344,2397,2397,2400,2400,2484,53,3,84,104,wave_A
2026-10-02T06:39:57,2397,S4,17,amber,0,2397,2400,2400,2026-10-02T06:39:04,2026-10-02T06:39:57,2026-10-02T06:39:57,2026-10-02T06:40:00,2026-10-02T06:40:00,2026-10-02T06:41:24,2344,2397,2397,2400,2400,2484,53,3,84,104,wave_A
2026-10-02T06:40:00,2400,S4,17,red,0,2400,2484,2484,2026-10-02T06:39:04,2026-10-02T06:39:57,2026-10-02T06:39:57,2026-10-02T06:40:00,2026-10-02T06:40:00,2026-10-02T06:41:24,2344,2397,2397,2400,2400,2484,53,3,84,104,wave_A
2026-10-02T06:41:24,2484,S4,18,green,0,2484,2537,2537,2026-10-02T06:41:24,2026-10-02T06:42:17,2026-10-02T06:42:17,2026-10-02T06:42:20,2026-10-02T06:42:20,2026-10-02T06:43:44,2484,2537,2537,2540,2540,2624,53,3,84,104,wave_A
2026-10-02T06:42:17,2537,S4,18,amber,0,2537,2540,2540,2026-10-02T06:41:24,2026-10-02T06:42:17,2026-10-02T06:42:17,2026-10-02T06:42:20,2026-10-02T06:42:20,2026-10-02T06:43:44,2484,2537,2537,2540,2540,2624,53,3,84,104,wave_A
2026-10-02T06:42:20,2540,S4,18,red,0,2540,2624,2624,2026-10-02T06:41:24,2026-10-02T06:42:17,2026-10-02T06:42:17,2026-10-02T06:42:20,2026-10-02T06:42:20,2026-10-02T06:43:44,2484,2537,2537,2540,2540,2624,53,3,84,104,wave_A
2026-10-02T06:43:44,2624,S4,19,green,0,2624,2677,2677,2026-10-02T06:43:44,2026-10-02T06:44:37,2026-10-02T06:44:37,2026-10-02T06:44:40,2026-10-02T06:44:40,2026-10-02T06:46:04,2624,2677,2677,2680,2680,2764,53,3,84,104,wave_A
2026-10-02T06:44:37,2677,S4,19,amber,0,2677,2680,2680,2026-10-02T06:43:44,2026-10-02T06:44:37,2026-10-02T06:44:37,2026-10-02T06:44:40,2026-10-02T06:44:40,2026-10-02T06:46:04,2624,2677,2677,2680,2680,2764,53,3,84,104,wave_A
2026-10-02T06:44:40,2680,S4,19,red,0,2680,2764,2764,2026-10-02T06:43:44,2026-10-02T06:44:37,2026-10-02T06:44:37,2026-10-02T06:44:40,2026-10-02T06:44:40,2026-10-02T06:46:04,2624,2677,2677,2680,2680,2764,53,3,84,104,wave_A
2026-10-02T06:46:04,2764,S4,20,green,0,2764,2817,2817,2026-10-02T06:46:04,2026-10-02T06:46:57,2026-10-02T06:46:57,2026-10-02T06:47:00,2026-10-02T06:47:00,2026-10-02T06:48:24,2764,2817,2817,2820,2820,2904,53,3,84,104,wave_A
2026-10-02T06:46:57,2817,S4,20,amber,0,2817,2820,2820,2026-10-02T06:46:04,2026-10-02T06:46:57,2026-10-02T06:46:57,2026-10-02T06:47:00,2026-10-02T06:47:00,2026-10-02T06:48:24,2764,2817,2817,2820,2820,2904,53,3,84,104,wave_A
2026-10-02T06:47:00,2820,S4,20,red,0,2820,2904,2904,2026-10-02T06:46:04,2026-10-02T06:46:57,2026-10-02T06:46:57,2026-10-02T06:47:00,2026-10-02T06:47:00,2026-10-02T06:48:24,2764,2817,2817,2820,2820,2904,53,3,84,104,wave_A
2026-10-02T06:48:24,2904,S4,21,green,0,2904,2957,2957,2026-10-02T06:48:24,2026-10-02T06:49:17,2026-10-02T06:49:17,2026-10-02T06:49:20,2026-10-02T06:49:20,2026-10-02T06:50:44,2904,2957,2957,2960,2960,3044,53,3,84,104,wave_A
2026-10-02T06:49:17,2957,S4,21,amber,0,2957,2960,2960,2026-10-02T06:48:24,2026-10-02T06:49:17,2026-10-02T06:49:17,2026-10-02T06:49:20,2026-10-02T06:49:20,2026-10-02T06:50:44,2904,2957,2957,2960,2960,3044,53,3,84,104,wave_A
2026-10-02T06:49:20,2960,S4,21,red,0,2960,3044,3044,2026-10-02T06:48:24,2026-10-02T06:49:17,2026-10-02T06:49:17,2026-10-02T06:49:20,2026-10-02T06:49:20,2026-10-02T06:50:44,2904,2957,2957,2960,2960,3044,53,3,84,104,wave_A
2026-10-02T06:50:44,3044,S4,22,green,0,3044,3097,3097,2026-10-02T06:50:44,2026-10-02T06:51:37,2026-10-02T06:51:37,2026-10-02T06:51:40,2026-10-02T06:51:40,2026-10-02T06:53:04,3044,3097,3097,3100,3100,3184,53,3,84,104,wave_A
2026-10-02T06:51:37,3097,S4,22,amber,0,3097,3100,3100,2026-10-02T06:50:44,2026-10-02T06:51:37,2026-10-02T06:51:37,2026-10-02T06:51:40,2026-10-02T06:51:40,2026-10-02T06:53:04,3044,3097,3097,3100,3100,3184,53,3,84,104,wave_A
2026-10-02T06:51:40,3100,S4,22,red,0,3100,3184,3184,2026-10-02T06:50:44,2026-10-02T06:51:37,2026-10-02T06:51:37,2026-10-02T06:51:40,2026-10-02T06:51:40,2026-10-02T06:53:04,3044,3097,3097,3100,3100,3184,53,3,84,104,wave_A
2026-10-02T06:53:04,3184,S4,23,green,0,3184,3237,3237,2026-10-02T06:53:04,2026-10-02T06:53:57,2026-10-02T06:53:57,2026-10-02T06:54:00,2026-10-02T06:54:00,2026-10-02T06:55:24,3184,3237,3237,3240,3240,3324,53,3,84,104,wave_A
2026-10-02T06:53:57,3237,S4,23,amber,0,3237,3240,3240,2026-10-02T06:53:04,2026-10-02T06:53:57,2026-10-02T06:53:57,2026-10-02T06:54:00,2026-10-02T06:54:00,2026-10-02T06:55:24,3184,3237,3237,3240,3240,3324,53,3,84,104,wave_A
2026-10-02T06:54:00,3240,S4,23,red,0,3240,3324,3324,2026-10-02T06:53:04,2026-10-02T06:53:57,2026-10-02T06:53:57,2026-10-02T06:54:00,2026-10-02T06:54:00,2026-10-02T06:55:24,3184,3237,3237,3240,3240,3324,53,3,84,104,wave_A
2026-10-02T06:55:24,3324,S4,24,green,0,3324,3377,3377,2026-10-02T06:55:24,2026-10-02T06:56:17,2026-10-02T06:56:17,2026-10-02T06:56:20,2026-10-02T06:56:20,2026-10-02T06:57:44,3324,3377,3377,3380,3380,3464,53,3,84,104,wave_A
2026-10-02T06:56:17,3377,S4,24,amber,0,3377,3380,3380,2026-10-02T06:55:24,2026-10-02T06:56:17,2026-10-02T06:56:17,2026-10-02T06:56:20,2026-10-02T06:56:20,2026-10-02T06:57:44,3324,3377,3377,3380,3380,3464,53,3,84,104,wave_A
2026-10-02T06:56:20,3380,S4,24,red,0,3380,3464,3464,2026-10-02T06:55:24,2026-10-02T06:56:17,2026-10-02T06:56:17,2026-10-02T06:56:20,2026-10-02T06:56:20,2026-10-02T06:57:44,3324,3377,3377,3380,3380,3464,53,3,84,104,wave_A
2026-10-02T06:57:44,3464,S4,25,green,0,3464,3517,3517,2026-10-02T06:57:44,2026-10-02T06:58:37,2026-10-02T06:58:37,2026-10-02T06:58:40,2026-10-02T06:58:40,2026-10-02T07:00:04,3464,3517,3517,3520,3520,3604,53,3,84,104,wave_A
2026-10-02T06:58:37,3517,S4,25,amber,0,3517,3520,3520,2026-10-02T06:57:44,2026-10-02T06:58:37,2026-10-02T06:58:37,2026-10-02T06:58:40,2026-10-02T06:58:40,2026-10-02T07:00:04,3464,3517,3517,3520,3520,3604,53,3,84,104,wave_A
2026-10-02T06:58:40,3520,S4,25,red,0,3520,3604,3604,2026-10-02T06:57:44,2026-10-02T06:58:37,2026-10-02T06:58:37,2026-10-02T06:58:40,2026-10-02T06:58:40,2026-10-02T07:00:04,3464,3517,3517,3520,3520,3604,53,3,84,104,wave_A
2026-10-02T07:00:04,3604,S4,26,green,0,3604,3657,3657,2026-10-02T07:00:04,2026-10-02T07:00:57,2026-10-02T07:00:57,2026-10-02T07:01:00,2026-10-02T07:01:00,2026-10-02T07:02:24,3604,3657,3657,3660,3660,3744,53,3,84,104,wave_A
2026-10-02T07:00:57,3657,S4,26,amber,0,3657,3660,3660,2026-10-02T07:00:04,2026-10-02T07:00:57,2026-10-02T07:00:57,2026-10-02T07:01:00,2026-10-02T07:01:00,2026-10-02T07:02:24,3604,3657,3657,3660,3660,3744,53,3,84,104,wave_A
2026-10-02T07:01:00,3660,S4,26,red,0,3660,3744,3744,2026-10-02T07:00:04,2026-10-02T07:00:57,2026-10-02T07:00:57,2026-10-02T07:01:00,2026-10-02T07:01:00,2026-10-02T07:02:24,3604,3657,3657,3660,3660,3744,53,3,84,104,wave_A
2026-10-02T07:02:24,3744,S4,27,green,0,3744,3797,3797,2026-10-02T07:02:24,2026-10-02T07:03:17,2026-10-02T07:03:17,2026-10-02T07:03:20,2026-10-02T07:03:20,2026-10-02T07:04:44,3744,3797,3797,3800,3800,3884,53,3,84,104,wave_A
2026-10-02T07:03:17,3797,S4,27,amber,0,3797,3800,3800,2026-10-02T07:02:24,2026-10-02T07:03:17,2026-10-02T07:03:17,2026-10-02T07:03:20,2026-10-02T07:03:20,2026-10-02T07:04:44,3744,3797,3797,3800,3800,3884,53,3,84,104,wave_A
2026-10-02T07:03:20,3800,S4,27,red,0,3800,3884,3884,2026-10-02T07:02:24,2026-10-02T07:03:17,2026-10-02T07:03:17,2026-10-02T07:03:20,2026-10-02T07:03:20,2026-10-02T07:04:44,3744,3797,3797,3800,3800,3884,53,3,84,104,wave_A
2026-10-02T07:04:44,3884,S4,28,green,0,3884,3937,3937,2026-10-02T07:04:44,2026-10-02T07:05:37,2026-10-02T07:05:37,2026-10-02T07:05:40,2026-10-02T07:05:40,2026-10-02T07:07:04,3884,3937,3937,3940,3940,4024,53,3,84,104,wave_A
2026-10-02T07:05:37,3937,S4,28,amber,0,3937,3940,3940,2026-10-02T07:04:44,2026-10-02T07:05:37,2026-10-02T07:05:37,2026-10-02T07:05:40,2026-10-02T07:05:40,2026-10-02T07:07:04,3884,3937,3937,3940,3940,4024,53,3,84,104,wave_A
2026-10-02T07:05:40,3940,S4,28,red,0,3940,4024,4024,2026-10-02T07:04:44,2026-10-02T07:05:37,2026-10-02T07:05:37,2026-10-02T07:05:40,2026-10-02T07:05:40,2026-10-02T07:07:04,3884,3937,3937,3940,3940,4024,53,3,84,104,wave_A
2026-10-02T07:07:04,4024,S4,29,green,0,4024,4077,4077,2026-10-02T07:07:04,2026-10-02T07:07:57,2026-10-02T07:07:57,2026-10-02T07:08:00,2026-10-02T07:08:00,2026-10-02T07:09:24,4024,4077,4077,4080,4080,4164,53,3,84,104,wave_A
2026-10-02T07:07:57,4077,S4,29,amber,0,4077,4080,4080,2026-10-02T07:07:04,2026-10-02T07:07:57,2026-10-02T07:07:57,2026-10-02T07:08:00,2026-10-02T07:08:00,2026-10-02T07:09:24,4024,4077,4077,4080,4080,4164,53,3,84,104,wave_A
2026-10-02T07:08:00,4080,S4,29,red,0,4080,4164,4164,2026-10-02T07:07:04,2026-10-02T07:07:57,2026-10-02T07:07:57,2026-10-02T07:08:00,2026-10-02T07:08:00,2026-10-02T07:09:24,4024,4077,4077,4080,4080,4164,53,3,84,104,wave_A
2026-10-02T07:09:24,4164,S4,30,green,0,4164,4217,4217,2026-10-02T07:09:24,2026-10-02T07:10:17,2026-10-02T07:10:17,2026-10-02T07:10:20,2026-10-02T07:10:20,2026-10-02T07:11:44,4164,4217,4217,4220,4220,4304,53,3,84,104,wave_A
2026-10-02T07:10:17,4217,S4,30,amber,0,4217,4220,4220,2026-10-02T07:09:24,2026-10-02T07:10:17,2026-10-02T07:10:17,2026-10-02T07:10:20,2026-10-02T07:10:20,2026-10-02T07:11:44,4164,4217,4217,4220,4220,4304,53,3,84,104,wave_A
2026-10-02T07:10:20,4220,S4,30,red,0,4220,4304,4304,2026-10-02T07:09:24,2026-10-02T07:10:17,2026-10-02T07:10:17,2026-10-02T07:10:20,2026-10-02T07:10:20,2026-10-02T07:11:44,4164,4217,4217,4220,4220,4304,53,3,84,104,wave_A
2026-10-02T07:11:44,4304,S4,31,green,0,4304,4357,4357,2026-10-02T07:11:44,2026-10-02T07:12:37,2026-10-02T07:12:37,2026-10-02T07:12:40,2026-10-02T07:12:40,2026-10-02T07:14:04,4304,4357,4357,4360,4360,4444,53,3,84,104,wave_A
2026-10-02T07:12:37,4357,S4,31,amber,0,4357,4360,4360,2026-10-02T07:11:44,2026-10-02T07:12:37,2026-10-02T07:12:37,2026-10-02T07:12:40,2026-10-02T07:12:40,2026-10-02T07:14:04,4304,4357,4357,4360,4360,4444,53,3,84,104,wave_A
2026-10-02T07:12:40,4360,S4,31,red,0,4360,4444,4444,2026-10-02T07:11:44,2026-10-02T07:12:37,2026-10-02T07:12:37,2026-10-02T07:12:40,2026-10-02T07:12:40,2026-10-02T07:14:04,4304,4357,4357,4360,4360,4444,53,3,84,104,wave_A
2026-10-02T07:14:04,4444,S4,32,green,0,4444,4497,4497,2026-10-02T07:14:04,2026-10-02T07:14:57,2026-10-02T07:14:57,2026-10-02T07:15:00,2026-10-02T07:15:00,2026-10-02T07:16:24,4444,4497,4497,4500,4500,4584,53,3,84,104,wave_A
2026-10-02T07:14:57,4497,S4,32,amber,0,4497,4500,4500,2026-10-02T07:14:04,2026-10-02T07:14:57,2026-10-02T07:14:57,2026-10-02T07:15:00,2026-10-02T07:15:00,2026-10-02T07:16:24,4444,4497,4497,4500,4500,4584,53,3,84,104,wave_A
2026-10-02T07:15:00,4500,S4,32,red,0,4500,4584,4584,2026-10-02T07:14:04,2026-10-02T07:14:57,2026-10-02T07:14:57,2026-10-02T07:15:00,2026-10-02T07:15:00,2026-10-02T07:16:24,4444,4497,4497,4500,4500,4584,53,3,84,104,wave_A
2026-10-02T07:16:24,4584,S4,33,green,0,4584,4637,4637,2026-10-02T07:16:24,2026-10-02T07:17:17,2026-10-02T07:17:17,2026-10-02T07:17:20,2026-10-02T07:17:20,2026-10-02T07:18:44,4584,4637,4637,4640,4640,4724,53,3,84,104,wave_A
2026-10-02T07:17:17,4637,S4,33,amber,0,4637,4640,4640,2026-10-02T07:16:24,2026-10-02T07:17:17,2026-10-02T07:17:17,2026-10-02T07:17:20,2026-10-02T07:17:20,2026-10-02T07:18:44,4584,4637,4637,4640,4640,4724,53,3,84,104,wave_A
2026-10-02T07:17:20,4640,S4,33,red,0,4640,4724,4724,2026-10-02T07:16:24,2026-10-02T07:17:17,2026-10-02T07:17:17,2026-10-02T07:17:20,2026-10-02T07:17:20,2026-10-02T07:18:44,4584,4637,4637,4640,4640,4724,53,3,84,104,wave_A
2026-10-02T07:18:44,4724,S4,34,green,0,4724,4777,4777,2026-10-02T07:18:44,2026-10-02T07:19:37,2026-10-02T07:19:37,2026-10-02T07:19:40,2026-10-02T07:19:40,2026-10-02T07:21:04,4724,4777,4777,4780,4780,4864,53,3,84,104,wave_A
2026-10-02T07:19:37,4777,S4,34,amber,0,4777,4780,4780,2026-10-02T07:18:44,2026-10-02T07:19:37,2026-10-02T07:19:37,2026-10-02T07:19:40,2026-10-02T07:19:40,2026-10-02T07:21:04,4724,4777,4777,4780,4780,4864,53,3,84,104,wave_A
2026-10-02T07:19:40,4780,S4,34,red,0,4780,4864,4864,2026-10-02T07:18:44,2026-10-02T07:19:37,2026-10-02T07:19:37,2026-10-02T07:19:40,2026-10-02T07:19:40,2026-10-02T07:21:04,4724,4777,4777,4780,4780,4864,53,3,84,104,wave_A
2026-10-02T07:21:04,4864,S4,35,green,0,4864,4917,4917,2026-10-02T07:21:04,2026-10-02T07:21:57,2026-10-02T07:21:57,2026-10-02T07:22:00,2026-10-02T07:22:00,2026-10-02T07:23:24,4864,4917,4917,4920,4920,5004,53,3,84,104,wave_A
2026-10-02T07:21:57,4917,S4,35,amber,0,4917,4920,4920,2026-10-02T07:21:04,2026-10-02T07:21:57,2026-10-02T07:21:57,2026-10-02T07:22:00,2026-10-02T07:22:00,2026-10-02T07:23:24,4864,4917,4917,4920,4920,5004,53,3,84,104,wave_A
2026-10-02T07:22:00,4920,S4,35,red,0,4920,5004,5004,2026-10-02T07:21:04,2026-10-02T07:21:57,2026-10-02T07:21:57,2026-10-02T07:22:00,2026-10-02T07:22:00,2026-10-02T07:23:24,4864,4917,4917,4920,4920,5004,53,3,84,104,wave_A
2026-10-02T07:23:24,5004,S4,36,green,0,5004,5057,5057,2026-10-02T07:23:24,2026-10-02T07:24:17,2026-10-02T07:24:17,2026-10-02T07:24:20,2026-10-02T07:24:20,2026-10-02T07:25:44,5004,5057,5057,5060,5060,5144,53,3,84,104,wave_A
2026-10-02T07:24:17,5057,S4,36,amber,0,5057,5060,5060,2026-10-02T07:23:24,2026-10-02T07:24:17,2026-10-02T07:24:17,2026-10-02T07:24:20,2026-10-02T07:24:20,2026-10-02T07:25:44,5004,5057,5057,5060,5060,5144,53,3,84,104,wave_A
2026-10-02T07:24:20,5060,S4,36,red,0,5060,5144,5144,2026-10-02T07:23:24,2026-10-02T07:24:17,2026-10-02T07:24:17,2026-10-02T07:24:20,2026-10-02T07:24:20,2026-10-02T07:25:44,5004,5057,5057,5060,5060,5144,53,3,84,104,wave_A
2026-10-02T07:25:44,5144,S4,37,green,0,5144,5197,5197,2026-10-02T07:25:44,2026-10-02T07:26:37,2026-10-02T07:26:37,2026-10-02T07:26:40,2026-10-02T07:26:40,2026-10-02T07:28:04,5144,5197,5197,5200,5200,5284,53,3,84,104,wave_A
2026-10-02T07:26:37,5197,S4,37,amber,0,5197,5200,5200,2026-10-02T07:25:44,2026-10-02T07:26:37,2026-10-02T07:26:37,2026-10-02T07:26:40,2026-10-02T07:26:40,2026-10-02T07:28:04,5144,5197,5197,5200,5200,5284,53,3,84,104,wave_A
2026-10-02T07:26:40,5200,S4,37,red,0,5200,5284,5284,2026-10-02T07:25:44,2026-10-02T07:26:37,2026-10-02T07:26:37,2026-10-02T07:26:40,2026-10-02T07:26:40,2026-10-02T07:28:04,5144,5197,5197,5200,5200,5284,53,3,84,104,wave_A
2026-10-02T07:28:04,5284,S4,38,green,0,5284,5337,5337,2026-10-02T07:28:04,2026-10-02T07:28:57,2026-10-02T07:28:57,2026-10-02T07:29:00,2026-10-02T07:29:00,2026-10-02T07:30:24,5284,5337,5337,5340,5340,5424,53,3,84,104,wave_A
2026-10-02T07:28:57,5337,S4,38,amber,0,5337,5340,5340,2026-10-02T07:28:04,2026-10-02T07:28:57,2026-10-02T07:28:57,2026-10-02T07:29:00,2026-10-02T07:29:00,2026-10-02T07:30:24,5284,5337,5337,5340,5340,5424,53,3,84,104,wave_A
2026-10-02T07:29:00,5340,S4,38,red,0,5340,5424,5424,2026-10-02T07:28:04,2026-10-02T07:28:57,2026-10-02T07:28:57,2026-10-02T07:29:00,2026-10-02T07:29:00,2026-10-02T07:30:24,5284,5337,5337,5340,5340,5424,53,3,84,104,wave_A
2026-10-02T07:30:24,5424,S4,39,green,0,5424,5477,5477,2026-10-02T07:30:24,2026-10-02T07:31:17,2026-10-02T07:31:17,2026-10-02T07:31:20,2026-10-02T07:31:20,2026-10-02T07:32:44,5424,5477,5477,5480,5480,5564,53,3,84,104,wave_A
2026-10-02T07:31:17,5477,S4,39,amber,0,5477,5480,5480,2026-10-02T07:30:24,2026-10-02T07:31:17,2026-10-02T07:31:17,2026-10-02T07:31:20,2026-10-02T07:31:20,2026-10-02T07:32:44,5424,5477,5477,5480,5480,5564,53,3,84,104,wave_A
2026-10-02T07:31:20,5480,S4,39,red,0,5480,5564,5564,2026-10-02T07:30:24,2026-10-02T07:31:17,2026-10-02T07:31:17,2026-10-02T07:31:20,2026-10-02T07:31:20,2026-10-02T07:32:44,5424,5477,5477,5480,5480,5564,53,3,84,104,wave_A
2026-10-02T07:32:44,5564,S4,40,green,0,5564,5617,5617,2026-10-02T07:32:44,2026-10-02T07:33:37,2026-10-02T07:33:37,2026-10-02T07:33:40,2026-10-02T07:33:40,2026-10-02T07:35:04,5564,5617,5617,5620,5620,5704,53,3,84,104,wave_A
2026-10-02T07:33:37,5617,S4,40,amber,0,5617,5620,5620,2026-10-02T07:32:44,2026-10-02T07:33:37,2026-10-02T07:33:37,2026-10-02T07:33:40,2026-10-02T07:33:40,2026-10-02T07:35:04,5564,5617,5617,5620,5620,5704,53,3,84,104,wave_A
2026-10-02T07:33:40,5620,S4,40,red,0,5620,5704,5704,2026-10-02T07:32:44,2026-10-02T07:33:37,2026-10-02T07:33:37,2026-10-02T07:33:40,2026-10-02T07:33:40,2026-10-02T07:35:04,5564,5617,5617,5620,5620,5704,53,3,84,104,wave_A
2026-10-02T07:35:04,5704,S4,41,green,0,5704,5757,5757,2026-10-02T07:35:04,2026-10-02T07:35:57,2026-10-02T07:35:57,2026-10-02T07:36:00,2026-10-02T07:36:00,2026-10-02T07:37:24,5704,5757,5757,5760,5760,5844,53,3,84,104,wave_A
2026-10-02T07:35:57,5757,S4,41,amber,0,5757,5760,5760,2026-10-02T07:35:04,2026-10-02T07:35:57,2026-10-02T07:35:57,2026-10-02T07:36:00,2026-10-02T07:36:00,2026-10-02T07:37:24,5704,5757,5757,5760,5760,5844,53,3,84,104,wave_A
2026-10-02T07:36:00,5760,S4,41,red,0,5760,5844,5844,2026-10-02T07:35:04,2026-10-02T07:35:57,2026-10-02T07:35:57,2026-10-02T07:36:00,2026-10-02T07:36:00,2026-10-02T07:37:24,5704,5757,5757,5760,5760,5844,53,3,84,104,wave_A
2026-10-02T07:37:24,5844,S4,42,green,0,5844,5897,5897,2026-10-02T07:37:24,2026-10-02T07:38:17,2026-10-02T07:38:17,2026-10-02T07:38:20,2026-10-02T07:38:20,2026-10-02T07:39:44,5844,5897,5897,5900,5900,5984,53,3,84,104,wave_A
2026-10-02T07:38:17,5897,S4,42,amber,0,5897,5900,5900,2026-10-02T07:37:24,2026-10-02T07:38:17,2026-10-02T07:38:17,2026-10-02T07:38:20,2026-10-02T07:38:20,2026-10-02T07:39:44,5844,5897,5897,5900,5900,5984,53,3,84,104,wave_A
2026-10-02T07:38:20,5900,S4,42,red,0,5900,5984,5984,2026-10-02T07:37:24,2026-10-02T07:38:17,2026-10-02T07:38:17,2026-10-02T07:38:20,2026-10-02T07:38:20,2026-10-02T07:39:44,5844,5897,5897,5900,5900,5984,53,3,84,104,wave_A
2026-10-02T07:39:44,5984,S4,43,green,0,5984,6037,6037,2026-10-02T07:39:44,2026-10-02T07:40:37,2026-10-02T07:40:37,2026-10-02T07:40:40,2026-10-02T07:40:40,2026-10-02T07:42:04,5984,6037,6037,6040,6040,6124,53,3,84,104,wave_A
2026-10-02T07:40:37,6037,S4,43,amber,0,6037,6040,6040,2026-10-02T07:39:44,2026-10-02T07:40:37,2026-10-02T07:40:37,2026-10-02T07:40:40,2026-10-02T07:40:40,2026-10-02T07:42:04,5984,6037,6037,6040,6040,6124,53,3,84,104,wave_A
2026-10-02T07:40:40,6040,S4,43,red,0,6040,6124,6124,2026-10-02T07:39:44,2026-10-02T07:40:37,2026-10-02T07:40:37,2026-10-02T07:40:40,2026-10-02T07:40:40,2026-10-02T07:42:04,5984,6037,6037,6040,6040,6124,53,3,84,104,wave_A
2026-10-02T07:42:04,6124,S4,44,green,0,6124,6177,6177,2026-10-02T07:42:04,2026-10-02T07:42:57,2026-10-02T07:42:57,2026-10-02T07:43:00,2026-10-02T07:43:00,2026-10-02T07:44:24,6124,6177,6177,6180,6180,6264,53,3,84,104,wave_A
2026-10-02T07:42:57,6177,S4,44,amber,0,6177,6180,6180,2026-10-02T07:42:04,2026-10-02T07:42:57,2026-10-02T07:42:57,2026-10-02T07:43:00,2026-10-02T07:43:00,2026-10-02T07:44:24,6124,6177,6177,6180,6180,6264,53,3,84,104,wave_A
2026-10-02T07:43:00,6180,S4,44,red,0,6180,6264,6264,2026-10-02T07:42:04,2026-10-02T07:42:57,2026-10-02T07:42:57,2026-10-02T07:43:00,2026-10-02T07:43:00,2026-10-02T07:44:24,6124,6177,6177,6180,6180,6264,53,3,84,104,wave_A
2026-10-02T07:44:24,6264,S4,45,green,0,6264,6317,6317,2026-10-02T07:44:24,2026-10-02T07:45:17,2026-10-02T07:45:17,2026-10-02T07:45:20,2026-10-02T07:45:20,2026-10-02T07:46:44,6264,6317,6317,6320,6320,6404,53,3,84,104,wave_A
2026-10-02T07:45:17,6317,S4,45,amber,0,6317,6320,6320,2026-10-02T07:44:24,2026-10-02T07:45:17,2026-10-02T07:45:17,2026-10-02T07:45:20,2026-10-02T07:45:20,2026-10-02T07:46:44,6264,6317,6317,6320,6320,6404,53,3,84,104,wave_A
2026-10-02T07:45:20,6320,S4,45,red,0,6320,6404,6404,2026-10-02T07:44:24,2026-10-02T07:45:17,2026-10-02T07:45:17,2026-10-02T07:45:20,2026-10-02T07:45:20,2026-10-02T07:46:44,6264,6317,6317,6320,6320,6404,53,3,84,104,wave_A
2026-10-02T07:46:44,6404,S4,46,green,0,6404,6457,6457,2026-10-02T07:46:44,2026-10-02T07:47:37,2026-10-02T07:47:37,2026-10-02T07:47:40,2026-10-02T07:47:40,2026-10-02T07:49:04,6404,6457,6457,6460,6460,6544,53,3,84,104,wave_A
2026-10-02T07:47:37,6457,S4,46,amber,0,6457,6460,6460,2026-10-02T07:46:44,2026-10-02T07:47:37,2026-10-02T07:47:37,2026-10-02T07:47:40,2026-10-02T07:47:40,2026-10-02T07:49:04,6404,6457,6457,6460,6460,6544,53,3,84,104,wave_A
2026-10-02T07:47:40,6460,S4,46,red,0,6460,6544,6544,2026-10-02T07:46:44,2026-10-02T07:47:37,2026-10-02T07:47:37,2026-10-02T07:47:40,2026-10-02T07:47:40,2026-10-02T07:49:04,6404,6457,6457,6460,6460,6544,53,3,84,104,wave_A
2026-10-02T07:49:04,6544,S4,47,green,0,6544,6597,6597,2026-10-02T07:49:04,2026-10-02T07:49:57,2026-10-02T07:49:57,2026-10-02T07:50:00,2026-10-02T07:50:00,2026-10-02T07:51:24,6544,6597,6597,6600,6600,6684,53,3,84,104,wave_A
2026-10-02T07:49:57,6597,S4,47,amber,0,6597,6600,6600,2026-10-02T07:49:04,2026-10-02T07:49:57,2026-10-02T07:49:57,2026-10-02T07:50:00,2026-10-02T07:50:00,2026-10-02T07:51:24,6544,6597,6597,6600,6600,6684,53,3,84,104,wave_A
2026-10-02T07:50:00,6600,S4,47,red,0,6600,6684,6684,2026-10-02T07:49:04,2026-10-02T07:49:57,2026-10-02T07:49:57,2026-10-02T07:50:00,2026-10-02T07:50:00,2026-10-02T07:51:24,6544,6597,6597,6600,6600,6684,53,3,84,104,wave_A
2026-10-02T07:51:24,6684,S4,48,green,0,6684,6737,6737,2026-10-02T07:51:24,2026-10-02T07:52:17,2026-10-02T07:52:17,2026-10-02T07:52:20,2026-10-02T07:52:20,2026-10-02T07:53:44,6684,6737,6737,6740,6740,6824,53,3,84,104,wave_A
2026-10-02T07:52:17,6737,S4,48,amber,0,6737,6740,6740,2026-10-02T07:51:24,2026-10-02T07:52:17,2026-10-02T07:52:17,2026-10-02T07:52:20,2026-10-02T07:52:20,2026-10-02T07:53:44,6684,6737,6737,6740,6740,6824,53,3,84,104,wave_A
2026-10-02T07:52:20,6740,S4,48,red,0,6740,6824,6824,2026-10-02T07:51:24,2026-10-02T07:52:17,2026-10-02T07:52:17,2026-10-02T07:52:20,2026-10-02T07:52:20,2026-10-02T07:53:44,6684,6737,6737,6740,6740,6824,53,3,84,104,wave_A
2026-10-02T07:53:44,6824,S4,49,green,0,6824,6877,6877,2026-10-02T07:53:44,2026-10-02T07:54:37,2026-10-02T07:54:37,2026-10-02T07:54:40,2026-10-02T07:54:40,2026-10-02T07:56:04,6824,6877,6877,6880,6880,6964,53,3,84,104,wave_A
2026-10-02T07:54:37,6877,S4,49,amber,0,6877,6880,6880,2026-10-02T07:53:44,2026-10-02T07:54:37,2026-10-02T07:54:37,2026-10-02T07:54:40,2026-10-02T07:54:40,2026-10-02T07:56:04,6824,6877,6877,6880,6880,6964,53,3,84,104,wave_A
2026-10-02T07:54:40,6880,S4,49,red,0,6880,6964,6964,2026-10-02T07:53:44,2026-10-02T07:54:37,2026-10-02T07:54:37,2026-10-02T07:54:40,2026-10-02T07:54:40,2026-10-02T07:56:04,6824,6877,6877,6880,6880,6964,53,3,84,104,wave_A
2026-10-02T07:56:04,6964,S4,50,green,0,6964,7017,7017,2026-10-02T07:56:04,2026-10-02T07:56:57,2026-10-02T07:56:57,2026-10-02T07:57:00,2026-10-02T07:57:00,2026-10-02T07:58:24,6964,7017,7017,7020,7020,7104,53,3,84,104,wave_A
2026-10-02T07:56:57,7017,S4,50,amber,0,7017,7020,7020,2026-10-02T07:56:04,2026-10-02T07:56:57,2026-10-02T07:56:57,2026-10-02T07:57:00,2026-10-02T07:57:00,2026-10-02T07:58:24,6964,7017,7017,7020,7020,7104,53,3,84,104,wave_A
2026-10-02T07:57:00,7020,S4,50,red,0,7020,7104,7104,2026-10-02T07:56:04,2026-10-02T07:56:57,2026-10-02T07:56:57,2026-10-02T07:57:00,2026-10-02T07:57:00,2026-10-02T07:58:24,6964,7017,7017,7020,7020,7104,53,3,84,104,wave_A
2026-10-02T07:58:24,7104,S4,51,green,0,7104,7157,7157,2026-10-02T07:58:24,2026-10-02T07:59:17,2026-10-02T07:59:17,2026-10-02T07:59:20,2026-10-02T07:59:20,2026-10-02T08:00:44,7104,7157,7157,7160,7160,7244,53,3,84,104,wave_A
2026-10-02T07:59:17,7157,S4,51,amber,0,7157,7160,7160,2026-10-02T07:58:24,2026-10-02T07:59:17,2026-10-02T07:59:17,2026-10-02T07:59:20,2026-10-02T07:59:20,2026-10-02T08:00:44,7104,7157,7157,7160,7160,7244,53,3,84,104,wave_A
2026-10-02T07:59:20,7160,S4,51,red,0,7160,7244,7244,2026-10-02T07:58:24,2026-10-02T07:59:17,2026-10-02T07:59:17,2026-10-02T07:59:20,2026-10-02T07:59:20,2026-10-02T08:00:44,7104,7157,7157,7160,7160,7244,53,3,84,104,wave_A
2026-10-02T08:00:44,7244,S4,52,green,0,7244,7297,7280,2026-10-02T08:00:44,2026-10-02T08:01:37,2026-10-02T08:01:37,2026-10-02T08:01:40,2026-10-02T08:01:40,2026-10-02T08:03:04,7244,7297,7297,7300,7300,7384,53,3,84,104,wave_A
2026-10-02T06:00:00,0,S5,0,red,76,-76,18,18,2026-10-02T05:57:58,2026-10-02T05:58:41,2026-10-02T05:58:41,2026-10-02T05:58:44,2026-10-02T05:58:44,2026-10-02T06:00:18,-122,-79,-79,-76,-76,18,43,3,94,18,wave_A
2026-10-02T06:00:18,18,S5,1,green,0,18,61,61,2026-10-02T06:00:18,2026-10-02T06:01:01,2026-10-02T06:01:01,2026-10-02T06:01:04,2026-10-02T06:01:04,2026-10-02T06:02:38,18,61,61,64,64,158,43,3,94,18,wave_A
2026-10-02T06:01:01,61,S5,1,amber,0,61,64,64,2026-10-02T06:00:18,2026-10-02T06:01:01,2026-10-02T06:01:01,2026-10-02T06:01:04,2026-10-02T06:01:04,2026-10-02T06:02:38,18,61,61,64,64,158,43,3,94,18,wave_A
2026-10-02T06:01:04,64,S5,1,red,0,64,158,158,2026-10-02T06:00:18,2026-10-02T06:01:01,2026-10-02T06:01:01,2026-10-02T06:01:04,2026-10-02T06:01:04,2026-10-02T06:02:38,18,61,61,64,64,158,43,3,94,18,wave_A
2026-10-02T06:02:38,158,S5,2,green,0,158,201,201,2026-10-02T06:02:38,2026-10-02T06:03:21,2026-10-02T06:03:21,2026-10-02T06:03:24,2026-10-02T06:03:24,2026-10-02T06:04:58,158,201,201,204,204,298,43,3,94,18,wave_A
2026-10-02T06:03:21,201,S5,2,amber,0,201,204,204,2026-10-02T06:02:38,2026-10-02T06:03:21,2026-10-02T06:03:21,2026-10-02T06:03:24,2026-10-02T06:03:24,2026-10-02T06:04:58,158,201,201,204,204,298,43,3,94,18,wave_A
2026-10-02T06:03:24,204,S5,2,red,0,204,298,298,2026-10-02T06:02:38,2026-10-02T06:03:21,2026-10-02T06:03:21,2026-10-02T06:03:24,2026-10-02T06:03:24,2026-10-02T06:04:58,158,201,201,204,204,298,43,3,94,18,wave_A
2026-10-02T06:04:58,298,S5,3,green,0,298,341,341,2026-10-02T06:04:58,2026-10-02T06:05:41,2026-10-02T06:05:41,2026-10-02T06:05:44,2026-10-02T06:05:44,2026-10-02T06:07:18,298,341,341,344,344,438,43,3,94,18,wave_A
2026-10-02T06:05:41,341,S5,3,amber,0,341,344,344,2026-10-02T06:04:58,2026-10-02T06:05:41,2026-10-02T06:05:41,2026-10-02T06:05:44,2026-10-02T06:05:44,2026-10-02T06:07:18,298,341,341,344,344,438,43,3,94,18,wave_A
2026-10-02T06:05:44,344,S5,3,red,0,344,438,438,2026-10-02T06:04:58,2026-10-02T06:05:41,2026-10-02T06:05:41,2026-10-02T06:05:44,2026-10-02T06:05:44,2026-10-02T06:07:18,298,341,341,344,344,438,43,3,94,18,wave_A
2026-10-02T06:07:18,438,S5,4,green,0,438,481,481,2026-10-02T06:07:18,2026-10-02T06:08:01,2026-10-02T06:08:01,2026-10-02T06:08:04,2026-10-02T06:08:04,2026-10-02T06:09:38,438,481,481,484,484,578,43,3,94,18,wave_A
2026-10-02T06:08:01,481,S5,4,amber,0,481,484,484,2026-10-02T06:07:18,2026-10-02T06:08:01,2026-10-02T06:08:01,2026-10-02T06:08:04,2026-10-02T06:08:04,2026-10-02T06:09:38,438,481,481,484,484,578,43,3,94,18,wave_A
2026-10-02T06:08:04,484,S5,4,red,0,484,578,578,2026-10-02T06:07:18,2026-10-02T06:08:01,2026-10-02T06:08:01,2026-10-02T06:08:04,2026-10-02T06:08:04,2026-10-02T06:09:38,438,481,481,484,484,578,43,3,94,18,wave_A
2026-10-02T06:09:38,578,S5,5,green,0,578,621,621,2026-10-02T06:09:38,2026-10-02T06:10:21,2026-10-02T06:10:21,2026-10-02T06:10:24,2026-10-02T06:10:24,2026-10-02T06:11:58,578,621,621,624,624,718,43,3,94,18,wave_A
2026-10-02T06:10:21,621,S5,5,amber,0,621,624,624,2026-10-02T06:09:38,2026-10-02T06:10:21,2026-10-02T06:10:21,2026-10-02T06:10:24,2026-10-02T06:10:24,2026-10-02T06:11:58,578,621,621,624,624,718,43,3,94,18,wave_A
2026-10-02T06:10:24,624,S5,5,red,0,624,718,718,2026-10-02T06:09:38,2026-10-02T06:10:21,2026-10-02T06:10:21,2026-10-02T06:10:24,2026-10-02T06:10:24,2026-10-02T06:11:58,578,621,621,624,624,718,43,3,94,18,wave_A
2026-10-02T06:11:58,718,S5,6,green,0,718,761,761,2026-10-02T06:11:58,2026-10-02T06:12:41,2026-10-02T06:12:41,2026-10-02T06:12:44,2026-10-02T06:12:44,2026-10-02T06:14:18,718,761,761,764,764,858,43,3,94,18,wave_A
2026-10-02T06:12:41,761,S5,6,amber,0,761,764,764,2026-10-02T06:11:58,2026-10-02T06:12:41,2026-10-02T06:12:41,2026-10-02T06:12:44,2026-10-02T06:12:44,2026-10-02T06:14:18,718,761,761,764,764,858,43,3,94,18,wave_A
2026-10-02T06:12:44,764,S5,6,red,0,764,858,858,2026-10-02T06:11:58,2026-10-02T06:12:41,2026-10-02T06:12:41,2026-10-02T06:12:44,2026-10-02T06:12:44,2026-10-02T06:14:18,718,761,761,764,764,858,43,3,94,18,wave_A
2026-10-02T06:14:18,858,S5,7,green,0,858,901,901,2026-10-02T06:14:18,2026-10-02T06:15:01,2026-10-02T06:15:01,2026-10-02T06:15:04,2026-10-02T06:15:04,2026-10-02T06:16:38,858,901,901,904,904,998,43,3,94,18,wave_A
2026-10-02T06:15:01,901,S5,7,amber,0,901,904,904,2026-10-02T06:14:18,2026-10-02T06:15:01,2026-10-02T06:15:01,2026-10-02T06:15:04,2026-10-02T06:15:04,2026-10-02T06:16:38,858,901,901,904,904,998,43,3,94,18,wave_A
2026-10-02T06:15:04,904,S5,7,red,0,904,998,998,2026-10-02T06:14:18,2026-10-02T06:15:01,2026-10-02T06:15:01,2026-10-02T06:15:04,2026-10-02T06:15:04,2026-10-02T06:16:38,858,901,901,904,904,998,43,3,94,18,wave_A
2026-10-02T06:16:38,998,S5,8,green,0,998,1041,1041,2026-10-02T06:16:38,2026-10-02T06:17:21,2026-10-02T06:17:21,2026-10-02T06:17:24,2026-10-02T06:17:24,2026-10-02T06:18:58,998,1041,1041,1044,1044,1138,43,3,94,18,wave_A
2026-10-02T06:17:21,1041,S5,8,amber,0,1041,1044,1044,2026-10-02T06:16:38,2026-10-02T06:17:21,2026-10-02T06:17:21,2026-10-02T06:17:24,2026-10-02T06:17:24,2026-10-02T06:18:58,998,1041,1041,1044,1044,1138,43,3,94,18,wave_A
2026-10-02T06:17:24,1044,S5,8,red,0,1044,1138,1138,2026-10-02T06:16:38,2026-10-02T06:17:21,2026-10-02T06:17:21,2026-10-02T06:17:24,2026-10-02T06:17:24,2026-10-02T06:18:58,998,1041,1041,1044,1044,1138,43,3,94,18,wave_A
2026-10-02T06:18:58,1138,S5,9,green,0,1138,1181,1181,2026-10-02T06:18:58,2026-10-02T06:19:41,2026-10-02T06:19:41,2026-10-02T06:19:44,2026-10-02T06:19:44,2026-10-02T06:21:18,1138,1181,1181,1184,1184,1278,43,3,94,18,wave_A
2026-10-02T06:19:41,1181,S5,9,amber,0,1181,1184,1184,2026-10-02T06:18:58,2026-10-02T06:19:41,2026-10-02T06:19:41,2026-10-02T06:19:44,2026-10-02T06:19:44,2026-10-02T06:21:18,1138,1181,1181,1184,1184,1278,43,3,94,18,wave_A
2026-10-02T06:19:44,1184,S5,9,red,0,1184,1278,1278,2026-10-02T06:18:58,2026-10-02T06:19:41,2026-10-02T06:19:41,2026-10-02T06:19:44,2026-10-02T06:19:44,2026-10-02T06:21:18,1138,1181,1181,1184,1184,1278,43,3,94,18,wave_A
2026-10-02T06:21:18,1278,S5,10,green,0,1278,1321,1321,2026-10-02T06:21:18,2026-10-02T06:22:01,2026-10-02T06:22:01,2026-10-02T06:22:04,2026-10-02T06:22:04,2026-10-02T06:23:38,1278,1321,1321,1324,1324,1418,43,3,94,18,wave_A
2026-10-02T06:22:01,1321,S5,10,amber,0,1321,1324,1324,2026-10-02T06:21:18,2026-10-02T06:22:01,2026-10-02T06:22:01,2026-10-02T06:22:04,2026-10-02T06:22:04,2026-10-02T06:23:38,1278,1321,1321,1324,1324,1418,43,3,94,18,wave_A
2026-10-02T06:22:04,1324,S5,10,red,0,1324,1418,1418,2026-10-02T06:21:18,2026-10-02T06:22:01,2026-10-02T06:22:01,2026-10-02T06:22:04,2026-10-02T06:22:04,2026-10-02T06:23:38,1278,1321,1321,1324,1324,1418,43,3,94,18,wave_A
2026-10-02T06:23:38,1418,S5,11,green,0,1418,1461,1461,2026-10-02T06:23:38,2026-10-02T06:24:21,2026-10-02T06:24:21,2026-10-02T06:24:24,2026-10-02T06:24:24,2026-10-02T06:25:58,1418,1461,1461,1464,1464,1558,43,3,94,18,wave_A
2026-10-02T06:24:21,1461,S5,11,amber,0,1461,1464,1464,2026-10-02T06:23:38,2026-10-02T06:24:21,2026-10-02T06:24:21,2026-10-02T06:24:24,2026-10-02T06:24:24,2026-10-02T06:25:58,1418,1461,1461,1464,1464,1558,43,3,94,18,wave_A
2026-10-02T06:24:24,1464,S5,11,red,0,1464,1558,1558,2026-10-02T06:23:38,2026-10-02T06:24:21,2026-10-02T06:24:21,2026-10-02T06:24:24,2026-10-02T06:24:24,2026-10-02T06:25:58,1418,1461,1461,1464,1464,1558,43,3,94,18,wave_A
2026-10-02T06:25:58,1558,S5,12,green,0,1558,1601,1601,2026-10-02T06:25:58,2026-10-02T06:26:41,2026-10-02T06:26:41,2026-10-02T06:26:44,2026-10-02T06:26:44,2026-10-02T06:28:18,1558,1601,1601,1604,1604,1698,43,3,94,18,wave_A
2026-10-02T06:26:41,1601,S5,12,amber,0,1601,1604,1604,2026-10-02T06:25:58,2026-10-02T06:26:41,2026-10-02T06:26:41,2026-10-02T06:26:44,2026-10-02T06:26:44,2026-10-02T06:28:18,1558,1601,1601,1604,1604,1698,43,3,94,18,wave_A
2026-10-02T06:26:44,1604,S5,12,red,0,1604,1698,1698,2026-10-02T06:25:58,2026-10-02T06:26:41,2026-10-02T06:26:41,2026-10-02T06:26:44,2026-10-02T06:26:44,2026-10-02T06:28:18,1558,1601,1601,1604,1604,1698,43,3,94,18,wave_A
2026-10-02T06:28:18,1698,S5,13,green,0,1698,1741,1741,2026-10-02T06:28:18,2026-10-02T06:29:01,2026-10-02T06:29:01,2026-10-02T06:29:04,2026-10-02T06:29:04,2026-10-02T06:30:38,1698,1741,1741,1744,1744,1838,43,3,94,18,wave_A
2026-10-02T06:29:01,1741,S5,13,amber,0,1741,1744,1744,2026-10-02T06:28:18,2026-10-02T06:29:01,2026-10-02T06:29:01,2026-10-02T06:29:04,2026-10-02T06:29:04,2026-10-02T06:30:38,1698,1741,1741,1744,1744,1838,43,3,94,18,wave_A
2026-10-02T06:29:04,1744,S5,13,red,0,1744,1838,1838,2026-10-02T06:28:18,2026-10-02T06:29:01,2026-10-02T06:29:01,2026-10-02T06:29:04,2026-10-02T06:29:04,2026-10-02T06:30:38,1698,1741,1741,1744,1744,1838,43,3,94,18,wave_A
2026-10-02T06:30:38,1838,S5,14,green,0,1838,1881,1881,2026-10-02T06:30:38,2026-10-02T06:31:21,2026-10-02T06:31:21,2026-10-02T06:31:24,2026-10-02T06:31:24,2026-10-02T06:32:58,1838,1881,1881,1884,1884,1978,43,3,94,18,wave_A
2026-10-02T06:31:21,1881,S5,14,amber,0,1881,1884,1884,2026-10-02T06:30:38,2026-10-02T06:31:21,2026-10-02T06:31:21,2026-10-02T06:31:24,2026-10-02T06:31:24,2026-10-02T06:32:58,1838,1881,1881,1884,1884,1978,43,3,94,18,wave_A
2026-10-02T06:31:24,1884,S5,14,red,0,1884,1978,1978,2026-10-02T06:30:38,2026-10-02T06:31:21,2026-10-02T06:31:21,2026-10-02T06:31:24,2026-10-02T06:31:24,2026-10-02T06:32:58,1838,1881,1881,1884,1884,1978,43,3,94,18,wave_A
2026-10-02T06:32:58,1978,S5,15,green,0,1978,2021,2021,2026-10-02T06:32:58,2026-10-02T06:33:41,2026-10-02T06:33:41,2026-10-02T06:33:44,2026-10-02T06:33:44,2026-10-02T06:35:18,1978,2021,2021,2024,2024,2118,43,3,94,18,wave_A
2026-10-02T06:33:41,2021,S5,15,amber,0,2021,2024,2024,2026-10-02T06:32:58,2026-10-02T06:33:41,2026-10-02T06:33:41,2026-10-02T06:33:44,2026-10-02T06:33:44,2026-10-02T06:35:18,1978,2021,2021,2024,2024,2118,43,3,94,18,wave_A
2026-10-02T06:33:44,2024,S5,15,red,0,2024,2118,2118,2026-10-02T06:32:58,2026-10-02T06:33:41,2026-10-02T06:33:41,2026-10-02T06:33:44,2026-10-02T06:33:44,2026-10-02T06:35:18,1978,2021,2021,2024,2024,2118,43,3,94,18,wave_A
2026-10-02T06:35:18,2118,S5,16,green,0,2118,2161,2161,2026-10-02T06:35:18,2026-10-02T06:36:01,2026-10-02T06:36:01,2026-10-02T06:36:04,2026-10-02T06:36:04,2026-10-02T06:37:38,2118,2161,2161,2164,2164,2258,43,3,94,18,wave_A
2026-10-02T06:36:01,2161,S5,16,amber,0,2161,2164,2164,2026-10-02T06:35:18,2026-10-02T06:36:01,2026-10-02T06:36:01,2026-10-02T06:36:04,2026-10-02T06:36:04,2026-10-02T06:37:38,2118,2161,2161,2164,2164,2258,43,3,94,18,wave_A
2026-10-02T06:36:04,2164,S5,16,red,0,2164,2258,2258,2026-10-02T06:35:18,2026-10-02T06:36:01,2026-10-02T06:36:01,2026-10-02T06:36:04,2026-10-02T06:36:04,2026-10-02T06:37:38,2118,2161,2161,2164,2164,2258,43,3,94,18,wave_A
2026-10-02T06:37:38,2258,S5,17,green,0,2258,2301,2301,2026-10-02T06:37:38,2026-10-02T06:38:21,2026-10-02T06:38:21,2026-10-02T06:38:24,2026-10-02T06:38:24,2026-10-02T06:39:58,2258,2301,2301,2304,2304,2398,43,3,94,18,wave_A
2026-10-02T06:38:21,2301,S5,17,amber,0,2301,2304,2304,2026-10-02T06:37:38,2026-10-02T06:38:21,2026-10-02T06:38:21,2026-10-02T06:38:24,2026-10-02T06:38:24,2026-10-02T06:39:58,2258,2301,2301,2304,2304,2398,43,3,94,18,wave_A
2026-10-02T06:38:24,2304,S5,17,red,0,2304,2398,2398,2026-10-02T06:37:38,2026-10-02T06:38:21,2026-10-02T06:38:21,2026-10-02T06:38:24,2026-10-02T06:38:24,2026-10-02T06:39:58,2258,2301,2301,2304,2304,2398,43,3,94,18,wave_A
2026-10-02T06:39:58,2398,S5,18,green,0,2398,2441,2441,2026-10-02T06:39:58,2026-10-02T06:40:41,2026-10-02T06:40:41,2026-10-02T06:40:44,2026-10-02T06:40:44,2026-10-02T06:42:18,2398,2441,2441,2444,2444,2538,43,3,94,18,wave_A
2026-10-02T06:40:41,2441,S5,18,amber,0,2441,2444,2444,2026-10-02T06:39:58,2026-10-02T06:40:41,2026-10-02T06:40:41,2026-10-02T06:40:44,2026-10-02T06:40:44,2026-10-02T06:42:18,2398,2441,2441,2444,2444,2538,43,3,94,18,wave_A
2026-10-02T06:40:44,2444,S5,18,red,0,2444,2538,2538,2026-10-02T06:39:58,2026-10-02T06:40:41,2026-10-02T06:40:41,2026-10-02T06:40:44,2026-10-02T06:40:44,2026-10-02T06:42:18,2398,2441,2441,2444,2444,2538,43,3,94,18,wave_A
2026-10-02T06:42:18,2538,S5,19,green,0,2538,2581,2581,2026-10-02T06:42:18,2026-10-02T06:43:01,2026-10-02T06:43:01,2026-10-02T06:43:04,2026-10-02T06:43:04,2026-10-02T06:44:38,2538,2581,2581,2584,2584,2678,43,3,94,18,wave_A
2026-10-02T06:43:01,2581,S5,19,amber,0,2581,2584,2584,2026-10-02T06:42:18,2026-10-02T06:43:01,2026-10-02T06:43:01,2026-10-02T06:43:04,2026-10-02T06:43:04,2026-10-02T06:44:38,2538,2581,2581,2584,2584,2678,43,3,94,18,wave_A
2026-10-02T06:43:04,2584,S5,19,red,0,2584,2678,2678,2026-10-02T06:42:18,2026-10-02T06:43:01,2026-10-02T06:43:01,2026-10-02T06:43:04,2026-10-02T06:43:04,2026-10-02T06:44:38,2538,2581,2581,2584,2584,2678,43,3,94,18,wave_A
2026-10-02T06:44:38,2678,S5,20,green,0,2678,2721,2721,2026-10-02T06:44:38,2026-10-02T06:45:21,2026-10-02T06:45:21,2026-10-02T06:45:24,2026-10-02T06:45:24,2026-10-02T06:46:58,2678,2721,2721,2724,2724,2818,43,3,94,18,wave_A
2026-10-02T06:45:21,2721,S5,20,amber,0,2721,2724,2724,2026-10-02T06:44:38,2026-10-02T06:45:21,2026-10-02T06:45:21,2026-10-02T06:45:24,2026-10-02T06:45:24,2026-10-02T06:46:58,2678,2721,2721,2724,2724,2818,43,3,94,18,wave_A
2026-10-02T06:45:24,2724,S5,20,red,0,2724,2818,2818,2026-10-02T06:44:38,2026-10-02T06:45:21,2026-10-02T06:45:21,2026-10-02T06:45:24,2026-10-02T06:45:24,2026-10-02T06:46:58,2678,2721,2721,2724,2724,2818,43,3,94,18,wave_A
2026-10-02T06:46:58,2818,S5,21,green,0,2818,2861,2861,2026-10-02T06:46:58,2026-10-02T06:47:41,2026-10-02T06:47:41,2026-10-02T06:47:44,2026-10-02T06:47:44,2026-10-02T06:49:18,2818,2861,2861,2864,2864,2958,43,3,94,18,wave_A
2026-10-02T06:47:41,2861,S5,21,amber,0,2861,2864,2864,2026-10-02T06:46:58,2026-10-02T06:47:41,2026-10-02T06:47:41,2026-10-02T06:47:44,2026-10-02T06:47:44,2026-10-02T06:49:18,2818,2861,2861,2864,2864,2958,43,3,94,18,wave_A
2026-10-02T06:47:44,2864,S5,21,red,0,2864,2958,2958,2026-10-02T06:46:58,2026-10-02T06:47:41,2026-10-02T06:47:41,2026-10-02T06:47:44,2026-10-02T06:47:44,2026-10-02T06:49:18,2818,2861,2861,2864,2864,2958,43,3,94,18,wave_A
2026-10-02T06:49:18,2958,S5,22,green,0,2958,3001,3001,2026-10-02T06:49:18,2026-10-02T06:50:01,2026-10-02T06:50:01,2026-10-02T06:50:04,2026-10-02T06:50:04,2026-10-02T06:51:38,2958,3001,3001,3004,3004,3098,43,3,94,18,wave_A
2026-10-02T06:50:01,3001,S5,22,amber,0,3001,3004,3004,2026-10-02T06:49:18,2026-10-02T06:50:01,2026-10-02T06:50:01,2026-10-02T06:50:04,2026-10-02T06:50:04,2026-10-02T06:51:38,2958,3001,3001,3004,3004,3098,43,3,94,18,wave_A
2026-10-02T06:50:04,3004,S5,22,red,0,3004,3098,3098,2026-10-02T06:49:18,2026-10-02T06:50:01,2026-10-02T06:50:01,2026-10-02T06:50:04,2026-10-02T06:50:04,2026-10-02T06:51:38,2958,3001,3001,3004,3004,3098,43,3,94,18,wave_A
2026-10-02T06:51:38,3098,S5,23,green,0,3098,3141,3141,2026-10-02T06:51:38,2026-10-02T06:52:21,2026-10-02T06:52:21,2026-10-02T06:52:24,2026-10-02T06:52:24,2026-10-02T06:53:58,3098,3141,3141,3144,3144,3238,43,3,94,18,wave_A
2026-10-02T06:52:21,3141,S5,23,amber,0,3141,3144,3144,2026-10-02T06:51:38,2026-10-02T06:52:21,2026-10-02T06:52:21,2026-10-02T06:52:24,2026-10-02T06:52:24,2026-10-02T06:53:58,3098,3141,3141,3144,3144,3238,43,3,94,18,wave_A
2026-10-02T06:52:24,3144,S5,23,red,0,3144,3238,3238,2026-10-02T06:51:38,2026-10-02T06:52:21,2026-10-02T06:52:21,2026-10-02T06:52:24,2026-10-02T06:52:24,2026-10-02T06:53:58,3098,3141,3141,3144,3144,3238,43,3,94,18,wave_A
2026-10-02T06:53:58,3238,S5,24,green,0,3238,3281,3281,2026-10-02T06:53:58,2026-10-02T06:54:41,2026-10-02T06:54:41,2026-10-02T06:54:44,2026-10-02T06:54:44,2026-10-02T06:56:18,3238,3281,3281,3284,3284,3378,43,3,94,18,wave_A
2026-10-02T06:54:41,3281,S5,24,amber,0,3281,3284,3284,2026-10-02T06:53:58,2026-10-02T06:54:41,2026-10-02T06:54:41,2026-10-02T06:54:44,2026-10-02T06:54:44,2026-10-02T06:56:18,3238,3281,3281,3284,3284,3378,43,3,94,18,wave_A
2026-10-02T06:54:44,3284,S5,24,red,0,3284,3378,3378,2026-10-02T06:53:58,2026-10-02T06:54:41,2026-10-02T06:54:41,2026-10-02T06:54:44,2026-10-02T06:54:44,2026-10-02T06:56:18,3238,3281,3281,3284,3284,3378,43,3,94,18,wave_A
2026-10-02T06:56:18,3378,S5,25,green,0,3378,3421,3421,2026-10-02T06:56:18,2026-10-02T06:57:01,2026-10-02T06:57:01,2026-10-02T06:57:04,2026-10-02T06:57:04,2026-10-02T06:58:38,3378,3421,3421,3424,3424,3518,43,3,94,18,wave_A
2026-10-02T06:57:01,3421,S5,25,amber,0,3421,3424,3424,2026-10-02T06:56:18,2026-10-02T06:57:01,2026-10-02T06:57:01,2026-10-02T06:57:04,2026-10-02T06:57:04,2026-10-02T06:58:38,3378,3421,3421,3424,3424,3518,43,3,94,18,wave_A
2026-10-02T06:57:04,3424,S5,25,red,0,3424,3518,3518,2026-10-02T06:56:18,2026-10-02T06:57:01,2026-10-02T06:57:01,2026-10-02T06:57:04,2026-10-02T06:57:04,2026-10-02T06:58:38,3378,3421,3421,3424,3424,3518,43,3,94,18,wave_A
2026-10-02T06:58:38,3518,S5,26,green,0,3518,3561,3561,2026-10-02T06:58:38,2026-10-02T06:59:21,2026-10-02T06:59:21,2026-10-02T06:59:24,2026-10-02T06:59:24,2026-10-02T07:00:58,3518,3561,3561,3564,3564,3658,43,3,94,18,wave_A
2026-10-02T06:59:21,3561,S5,26,amber,0,3561,3564,3564,2026-10-02T06:58:38,2026-10-02T06:59:21,2026-10-02T06:59:21,2026-10-02T06:59:24,2026-10-02T06:59:24,2026-10-02T07:00:58,3518,3561,3561,3564,3564,3658,43,3,94,18,wave_A
2026-10-02T06:59:24,3564,S5,26,red,0,3564,3658,3658,2026-10-02T06:58:38,2026-10-02T06:59:21,2026-10-02T06:59:21,2026-10-02T06:59:24,2026-10-02T06:59:24,2026-10-02T07:00:58,3518,3561,3561,3564,3564,3658,43,3,94,18,wave_A
2026-10-02T07:00:58,3658,S5,27,green,0,3658,3701,3701,2026-10-02T07:00:58,2026-10-02T07:01:41,2026-10-02T07:01:41,2026-10-02T07:01:44,2026-10-02T07:01:44,2026-10-02T07:03:18,3658,3701,3701,3704,3704,3798,43,3,94,18,wave_A
2026-10-02T07:01:41,3701,S5,27,amber,0,3701,3704,3704,2026-10-02T07:00:58,2026-10-02T07:01:41,2026-10-02T07:01:41,2026-10-02T07:01:44,2026-10-02T07:01:44,2026-10-02T07:03:18,3658,3701,3701,3704,3704,3798,43,3,94,18,wave_A
2026-10-02T07:01:44,3704,S5,27,red,0,3704,3798,3798,2026-10-02T07:00:58,2026-10-02T07:01:41,2026-10-02T07:01:41,2026-10-02T07:01:44,2026-10-02T07:01:44,2026-10-02T07:03:18,3658,3701,3701,3704,3704,3798,43,3,94,18,wave_A
2026-10-02T07:03:18,3798,S5,28,green,0,3798,3841,3841,2026-10-02T07:03:18,2026-10-02T07:04:01,2026-10-02T07:04:01,2026-10-02T07:04:04,2026-10-02T07:04:04,2026-10-02T07:05:38,3798,3841,3841,3844,3844,3938,43,3,94,18,wave_A
2026-10-02T07:04:01,3841,S5,28,amber,0,3841,3844,3844,2026-10-02T07:03:18,2026-10-02T07:04:01,2026-10-02T07:04:01,2026-10-02T07:04:04,2026-10-02T07:04:04,2026-10-02T07:05:38,3798,3841,3841,3844,3844,3938,43,3,94,18,wave_A
2026-10-02T07:04:04,3844,S5,28,red,0,3844,3938,3938,2026-10-02T07:03:18,2026-10-02T07:04:01,2026-10-02T07:04:01,2026-10-02T07:04:04,2026-10-02T07:04:04,2026-10-02T07:05:38,3798,3841,3841,3844,3844,3938,43,3,94,18,wave_A
2026-10-02T07:05:38,3938,S5,29,green,0,3938,3981,3981,2026-10-02T07:05:38,2026-10-02T07:06:21,2026-10-02T07:06:21,2026-10-02T07:06:24,2026-10-02T07:06:24,2026-10-02T07:07:58,3938,3981,3981,3984,3984,4078,43,3,94,18,wave_A
2026-10-02T07:06:21,3981,S5,29,amber,0,3981,3984,3984,2026-10-02T07:05:38,2026-10-02T07:06:21,2026-10-02T07:06:21,2026-10-02T07:06:24,2026-10-02T07:06:24,2026-10-02T07:07:58,3938,3981,3981,3984,3984,4078,43,3,94,18,wave_A
2026-10-02T07:06:24,3984,S5,29,red,0,3984,4078,4078,2026-10-02T07:05:38,2026-10-02T07:06:21,2026-10-02T07:06:21,2026-10-02T07:06:24,2026-10-02T07:06:24,2026-10-02T07:07:58,3938,3981,3981,3984,3984,4078,43,3,94,18,wave_A
2026-10-02T07:07:58,4078,S5,30,green,0,4078,4121,4121,2026-10-02T07:07:58,2026-10-02T07:08:41,2026-10-02T07:08:41,2026-10-02T07:08:44,2026-10-02T07:08:44,2026-10-02T07:10:18,4078,4121,4121,4124,4124,4218,43,3,94,18,wave_A
2026-10-02T07:08:41,4121,S5,30,amber,0,4121,4124,4124,2026-10-02T07:07:58,2026-10-02T07:08:41,2026-10-02T07:08:41,2026-10-02T07:08:44,2026-10-02T07:08:44,2026-10-02T07:10:18,4078,4121,4121,4124,4124,4218,43,3,94,18,wave_A
2026-10-02T07:08:44,4124,S5,30,red,0,4124,4218,4218,2026-10-02T07:07:58,2026-10-02T07:08:41,2026-10-02T07:08:41,2026-10-02T07:08:44,2026-10-02T07:08:44,2026-10-02T07:10:18,4078,4121,4121,4124,4124,4218,43,3,94,18,wave_A
2026-10-02T07:10:18,4218,S5,31,green,0,4218,4261,4261,2026-10-02T07:10:18,2026-10-02T07:11:01,2026-10-02T07:11:01,2026-10-02T07:11:04,2026-10-02T07:11:04,2026-10-02T07:12:38,4218,4261,4261,4264,4264,4358,43,3,94,18,wave_A
2026-10-02T07:11:01,4261,S5,31,amber,0,4261,4264,4264,2026-10-02T07:10:18,2026-10-02T07:11:01,2026-10-02T07:11:01,2026-10-02T07:11:04,2026-10-02T07:11:04,2026-10-02T07:12:38,4218,4261,4261,4264,4264,4358,43,3,94,18,wave_A
2026-10-02T07:11:04,4264,S5,31,red,0,4264,4358,4358,2026-10-02T07:10:18,2026-10-02T07:11:01,2026-10-02T07:11:01,2026-10-02T07:11:04,2026-10-02T07:11:04,2026-10-02T07:12:38,4218,4261,4261,4264,4264,4358,43,3,94,18,wave_A
2026-10-02T07:12:38,4358,S5,32,green,0,4358,4401,4401,2026-10-02T07:12:38,2026-10-02T07:13:21,2026-10-02T07:13:21,2026-10-02T07:13:24,2026-10-02T07:13:24,2026-10-02T07:14:58,4358,4401,4401,4404,4404,4498,43,3,94,18,wave_A
2026-10-02T07:13:21,4401,S5,32,amber,0,4401,4404,4404,2026-10-02T07:12:38,2026-10-02T07:13:21,2026-10-02T07:13:21,2026-10-02T07:13:24,2026-10-02T07:13:24,2026-10-02T07:14:58,4358,4401,4401,4404,4404,4498,43,3,94,18,wave_A
2026-10-02T07:13:24,4404,S5,32,red,0,4404,4498,4498,2026-10-02T07:12:38,2026-10-02T07:13:21,2026-10-02T07:13:21,2026-10-02T07:13:24,2026-10-02T07:13:24,2026-10-02T07:14:58,4358,4401,4401,4404,4404,4498,43,3,94,18,wave_A
2026-10-02T07:14:58,4498,S5,33,green,0,4498,4541,4541,2026-10-02T07:14:58,2026-10-02T07:15:41,2026-10-02T07:15:41,2026-10-02T07:15:44,2026-10-02T07:15:44,2026-10-02T07:17:18,4498,4541,4541,4544,4544,4638,43,3,94,18,wave_A
2026-10-02T07:15:41,4541,S5,33,amber,0,4541,4544,4544,2026-10-02T07:14:58,2026-10-02T07:15:41,2026-10-02T07:15:41,2026-10-02T07:15:44,2026-10-02T07:15:44,2026-10-02T07:17:18,4498,4541,4541,4544,4544,4638,43,3,94,18,wave_A
2026-10-02T07:15:44,4544,S5,33,red,0,4544,4638,4638,2026-10-02T07:14:58,2026-10-02T07:15:41,2026-10-02T07:15:41,2026-10-02T07:15:44,2026-10-02T07:15:44,2026-10-02T07:17:18,4498,4541,4541,4544,4544,4638,43,3,94,18,wave_A
2026-10-02T07:17:18,4638,S5,34,green,0,4638,4681,4681,2026-10-02T07:17:18,2026-10-02T07:18:01,2026-10-02T07:18:01,2026-10-02T07:18:04,2026-10-02T07:18:04,2026-10-02T07:19:38,4638,4681,4681,4684,4684,4778,43,3,94,18,wave_A
2026-10-02T07:18:01,4681,S5,34,amber,0,4681,4684,4684,2026-10-02T07:17:18,2026-10-02T07:18:01,2026-10-02T07:18:01,2026-10-02T07:18:04,2026-10-02T07:18:04,2026-10-02T07:19:38,4638,4681,4681,4684,4684,4778,43,3,94,18,wave_A
2026-10-02T07:18:04,4684,S5,34,red,0,4684,4778,4778,2026-10-02T07:17:18,2026-10-02T07:18:01,2026-10-02T07:18:01,2026-10-02T07:18:04,2026-10-02T07:18:04,2026-10-02T07:19:38,4638,4681,4681,4684,4684,4778,43,3,94,18,wave_A
2026-10-02T07:19:38,4778,S5,35,green,0,4778,4821,4821,2026-10-02T07:19:38,2026-10-02T07:20:21,2026-10-02T07:20:21,2026-10-02T07:20:24,2026-10-02T07:20:24,2026-10-02T07:21:58,4778,4821,4821,4824,4824,4918,43,3,94,18,wave_A
2026-10-02T07:20:21,4821,S5,35,amber,0,4821,4824,4824,2026-10-02T07:19:38,2026-10-02T07:20:21,2026-10-02T07:20:21,2026-10-02T07:20:24,2026-10-02T07:20:24,2026-10-02T07:21:58,4778,4821,4821,4824,4824,4918,43,3,94,18,wave_A
2026-10-02T07:20:24,4824,S5,35,red,0,4824,4918,4918,2026-10-02T07:19:38,2026-10-02T07:20:21,2026-10-02T07:20:21,2026-10-02T07:20:24,2026-10-02T07:20:24,2026-10-02T07:21:58,4778,4821,4821,4824,4824,4918,43,3,94,18,wave_A
2026-10-02T07:21:58,4918,S5,36,green,0,4918,4961,4961,2026-10-02T07:21:58,2026-10-02T07:22:41,2026-10-02T07:22:41,2026-10-02T07:22:44,2026-10-02T07:22:44,2026-10-02T07:24:18,4918,4961,4961,4964,4964,5058,43,3,94,18,wave_A
2026-10-02T07:22:41,4961,S5,36,amber,0,4961,4964,4964,2026-10-02T07:21:58,2026-10-02T07:22:41,2026-10-02T07:22:41,2026-10-02T07:22:44,2026-10-02T07:22:44,2026-10-02T07:24:18,4918,4961,4961,4964,4964,5058,43,3,94,18,wave_A
2026-10-02T07:22:44,4964,S5,36,red,0,4964,5058,5058,2026-10-02T07:21:58,2026-10-02T07:22:41,2026-10-02T07:22:41,2026-10-02T07:22:44,2026-10-02T07:22:44,2026-10-02T07:24:18,4918,4961,4961,4964,4964,5058,43,3,94,18,wave_A
2026-10-02T07:24:18,5058,S5,37,green,0,5058,5101,5101,2026-10-02T07:24:18,2026-10-02T07:25:01,2026-10-02T07:25:01,2026-10-02T07:25:04,2026-10-02T07:25:04,2026-10-02T07:26:38,5058,5101,5101,5104,5104,5198,43,3,94,18,wave_A
2026-10-02T07:25:01,5101,S5,37,amber,0,5101,5104,5104,2026-10-02T07:24:18,2026-10-02T07:25:01,2026-10-02T07:25:01,2026-10-02T07:25:04,2026-10-02T07:25:04,2026-10-02T07:26:38,5058,5101,5101,5104,5104,5198,43,3,94,18,wave_A
2026-10-02T07:25:04,5104,S5,37,red,0,5104,5198,5198,2026-10-02T07:24:18,2026-10-02T07:25:01,2026-10-02T07:25:01,2026-10-02T07:25:04,2026-10-02T07:25:04,2026-10-02T07:26:38,5058,5101,5101,5104,5104,5198,43,3,94,18,wave_A
2026-10-02T07:26:38,5198,S5,38,green,0,5198,5241,5241,2026-10-02T07:26:38,2026-10-02T07:27:21,2026-10-02T07:27:21,2026-10-02T07:27:24,2026-10-02T07:27:24,2026-10-02T07:28:58,5198,5241,5241,5244,5244,5338,43,3,94,18,wave_A
2026-10-02T07:27:21,5241,S5,38,amber,0,5241,5244,5244,2026-10-02T07:26:38,2026-10-02T07:27:21,2026-10-02T07:27:21,2026-10-02T07:27:24,2026-10-02T07:27:24,2026-10-02T07:28:58,5198,5241,5241,5244,5244,5338,43,3,94,18,wave_A
2026-10-02T07:27:24,5244,S5,38,red,0,5244,5338,5338,2026-10-02T07:26:38,2026-10-02T07:27:21,2026-10-02T07:27:21,2026-10-02T07:27:24,2026-10-02T07:27:24,2026-10-02T07:28:58,5198,5241,5241,5244,5244,5338,43,3,94,18,wave_A
2026-10-02T07:28:58,5338,S5,39,green,0,5338,5381,5381,2026-10-02T07:28:58,2026-10-02T07:29:41,2026-10-02T07:29:41,2026-10-02T07:29:44,2026-10-02T07:29:44,2026-10-02T07:31:18,5338,5381,5381,5384,5384,5478,43,3,94,18,wave_A
2026-10-02T07:29:41,5381,S5,39,amber,0,5381,5384,5384,2026-10-02T07:28:58,2026-10-02T07:29:41,2026-10-02T07:29:41,2026-10-02T07:29:44,2026-10-02T07:29:44,2026-10-02T07:31:18,5338,5381,5381,5384,5384,5478,43,3,94,18,wave_A
2026-10-02T07:29:44,5384,S5,39,red,0,5384,5478,5478,2026-10-02T07:28:58,2026-10-02T07:29:41,2026-10-02T07:29:41,2026-10-02T07:29:44,2026-10-02T07:29:44,2026-10-02T07:31:18,5338,5381,5381,5384,5384,5478,43,3,94,18,wave_A
2026-10-02T07:31:18,5478,S5,40,green,0,5478,5521,5521,2026-10-02T07:31:18,2026-10-02T07:32:01,2026-10-02T07:32:01,2026-10-02T07:32:04,2026-10-02T07:32:04,2026-10-02T07:33:38,5478,5521,5521,5524,5524,5618,43,3,94,18,wave_A
2026-10-02T07:32:01,5521,S5,40,amber,0,5521,5524,5524,2026-10-02T07:31:18,2026-10-02T07:32:01,2026-10-02T07:32:01,2026-10-02T07:32:04,2026-10-02T07:32:04,2026-10-02T07:33:38,5478,5521,5521,5524,5524,5618,43,3,94,18,wave_A
2026-10-02T07:32:04,5524,S5,40,red,0,5524,5618,5618,2026-10-02T07:31:18,2026-10-02T07:32:01,2026-10-02T07:32:01,2026-10-02T07:32:04,2026-10-02T07:32:04,2026-10-02T07:33:38,5478,5521,5521,5524,5524,5618,43,3,94,18,wave_A
2026-10-02T07:33:38,5618,S5,41,green,0,5618,5661,5661,2026-10-02T07:33:38,2026-10-02T07:34:21,2026-10-02T07:34:21,2026-10-02T07:34:24,2026-10-02T07:34:24,2026-10-02T07:35:58,5618,5661,5661,5664,5664,5758,43,3,94,18,wave_A
2026-10-02T07:34:21,5661,S5,41,amber,0,5661,5664,5664,2026-10-02T07:33:38,2026-10-02T07:34:21,2026-10-02T07:34:21,2026-10-02T07:34:24,2026-10-02T07:34:24,2026-10-02T07:35:58,5618,5661,5661,5664,5664,5758,43,3,94,18,wave_A
2026-10-02T07:34:24,5664,S5,41,red,0,5664,5758,5758,2026-10-02T07:33:38,2026-10-02T07:34:21,2026-10-02T07:34:21,2026-10-02T07:34:24,2026-10-02T07:34:24,2026-10-02T07:35:58,5618,5661,5661,5664,5664,5758,43,3,94,18,wave_A
2026-10-02T07:35:58,5758,S5,42,green,0,5758,5801,5801,2026-10-02T07:35:58,2026-10-02T07:36:41,2026-10-02T07:36:41,2026-10-02T07:36:44,2026-10-02T07:36:44,2026-10-02T07:38:18,5758,5801,5801,5804,5804,5898,43,3,94,18,wave_A
2026-10-02T07:36:41,5801,S5,42,amber,0,5801,5804,5804,2026-10-02T07:35:58,2026-10-02T07:36:41,2026-10-02T07:36:41,2026-10-02T07:36:44,2026-10-02T07:36:44,2026-10-02T07:38:18,5758,5801,5801,5804,5804,5898,43,3,94,18,wave_A
2026-10-02T07:36:44,5804,S5,42,red,0,5804,5898,5898,2026-10-02T07:35:58,2026-10-02T07:36:41,2026-10-02T07:36:41,2026-10-02T07:36:44,2026-10-02T07:36:44,2026-10-02T07:38:18,5758,5801,5801,5804,5804,5898,43,3,94,18,wave_A
2026-10-02T07:38:18,5898,S5,43,green,0,5898,5941,5941,2026-10-02T07:38:18,2026-10-02T07:39:01,2026-10-02T07:39:01,2026-10-02T07:39:04,2026-10-02T07:39:04,2026-10-02T07:40:38,5898,5941,5941,5944,5944,6038,43,3,94,18,wave_A
2026-10-02T07:39:01,5941,S5,43,amber,0,5941,5944,5944,2026-10-02T07:38:18,2026-10-02T07:39:01,2026-10-02T07:39:01,2026-10-02T07:39:04,2026-10-02T07:39:04,2026-10-02T07:40:38,5898,5941,5941,5944,5944,6038,43,3,94,18,wave_A
2026-10-02T07:39:04,5944,S5,43,red,0,5944,6038,6038,2026-10-02T07:38:18,2026-10-02T07:39:01,2026-10-02T07:39:01,2026-10-02T07:39:04,2026-10-02T07:39:04,2026-10-02T07:40:38,5898,5941,5941,5944,5944,6038,43,3,94,18,wave_A
2026-10-02T07:40:38,6038,S5,44,green,0,6038,6081,6081,2026-10-02T07:40:38,2026-10-02T07:41:21,2026-10-02T07:41:21,2026-10-02T07:41:24,2026-10-02T07:41:24,2026-10-02T07:42:58,6038,6081,6081,6084,6084,6178,43,3,94,18,wave_A
2026-10-02T07:41:21,6081,S5,44,amber,0,6081,6084,6084,2026-10-02T07:40:38,2026-10-02T07:41:21,2026-10-02T07:41:21,2026-10-02T07:41:24,2026-10-02T07:41:24,2026-10-02T07:42:58,6038,6081,6081,6084,6084,6178,43,3,94,18,wave_A
2026-10-02T07:41:24,6084,S5,44,red,0,6084,6178,6178,2026-10-02T07:40:38,2026-10-02T07:41:21,2026-10-02T07:41:21,2026-10-02T07:41:24,2026-10-02T07:41:24,2026-10-02T07:42:58,6038,6081,6081,6084,6084,6178,43,3,94,18,wave_A
2026-10-02T07:42:58,6178,S5,45,green,0,6178,6221,6221,2026-10-02T07:42:58,2026-10-02T07:43:41,2026-10-02T07:43:41,2026-10-02T07:43:44,2026-10-02T07:43:44,2026-10-02T07:45:18,6178,6221,6221,6224,6224,6318,43,3,94,18,wave_A
2026-10-02T07:43:41,6221,S5,45,amber,0,6221,6224,6224,2026-10-02T07:42:58,2026-10-02T07:43:41,2026-10-02T07:43:41,2026-10-02T07:43:44,2026-10-02T07:43:44,2026-10-02T07:45:18,6178,6221,6221,6224,6224,6318,43,3,94,18,wave_A
2026-10-02T07:43:44,6224,S5,45,red,0,6224,6318,6318,2026-10-02T07:42:58,2026-10-02T07:43:41,2026-10-02T07:43:41,2026-10-02T07:43:44,2026-10-02T07:43:44,2026-10-02T07:45:18,6178,6221,6221,6224,6224,6318,43,3,94,18,wave_A
2026-10-02T07:45:18,6318,S5,46,green,0,6318,6361,6361,2026-10-02T07:45:18,2026-10-02T07:46:01,2026-10-02T07:46:01,2026-10-02T07:46:04,2026-10-02T07:46:04,2026-10-02T07:47:38,6318,6361,6361,6364,6364,6458,43,3,94,18,wave_A
2026-10-02T07:46:01,6361,S5,46,amber,0,6361,6364,6364,2026-10-02T07:45:18,2026-10-02T07:46:01,2026-10-02T07:46:01,2026-10-02T07:46:04,2026-10-02T07:46:04,2026-10-02T07:47:38,6318,6361,6361,6364,6364,6458,43,3,94,18,wave_A
2026-10-02T07:46:04,6364,S5,46,red,0,6364,6458,6458,2026-10-02T07:45:18,2026-10-02T07:46:01,2026-10-02T07:46:01,2026-10-02T07:46:04,2026-10-02T07:46:04,2026-10-02T07:47:38,6318,6361,6361,6364,6364,6458,43,3,94,18,wave_A
2026-10-02T07:47:38,6458,S5,47,green,0,6458,6501,6501,2026-10-02T07:47:38,2026-10-02T07:48:21,2026-10-02T07:48:21,2026-10-02T07:48:24,2026-10-02T07:48:24,2026-10-02T07:49:58,6458,6501,6501,6504,6504,6598,43,3,94,18,wave_A
2026-10-02T07:48:21,6501,S5,47,amber,0,6501,6504,6504,2026-10-02T07:47:38,2026-10-02T07:48:21,2026-10-02T07:48:21,2026-10-02T07:48:24,2026-10-02T07:48:24,2026-10-02T07:49:58,6458,6501,6501,6504,6504,6598,43,3,94,18,wave_A
2026-10-02T07:48:24,6504,S5,47,red,0,6504,6598,6598,2026-10-02T07:47:38,2026-10-02T07:48:21,2026-10-02T07:48:21,2026-10-02T07:48:24,2026-10-02T07:48:24,2026-10-02T07:49:58,6458,6501,6501,6504,6504,6598,43,3,94,18,wave_A
2026-10-02T07:49:58,6598,S5,48,green,0,6598,6641,6641,2026-10-02T07:49:58,2026-10-02T07:50:41,2026-10-02T07:50:41,2026-10-02T07:50:44,2026-10-02T07:50:44,2026-10-02T07:52:18,6598,6641,6641,6644,6644,6738,43,3,94,18,wave_A
2026-10-02T07:50:41,6641,S5,48,amber,0,6641,6644,6644,2026-10-02T07:49:58,2026-10-02T07:50:41,2026-10-02T07:50:41,2026-10-02T07:50:44,2026-10-02T07:50:44,2026-10-02T07:52:18,6598,6641,6641,6644,6644,6738,43,3,94,18,wave_A
2026-10-02T07:50:44,6644,S5,48,red,0,6644,6738,6738,2026-10-02T07:49:58,2026-10-02T07:50:41,2026-10-02T07:50:41,2026-10-02T07:50:44,2026-10-02T07:50:44,2026-10-02T07:52:18,6598,6641,6641,6644,6644,6738,43,3,94,18,wave_A
2026-10-02T07:52:18,6738,S5,49,green,0,6738,6781,6781,2026-10-02T07:52:18,2026-10-02T07:53:01,2026-10-02T07:53:01,2026-10-02T07:53:04,2026-10-02T07:53:04,2026-10-02T07:54:38,6738,6781,6781,6784,6784,6878,43,3,94,18,wave_A
2026-10-02T07:53:01,6781,S5,49,amber,0,6781,6784,6784,2026-10-02T07:52:18,2026-10-02T07:53:01,2026-10-02T07:53:01,2026-10-02T07:53:04,2026-10-02T07:53:04,2026-10-02T07:54:38,6738,6781,6781,6784,6784,6878,43,3,94,18,wave_A
2026-10-02T07:53:04,6784,S5,49,red,0,6784,6878,6878,2026-10-02T07:52:18,2026-10-02T07:53:01,2026-10-02T07:53:01,2026-10-02T07:53:04,2026-10-02T07:53:04,2026-10-02T07:54:38,6738,6781,6781,6784,6784,6878,43,3,94,18,wave_A
2026-10-02T07:54:38,6878,S5,50,green,0,6878,6921,6921,2026-10-02T07:54:38,2026-10-02T07:55:21,2026-10-02T07:55:21,2026-10-02T07:55:24,2026-10-02T07:55:24,2026-10-02T07:56:58,6878,6921,6921,6924,6924,7018,43,3,94,18,wave_A
2026-10-02T07:55:21,6921,S5,50,amber,0,6921,6924,6924,2026-10-02T07:54:38,2026-10-02T07:55:21,2026-10-02T07:55:21,2026-10-02T07:55:24,2026-10-02T07:55:24,2026-10-02T07:56:58,6878,6921,6921,6924,6924,7018,43,3,94,18,wave_A
2026-10-02T07:55:24,6924,S5,50,red,0,6924,7018,7018,2026-10-02T07:54:38,2026-10-02T07:55:21,2026-10-02T07:55:21,2026-10-02T07:55:24,2026-10-02T07:55:24,2026-10-02T07:56:58,6878,6921,6921,6924,6924,7018,43,3,94,18,wave_A
2026-10-02T07:56:58,7018,S5,51,green,0,7018,7061,7061,2026-10-02T07:56:58,2026-10-02T07:57:41,2026-10-02T07:57:41,2026-10-02T07:57:44,2026-10-02T07:57:44,2026-10-02T07:59:18,7018,7061,7061,7064,7064,7158,43,3,94,18,wave_A
2026-10-02T07:57:41,7061,S5,51,amber,0,7061,7064,7064,2026-10-02T07:56:58,2026-10-02T07:57:41,2026-10-02T07:57:41,2026-10-02T07:57:44,2026-10-02T07:57:44,2026-10-02T07:59:18,7018,7061,7061,7064,7064,7158,43,3,94,18,wave_A
2026-10-02T07:57:44,7064,S5,51,red,0,7064,7158,7158,2026-10-02T07:56:58,2026-10-02T07:57:41,2026-10-02T07:57:41,2026-10-02T07:57:44,2026-10-02T07:57:44,2026-10-02T07:59:18,7018,7061,7061,7064,7064,7158,43,3,94,18,wave_A
2026-10-02T07:59:18,7158,S5,52,green,0,7158,7201,7201,2026-10-02T07:59:18,2026-10-02T08:00:01,2026-10-02T08:00:01,2026-10-02T08:00:04,2026-10-02T08:00:04,2026-10-02T08:01:38,7158,7201,7201,7204,7204,7298,43,3,94,18,wave_A
2026-10-02T08:00:01,7201,S5,52,amber,0,7201,7204,7204,2026-10-02T07:59:18,2026-10-02T08:00:01,2026-10-02T08:00:01,2026-10-02T08:00:04,2026-10-02T08:00:04,2026-10-02T08:01:38,7158,7201,7201,7204,7204,7298,43,3,94,18,wave_A
2026-10-02T08:00:04,7204,S5,52,red,0,7204,7298,7280,2026-10-02T07:59:18,2026-10-02T08:00:01,2026-10-02T08:00:01,2026-10-02T08:00:04,2026-10-02T08:00:04,2026-10-02T08:01:38,7158,7201,7201,7204,7204,7298,43,3,94,18,wave_A
2026-10-02T06:00:00,0,S6,0,red,15,-15,57,57,2026-10-02T05:58:37,2026-10-02T05:59:42,2026-10-02T05:59:42,2026-10-02T05:59:45,2026-10-02T05:59:45,2026-10-02T06:00:57,-83,-18,-18,-15,-15,57,65,3,72,57,wave_A
2026-10-02T06:00:57,57,S6,1,green,0,57,122,122,2026-10-02T06:00:57,2026-10-02T06:02:02,2026-10-02T06:02:02,2026-10-02T06:02:05,2026-10-02T06:02:05,2026-10-02T06:03:17,57,122,122,125,125,197,65,3,72,57,wave_A
2026-10-02T06:02:02,122,S6,1,amber,0,122,125,125,2026-10-02T06:00:57,2026-10-02T06:02:02,2026-10-02T06:02:02,2026-10-02T06:02:05,2026-10-02T06:02:05,2026-10-02T06:03:17,57,122,122,125,125,197,65,3,72,57,wave_A
2026-10-02T06:02:05,125,S6,1,red,0,125,197,197,2026-10-02T06:00:57,2026-10-02T06:02:02,2026-10-02T06:02:02,2026-10-02T06:02:05,2026-10-02T06:02:05,2026-10-02T06:03:17,57,122,122,125,125,197,65,3,72,57,wave_A
2026-10-02T06:03:17,197,S6,2,green,0,197,262,262,2026-10-02T06:03:17,2026-10-02T06:04:22,2026-10-02T06:04:22,2026-10-02T06:04:25,2026-10-02T06:04:25,2026-10-02T06:05:37,197,262,262,265,265,337,65,3,72,57,wave_A
2026-10-02T06:04:22,262,S6,2,amber,0,262,265,265,2026-10-02T06:03:17,2026-10-02T06:04:22,2026-10-02T06:04:22,2026-10-02T06:04:25,2026-10-02T06:04:25,2026-10-02T06:05:37,197,262,262,265,265,337,65,3,72,57,wave_A
2026-10-02T06:04:25,265,S6,2,red,0,265,337,337,2026-10-02T06:03:17,2026-10-02T06:04:22,2026-10-02T06:04:22,2026-10-02T06:04:25,2026-10-02T06:04:25,2026-10-02T06:05:37,197,262,262,265,265,337,65,3,72,57,wave_A
2026-10-02T06:05:37,337,S6,3,green,0,337,402,402,2026-10-02T06:05:37,2026-10-02T06:06:42,2026-10-02T06:06:42,2026-10-02T06:06:45,2026-10-02T06:06:45,2026-10-02T06:07:57,337,402,402,405,405,477,65,3,72,57,wave_A
2026-10-02T06:06:42,402,S6,3,amber,0,402,405,405,2026-10-02T06:05:37,2026-10-02T06:06:42,2026-10-02T06:06:42,2026-10-02T06:06:45,2026-10-02T06:06:45,2026-10-02T06:07:57,337,402,402,405,405,477,65,3,72,57,wave_A
2026-10-02T06:06:45,405,S6,3,red,0,405,477,477,2026-10-02T06:05:37,2026-10-02T06:06:42,2026-10-02T06:06:42,2026-10-02T06:06:45,2026-10-02T06:06:45,2026-10-02T06:07:57,337,402,402,405,405,477,65,3,72,57,wave_A
2026-10-02T06:07:57,477,S6,4,green,0,477,542,542,2026-10-02T06:07:57,2026-10-02T06:09:02,2026-10-02T06:09:02,2026-10-02T06:09:05,2026-10-02T06:09:05,2026-10-02T06:10:17,477,542,542,545,545,617,65,3,72,57,wave_A
2026-10-02T06:09:02,542,S6,4,amber,0,542,545,545,2026-10-02T06:07:57,2026-10-02T06:09:02,2026-10-02T06:09:02,2026-10-02T06:09:05,2026-10-02T06:09:05,2026-10-02T06:10:17,477,542,542,545,545,617,65,3,72,57,wave_A
2026-10-02T06:09:05,545,S6,4,red,0,545,617,617,2026-10-02T06:07:57,2026-10-02T06:09:02,2026-10-02T06:09:02,2026-10-02T06:09:05,2026-10-02T06:09:05,2026-10-02T06:10:17,477,542,542,545,545,617,65,3,72,57,wave_A
2026-10-02T06:10:17,617,S6,5,green,0,617,682,682,2026-10-02T06:10:17,2026-10-02T06:11:22,2026-10-02T06:11:22,2026-10-02T06:11:25,2026-10-02T06:11:25,2026-10-02T06:12:37,617,682,682,685,685,757,65,3,72,57,wave_A
2026-10-02T06:11:22,682,S6,5,amber,0,682,685,685,2026-10-02T06:10:17,2026-10-02T06:11:22,2026-10-02T06:11:22,2026-10-02T06:11:25,2026-10-02T06:11:25,2026-10-02T06:12:37,617,682,682,685,685,757,65,3,72,57,wave_A
2026-10-02T06:11:25,685,S6,5,red,0,685,757,757,2026-10-02T06:10:17,2026-10-02T06:11:22,2026-10-02T06:11:22,2026-10-02T06:11:25,2026-10-02T06:11:25,2026-10-02T06:12:37,617,682,682,685,685,757,65,3,72,57,wave_A
2026-10-02T06:12:37,757,S6,6,green,0,757,822,822,2026-10-02T06:12:37,2026-10-02T06:13:42,2026-10-02T06:13:42,2026-10-02T06:13:45,2026-10-02T06:13:45,2026-10-02T06:14:57,757,822,822,825,825,897,65,3,72,57,wave_A
2026-10-02T06:13:42,822,S6,6,amber,0,822,825,825,2026-10-02T06:12:37,2026-10-02T06:13:42,2026-10-02T06:13:42,2026-10-02T06:13:45,2026-10-02T06:13:45,2026-10-02T06:14:57,757,822,822,825,825,897,65,3,72,57,wave_A
2026-10-02T06:13:45,825,S6,6,red,0,825,897,897,2026-10-02T06:12:37,2026-10-02T06:13:42,2026-10-02T06:13:42,2026-10-02T06:13:45,2026-10-02T06:13:45,2026-10-02T06:14:57,757,822,822,825,825,897,65,3,72,57,wave_A
2026-10-02T06:14:57,897,S6,7,green,0,897,962,962,2026-10-02T06:14:57,2026-10-02T06:16:02,2026-10-02T06:16:02,2026-10-02T06:16:05,2026-10-02T06:16:05,2026-10-02T06:17:17,897,962,962,965,965,1037,65,3,72,57,wave_A
2026-10-02T06:16:02,962,S6,7,amber,0,962,965,965,2026-10-02T06:14:57,2026-10-02T06:16:02,2026-10-02T06:16:02,2026-10-02T06:16:05,2026-10-02T06:16:05,2026-10-02T06:17:17,897,962,962,965,965,1037,65,3,72,57,wave_A
2026-10-02T06:16:05,965,S6,7,red,0,965,1037,1037,2026-10-02T06:14:57,2026-10-02T06:16:02,2026-10-02T06:16:02,2026-10-02T06:16:05,2026-10-02T06:16:05,2026-10-02T06:17:17,897,962,962,965,965,1037,65,3,72,57,wave_A
2026-10-02T06:17:17,1037,S6,8,green,0,1037,1102,1102,2026-10-02T06:17:17,2026-10-02T06:18:22,2026-10-02T06:18:22,2026-10-02T06:18:25,2026-10-02T06:18:25,2026-10-02T06:19:37,1037,1102,1102,1105,1105,1177,65,3,72,57,wave_A
2026-10-02T06:18:22,1102,S6,8,amber,0,1102,1105,1105,2026-10-02T06:17:17,2026-10-02T06:18:22,2026-10-02T06:18:22,2026-10-02T06:18:25,2026-10-02T06:18:25,2026-10-02T06:19:37,1037,1102,1102,1105,1105,1177,65,3,72,57,wave_A
2026-10-02T06:18:25,1105,S6,8,red,0,1105,1177,1177,2026-10-02T06:17:17,2026-10-02T06:18:22,2026-10-02T06:18:22,2026-10-02T06:18:25,2026-10-02T06:18:25,2026-10-02T06:19:37,1037,1102,1102,1105,1105,1177,65,3,72,57,wave_A
2026-10-02T06:19:37,1177,S6,9,green,0,1177,1242,1242,2026-10-02T06:19:37,2026-10-02T06:20:42,2026-10-02T06:20:42,2026-10-02T06:20:45,2026-10-02T06:20:45,2026-10-02T06:21:57,1177,1242,1242,1245,1245,1317,65,3,72,57,wave_A
2026-10-02T06:20:42,1242,S6,9,amber,0,1242,1245,1245,2026-10-02T06:19:37,2026-10-02T06:20:42,2026-10-02T06:20:42,2026-10-02T06:20:45,2026-10-02T06:20:45,2026-10-02T06:21:57,1177,1242,1242,1245,1245,1317,65,3,72,57,wave_A
2026-10-02T06:20:45,1245,S6,9,red,0,1245,1317,1317,2026-10-02T06:19:37,2026-10-02T06:20:42,2026-10-02T06:20:42,2026-10-02T06:20:45,2026-10-02T06:20:45,2026-10-02T06:21:57,1177,1242,1242,1245,1245,1317,65,3,72,57,wave_A
2026-10-02T06:21:57,1317,S6,10,green,0,1317,1382,1382,2026-10-02T06:21:57,2026-10-02T06:23:02,2026-10-02T06:23:02,2026-10-02T06:23:05,2026-10-02T06:23:05,2026-10-02T06:24:17,1317,1382,1382,1385,1385,1457,65,3,72,57,wave_A
2026-10-02T06:23:02,1382,S6,10,amber,0,1382,1385,1385,2026-10-02T06:21:57,2026-10-02T06:23:02,2026-10-02T06:23:02,2026-10-02T06:23:05,2026-10-02T06:23:05,2026-10-02T06:24:17,1317,1382,1382,1385,1385,1457,65,3,72,57,wave_A
2026-10-02T06:23:05,1385,S6,10,red,0,1385,1457,1457,2026-10-02T06:21:57,2026-10-02T06:23:02,2026-10-02T06:23:02,2026-10-02T06:23:05,2026-10-02T06:23:05,2026-10-02T06:24:17,1317,1382,1382,1385,1385,1457,65,3,72,57,wave_A
2026-10-02T06:24:17,1457,S6,11,green,0,1457,1522,1522,2026-10-02T06:24:17,2026-10-02T06:25:22,2026-10-02T06:25:22,2026-10-02T06:25:25,2026-10-02T06:25:25,2026-10-02T06:26:37,1457,1522,1522,1525,1525,1597,65,3,72,57,wave_A
2026-10-02T06:25:22,1522,S6,11,amber,0,1522,1525,1525,2026-10-02T06:24:17,2026-10-02T06:25:22,2026-10-02T06:25:22,2026-10-02T06:25:25,2026-10-02T06:25:25,2026-10-02T06:26:37,1457,1522,1522,1525,1525,1597,65,3,72,57,wave_A
2026-10-02T06:25:25,1525,S6,11,red,0,1525,1597,1597,2026-10-02T06:24:17,2026-10-02T06:25:22,2026-10-02T06:25:22,2026-10-02T06:25:25,2026-10-02T06:25:25,2026-10-02T06:26:37,1457,1522,1522,1525,1525,1597,65,3,72,57,wave_A
2026-10-02T06:26:37,1597,S6,12,green,0,1597,1662,1662,2026-10-02T06:26:37,2026-10-02T06:27:42,2026-10-02T06:27:42,2026-10-02T06:27:45,2026-10-02T06:27:45,2026-10-02T06:28:57,1597,1662,1662,1665,1665,1737,65,3,72,57,wave_A
2026-10-02T06:27:42,1662,S6,12,amber,0,1662,1665,1665,2026-10-02T06:26:37,2026-10-02T06:27:42,2026-10-02T06:27:42,2026-10-02T06:27:45,2026-10-02T06:27:45,2026-10-02T06:28:57,1597,1662,1662,1665,1665,1737,65,3,72,57,wave_A
2026-10-02T06:27:45,1665,S6,12,red,0,1665,1737,1737,2026-10-02T06:26:37,2026-10-02T06:27:42,2026-10-02T06:27:42,2026-10-02T06:27:45,2026-10-02T06:27:45,2026-10-02T06:28:57,1597,1662,1662,1665,1665,1737,65,3,72,57,wave_A
2026-10-02T06:28:57,1737,S6,13,green,0,1737,1802,1802,2026-10-02T06:28:57,2026-10-02T06:30:02,2026-10-02T06:30:02,2026-10-02T06:30:05,2026-10-02T06:30:05,2026-10-02T06:31:17,1737,1802,1802,1805,1805,1877,65,3,72,57,wave_A
2026-10-02T06:30:02,1802,S6,13,amber,0,1802,1805,1805,2026-10-02T06:28:57,2026-10-02T06:30:02,2026-10-02T06:30:02,2026-10-02T06:30:05,2026-10-02T06:30:05,2026-10-02T06:31:17,1737,1802,1802,1805,1805,1877,65,3,72,57,wave_A
2026-10-02T06:30:05,1805,S6,13,red,0,1805,1877,1877,2026-10-02T06:28:57,2026-10-02T06:30:02,2026-10-02T06:30:02,2026-10-02T06:30:05,2026-10-02T06:30:05,2026-10-02T06:31:17,1737,1802,1802,1805,1805,1877,65,3,72,57,wave_A
2026-10-02T06:31:17,1877,S6,14,green,0,1877,1942,1942,2026-10-02T06:31:17,2026-10-02T06:32:22,2026-10-02T06:32:22,2026-10-02T06:32:25,2026-10-02T06:32:25,2026-10-02T06:33:37,1877,1942,1942,1945,1945,2017,65,3,72,57,wave_A
2026-10-02T06:32:22,1942,S6,14,amber,0,1942,1945,1945,2026-10-02T06:31:17,2026-10-02T06:32:22,2026-10-02T06:32:22,2026-10-02T06:32:25,2026-10-02T06:32:25,2026-10-02T06:33:37,1877,1942,1942,1945,1945,2017,65,3,72,57,wave_A
2026-10-02T06:32:25,1945,S6,14,red,0,1945,2017,2017,2026-10-02T06:31:17,2026-10-02T06:32:22,2026-10-02T06:32:22,2026-10-02T06:32:25,2026-10-02T06:32:25,2026-10-02T06:33:37,1877,1942,1942,1945,1945,2017,65,3,72,57,wave_A
2026-10-02T06:33:37,2017,S6,15,green,0,2017,2082,2082,2026-10-02T06:33:37,2026-10-02T06:34:42,2026-10-02T06:34:42,2026-10-02T06:34:45,2026-10-02T06:34:45,2026-10-02T06:35:57,2017,2082,2082,2085,2085,2157,65,3,72,57,wave_A
2026-10-02T06:34:42,2082,S6,15,amber,0,2082,2085,2085,2026-10-02T06:33:37,2026-10-02T06:34:42,2026-10-02T06:34:42,2026-10-02T06:34:45,2026-10-02T06:34:45,2026-10-02T06:35:57,2017,2082,2082,2085,2085,2157,65,3,72,57,wave_A
2026-10-02T06:34:45,2085,S6,15,red,0,2085,2157,2157,2026-10-02T06:33:37,2026-10-02T06:34:42,2026-10-02T06:34:42,2026-10-02T06:34:45,2026-10-02T06:34:45,2026-10-02T06:35:57,2017,2082,2082,2085,2085,2157,65,3,72,57,wave_A
2026-10-02T06:35:57,2157,S6,16,green,0,2157,2222,2222,2026-10-02T06:35:57,2026-10-02T06:37:02,2026-10-02T06:37:02,2026-10-02T06:37:05,2026-10-02T06:37:05,2026-10-02T06:38:17,2157,2222,2222,2225,2225,2297,65,3,72,57,wave_A
2026-10-02T06:37:02,2222,S6,16,amber,0,2222,2225,2225,2026-10-02T06:35:57,2026-10-02T06:37:02,2026-10-02T06:37:02,2026-10-02T06:37:05,2026-10-02T06:37:05,2026-10-02T06:38:17,2157,2222,2222,2225,2225,2297,65,3,72,57,wave_A
2026-10-02T06:37:05,2225,S6,16,red,0,2225,2297,2297,2026-10-02T06:35:57,2026-10-02T06:37:02,2026-10-02T06:37:02,2026-10-02T06:37:05,2026-10-02T06:37:05,2026-10-02T06:38:17,2157,2222,2222,2225,2225,2297,65,3,72,57,wave_A
2026-10-02T06:38:17,2297,S6,17,green,0,2297,2362,2362,2026-10-02T06:38:17,2026-10-02T06:39:22,2026-10-02T06:39:22,2026-10-02T06:39:25,2026-10-02T06:39:25,2026-10-02T06:40:37,2297,2362,2362,2365,2365,2437,65,3,72,57,wave_A
2026-10-02T06:39:22,2362,S6,17,amber,0,2362,2365,2365,2026-10-02T06:38:17,2026-10-02T06:39:22,2026-10-02T06:39:22,2026-10-02T06:39:25,2026-10-02T06:39:25,2026-10-02T06:40:37,2297,2362,2362,2365,2365,2437,65,3,72,57,wave_A
2026-10-02T06:39:25,2365,S6,17,red,0,2365,2437,2437,2026-10-02T06:38:17,2026-10-02T06:39:22,2026-10-02T06:39:22,2026-10-02T06:39:25,2026-10-02T06:39:25,2026-10-02T06:40:37,2297,2362,2362,2365,2365,2437,65,3,72,57,wave_A
2026-10-02T06:40:37,2437,S6,18,green,0,2437,2502,2502,2026-10-02T06:40:37,2026-10-02T06:41:42,2026-10-02T06:41:42,2026-10-02T06:41:45,2026-10-02T06:41:45,2026-10-02T06:42:57,2437,2502,2502,2505,2505,2577,65,3,72,57,wave_A
2026-10-02T06:41:42,2502,S6,18,amber,0,2502,2505,2505,2026-10-02T06:40:37,2026-10-02T06:41:42,2026-10-02T06:41:42,2026-10-02T06:41:45,2026-10-02T06:41:45,2026-10-02T06:42:57,2437,2502,2502,2505,2505,2577,65,3,72,57,wave_A
2026-10-02T06:41:45,2505,S6,18,red,0,2505,2577,2577,2026-10-02T06:40:37,2026-10-02T06:41:42,2026-10-02T06:41:42,2026-10-02T06:41:45,2026-10-02T06:41:45,2026-10-02T06:42:57,2437,2502,2502,2505,2505,2577,65,3,72,57,wave_A
2026-10-02T06:42:57,2577,S6,19,green,0,2577,2642,2642,2026-10-02T06:42:57,2026-10-02T06:44:02,2026-10-02T06:44:02,2026-10-02T06:44:05,2026-10-02T06:44:05,2026-10-02T06:45:17,2577,2642,2642,2645,2645,2717,65,3,72,57,wave_A
2026-10-02T06:44:02,2642,S6,19,amber,0,2642,2645,2645,2026-10-02T06:42:57,2026-10-02T06:44:02,2026-10-02T06:44:02,2026-10-02T06:44:05,2026-10-02T06:44:05,2026-10-02T06:45:17,2577,2642,2642,2645,2645,2717,65,3,72,57,wave_A
2026-10-02T06:44:05,2645,S6,19,red,0,2645,2717,2717,2026-10-02T06:42:57,2026-10-02T06:44:02,2026-10-02T06:44:02,2026-10-02T06:44:05,2026-10-02T06:44:05,2026-10-02T06:45:17,2577,2642,2642,2645,2645,2717,65,3,72,57,wave_A
2026-10-02T06:45:17,2717,S6,20,green,0,2717,2782,2782,2026-10-02T06:45:17,2026-10-02T06:46:22,2026-10-02T06:46:22,2026-10-02T06:46:25,2026-10-02T06:46:25,2026-10-02T06:47:37,2717,2782,2782,2785,2785,2857,65,3,72,57,wave_A
2026-10-02T06:46:22,2782,S6,20,amber,0,2782,2785,2785,2026-10-02T06:45:17,2026-10-02T06:46:22,2026-10-02T06:46:22,2026-10-02T06:46:25,2026-10-02T06:46:25,2026-10-02T06:47:37,2717,2782,2782,2785,2785,2857,65,3,72,57,wave_A
2026-10-02T06:46:25,2785,S6,20,red,0,2785,2857,2857,2026-10-02T06:45:17,2026-10-02T06:46:22,2026-10-02T06:46:22,2026-10-02T06:46:25,2026-10-02T06:46:25,2026-10-02T06:47:37,2717,2782,2782,2785,2785,2857,65,3,72,57,wave_A
2026-10-02T06:47:37,2857,S6,21,green,0,2857,2922,2922,2026-10-02T06:47:37,2026-10-02T06:48:42,2026-10-02T06:48:42,2026-10-02T06:48:45,2026-10-02T06:48:45,2026-10-02T06:49:57,2857,2922,2922,2925,2925,2997,65,3,72,57,wave_A
2026-10-02T06:48:42,2922,S6,21,amber,0,2922,2925,2925,2026-10-02T06:47:37,2026-10-02T06:48:42,2026-10-02T06:48:42,2026-10-02T06:48:45,2026-10-02T06:48:45,2026-10-02T06:49:57,2857,2922,2922,2925,2925,2997,65,3,72,57,wave_A
2026-10-02T06:48:45,2925,S6,21,red,0,2925,2997,2997,2026-10-02T06:47:37,2026-10-02T06:48:42,2026-10-02T06:48:42,2026-10-02T06:48:45,2026-10-02T06:48:45,2026-10-02T06:49:57,2857,2922,2922,2925,2925,2997,65,3,72,57,wave_A
2026-10-02T06:49:57,2997,S6,22,green,0,2997,3062,3062,2026-10-02T06:49:57,2026-10-02T06:51:02,2026-10-02T06:51:02,2026-10-02T06:51:05,2026-10-02T06:51:05,2026-10-02T06:52:17,2997,3062,3062,3065,3065,3137,65,3,72,57,wave_A
2026-10-02T06:51:02,3062,S6,22,amber,0,3062,3065,3065,2026-10-02T06:49:57,2026-10-02T06:51:02,2026-10-02T06:51:02,2026-10-02T06:51:05,2026-10-02T06:51:05,2026-10-02T06:52:17,2997,3062,3062,3065,3065,3137,65,3,72,57,wave_A
2026-10-02T06:51:05,3065,S6,22,red,0,3065,3137,3137,2026-10-02T06:49:57,2026-10-02T06:51:02,2026-10-02T06:51:02,2026-10-02T06:51:05,2026-10-02T06:51:05,2026-10-02T06:52:17,2997,3062,3062,3065,3065,3137,65,3,72,57,wave_A
2026-10-02T06:52:17,3137,S6,23,green,0,3137,3202,3202,2026-10-02T06:52:17,2026-10-02T06:53:22,2026-10-02T06:53:22,2026-10-02T06:53:25,2026-10-02T06:53:25,2026-10-02T06:54:37,3137,3202,3202,3205,3205,3277,65,3,72,57,wave_A
2026-10-02T06:53:22,3202,S6,23,amber,0,3202,3205,3205,2026-10-02T06:52:17,2026-10-02T06:53:22,2026-10-02T06:53:22,2026-10-02T06:53:25,2026-10-02T06:53:25,2026-10-02T06:54:37,3137,3202,3202,3205,3205,3277,65,3,72,57,wave_A
2026-10-02T06:53:25,3205,S6,23,red,0,3205,3277,3277,2026-10-02T06:52:17,2026-10-02T06:53:22,2026-10-02T06:53:22,2026-10-02T06:53:25,2026-10-02T06:53:25,2026-10-02T06:54:37,3137,3202,3202,3205,3205,3277,65,3,72,57,wave_A
2026-10-02T06:54:37,3277,S6,24,green,0,3277,3342,3342,2026-10-02T06:54:37,2026-10-02T06:55:42,2026-10-02T06:55:42,2026-10-02T06:55:45,2026-10-02T06:55:45,2026-10-02T06:56:57,3277,3342,3342,3345,3345,3417,65,3,72,57,wave_A
2026-10-02T06:55:42,3342,S6,24,amber,0,3342,3345,3345,2026-10-02T06:54:37,2026-10-02T06:55:42,2026-10-02T06:55:42,2026-10-02T06:55:45,2026-10-02T06:55:45,2026-10-02T06:56:57,3277,3342,3342,3345,3345,3417,65,3,72,57,wave_A
2026-10-02T06:55:45,3345,S6,24,red,0,3345,3417,3417,2026-10-02T06:54:37,2026-10-02T06:55:42,2026-10-02T06:55:42,2026-10-02T06:55:45,2026-10-02T06:55:45,2026-10-02T06:56:57,3277,3342,3342,3345,3345,3417,65,3,72,57,wave_A
2026-10-02T06:56:57,3417,S6,25,green,0,3417,3482,3482,2026-10-02T06:56:57,2026-10-02T06:58:02,2026-10-02T06:58:02,2026-10-02T06:58:05,2026-10-02T06:58:05,2026-10-02T06:59:17,3417,3482,3482,3485,3485,3557,65,3,72,57,wave_A
2026-10-02T06:58:02,3482,S6,25,amber,0,3482,3485,3485,2026-10-02T06:56:57,2026-10-02T06:58:02,2026-10-02T06:58:02,2026-10-02T06:58:05,2026-10-02T06:58:05,2026-10-02T06:59:17,3417,3482,3482,3485,3485,3557,65,3,72,57,wave_A
2026-10-02T06:58:05,3485,S6,25,red,0,3485,3557,3557,2026-10-02T06:56:57,2026-10-02T06:58:02,2026-10-02T06:58:02,2026-10-02T06:58:05,2026-10-02T06:58:05,2026-10-02T06:59:17,3417,3482,3482,3485,3485,3557,65,3,72,57,wave_A
2026-10-02T06:59:17,3557,S6,26,green,0,3557,3622,3622,2026-10-02T06:59:17,2026-10-02T07:00:22,2026-10-02T07:00:22,2026-10-02T07:00:25,2026-10-02T07:00:25,2026-10-02T07:01:37,3557,3622,3622,3625,3625,3697,65,3,72,57,wave_A
2026-10-02T07:00:22,3622,S6,26,amber,0,3622,3625,3625,2026-10-02T06:59:17,2026-10-02T07:00:22,2026-10-02T07:00:22,2026-10-02T07:00:25,2026-10-02T07:00:25,2026-10-02T07:01:37,3557,3622,3622,3625,3625,3697,65,3,72,57,wave_A
2026-10-02T07:00:25,3625,S6,26,red,0,3625,3697,3697,2026-10-02T06:59:17,2026-10-02T07:00:22,2026-10-02T07:00:22,2026-10-02T07:00:25,2026-10-02T07:00:25,2026-10-02T07:01:37,3557,3622,3622,3625,3625,3697,65,3,72,57,wave_A
2026-10-02T07:01:37,3697,S6,27,green,0,3697,3762,3762,2026-10-02T07:01:37,2026-10-02T07:02:42,2026-10-02T07:02:42,2026-10-02T07:02:45,2026-10-02T07:02:45,2026-10-02T07:03:57,3697,3762,3762,3765,3765,3837,65,3,72,57,wave_A
2026-10-02T07:02:42,3762,S6,27,amber,0,3762,3765,3765,2026-10-02T07:01:37,2026-10-02T07:02:42,2026-10-02T07:02:42,2026-10-02T07:02:45,2026-10-02T07:02:45,2026-10-02T07:03:57,3697,3762,3762,3765,3765,3837,65,3,72,57,wave_A
2026-10-02T07:02:45,3765,S6,27,red,0,3765,3837,3837,2026-10-02T07:01:37,2026-10-02T07:02:42,2026-10-02T07:02:42,2026-10-02T07:02:45,2026-10-02T07:02:45,2026-10-02T07:03:57,3697,3762,3762,3765,3765,3837,65,3,72,57,wave_A
2026-10-02T07:03:57,3837,S6,28,green,0,3837,3902,3902,2026-10-02T07:03:57,2026-10-02T07:05:02,2026-10-02T07:05:02,2026-10-02T07:05:05,2026-10-02T07:05:05,2026-10-02T07:06:17,3837,3902,3902,3905,3905,3977,65,3,72,57,wave_A
2026-10-02T07:05:02,3902,S6,28,amber,0,3902,3905,3905,2026-10-02T07:03:57,2026-10-02T07:05:02,2026-10-02T07:05:02,2026-10-02T07:05:05,2026-10-02T07:05:05,2026-10-02T07:06:17,3837,3902,3902,3905,3905,3977,65,3,72,57,wave_A
2026-10-02T07:05:05,3905,S6,28,red,0,3905,3977,3977,2026-10-02T07:03:57,2026-10-02T07:05:02,2026-10-02T07:05:02,2026-10-02T07:05:05,2026-10-02T07:05:05,2026-10-02T07:06:17,3837,3902,3902,3905,3905,3977,65,3,72,57,wave_A
2026-10-02T07:06:17,3977,S6,29,green,0,3977,4042,4042,2026-10-02T07:06:17,2026-10-02T07:07:22,2026-10-02T07:07:22,2026-10-02T07:07:25,2026-10-02T07:07:25,2026-10-02T07:08:37,3977,4042,4042,4045,4045,4117,65,3,72,57,wave_A
2026-10-02T07:07:22,4042,S6,29,amber,0,4042,4045,4045,2026-10-02T07:06:17,2026-10-02T07:07:22,2026-10-02T07:07:22,2026-10-02T07:07:25,2026-10-02T07:07:25,2026-10-02T07:08:37,3977,4042,4042,4045,4045,4117,65,3,72,57,wave_A
2026-10-02T07:07:25,4045,S6,29,red,0,4045,4117,4117,2026-10-02T07:06:17,2026-10-02T07:07:22,2026-10-02T07:07:22,2026-10-02T07:07:25,2026-10-02T07:07:25,2026-10-02T07:08:37,3977,4042,4042,4045,4045,4117,65,3,72,57,wave_A
2026-10-02T07:08:37,4117,S6,30,green,0,4117,4182,4182,2026-10-02T07:08:37,2026-10-02T07:09:42,2026-10-02T07:09:42,2026-10-02T07:09:45,2026-10-02T07:09:45,2026-10-02T07:10:57,4117,4182,4182,4185,4185,4257,65,3,72,57,wave_A
2026-10-02T07:09:42,4182,S6,30,amber,0,4182,4185,4185,2026-10-02T07:08:37,2026-10-02T07:09:42,2026-10-02T07:09:42,2026-10-02T07:09:45,2026-10-02T07:09:45,2026-10-02T07:10:57,4117,4182,4182,4185,4185,4257,65,3,72,57,wave_A
2026-10-02T07:09:45,4185,S6,30,red,0,4185,4257,4257,2026-10-02T07:08:37,2026-10-02T07:09:42,2026-10-02T07:09:42,2026-10-02T07:09:45,2026-10-02T07:09:45,2026-10-02T07:10:57,4117,4182,4182,4185,4185,4257,65,3,72,57,wave_A
2026-10-02T07:10:57,4257,S6,31,green,0,4257,4322,4322,2026-10-02T07:10:57,2026-10-02T07:12:02,2026-10-02T07:12:02,2026-10-02T07:12:05,2026-10-02T07:12:05,2026-10-02T07:13:17,4257,4322,4322,4325,4325,4397,65,3,72,57,wave_A
2026-10-02T07:12:02,4322,S6,31,amber,0,4322,4325,4325,2026-10-02T07:10:57,2026-10-02T07:12:02,2026-10-02T07:12:02,2026-10-02T07:12:05,2026-10-02T07:12:05,2026-10-02T07:13:17,4257,4322,4322,4325,4325,4397,65,3,72,57,wave_A
2026-10-02T07:12:05,4325,S6,31,red,0,4325,4397,4397,2026-10-02T07:10:57,2026-10-02T07:12:02,2026-10-02T07:12:02,2026-10-02T07:12:05,2026-10-02T07:12:05,2026-10-02T07:13:17,4257,4322,4322,4325,4325,4397,65,3,72,57,wave_A
2026-10-02T07:13:17,4397,S6,32,green,0,4397,4462,4462,2026-10-02T07:13:17,2026-10-02T07:14:22,2026-10-02T07:14:22,2026-10-02T07:14:25,2026-10-02T07:14:25,2026-10-02T07:15:37,4397,4462,4462,4465,4465,4537,65,3,72,57,wave_A
2026-10-02T07:14:22,4462,S6,32,amber,0,4462,4465,4465,2026-10-02T07:13:17,2026-10-02T07:14:22,2026-10-02T07:14:22,2026-10-02T07:14:25,2026-10-02T07:14:25,2026-10-02T07:15:37,4397,4462,4462,4465,4465,4537,65,3,72,57,wave_A
2026-10-02T07:14:25,4465,S6,32,red,0,4465,4537,4537,2026-10-02T07:13:17,2026-10-02T07:14:22,2026-10-02T07:14:22,2026-10-02T07:14:25,2026-10-02T07:14:25,2026-10-02T07:15:37,4397,4462,4462,4465,4465,4537,65,3,72,57,wave_A
2026-10-02T07:15:37,4537,S6,33,green,0,4537,4602,4602,2026-10-02T07:15:37,2026-10-02T07:16:42,2026-10-02T07:16:42,2026-10-02T07:16:45,2026-10-02T07:16:45,2026-10-02T07:17:57,4537,4602,4602,4605,4605,4677,65,3,72,57,wave_A
2026-10-02T07:16:42,4602,S6,33,amber,0,4602,4605,4605,2026-10-02T07:15:37,2026-10-02T07:16:42,2026-10-02T07:16:42,2026-10-02T07:16:45,2026-10-02T07:16:45,2026-10-02T07:17:57,4537,4602,4602,4605,4605,4677,65,3,72,57,wave_A
2026-10-02T07:16:45,4605,S6,33,red,0,4605,4677,4677,2026-10-02T07:15:37,2026-10-02T07:16:42,2026-10-02T07:16:42,2026-10-02T07:16:45,2026-10-02T07:16:45,2026-10-02T07:17:57,4537,4602,4602,4605,4605,4677,65,3,72,57,wave_A
2026-10-02T07:17:57,4677,S6,34,green,0,4677,4742,4742,2026-10-02T07:17:57,2026-10-02T07:19:02,2026-10-02T07:19:02,2026-10-02T07:19:05,2026-10-02T07:19:05,2026-10-02T07:20:17,4677,4742,4742,4745,4745,4817,65,3,72,57,wave_A
2026-10-02T07:19:02,4742,S6,34,amber,0,4742,4745,4745,2026-10-02T07:17:57,2026-10-02T07:19:02,2026-10-02T07:19:02,2026-10-02T07:19:05,2026-10-02T07:19:05,2026-10-02T07:20:17,4677,4742,4742,4745,4745,4817,65,3,72,57,wave_A
2026-10-02T07:19:05,4745,S6,34,red,0,4745,4817,4817,2026-10-02T07:17:57,2026-10-02T07:19:02,2026-10-02T07:19:02,2026-10-02T07:19:05,2026-10-02T07:19:05,2026-10-02T07:20:17,4677,4742,4742,4745,4745,4817,65,3,72,57,wave_A
2026-10-02T07:20:17,4817,S6,35,green,0,4817,4882,4882,2026-10-02T07:20:17,2026-10-02T07:21:22,2026-10-02T07:21:22,2026-10-02T07:21:25,2026-10-02T07:21:25,2026-10-02T07:22:37,4817,4882,4882,4885,4885,4957,65,3,72,57,wave_A
2026-10-02T07:21:22,4882,S6,35,amber,0,4882,4885,4885,2026-10-02T07:20:17,2026-10-02T07:21:22,2026-10-02T07:21:22,2026-10-02T07:21:25,2026-10-02T07:21:25,2026-10-02T07:22:37,4817,4882,4882,4885,4885,4957,65,3,72,57,wave_A
2026-10-02T07:21:25,4885,S6,35,red,0,4885,4957,4957,2026-10-02T07:20:17,2026-10-02T07:21:22,2026-10-02T07:21:22,2026-10-02T07:21:25,2026-10-02T07:21:25,2026-10-02T07:22:37,4817,4882,4882,4885,4885,4957,65,3,72,57,wave_A
2026-10-02T07:22:37,4957,S6,36,green,0,4957,5022,5022,2026-10-02T07:22:37,2026-10-02T07:23:42,2026-10-02T07:23:42,2026-10-02T07:23:45,2026-10-02T07:23:45,2026-10-02T07:24:57,4957,5022,5022,5025,5025,5097,65,3,72,57,wave_A
2026-10-02T07:23:42,5022,S6,36,amber,0,5022,5025,5025,2026-10-02T07:22:37,2026-10-02T07:23:42,2026-10-02T07:23:42,2026-10-02T07:23:45,2026-10-02T07:23:45,2026-10-02T07:24:57,4957,5022,5022,5025,5025,5097,65,3,72,57,wave_A
2026-10-02T07:23:45,5025,S6,36,red,0,5025,5097,5097,2026-10-02T07:22:37,2026-10-02T07:23:42,2026-10-02T07:23:42,2026-10-02T07:23:45,2026-10-02T07:23:45,2026-10-02T07:24:57,4957,5022,5022,5025,5025,5097,65,3,72,57,wave_A
2026-10-02T07:24:57,5097,S6,37,green,0,5097,5162,5162,2026-10-02T07:24:57,2026-10-02T07:26:02,2026-10-02T07:26:02,2026-10-02T07:26:05,2026-10-02T07:26:05,2026-10-02T07:27:17,5097,5162,5162,5165,5165,5237,65,3,72,57,wave_A
2026-10-02T07:26:02,5162,S6,37,amber,0,5162,5165,5165,2026-10-02T07:24:57,2026-10-02T07:26:02,2026-10-02T07:26:02,2026-10-02T07:26:05,2026-10-02T07:26:05,2026-10-02T07:27:17,5097,5162,5162,5165,5165,5237,65,3,72,57,wave_A
2026-10-02T07:26:05,5165,S6,37,red,0,5165,5237,5237,2026-10-02T07:24:57,2026-10-02T07:26:02,2026-10-02T07:26:02,2026-10-02T07:26:05,2026-10-02T07:26:05,2026-10-02T07:27:17,5097,5162,5162,5165,5165,5237,65,3,72,57,wave_A
2026-10-02T07:27:17,5237,S6,38,green,0,5237,5302,5302,2026-10-02T07:27:17,2026-10-02T07:28:22,2026-10-02T07:28:22,2026-10-02T07:28:25,2026-10-02T07:28:25,2026-10-02T07:29:37,5237,5302,5302,5305,5305,5377,65,3,72,57,wave_A
2026-10-02T07:28:22,5302,S6,38,amber,0,5302,5305,5305,2026-10-02T07:27:17,2026-10-02T07:28:22,2026-10-02T07:28:22,2026-10-02T07:28:25,2026-10-02T07:28:25,2026-10-02T07:29:37,5237,5302,5302,5305,5305,5377,65,3,72,57,wave_A
2026-10-02T07:28:25,5305,S6,38,red,0,5305,5377,5377,2026-10-02T07:27:17,2026-10-02T07:28:22,2026-10-02T07:28:22,2026-10-02T07:28:25,2026-10-02T07:28:25,2026-10-02T07:29:37,5237,5302,5302,5305,5305,5377,65,3,72,57,wave_A
2026-10-02T07:29:37,5377,S6,39,green,0,5377,5442,5442,2026-10-02T07:29:37,2026-10-02T07:30:42,2026-10-02T07:30:42,2026-10-02T07:30:45,2026-10-02T07:30:45,2026-10-02T07:31:57,5377,5442,5442,5445,5445,5517,65,3,72,57,wave_A
2026-10-02T07:30:42,5442,S6,39,amber,0,5442,5445,5445,2026-10-02T07:29:37,2026-10-02T07:30:42,2026-10-02T07:30:42,2026-10-02T07:30:45,2026-10-02T07:30:45,2026-10-02T07:31:57,5377,5442,5442,5445,5445,5517,65,3,72,57,wave_A
2026-10-02T07:30:45,5445,S6,39,red,0,5445,5517,5517,2026-10-02T07:29:37,2026-10-02T07:30:42,2026-10-02T07:30:42,2026-10-02T07:30:45,2026-10-02T07:30:45,2026-10-02T07:31:57,5377,5442,5442,5445,5445,5517,65,3,72,57,wave_A
2026-10-02T07:31:57,5517,S6,40,green,0,5517,5582,5582,2026-10-02T07:31:57,2026-10-02T07:33:02,2026-10-02T07:33:02,2026-10-02T07:33:05,2026-10-02T07:33:05,2026-10-02T07:34:17,5517,5582,5582,5585,5585,5657,65,3,72,57,wave_A
2026-10-02T07:33:02,5582,S6,40,amber,0,5582,5585,5585,2026-10-02T07:31:57,2026-10-02T07:33:02,2026-10-02T07:33:02,2026-10-02T07:33:05,2026-10-02T07:33:05,2026-10-02T07:34:17,5517,5582,5582,5585,5585,5657,65,3,72,57,wave_A
2026-10-02T07:33:05,5585,S6,40,red,0,5585,5657,5657,2026-10-02T07:31:57,2026-10-02T07:33:02,2026-10-02T07:33:02,2026-10-02T07:33:05,2026-10-02T07:33:05,2026-10-02T07:34:17,5517,5582,5582,5585,5585,5657,65,3,72,57,wave_A
2026-10-02T07:34:17,5657,S6,41,green,0,5657,5722,5722,2026-10-02T07:34:17,2026-10-02T07:35:22,2026-10-02T07:35:22,2026-10-02T07:35:25,2026-10-02T07:35:25,2026-10-02T07:36:37,5657,5722,5722,5725,5725,5797,65,3,72,57,wave_A
2026-10-02T07:35:22,5722,S6,41,amber,0,5722,5725,5725,2026-10-02T07:34:17,2026-10-02T07:35:22,2026-10-02T07:35:22,2026-10-02T07:35:25,2026-10-02T07:35:25,2026-10-02T07:36:37,5657,5722,5722,5725,5725,5797,65,3,72,57,wave_A
2026-10-02T07:35:25,5725,S6,41,red,0,5725,5797,5797,2026-10-02T07:34:17,2026-10-02T07:35:22,2026-10-02T07:35:22,2026-10-02T07:35:25,2026-10-02T07:35:25,2026-10-02T07:36:37,5657,5722,5722,5725,5725,5797,65,3,72,57,wave_A
2026-10-02T07:36:37,5797,S6,42,green,0,5797,5862,5862,2026-10-02T07:36:37,2026-10-02T07:37:42,2026-10-02T07:37:42,2026-10-02T07:37:45,2026-10-02T07:37:45,2026-10-02T07:38:57,5797,5862,5862,5865,5865,5937,65,3,72,57,wave_A
2026-10-02T07:37:42,5862,S6,42,amber,0,5862,5865,5865,2026-10-02T07:36:37,2026-10-02T07:37:42,2026-10-02T07:37:42,2026-10-02T07:37:45,2026-10-02T07:37:45,2026-10-02T07:38:57,5797,5862,5862,5865,5865,5937,65,3,72,57,wave_A
2026-10-02T07:37:45,5865,S6,42,red,0,5865,5937,5937,2026-10-02T07:36:37,2026-10-02T07:37:42,2026-10-02T07:37:42,2026-10-02T07:37:45,2026-10-02T07:37:45,2026-10-02T07:38:57,5797,5862,5862,5865,5865,5937,65,3,72,57,wave_A
2026-10-02T07:38:57,5937,S6,43,green,0,5937,6002,6002,2026-10-02T07:38:57,2026-10-02T07:40:02,2026-10-02T07:40:02,2026-10-02T07:40:05,2026-10-02T07:40:05,2026-10-02T07:41:17,5937,6002,6002,6005,6005,6077,65,3,72,57,wave_A
2026-10-02T07:40:02,6002,S6,43,amber,0,6002,6005,6005,2026-10-02T07:38:57,2026-10-02T07:40:02,2026-10-02T07:40:02,2026-10-02T07:40:05,2026-10-02T07:40:05,2026-10-02T07:41:17,5937,6002,6002,6005,6005,6077,65,3,72,57,wave_A
2026-10-02T07:40:05,6005,S6,43,red,0,6005,6077,6077,2026-10-02T07:38:57,2026-10-02T07:40:02,2026-10-02T07:40:02,2026-10-02T07:40:05,2026-10-02T07:40:05,2026-10-02T07:41:17,5937,6002,6002,6005,6005,6077,65,3,72,57,wave_A
2026-10-02T07:41:17,6077,S6,44,green,0,6077,6142,6142,2026-10-02T07:41:17,2026-10-02T07:42:22,2026-10-02T07:42:22,2026-10-02T07:42:25,2026-10-02T07:42:25,2026-10-02T07:43:37,6077,6142,6142,6145,6145,6217,65,3,72,57,wave_A
2026-10-02T07:42:22,6142,S6,44,amber,0,6142,6145,6145,2026-10-02T07:41:17,2026-10-02T07:42:22,2026-10-02T07:42:22,2026-10-02T07:42:25,2026-10-02T07:42:25,2026-10-02T07:43:37,6077,6142,6142,6145,6145,6217,65,3,72,57,wave_A
2026-10-02T07:42:25,6145,S6,44,red,0,6145,6217,6217,2026-10-02T07:41:17,2026-10-02T07:42:22,2026-10-02T07:42:22,2026-10-02T07:42:25,2026-10-02T07:42:25,2026-10-02T07:43:37,6077,6142,6142,6145,6145,6217,65,3,72,57,wave_A
2026-10-02T07:43:37,6217,S6,45,green,0,6217,6282,6282,2026-10-02T07:43:37,2026-10-02T07:44:42,2026-10-02T07:44:42,2026-10-02T07:44:45,2026-10-02T07:44:45,2026-10-02T07:45:57,6217,6282,6282,6285,6285,6357,65,3,72,57,wave_A
2026-10-02T07:44:42,6282,S6,45,amber,0,6282,6285,6285,2026-10-02T07:43:37,2026-10-02T07:44:42,2026-10-02T07:44:42,2026-10-02T07:44:45,2026-10-02T07:44:45,2026-10-02T07:45:57,6217,6282,6282,6285,6285,6357,65,3,72,57,wave_A
2026-10-02T07:44:45,6285,S6,45,red,0,6285,6357,6357,2026-10-02T07:43:37,2026-10-02T07:44:42,2026-10-02T07:44:42,2026-10-02T07:44:45,2026-10-02T07:44:45,2026-10-02T07:45:57,6217,6282,6282,6285,6285,6357,65,3,72,57,wave_A
2026-10-02T07:45:57,6357,S6,46,green,0,6357,6422,6422,2026-10-02T07:45:57,2026-10-02T07:47:02,2026-10-02T07:47:02,2026-10-02T07:47:05,2026-10-02T07:47:05,2026-10-02T07:48:17,6357,6422,6422,6425,6425,6497,65,3,72,57,wave_A
2026-10-02T07:47:02,6422,S6,46,amber,0,6422,6425,6425,2026-10-02T07:45:57,2026-10-02T07:47:02,2026-10-02T07:47:02,2026-10-02T07:47:05,2026-10-02T07:47:05,2026-10-02T07:48:17,6357,6422,6422,6425,6425,6497,65,3,72,57,wave_A
2026-10-02T07:47:05,6425,S6,46,red,0,6425,6497,6497,2026-10-02T07:45:57,2026-10-02T07:47:02,2026-10-02T07:47:02,2026-10-02T07:47:05,2026-10-02T07:47:05,2026-10-02T07:48:17,6357,6422,6422,6425,6425,6497,65,3,72,57,wave_A
2026-10-02T07:48:17,6497,S6,47,green,0,6497,6562,6562,2026-10-02T07:48:17,2026-10-02T07:49:22,2026-10-02T07:49:22,2026-10-02T07:49:25,2026-10-02T07:49:25,2026-10-02T07:50:37,6497,6562,6562,6565,6565,6637,65,3,72,57,wave_A
2026-10-02T07:49:22,6562,S6,47,amber,0,6562,6565,6565,2026-10-02T07:48:17,2026-10-02T07:49:22,2026-10-02T07:49:22,2026-10-02T07:49:25,2026-10-02T07:49:25,2026-10-02T07:50:37,6497,6562,6562,6565,6565,6637,65,3,72,57,wave_A
2026-10-02T07:49:25,6565,S6,47,red,0,6565,6637,6637,2026-10-02T07:48:17,2026-10-02T07:49:22,2026-10-02T07:49:22,2026-10-02T07:49:25,2026-10-02T07:49:25,2026-10-02T07:50:37,6497,6562,6562,6565,6565,6637,65,3,72,57,wave_A
2026-10-02T07:50:37,6637,S6,48,green,0,6637,6702,6702,2026-10-02T07:50:37,2026-10-02T07:51:42,2026-10-02T07:51:42,2026-10-02T07:51:45,2026-10-02T07:51:45,2026-10-02T07:52:57,6637,6702,6702,6705,6705,6777,65,3,72,57,wave_A
2026-10-02T07:51:42,6702,S6,48,amber,0,6702,6705,6705,2026-10-02T07:50:37,2026-10-02T07:51:42,2026-10-02T07:51:42,2026-10-02T07:51:45,2026-10-02T07:51:45,2026-10-02T07:52:57,6637,6702,6702,6705,6705,6777,65,3,72,57,wave_A
2026-10-02T07:51:45,6705,S6,48,red,0,6705,6777,6777,2026-10-02T07:50:37,2026-10-02T07:51:42,2026-10-02T07:51:42,2026-10-02T07:51:45,2026-10-02T07:51:45,2026-10-02T07:52:57,6637,6702,6702,6705,6705,6777,65,3,72,57,wave_A
2026-10-02T07:52:57,6777,S6,49,green,0,6777,6842,6842,2026-10-02T07:52:57,2026-10-02T07:54:02,2026-10-02T07:54:02,2026-10-02T07:54:05,2026-10-02T07:54:05,2026-10-02T07:55:17,6777,6842,6842,6845,6845,6917,65,3,72,57,wave_A
2026-10-02T07:54:02,6842,S6,49,amber,0,6842,6845,6845,2026-10-02T07:52:57,2026-10-02T07:54:02,2026-10-02T07:54:02,2026-10-02T07:54:05,2026-10-02T07:54:05,2026-10-02T07:55:17,6777,6842,6842,6845,6845,6917,65,3,72,57,wave_A
2026-10-02T07:54:05,6845,S6,49,red,0,6845,6917,6917,2026-10-02T07:52:57,2026-10-02T07:54:02,2026-10-02T07:54:02,2026-10-02T07:54:05,2026-10-02T07:54:05,2026-10-02T07:55:17,6777,6842,6842,6845,6845,6917,65,3,72,57,wave_A
2026-10-02T07:55:17,6917,S6,50,green,0,6917,6982,6982,2026-10-02T07:55:17,2026-10-02T07:56:22,2026-10-02T07:56:22,2026-10-02T07:56:25,2026-10-02T07:56:25,2026-10-02T07:57:37,6917,6982,6982,6985,6985,7057,65,3,72,57,wave_A
2026-10-02T07:56:22,6982,S6,50,amber,0,6982,6985,6985,2026-10-02T07:55:17,2026-10-02T07:56:22,2026-10-02T07:56:22,2026-10-02T07:56:25,2026-10-02T07:56:25,2026-10-02T07:57:37,6917,6982,6982,6985,6985,7057,65,3,72,57,wave_A
2026-10-02T07:56:25,6985,S6,50,red,0,6985,7057,7057,2026-10-02T07:55:17,2026-10-02T07:56:22,2026-10-02T07:56:22,2026-10-02T07:56:25,2026-10-02T07:56:25,2026-10-02T07:57:37,6917,6982,6982,6985,6985,7057,65,3,72,57,wave_A
2026-10-02T07:57:37,7057,S6,51,green,0,7057,7122,7122,2026-10-02T07:57:37,2026-10-02T07:58:42,2026-10-02T07:58:42,2026-10-02T07:58:45,2026-10-02T07:58:45,2026-10-02T07:59:57,7057,7122,7122,7125,7125,7197,65,3,72,57,wave_A
2026-10-02T07:58:42,7122,S6,51,amber,0,7122,7125,7125,2026-10-02T07:57:37,2026-10-02T07:58:42,2026-10-02T07:58:42,2026-10-02T07:58:45,2026-10-02T07:58:45,2026-10-02T07:59:57,7057,7122,7122,7125,7125,7197,65,3,72,57,wave_A
2026-10-02T07:58:45,7125,S6,51,red,0,7125,7197,7197,2026-10-02T07:57:37,2026-10-02T07:58:42,2026-10-02T07:58:42,2026-10-02T07:58:45,2026-10-02T07:58:45,2026-10-02T07:59:57,7057,7122,7122,7125,7125,7197,65,3,72,57,wave_A
2026-10-02T07:59:57,7197,S6,52,green,0,7197,7262,7262,2026-10-02T07:59:57,2026-10-02T08:01:02,2026-10-02T08:01:02,2026-10-02T08:01:05,2026-10-02T08:01:05,2026-10-02T08:02:17,7197,7262,7262,7265,7265,7337,65,3,72,57,wave_A
2026-10-02T08:01:02,7262,S6,52,amber,0,7262,7265,7265,2026-10-02T07:59:57,2026-10-02T08:01:02,2026-10-02T08:01:02,2026-10-02T08:01:05,2026-10-02T08:01:05,2026-10-02T08:02:17,7197,7262,7262,7265,7265,7337,65,3,72,57,wave_A
2026-10-02T08:01:05,7265,S6,52,red,0,7265,7337,7280,2026-10-02T07:59:57,2026-10-02T08:01:02,2026-10-02T08:01:02,2026-10-02T08:01:05,2026-10-02T08:01:05,2026-10-02T08:02:17,7197,7262,7262,7265,7265,7337,65,3,72,57,wave_A
