intersection_id,cycle_index,start_green_s,next_green_s,duration_s,nominal_cycle_s,deviation_s,constant,green_s,yellow_s,red_s,stages
S1,1,0,140,140,140,0,1,60,3,77,wave_A
S1,2,140,280,140,140,0,1,60,3,77,wave_A
S1,3,280,420,140,140,0,1,60,3,77,wave_A
S1,4,420,560,140,140,0,1,60,3,77,wave_A
S1,5,560,700,140,140,0,1,60,3,77,wave_A
S1,6,700,840,140,140,0,1,60,3,77,wave_A
S1,7,840,980,140,140,0,1,60,3,77,wave_A
S1,8,980,1120,140,140,0,1,60,3,77,wave_A
S1,9,1120,1260,140,140,0,1,60,3,77,wave_A
S1,10,1260,1400,140,140,0,1,60,3,77,wave_A
S1,11,1400,1540,140,140,0,1,60,3,77,wave_A
S1,12,1540,1680,140,140,0,1,60,3,77,wave_A
S1,13,1680,1820,140,140,0,1,60,3,77,wave_A
S1,14,1820,1960,140,140,0,1,60,3,77,wave_A
S1,15,1960,2100,140,140,0,1,60,3,77,wave_A
S1,16,2100,2240,140,140,0,1,60,3,77,wave_A
S1,17,2240,2380,140,140,0,1,60,3,77,wave_A
S1,18,2380,2520,140,140,0,1,60,3,77,wave_A
S1,19,2520,2660,140,140,0,1,60,3,77,wave_A
S1,20,2660,2800,140,140,0,1,60,3,77,wave_A
S1,21,2800,2940,140,140,0,1,60,3,77,wave_A
S1,22,2940,3080,140,140,0,1,60,3,77,wave_A
S1,23,3080,3220,140,140,0,1,60,3,77,wave_A
S1,24,3220,3360,140,140,0,1,60,3,77,wave_A
S1,25,3360,3500,140,140,0,1,60,3,77,wave_A
S1,26,3500,3640,140,140,0,1,60,3,77,wave_A
S1,27,3640,3780,140,140,0,1,60,3,77,wave_A
S1,28,3780,3920,140,140,0,1,60,3,77,wave_A
S1,29,3920,4060,140,140,0,1,60,3,77,wave_A
S1,30,4060,4200,140,140,0,1,60,3,77,wave_A
S1,31,4200,4340,140,140,0,1,60,3,77,wave_A
S1,32,4340,4480,140,140,0,1,60,3,77,wave_A
S1,33,4480,4620,140,140,0,1,60,3,77,wave_A
S1,34,4620,4760,140,140,0,1,60,3,77,wave_A
S1,35,4760,4900,140,140,0,1,60,3,77,wave_A
S1,36,4900,5040,140,140,0,1,60,3,77,wave_A
S1,37,5040,5180,140,140,0,1,60,3,77,wave_A
S1,38,5180,5320,140,140,0,1,60,3,77,wave_A
S1,39,5320,5460,140,140,0,1,60,3,77,wave_A
S1,40,5460,5600,140,140,0,1,60,3,77,wave_A
S1,41,5600,5740,140,140,0,1,60,3,77,wave_A
S1,42,5740,5880,140,140,0,1,60,3,77,wave_A
S1,43,5880,6020,140,140,0,1,60,3,77,wave_A
S1,44,6020,6160,140,140,0,1,60,3,77,wave_A
S1,45,6160,6300,140,140,0,1,60,3,77,wave_A
S1,46,6300,6440,140,140,0,1,60,3,77,wave_A
S1,47,6440,6580,140,140,0,1,60,3,77,wave_A
S1,48,6580,6720,140,140,0,1,60,3,77,wave_A
S1,49,6720,6860,140,140,0,1,60,3,77,wave_A
S1,50,6860,7000,140,140,0,1,60,3,77,wave_A
S1,51,7000,7140,140,140,0,1,60,3,77,wave_A
S1,52,7140,7280,140,140,0,1,60,3,77,wave_A
S1,53,7280,7420,140,140,0,1,60,3,77,wave_A
S1,54,7420,7560,140,140,0,1,60,3,77,wave_A
S1,55,7560,7700,140,140,0,1,60,3,77,wave_A
S1,56,7700,7840,140,140,0,1,60,3,77,wave_A
S1,57,7840,7980,140,140,0,1,60,3,77,wave_A
S1,58,7980,8120,140,140,0,1,60,3,77,wave_A
S1,59,8120,8260,140,140,0,1,60,3,77,wave_A
S1,60,8260,8400,140,140,0,1,60,3,77,wave_A
S1,61,8400,8540,140,140,0,1,60,3,77,wave_A
S1,62,8540,8680,140,140,0,1,60,3,77,wave_A
S1,63,8680,8820,140,140,0,1,60,3,77,wave_A
S1,64,8820,8960,140,140,0,1,60,3,77,wave_A
S1,65,8960,9100,140,140,0,1,60,3,77,wave_A
S1,66,9100,9240,140,140,0,1,60,3,77,wave_A
S1,67,9240,9380,140,140,0,1,60,3,77,wave_A
S1,68,9380,9520,140,140,0,1,60,3,77,wave_A
S1,69,9520,9660,140,140,0,1,60,3,77,wave_A
S1,70,9660,9800,140,140,0,1,60,3,77,wave_A
S1,71,9800,9940,140,140,0,1,60,3,77,wave_A
S1,72,9940,10080,140,140,0,1,60,3,77,wave_A
S1,73,10080,10220,140,140,0,1,60,3,77,wave_A
S1,74,10220,10360,140,140,0,1,60,3,77,wave_A
S1,75,10360,10500,140,140,0,1,60,3,77,wave_A
S1,76,10500,10640,140,140,0,1,60,3,77,wave_A
S1,77,10640,10780,140,140,0,1,60,3,77,wave_A
S1,78,10780,10920,140,140,0,1,60,3,77,wave_A
S1,79,10920,11060,140,140,0,1,60,3,77,wave_A
S1,80,11060,11200,140,140,0,1,60,3,77,wave_A
S1,81,11200,11340,140,140,0,1,60,3,77,wave_A
S1,82,11340,11480,140,140,0,1,60,3,77,wave_A
S1,83,11480,11620,140,140,0,1,60,3,77,wave_A
S1,84,11620,11760,140,140,0,1,60,3,77,wave_A
S1,85,11760,11900,140,140,0,1,60,3,77,wave_A
S1,86,11900,12040,140,140,0,1,60,3,77,wave_A
S1,87,12040,12180,140,140,0,1,60,3,77,wave_A
S1,88,12180,12320,140,140,0,1,60,3,77,wave_A
S1,89,12320,12460,140,140,0,1,60,3,77,wave_A
S1,90,12460,12600,140,140,0,1,60,3,77,wave_A
S1,91,12600,12740,140,140,0,1,60,3,77,wave_A
S1,92,12740,12880,140,140,0,1,60,3,77,wave_A
S1,93,12880,13020,140,140,0,1,60,3,77,wave_A
S1,94,13020,13160,140,140,0,1,60,3,77,wave_A
S1,95,13160,13300,140,140,0,1,60,3,77,wave_A
S1,96,13300,13440,140,140,0,1,60,3,77,wave_A
S1,97,13440,13580,140,140,0,1,60,3,77,wave_A
S1,98,13580,13720,140,140,0,1,60,3,77,wave_A
S1,99,13720,13860,140,140,0,1,60,3,77,wave_A
S1,100,13860,14000,140,140,0,1,60,3,77,wave_A
S1,101,14000,14140,140,140,0,1,60,3,77,wave_A
S1,102,14140,14280,140,140,0,1,60,3,77,wave_A
S1,103,14280,14420,140,140,0,1,60,3,77,wave_A
S1,104,14420,14560,140,140,0,1,60,3,77,wave_A
S1,105,14560,14700,140,140,0,1,60,3,77,wave_A
S1,106,14700,14840,140,140,0,1,60,3,77,wave_A
S1,107,14840,14980,140,140,0,1,60,3,77,wave_A
S1,108,14980,15120,140,140,0,1,60,3,77,wave_A
S1,109,15120,15260,140,140,0,1,60,3,77,wave_A
S1,110,15260,15400,140,140,0,1,60,3,77,wave_A
S1,111,15400,15540,140,140,0,1,60,3,77,wave_A
S1,112,15540,15680,140,140,0,1,60,3,77,wave_A
S1,113,15680,15820,140,140,0,1,60,3,77,wave_A
S1,114,15820,15960,140,140,0,1,60,3,77,wave_A
S1,115,15960,16100,140,140,0,1,60,3,77,wave_A
S1,116,16100,16240,140,140,0,1,60,3,77,wave_A
S1,117,16240,16380,140,140,0,1,60,3,77,wave_A
S1,118,16380,16520,140,140,0,1,60,3,77,wave_A
S1,119,16520,16660,140,140,0,1,60,3,77,wave_A
S1,120,16660,16800,140,140,0,1,60,3,77,wave_A
S1,121,16800,16940,140,140,0,1,60,3,77,wave_A
S1,122,16940,17080,140,140,0,1,60,3,77,wave_A
S1,123,17080,17220,140,140,0,1,60,3,77,wave_A
S1,124,17220,17360,140,140,0,1,60,3,77,wave_A
S1,125,17360,17500,140,140,0,1,60,3,77,wave_A
S1,126,17500,17640,140,140,0,1,60,3,77,wave_A
S1,127,17640,17780,140,140,0,1,60,3,77,wave_A
S1,128,17780,17920,140,140,0,1,60,3,77,wave_A
S1,129,17920,18060,140,140,0,1,60,3,77,wave_A
S1,130,18060,18200,140,140,0,1,60,3,77,wave_A
S1,131,18200,18340,140,140,0,1,60,3,77,wave_A
S1,132,18340,18480,140,140,0,1,60,3,77,wave_A
S1,133,18480,18620,140,140,0,1,60,3,77,wave_A
S1,134,18620,18760,140,140,0,1,60,3,77,wave_A
S1,135,18760,18900,140,140,0,1,60,3,77,wave_A
S1,136,18900,19040,140,140,0,1,60,3,77,wave_A
S1,137,19040,19180,140,140,0,1,60,3,77,wave_A
S1,138,19180,19320,140,140,0,1,60,3,77,wave_A
S1,139,19320,19460,140,140,0,1,60,3,77,wave_A
S1,140,19460,19600,140,140,0,1,60,3,77,wave_A
S1,141,19600,19740,140,140,0,1,60,3,77,wave_A
S1,142,19740,19880,140,140,0,1,60,3,77,wave_A
S1,143,19880,20020,140,140,0,1,60,3,77,wave_A
S1,144,20020,20160,140,140,0,1,60,3,77,wave_A
S1,145,20160,20300,140,140,0,1,60,3,77,wave_A
S1,146,20300,20440,140,140,0,1,60,3,77,wave_A
S1,147,20440,20580,140,140,0,1,60,3,77,wave_A
S1,148,20580,20720,140,140,0,1,60,3,77,wave_A
S1,149,20720,20860,140,140,0,1,60,3,77,wave_A
S1,150,20860,21000,140,140,0,1,60,3,77,wave_A
S1,151,21000,21140,140,140,0,1,60,3,77,wave_A
S1,152,21140,21280,140,140,0,1,60,3,77,wave_A
S1,153,21280,21420,140,140,0,1,60,3,77,wave_A
S1,154,21420,21560,140,140,0,1,60,3,77,wave_A
S1,155,21560,21700,140,140,0,1,60,3,77,wave_A
S1,156,21700,21840,140,140,0,1,60,3,77,wave_A
S1,157,21840,21980,140,140,0,1,60,3,77,wave_A
S1,158,21980,22120,140,140,0,1,60,3,77,wave_A
S1,159,22120,22260,140,140,0,1,60,3,77,wave_A
S1,160,22260,22400,140,140,0,1,60,3,77,wave_A
S1,161,22400,22540,140,140,0,1,60,3,77,wave_A
S1,162,22540,22680,140,140,0,1,60,3,77,wave_A
S1,163,22680,22820,140,140,0,1,60,3,77,wave_A
S1,164,22820,22960,140,140,0,1,60,3,77,wave_A
S1,165,22960,23100,140,140,0,1,60,3,77,wave_A
S1,166,23100,23240,140,140,0,1,60,3,77,wave_A
S1,167,23240,23380,140,140,0,1,60,3,77,wave_A
S1,168,23380,23520,140,140,0,1,60,3,77,wave_A
S1,169,23520,23660,140,140,0,1,60,3,77,wave_A
S1,170,23660,23800,140,140,0,1,60,3,77,wave_A
S1,171,23800,23940,140,140,0,1,60,3,77,wave_A
S1,172,23940,24080,140,140,0,1,60,3,77,wave_A
S1,173,24080,24220,140,140,0,1,60,3,77,wave_A
S1,174,24220,24360,140,140,0,1,60,3,77,wave_A
S1,175,24360,24500,140,140,0,1,60,3,77,wave_A
S1,176,24500,24640,140,140,0,1,60,3,77,wave_A
S1,177,24640,24780,140,140,0,1,60,3,77,wave_A
S1,178,24780,24920,140,140,0,1,60,3,77,wave_A
S1,179,24920,25060,140,140,0,1,60,3,77,wave_A
S1,180,25060,25200,140,140,0,1,60,3,77,wave_A
S1,181,25200,25340,140,140,0,1,60,3,77,wave_A
S1,182,25340,25480,140,140,0,1,60,3,77,wave_A
S1,183,25480,25620,140,140,0,1,60,3,77,wave_A
S1,184,25620,25760,140,140,0,1,60,3,77,wave_A
S1,185,25760,25900,140,140,0,1,60,3,77,wave_A
S1,186,25900,26040,140,140,0,1,60,3,77,wave_A
S1,187,26040,26180,140,140,0,1,60,3,77,wave_A
S1,188,26180,26320,140,140,0,1,60,3,77,wave_A
S1,189,26320,26460,140,140,0,1,60,3,77,wave_A
S1,190,26460,26600,140,140,0,1,60,3,77,wave_A
S1,191,26600,26740,140,140,0,1,60,3,77,wave_A
S1,192,26740,26880,140,140,0,1,60,3,77,wave_A
S1,193,26880,27020,140,140,0,1,60,3,77,wave_A
S1,194,27020,27160,140,140,0,1,60,3,77,wave_A
S1,195,27160,27300,140,140,0,1,60,3,77,wave_A
S1,196,27300,27440,140,140,0,1,60,3,77,wave_A
S1,197,27440,27580,140,140,0,1,60,3,77,wave_A
S1,198,27580,27720,140,140,0,1,60,3,77,wave_A
S1,199,27720,27860,140,140,0,1,60,3,77,wave_A
S1,200,27860,28000,140,140,0,1,60,3,77,wave_A
S1,201,28000,28140,140,140,0,1,60,3,77,wave_A
S1,202,28140,28280,140,140,0,1,60,3,77,wave_A
S1,203,28280,28420,140,140,0,1,60,3,77,wave_A
S1,204,28420,28560,140,140,0,1,60,3,77,wave_A
S1,205,28560,28700,140,140,0,1,60,3,77,wave_A
S1,206,28700,28840,140,140,0,1,60,3,77,wave_A
S1,207,28840,28980,140,140,0,1,60,3,77,wave_A
S1,208,28980,29120,140,140,0,1,60,3,77,wave_A
S1,209,29120,29260,140,140,0,1,60,3,77,wave_A
S1,210,29260,29400,140,140,0,1,60,3,77,wave_A
S1,211,29400,29540,140,140,0,1,60,3,77,wave_A
S1,212,29540,29680,140,140,0,1,60,3,77,wave_A
S1,213,29680,29820,140,140,0,1,60,3,77,wave_A
S1,214,29820,29960,140,140,0,1,60,3,77,wave_A
S1,215,29960,30100,140,140,0,1,60,3,77,wave_A
S1,216,30100,30240,140,140,0,1,60,3,77,wave_A
S1,217,30240,30380,140,140,0,1,60,3,77,wave_A
S1,218,30380,30520,140,140,0,1,60,3,77,wave_A
S1,219,30520,30660,140,140,0,1,60,3,77,wave_A
S1,220,30660,30800,140,140,0,1,60,3,77,wave_A
S1,221,30800,30940,140,140,0,1,60,3,77,wave_A
S1,222,30940,31080,140,140,0,1,60,3,77,wave_A
S1,223,31080,31220,140,140,0,1,60,3,77,wave_A
S1,224,31220,31360,140,140,0,1,60,3,77,wave_A
S1,225,31360,31500,140,140,0,1,60,3,77,wave_A
S1,226,31500,31640,140,140,0,1,60,3,77,wave_A
S1,227,31640,31780,140,140,0,1,60,3,77,wave_A
S1,228,31780,31920,140,140,0,1,60,3,77,wave_A
S1,229,31920,32060,140,140,0,1,60,3,77,wave_A
S1,230,32060,32200,140,140,0,1,60,3,77,wave_A
S1,231,32200,32340,140,140,0,1,60,3,77,wave_A
S1,232,32340,32480,140,140,0,1,60,3,77,wave_A
S1,233,32480,32620,140,140,0,1,60,3,77,wave_A
S1,234,32620,32760,140,140,0,1,60,3,77,wave_A
S1,235,32760,32900,140,140,0,1,60,3,77,wave_A
S1,236,32900,33040,140,140,0,1,60,3,77,wave_A
S1,237,33040,33180,140,140,0,1,60,3,77,wave_A
S1,238,33180,33320,140,140,0,1,60,3,77,wave_A
S1,239,33320,33460,140,140,0,1,60,3,77,wave_A
S1,240,33460,33600,140,140,0,1,60,3,77,wave_A
S1,241,33600,33740,140,140,0,1,60,3,77,wave_A
S1,242,33740,33880,140,140,0,1,60,3,77,wave_A
S1,243,33880,34020,140,140,0,1,60,3,77,wave_A
S1,244,34020,34160,140,140,0,1,60,3,77,wave_A
S1,245,34160,34300,140,140,0,1,60,3,77,wave_A
S1,246,34300,34440,140,140,0,1,60,3,77,wave_A
S1,247,34440,34580,140,140,0,1,60,3,77,wave_A
S1,248,34580,34720,140,140,0,1,60,3,77,wave_A
S1,249,34720,34860,140,140,0,1,60,3,77,wave_A
S1,250,34860,35000,140,140,0,1,60,3,77,wave_A
S1,251,35000,35140,140,140,0,1,60,3,77,wave_A
S1,252,35140,35280,140,140,0,1,60,3,77,wave_A
S1,253,35280,35420,140,140,0,1,60,3,77,wave_A
S1,254,35420,35560,140,140,0,1,60,3,77,wave_A
S1,255,35560,35700,140,140,0,1,60,3,77,wave_A
S1,256,35700,35840,140,140,0,1,60,3,77,wave_A
S1,257,35840,35980,140,140,0,1,60,3,77,wave_A
S1,258,35980,36120,140,140,0,1,60,3,77,wave_A
S1,259,36120,36260,140,140,0,1,60,3,77,wave_A
S1,260,36260,36400,140,140,0,1,60,3,77,wave_A
S1,261,36400,36540,140,140,0,1,60,3,77,wave_A
S1,262,36540,36680,140,140,0,1,60,3,77,wave_A
S1,263,36680,36820,140,140,0,1,60,3,77,wave_A
S1,264,36820,36960,140,140,0,1,60,3,77,wave_A
S1,265,36960,37100,140,140,0,1,60,3,77,wave_A
S1,266,37100,37240,140,140,0,1,60,3,77,wave_A
S1,267,37240,37380,140,140,0,1,60,3,77,wave_A
S1,268,37380,37520,140,140,0,1,60,3,77,wave_A
S1,269,37520,37660,140,140,0,1,60,3,77,wave_A
S1,270,37660,37800,140,140,0,1,60,3,77,wave_A
S1,271,37800,37940,140,140,0,1,60,3,77,wave_A
S1,272,37940,38080,140,140,0,1,60,3,77,wave_A
S1,273,38080,38220,140,140,0,1,60,3,77,wave_A
S1,274,38220,38360,140,140,0,1,60,3,77,wave_A
S1,275,38360,38500,140,140,0,1,60,3,77,wave_A
S1,276,38500,38640,140,140,0,1,60,3,77,wave_A
S1,277,38640,38780,140,140,0,1,60,3,77,wave_A
S1,278,38780,38920,140,140,0,1,60,3,77,wave_A
S1,279,38920,39060,140,140,0,1,60,3,77,wave_A
S1,280,39060,39200,140,140,0,1,60,3,77,wave_A
S1,281,39200,39340,140,140,0,1,60,3,77,wave_A
S1,282,39340,39480,140,140,0,1,60,3,77,wave_A
S1,283,39480,39620,140,140,0,1,60,3,77,wave_A
S1,284,39620,39760,140,140,0,1,60,3,77,wave_A
S1,285,39760,39900,140,140,0,1,60,3,77,wave_A
S1,286,39900,40040,140,140,0,1,60,3,77,wave_A
S1,287,40040,40180,140,140,0,1,60,3,77,wave_A
S1,288,40180,40320,140,140,0,1,60,3,77,wave_A
S1,289,40320,40460,140,140,0,1,60,3,77,wave_A
S1,290,40460,40600,140,140,0,1,60,3,77,wave_A
S1,291,40600,40740,140,140,0,1,60,3,77,wave_A
S1,292,40740,40880,140,140,0,1,60,3,77,wave_A
S1,293,40880,41020,140,140,0,1,60,3,77,wave_A
S1,294,41020,41160,140,140,0,1,60,3,77,wave_A
S1,295,41160,41300,140,140,0,1,60,3,77,wave_A
S1,296,41300,41440,140,140,0,1,60,3,77,wave_A
S1,297,41440,41580,140,140,0,1,60,3,77,wave_A
S1,298,41580,41720,140,140,0,1,60,3,77,wave_A
S1,299,41720,41860,140,140,0,1,60,3,77,wave_A
S1,300,41860,42000,140,140,0,1,60,3,77,wave_A
S1,301,42000,42140,140,140,0,1,60,3,77,wave_A
S1,302,42140,42280,140,140,0,1,60,3,77,wave_A
S1,303,42280,42420,140,140,0,1,60,3,77,wave_A
S1,304,42420,42560,140,140,0,1,60,3,77,wave_A
S1,305,42560,42700,140,140,0,1,60,3,77,wave_A
S1,306,42700,42840,140,140,0,1,60,3,77,wave_A
S1,307,42840,42980,140,140,0,1,60,3,77,wave_A
S1,308,42980,43120,140,140,0,1,60,3,77,wave_A
S1,309,43120,43260,140,140,0,1,60,3,77,wave_A
S1,310,43260,43400,140,140,0,1,60,3,77,wave_A
S1,311,43400,43540,140,140,0,1,60,3,77,wave_A
S1,312,43540,43680,140,140,0,1,60,3,77,wave_A
S1,313,43680,43820,140,140,0,1,60,3,77,wave_A
S1,314,43820,43960,140,140,0,1,60,3,77,wave_A
S1,315,43960,44100,140,140,0,1,60,3,77,wave_A
S1,316,44100,44240,140,140,0,1,60,3,77,wave_A
S1,317,44240,44380,140,140,0,1,60,3,77,wave_A
S1,318,44380,44520,140,140,0,1,60,3,77,wave_A
S1,319,44520,44660,140,140,0,1,60,3,77,wave_A
S1,320,44660,44800,140,140,0,1,60,3,77,wave_A
S1,321,44800,44940,140,140,0,1,60,3,77,wave_A
S1,322,44940,45080,140,140,0,1,60,3,77,wave_A
S1,323,45080,45220,140,140,0,1,60,3,77,wave_A
S1,324,45220,45360,140,140,0,1,60,3,77,wave_A
S1,325,45360,45500,140,140,0,1,60,3,77,wave_A
S1,326,45500,45640,140,140,0,1,60,3,77,wave_A
S1,327,45640,45780,140,140,0,1,60,3,77,wave_A
S1,328,45780,45920,140,140,0,1,60,3,77,wave_A
S1,329,45920,46060,140,140,0,1,60,3,77,wave_A
S1,330,46060,46200,140,140,0,1,60,3,77,wave_A
S1,331,46200,46340,140,140,0,1,60,3,77,wave_A
S1,332,46340,46480,140,140,0,1,60,3,77,wave_A
S1,333,46480,46620,140,140,0,1,60,3,77,wave_A
S1,334,46620,46760,140,140,0,1,60,3,77,wave_A
S1,335,46760,46900,140,140,0,1,60,3,77,wave_A
S1,336,46900,47040,140,140,0,1,60,3,77,wave_A
S1,337,47040,47180,140,140,0,1,60,3,77,wave_A
S1,338,47180,47320,140,140,0,1,60,3,77,wave_A
S1,339,47320,47460,140,140,0,1,60,3,77,wave_A
S1,340,47460,47600,140,140,0,1,60,3,77,wave_A
S1,341,47600,47740,140,140,0,1,60,3,77,wave_A
S1,342,47740,47880,140,140,0,1,60,3,77,wave_A
S1,343,47880,48020,140,140,0,1,60,3,77,wave_A
S1,344,48020,48160,140,140,0,1,60,3,77,wave_A
S1,345,48160,48300,140,140,0,1,60,3,77,wave_A
S1,346,48300,48440,140,140,0,1,60,3,77,wave_A
S1,347,48440,48580,140,140,0,1,60,3,77,wave_A
S1,348,48580,48720,140,140,0,1,60,3,77,wave_A
S1,349,48720,48860,140,140,0,1,60,3,77,wave_A
S1,350,48860,49000,140,140,0,1,60,3,77,wave_A
S1,351,49000,49140,140,140,0,1,60,3,77,wave_A
S1,352,49140,49280,140,140,0,1,60,3,77,wave_A
S1,353,49280,49420,140,140,0,1,60,3,77,wave_A
S1,354,49420,49560,140,140,0,1,60,3,77,wave_A
S1,355,49560,49700,140,140,0,1,60,3,77,wave_A
S1,356,49700,49840,140,140,0,1,60,3,77,wave_A
S1,357,49840,49980,140,140,0,1,60,3,77,wave_A
S1,358,49980,50120,140,140,0,1,60,3,77,wave_A
S1,359,50120,50260,140,140,0,1,60,3,77,wave_A
S1,360,50260,50400,140,140,0,1,60,3,77,wave_A
S1,361,50400,50540,140,140,0,1,60,3,77,wave_A
S1,362,50540,50680,140,140,0,1,60,3,77,wave_A
S1,363,50680,50820,140,140,0,1,60,3,77,wave_A
S1,364,50820,50960,140,140,0,1,60,3,77,wave_A
S1,365,50960,51100,140,140,0,1,60,3,77,wave_A
S1,366,51100,51240,140,140,0,1,60,3,77,wave_A
S1,367,51240,51380,140,140,0,1,60,3,77,wave_A
S1,368,51380,51520,140,140,0,1,60,3,77,wave_A
S1,369,51520,51660,140,140,0,1,60,3,77,wave_A
S1,370,51660,51800,140,140,0,1,60,3,77,wave_A
S1,371,51800,51940,140,140,0,1,60,3,77,wave_A
S1,372,51940,52080,140,140,0,1,60,3,77,wave_A
S1,373,52080,52220,140,140,0,1,60,3,77,wave_A
S1,374,52220,52360,140,140,0,1,60,3,77,wave_A
S1,375,52360,52500,140,140,0,1,60,3,77,wave_A
S1,376,52500,52640,140,140,0,1,60,3,77,wave_A
S1,377,52640,52780,140,140,0,1,60,3,77,wave_A
S1,378,52780,52920,140,140,0,1,60,3,77,wave_A
S1,379,52920,53060,140,140,0,1,60,3,77,wave_A
S1,380,53060,53200,140,140,0,1,60,3,77,wave_A
S1,381,53200,53340,140,140,0,1,60,3,77,wave_A
S1,382,53340,53480,140,140,0,1,60,3,77,wave_A
S1,383,53480,53620,140,140,0,1,60,3,77,wave_A
S1,384,53620,53760,140,140,0,1,60,3,77,wave_A
S1,385,53760,53900,140,140,0,1,60,3,77,wave_A
S1,386,53900,54040,140,140,0,1,60,3,77,wave_A
S1,387,54040,54180,140,140,0,1,60,3,77,wave_A
S1,388,54180,54320,140,140,0,1,60,3,77,wave_A
S1,389,54320,54460,140,140,0,1,60,3,77,wave_A
S1,390,54460,54600,140,140,0,1,60,3,77,wave_A
S1,391,54600,54740,140,140,0,1,60,3,77,wave_A
S1,392,54740,54880,140,140,0,1,60,3,77,wave_A
S1,393,54880,55020,140,140,0,1,60,3,77,wave_A
S1,394,55020,55160,140,140,0,1,60,3,77,wave_A
S1,395,55160,55300,140,140,0,1,60,3,77,wave_A
S1,396,55300,55440,140,140,0,1,60,3,77,wave_A
S1,397,55440,55580,140,140,0,1,60,3,77,wave_A
S1,398,55580,55720,140,140,0,1,60,3,77,wave_A
S1,399,55720,55860,140,140,0,1,60,3,77,wave_A
S1,400,55860,56000,140,140,0,1,60,3,77,wave_A
S1,401,56000,56140,140,140,0,1,60,3,77,wave_A
S1,402,56140,56280,140,140,0,1,60,3,77,wave_A
S1,403,56280,56420,140,140,0,1,60,3,77,wave_A
S1,404,56420,56560,140,140,0,1,60,3,77,wave_A
S1,405,56560,56700,140,140,0,1,60,3,77,wave_A
S1,406,56700,56840,140,140,0,1,60,3,77,wave_A
S1,407,56840,56980,140,140,0,1,60,3,77,wave_A
S1,408,56980,57120,140,140,0,1,60,3,77,wave_A
S1,409,57120,57260,140,140,0,1,60,3,77,wave_A
S1,410,57260,57400,140,140,0,1,60,3,77,wave_A
S1,411,57400,57540,140,140,0,1,60,3,77,wave_A
S2,1,18,158,140,140,0,1,40,3,97,wave_A
S2,2,158,298,140,140,0,1,40,3,97,wave_A
S2,3,298,438,140,140,0,1,40,3,97,wave_A
S2,4,438,578,140,140,0,1,40,3,97,wave_A
S2,5,578,718,140,140,0,1,40,3,97,wave_A
S2,6,718,858,140,140,0,1,40,3,97,wave_A
S2,7,858,998,140,140,0,1,40,3,97,wave_A
S2,8,998,1138,140,140,0,1,40,3,97,wave_A
S2,9,1138,1278,140,140,0,1,40,3,97,wave_A
S2,10,1278,1418,140,140,0,1,40,3,97,wave_A
S2,11,1418,1558,140,140,0,1,40,3,97,wave_A
S2,12,1558,1698,140,140,0,1,40,3,97,wave_A
S2,13,1698,1838,140,140,0,1,40,3,97,wave_A
S2,14,1838,1978,140,140,0,1,40,3,97,wave_A
S2,15,1978,2118,140,140,0,1,40,3,97,wave_A
S2,16,2118,2258,140,140,0,1,40,3,97,wave_A
S2,17,2258,2398,140,140,0,1,40,3,97,wave_A
S2,18,2398,2538,140,140,0,1,40,3,97,wave_A
S2,19,2538,2678,140,140,0,1,40,3,97,wave_A
S2,20,2678,2818,140,140,0,1,40,3,97,wave_A
S2,21,2818,2958,140,140,0,1,40,3,97,wave_A
S2,22,2958,3098,140,140,0,1,40,3,97,wave_A
S2,23,3098,3238,140,140,0,1,40,3,97,wave_A
S2,24,3238,3378,140,140,0,1,40,3,97,wave_A
S2,25,3378,3518,140,140,0,1,40,3,97,wave_A
S2,26,3518,3658,140,140,0,1,40,3,97,wave_A
S2,27,3658,3798,140,140,0,1,40,3,97,wave_A
S2,28,3798,3938,140,140,0,1,40,3,97,wave_A
S2,29,3938,4078,140,140,0,1,40,3,97,wave_A
S2,30,4078,4218,140,140,0,1,40,3,97,wave_A
S2,31,4218,4358,140,140,0,1,40,3,97,wave_A
S2,32,4358,4498,140,140,0,1,40,3,97,wave_A
S2,33,4498,4638,140,140,0,1,40,3,97,wave_A
S2,34,4638,4778,140,140,0,1,40,3,97,wave_A
S2,35,4778,4918,140,140,0,1,40,3,97,wave_A
S2,36,4918,5058,140,140,0,1,40,3,97,wave_A
S2,37,5058,5198,140,140,0,1,40,3,97,wave_A
S2,38,5198,5338,140,140,0,1,40,3,97,wave_A
S2,39,5338,5478,140,140,0,1,40,3,97,wave_A
S2,40,5478,5618,140,140,0,1,40,3,97,wave_A
S2,41,5618,5758,140,140,0,1,40,3,97,wave_A
S2,42,5758,5898,140,140,0,1,40,3,97,wave_A
S2,43,5898,6038,140,140,0,1,40,3,97,wave_A
S2,44,6038,6178,140,140,0,1,40,3,97,wave_A
S2,45,6178,6318,140,140,0,1,40,3,97,wave_A
S2,46,6318,6458,140,140,0,1,40,3,97,wave_A
S2,47,6458,6598,140,140,0,1,40,3,97,wave_A
S2,48,6598,6738,140,140,0,1,40,3,97,wave_A
S2,49,6738,6878,140,140,0,1,40,3,97,wave_A
S2,50,6878,7018,140,140,0,1,40,3,97,wave_A
S2,51,7018,7158,140,140,0,1,40,3,97,wave_A
S2,52,7158,7298,140,140,0,1,40,3,97,wave_A
S2,53,7298,7438,140,140,0,1,40,3,97,wave_A
S2,54,7438,7578,140,140,0,1,40,3,97,wave_A
S2,55,7578,7718,140,140,0,1,40,3,97,wave_A
S2,56,7718,7858,140,140,0,1,40,3,97,wave_A
S2,57,7858,7998,140,140,0,1,40,3,97,wave_A
S2,58,7998,8138,140,140,0,1,40,3,97,wave_A
S2,59,8138,8278,140,140,0,1,40,3,97,wave_A
S2,60,8278,8418,140,140,0,1,40,3,97,wave_A
S2,61,8418,8558,140,140,0,1,40,3,97,wave_A
S2,62,8558,8698,140,140,0,1,40,3,97,wave_A
S2,63,8698,8838,140,140,0,1,40,3,97,wave_A
S2,64,8838,8978,140,140,0,1,40,3,97,wave_A
S2,65,8978,9118,140,140,0,1,40,3,97,wave_A
S2,66,9118,9258,140,140,0,1,40,3,97,wave_A
S2,67,9258,9398,140,140,0,1,40,3,97,wave_A
S2,68,9398,9538,140,140,0,1,40,3,97,wave_A
S2,69,9538,9678,140,140,0,1,40,3,97,wave_A
S2,70,9678,9818,140,140,0,1,40,3,97,wave_A
S2,71,9818,9958,140,140,0,1,40,3,97,wave_A
S2,72,9958,10098,140,140,0,1,40,3,97,wave_A
S2,73,10098,10238,140,140,0,1,40,3,97,wave_A
S2,74,10238,10378,140,140,0,1,40,3,97,wave_A
S2,75,10378,10518,140,140,0,1,40,3,97,wave_A
S2,76,10518,10658,140,140,0,1,40,3,97,wave_A
S2,77,10658,10798,140,140,0,1,40,3,97,wave_A
S2,78,10798,10938,140,140,0,1,40,3,97,wave_A
S2,79,10938,11078,140,140,0,1,40,3,97,wave_A
S2,80,11078,11218,140,140,0,1,40,3,97,wave_A
S2,81,11218,11358,140,140,0,1,40,3,97,wave_A
S2,82,11358,11498,140,140,0,1,40,3,97,wave_A
S2,83,11498,11638,140,140,0,1,40,3,97,wave_A
S2,84,11638,11778,140,140,0,1,40,3,97,wave_A
S2,85,11778,11918,140,140,0,1,40,3,97,wave_A
S2,86,11918,12058,140,140,0,1,40,3,97,wave_A
S2,87,12058,12198,140,140,0,1,40,3,97,wave_A
S2,88,12198,12338,140,140,0,1,40,3,97,wave_A
S2,89,12338,12478,140,140,0,1,40,3,97,wave_A
S2,90,12478,12618,140,140,0,1,40,3,97,wave_A
S2,91,12618,12758,140,140,0,1,40,3,97,wave_A
S2,92,12758,12898,140,140,0,1,40,3,97,wave_A
S2,93,12898,13038,140,140,0,1,40,3,97,wave_A
S2,94,13038,13178,140,140,0,1,40,3,97,wave_A
S2,95,13178,13318,140,140,0,1,40,3,97,wave_A
S2,96,13318,13458,140,140,0,1,40,3,97,wave_A
S2,97,13458,13598,140,140,0,1,40,3,97,wave_A
S2,98,13598,13738,140,140,0,1,40,3,97,wave_A
S2,99,13738,13878,140,140,0,1,40,3,97,wave_A
S2,100,13878,14018,140,140,0,1,40,3,97,wave_A
S2,101,14018,14158,140,140,0,1,40,3,97,wave_A
S2,102,14158,14298,140,140,0,1,40,3,97,wave_A
S2,103,14298,14438,140,140,0,1,40,3,97,wave_A
S2,104,14438,14578,140,140,0,1,40,3,97,wave_A
S2,105,14578,14718,140,140,0,1,40,3,97,wave_A
S2,106,14718,14858,140,140,0,1,40,3,97,wave_A
S2,107,14858,14998,140,140,0,1,40,3,97,wave_A
S2,108,14998,15138,140,140,0,1,40,3,97,wave_A
S2,109,15138,15278,140,140,0,1,40,3,97,wave_A
S2,110,15278,15418,140,140,0,1,40,3,97,wave_A
S2,111,15418,15558,140,140,0,1,40,3,97,wave_A
S2,112,15558,15698,140,140,0,1,40,3,97,wave_A
S2,113,15698,15838,140,140,0,1,40,3,97,wave_A
S2,114,15838,15978,140,140,0,1,40,3,97,wave_A
S2,115,15978,16118,140,140,0,1,40,3,97,wave_A
S2,116,16118,16258,140,140,0,1,40,3,97,wave_A
S2,117,16258,16398,140,140,0,1,40,3,97,wave_A
S2,118,16398,16538,140,140,0,1,40,3,97,wave_A
S2,119,16538,16678,140,140,0,1,40,3,97,wave_A
S2,120,16678,16818,140,140,0,1,40,3,97,wave_A
S2,121,16818,16958,140,140,0,1,40,3,97,wave_A
S2,122,16958,17098,140,140,0,1,40,3,97,wave_A
S2,123,17098,17238,140,140,0,1,40,3,97,wave_A
S2,124,17238,17378,140,140,0,1,40,3,97,wave_A
S2,125,17378,17518,140,140,0,1,40,3,97,wave_A
S2,126,17518,17658,140,140,0,1,40,3,97,wave_A
S2,127,17658,17798,140,140,0,1,40,3,97,wave_A
S2,128,17798,17938,140,140,0,1,40,3,97,wave_A
S2,129,17938,18078,140,140,0,1,40,3,97,wave_A
S2,130,18078,18218,140,140,0,1,40,3,97,wave_A
S2,131,18218,18358,140,140,0,1,40,3,97,wave_A
S2,132,18358,18498,140,140,0,1,40,3,97,wave_A
S2,133,18498,18638,140,140,0,1,40,3,97,wave_A
S2,134,18638,18778,140,140,0,1,40,3,97,wave_A
S2,135,18778,18918,140,140,0,1,40,3,97,wave_A
S2,136,18918,19058,140,140,0,1,40,3,97,wave_A
S2,137,19058,19198,140,140,0,1,40,3,97,wave_A
S2,138,19198,19338,140,140,0,1,40,3,97,wave_A
S2,139,19338,19478,140,140,0,1,40,3,97,wave_A
S2,140,19478,19618,140,140,0,1,40,3,97,wave_A
S2,141,19618,19758,140,140,0,1,40,3,97,wave_A
S2,142,19758,19898,140,140,0,1,40,3,97,wave_A
S2,143,19898,20038,140,140,0,1,40,3,97,wave_A
S2,144,20038,20178,140,140,0,1,40,3,97,wave_A
S2,145,20178,20318,140,140,0,1,40,3,97,wave_A
S2,146,20318,20458,140,140,0,1,40,3,97,wave_A
S2,147,20458,20598,140,140,0,1,40,3,97,wave_A
S2,148,20598,20738,140,140,0,1,40,3,97,wave_A
S2,149,20738,20878,140,140,0,1,40,3,97,wave_A
S2,150,20878,21018,140,140,0,1,40,3,97,wave_A
S2,151,21018,21158,140,140,0,1,40,3,97,wave_A
S2,152,21158,21298,140,140,0,1,40,3,97,wave_A
S2,153,21298,21438,140,140,0,1,40,3,97,wave_A
S2,154,21438,21578,140,140,0,1,40,3,97,wave_A
S2,155,21578,21718,140,140,0,1,40,3,97,wave_A
S2,156,21718,21858,140,140,0,1,40,3,97,wave_A
S2,157,21858,21998,140,140,0,1,40,3,97,wave_A
S2,158,21998,22138,140,140,0,1,40,3,97,wave_A
S2,159,22138,22278,140,140,0,1,40,3,97,wave_A
S2,160,22278,22418,140,140,0,1,40,3,97,wave_A
S2,161,22418,22558,140,140,0,1,40,3,97,wave_A
S2,162,22558,22698,140,140,0,1,40,3,97,wave_A
S2,163,22698,22838,140,140,0,1,40,3,97,wave_A
S2,164,22838,22978,140,140,0,1,40,3,97,wave_A
S2,165,22978,23118,140,140,0,1,40,3,97,wave_A
S2,166,23118,23258,140,140,0,1,40,3,97,wave_A
S2,167,23258,23398,140,140,0,1,40,3,97,wave_A
S2,168,23398,23538,140,140,0,1,40,3,97,wave_A
S2,169,23538,23678,140,140,0,1,40,3,97,wave_A
S2,170,23678,23818,140,140,0,1,40,3,97,wave_A
S2,171,23818,23958,140,140,0,1,40,3,97,wave_A
S2,172,23958,24098,140,140,0,1,40,3,97,wave_A
S2,173,24098,24238,140,140,0,1,40,3,97,wave_A
S2,174,24238,24378,140,140,0,1,40,3,97,wave_A
S2,175,24378,24518,140,140,0,1,40,3,97,wave_A
S2,176,24518,24658,140,140,0,1,40,3,97,wave_A
S2,177,24658,24798,140,140,0,1,40,3,97,wave_A
S2,178,24798,24938,140,140,0,1,40,3,97,wave_A
S2,179,24938,25078,140,140,0,1,40,3,97,wave_A
S2,180,25078,25218,140,140,0,1,40,3,97,wave_A
S2,181,25218,25358,140,140,0,1,40,3,97,wave_A
S2,182,25358,25498,140,140,0,1,40,3,97,wave_A
S2,183,25498,25638,140,140,0,1,40,3,97,wave_A
S2,184,25638,25778,140,140,0,1,40,3,97,wave_A
S2,185,25778,25918,140,140,0,1,40,3,97,wave_A
S2,186,25918,26058,140,140,0,1,40,3,97,wave_A
S2,187,26058,26198,140,140,0,1,40,3,97,wave_A
S2,188,26198,26338,140,140,0,1,40,3,97,wave_A
S2,189,26338,26478,140,140,0,1,40,3,97,wave_A
S2,190,26478,26618,140,140,0,1,40,3,97,wave_A
S2,191,26618,26758,140,140,0,1,40,3,97,wave_A
S2,192,26758,26898,140,140,0,1,40,3,97,wave_A
S2,193,26898,27038,140,140,0,1,40,3,97,wave_A
S2,194,27038,27178,140,140,0,1,40,3,97,wave_A
S2,195,27178,27318,140,140,0,1,40,3,97,wave_A
S2,196,27318,27458,140,140,0,1,40,3,97,wave_A
S2,197,27458,27598,140,140,0,1,40,3,97,wave_A
S2,198,27598,27738,140,140,0,1,40,3,97,wave_A
S2,199,27738,27878,140,140,0,1,40,3,97,wave_A
S2,200,27878,28018,140,140,0,1,40,3,97,wave_A
S2,201,28018,28158,140,140,0,1,40,3,97,wave_A
S2,202,28158,28298,140,140,0,1,40,3,97,wave_A
S2,203,28298,28438,140,140,0,1,40,3,97,wave_A
S2,204,28438,28578,140,140,0,1,40,3,97,wave_A
S2,205,28578,28718,140,140,0,1,40,3,97,wave_A
S2,206,28718,28858,140,140,0,1,40,3,97,wave_A
S2,207,28858,28998,140,140,0,1,40,3,97,wave_A
S2,208,28998,29138,140,140,0,1,40,3,97,wave_A
S2,209,29138,29278,140,140,0,1,40,3,97,wave_A
S2,210,29278,29418,140,140,0,1,40,3,97,wave_A
S2,211,29418,29558,140,140,0,1,40,3,97,wave_A
S2,212,29558,29698,140,140,0,1,40,3,97,wave_A
S2,213,29698,29838,140,140,0,1,40,3,97,wave_A
S2,214,29838,29978,140,140,0,1,40,3,97,wave_A
S2,215,29978,30118,140,140,0,1,40,3,97,wave_A
S2,216,30118,30258,140,140,0,1,40,3,97,wave_A
S2,217,30258,30398,140,140,0,1,40,3,97,wave_A
S2,218,30398,30538,140,140,0,1,40,3,97,wave_A
S2,219,30538,30678,140,140,0,1,40,3,97,wave_A
S2,220,30678,30818,140,140,0,1,40,3,97,wave_A
S2,221,30818,30958,140,140,0,1,40,3,97,wave_A
S2,222,30958,31098,140,140,0,1,40,3,97,wave_A
S2,223,31098,31238,140,140,0,1,40,3,97,wave_A
S2,224,31238,31378,140,140,0,1,40,3,97,wave_A
S2,225,31378,31518,140,140,0,1,40,3,97,wave_A
S2,226,31518,31658,140,140,0,1,40,3,97,wave_A
S2,227,31658,31798,140,140,0,1,40,3,97,wave_A
S2,228,31798,31938,140,140,0,1,40,3,97,wave_A
S2,229,31938,32078,140,140,0,1,40,3,97,wave_A
S2,230,32078,32218,140,140,0,1,40,3,97,wave_A
S2,231,32218,32358,140,140,0,1,40,3,97,wave_A
S2,232,32358,32498,140,140,0,1,40,3,97,wave_A
S2,233,32498,32638,140,140,0,1,40,3,97,wave_A
S2,234,32638,32778,140,140,0,1,40,3,97,wave_A
S2,235,32778,32918,140,140,0,1,40,3,97,wave_A
S2,236,32918,33058,140,140,0,1,40,3,97,wave_A
S2,237,33058,33198,140,140,0,1,40,3,97,wave_A
S2,238,33198,33338,140,140,0,1,40,3,97,wave_A
S2,239,33338,33478,140,140,0,1,40,3,97,wave_A
S2,240,33478,33618,140,140,0,1,40,3,97,wave_A
S2,241,33618,33758,140,140,0,1,40,3,97,wave_A
S2,242,33758,33898,140,140,0,1,40,3,97,wave_A
S2,243,33898,34038,140,140,0,1,40,3,97,wave_A
S2,244,34038,34178,140,140,0,1,40,3,97,wave_A
S2,245,34178,34318,140,140,0,1,40,3,97,wave_A
S2,246,34318,34458,140,140,0,1,40,3,97,wave_A
S2,247,34458,34598,140,140,0,1,40,3,97,wave_A
S2,248,34598,34738,140,140,0,1,40,3,97,wave_A
S2,249,34738,34878,140,140,0,1,40,3,97,wave_A
S2,250,34878,35018,140,140,0,1,40,3,97,wave_A
S2,251,35018,35158,140,140,0,1,40,3,97,wave_A
S2,252,35158,35298,140,140,0,1,40,3,97,wave_A
S2,253,35298,35438,140,140,0,1,40,3,97,wave_A
S2,254,35438,35578,140,140,0,1,40,3,97,wave_A
S2,255,35578,35718,140,140,0,1,40,3,97,wave_A
S2,256,35718,35858,140,140,0,1,40,3,97,wave_A
S2,257,35858,35998,140,140,0,1,40,3,97,wave_A
S2,258,35998,36138,140,140,0,1,40,3,97,wave_A
S2,259,36138,36278,140,140,0,1,40,3,97,wave_A
S2,260,36278,36418,140,140,0,1,40,3,97,wave_A
S2,261,36418,36558,140,140,0,1,40,3,97,wave_A
S2,262,36558,36698,140,140,0,1,40,3,97,wave_A
S2,263,36698,36838,140,140,0,1,40,3,97,wave_A
S2,264,36838,36978,140,140,0,1,40,3,97,wave_A
S2,265,36978,37118,140,140,0,1,40,3,97,wave_A
S2,266,37118,37258,140,140,0,1,40,3,97,wave_A
S2,267,37258,37398,140,140,0,1,40,3,97,wave_A
S2,268,37398,37538,140,140,0,1,40,3,97,wave_A
S2,269,37538,37678,140,140,0,1,40,3,97,wave_A
S2,270,37678,37818,140,140,0,1,40,3,97,wave_A
S2,271,37818,37958,140,140,0,1,40,3,97,wave_A
S2,272,37958,38098,140,140,0,1,40,3,97,wave_A
S2,273,38098,38238,140,140,0,1,40,3,97,wave_A
S2,274,38238,38378,140,140,0,1,40,3,97,wave_A
S2,275,38378,38518,140,140,0,1,40,3,97,wave_A
S2,276,38518,38658,140,140,0,1,40,3,97,wave_A
S2,277,38658,38798,140,140,0,1,40,3,97,wave_A
S2,278,38798,38938,140,140,0,1,40,3,97,wave_A
S2,279,38938,39078,140,140,0,1,40,3,97,wave_A
S2,280,39078,39218,140,140,0,1,40,3,97,wave_A
S2,281,39218,39358,140,140,0,1,40,3,97,wave_A
S2,282,39358,39498,140,140,0,1,40,3,97,wave_A
S2,283,39498,39638,140,140,0,1,40,3,97,wave_A
S2,284,39638,39778,140,140,0,1,40,3,97,wave_A
S2,285,39778,39918,140,140,0,1,40,3,97,wave_A
S2,286,39918,40058,140,140,0,1,40,3,97,wave_A
S2,287,40058,40198,140,140,0,1,40,3,97,wave_A
S2,288,40198,40338,140,140,0,1,40,3,97,wave_A
S2,289,40338,40478,140,140,0,1,40,3,97,wave_A
S2,290,40478,40618,140,140,0,1,40,3,97,wave_A
S2,291,40618,40758,140,140,0,1,40,3,97,wave_A
S2,292,40758,40898,140,140,0,1,40,3,97,wave_A
S2,293,40898,41038,140,140,0,1,40,3,97,wave_A
S2,294,41038,41178,140,140,0,1,40,3,97,wave_A
S2,295,41178,41318,140,140,0,1,40,3,97,wave_A
S2,296,41318,41458,140,140,0,1,40,3,97,wave_A
S2,297,41458,41598,140,140,0,1,40,3,97,wave_A
S2,298,41598,41738,140,140,0,1,40,3,97,wave_A
S2,299,41738,41878,140,140,0,1,40,3,97,wave_A
S2,300,41878,42018,140,140,0,1,40,3,97,wave_A
S2,301,42018,42158,140,140,0,1,40,3,97,wave_A
S2,302,42158,42298,140,140,0,1,40,3,97,wave_A
S2,303,42298,42438,140,140,0,1,40,3,97,wave_A
S2,304,42438,42578,140,140,0,1,40,3,97,wave_A
S2,305,42578,42718,140,140,0,1,40,3,97,wave_A
S2,306,42718,42858,140,140,0,1,40,3,97,wave_A
S2,307,42858,42998,140,140,0,1,40,3,97,wave_A
S2,308,42998,43138,140,140,0,1,40,3,97,wave_A
S2,309,43138,43278,140,140,0,1,40,3,97,wave_A
S2,310,43278,43418,140,140,0,1,40,3,97,wave_A
S2,311,43418,43558,140,140,0,1,40,3,97,wave_A
S2,312,43558,43698,140,140,0,1,40,3,97,wave_A
S2,313,43698,43838,140,140,0,1,40,3,97,wave_A
S2,314,43838,43978,140,140,0,1,40,3,97,wave_A
S2,315,43978,44118,140,140,0,1,40,3,97,wave_A
S2,316,44118,44258,140,140,0,1,40,3,97,wave_A
S2,317,44258,44398,140,140,0,1,40,3,97,wave_A
S2,318,44398,44538,140,140,0,1,40,3,97,wave_A
S2,319,44538,44678,140,140,0,1,40,3,97,wave_A
S2,320,44678,44818,140,140,0,1,40,3,97,wave_A
S2,321,44818,44958,140,140,0,1,40,3,97,wave_A
S2,322,44958,45098,140,140,0,1,40,3,97,wave_A
S2,323,45098,45238,140,140,0,1,40,3,97,wave_A
S2,324,45238,45378,140,140,0,1,40,3,97,wave_A
S2,325,45378,45518,140,140,0,1,40,3,97,wave_A
S2,326,45518,45658,140,140,0,1,40,3,97,wave_A
S2,327,45658,45798,140,140,0,1,40,3,97,wave_A
S2,328,45798,45938,140,140,0,1,40,3,97,wave_A
S2,329,45938,46078,140,140,0,1,40,3,97,wave_A
S2,330,46078,46218,140,140,0,1,40,3,97,wave_A
S2,331,46218,46358,140,140,0,1,40,3,97,wave_A
S2,332,46358,46498,140,140,0,1,40,3,97,wave_A
S2,333,46498,46638,140,140,0,1,40,3,97,wave_A
S2,334,46638,46778,140,140,0,1,40,3,97,wave_A
S2,335,46778,46918,140,140,0,1,40,3,97,wave_A
S2,336,46918,47058,140,140,0,1,40,3,97,wave_A
S2,337,47058,47198,140,140,0,1,40,3,97,wave_A
S2,338,47198,47338,140,140,0,1,40,3,97,wave_A
S2,339,47338,47478,140,140,0,1,40,3,97,wave_A
S2,340,47478,47618,140,140,0,1,40,3,97,wave_A
S2,341,47618,47758,140,140,0,1,40,3,97,wave_A
S2,342,47758,47898,140,140,0,1,40,3,97,wave_A
S2,343,47898,48038,140,140,0,1,40,3,97,wave_A
S2,344,48038,48178,140,140,0,1,40,3,97,wave_A
S2,345,48178,48318,140,140,0,1,40,3,97,wave_A
S2,346,48318,48458,140,140,0,1,40,3,97,wave_A
S2,347,48458,48598,140,140,0,1,40,3,97,wave_A
S2,348,48598,48738,140,140,0,1,40,3,97,wave_A
S2,349,48738,48878,140,140,0,1,40,3,97,wave_A
S2,350,48878,49018,140,140,0,1,40,3,97,wave_A
S2,351,49018,49158,140,140,0,1,40,3,97,wave_A
S2,352,49158,49298,140,140,0,1,40,3,97,wave_A
S2,353,49298,49438,140,140,0,1,40,3,97,wave_A
S2,354,49438,49578,140,140,0,1,40,3,97,wave_A
S2,355,49578,49718,140,140,0,1,40,3,97,wave_A
S2,356,49718,49858,140,140,0,1,40,3,97,wave_A
S2,357,49858,49998,140,140,0,1,40,3,97,wave_A
S2,358,49998,50138,140,140,0,1,40,3,97,wave_A
S2,359,50138,50278,140,140,0,1,40,3,97,wave_A
S2,360,50278,50418,140,140,0,1,40,3,97,wave_A
S2,361,50418,50558,140,140,0,1,40,3,97,wave_A
S2,362,50558,50698,140,140,0,1,40,3,97,wave_A
S2,363,50698,50838,140,140,0,1,40,3,97,wave_A
S2,364,50838,50978,140,140,0,1,40,3,97,wave_A
S2,365,50978,51118,140,140,0,1,40,3,97,wave_A
S2,366,51118,51258,140,140,0,1,40,3,97,wave_A
S2,367,51258,51398,140,140,0,1,40,3,97,wave_A
S2,368,51398,51538,140,140,0,1,40,3,97,wave_A
S2,369,51538,51678,140,140,0,1,40,3,97,wave_A
S2,370,51678,51818,140,140,0,1,40,3,97,wave_A
S2,371,51818,51958,140,140,0,1,40,3,97,wave_A
S2,372,51958,52098,140,140,0,1,40,3,97,wave_A
S2,373,52098,52238,140,140,0,1,40,3,97,wave_A
S2,374,52238,52378,140,140,0,1,40,3,97,wave_A
S2,375,52378,52518,140,140,0,1,40,3,97,wave_A
S2,376,52518,52658,140,140,0,1,40,3,97,wave_A
S2,377,52658,52798,140,140,0,1,40,3,97,wave_A
S2,378,52798,52938,140,140,0,1,40,3,97,wave_A
S2,379,52938,53078,140,140,0,1,40,3,97,wave_A
S2,380,53078,53218,140,140,0,1,40,3,97,wave_A
S2,381,53218,53358,140,140,0,1,40,3,97,wave_A
S2,382,53358,53498,140,140,0,1,40,3,97,wave_A
S2,383,53498,53638,140,140,0,1,40,3,97,wave_A
S2,384,53638,53778,140,140,0,1,40,3,97,wave_A
S2,385,53778,53918,140,140,0,1,40,3,97,wave_A
S2,386,53918,54058,140,140,0,1,40,3,97,wave_A
S2,387,54058,54198,140,140,0,1,40,3,97,wave_A
S2,388,54198,54338,140,140,0,1,40,3,97,wave_A
S2,389,54338,54478,140,140,0,1,40,3,97,wave_A
S2,390,54478,54618,140,140,0,1,40,3,97,wave_A
S2,391,54618,54758,140,140,0,1,40,3,97,wave_A
S2,392,54758,54898,140,140,0,1,40,3,97,wave_A
S2,393,54898,55038,140,140,0,1,40,3,97,wave_A
S2,394,55038,55178,140,140,0,1,40,3,97,wave_A
S2,395,55178,55318,140,140,0,1,40,3,97,wave_A
S2,396,55318,55458,140,140,0,1,40,3,97,wave_A
S2,397,55458,55598,140,140,0,1,40,3,97,wave_A
S2,398,55598,55738,140,140,0,1,40,3,97,wave_A
S2,399,55738,55878,140,140,0,1,40,3,97,wave_A
S2,400,55878,56018,140,140,0,1,40,3,97,wave_A
S2,401,56018,56158,140,140,0,1,40,3,97,wave_A
S2,402,56158,56298,140,140,0,1,40,3,97,wave_A
S2,403,56298,56438,140,140,0,1,40,3,97,wave_A
S2,404,56438,56578,140,140,0,1,40,3,97,wave_A
S2,405,56578,56718,140,140,0,1,40,3,97,wave_A
S2,406,56718,56858,140,140,0,1,40,3,97,wave_A
S2,407,56858,56998,140,140,0,1,40,3,97,wave_A
S2,408,56998,57138,140,140,0,1,40,3,97,wave_A
S2,409,57138,57278,140,140,0,1,40,3,97,wave_A
S2,410,57278,57418,140,140,0,1,40,3,97,wave_A
S2,411,57418,57558,140,140,0,1,40,3,97,wave_A
S3,1,45,185,140,140,0,1,55,3,82,wave_A
S3,2,185,325,140,140,0,1,55,3,82,wave_A
S3,3,325,465,140,140,0,1,55,3,82,wave_A
S3,4,465,605,140,140,0,1,55,3,82,wave_A
S3,5,605,745,140,140,0,1,55,3,82,wave_A
S3,6,745,885,140,140,0,1,55,3,82,wave_A
S3,7,885,1025,140,140,0,1,55,3,82,wave_A
S3,8,1025,1165,140,140,0,1,55,3,82,wave_A
S3,9,1165,1305,140,140,0,1,55,3,82,wave_A
S3,10,1305,1445,140,140,0,1,55,3,82,wave_A
S3,11,1445,1585,140,140,0,1,55,3,82,wave_A
S3,12,1585,1725,140,140,0,1,55,3,82,wave_A
S3,13,1725,1865,140,140,0,1,55,3,82,wave_A
S3,14,1865,2005,140,140,0,1,55,3,82,wave_A
S3,15,2005,2145,140,140,0,1,55,3,82,wave_A
S3,16,2145,2285,140,140,0,1,55,3,82,wave_A
S3,17,2285,2425,140,140,0,1,55,3,82,wave_A
S3,18,2425,2565,140,140,0,1,55,3,82,wave_A
S3,19,2565,2705,140,140,0,1,55,3,82,wave_A
S3,20,2705,2845,140,140,0,1,55,3,82,wave_A
S3,21,2845,2985,140,140,0,1,55,3,82,wave_A
S3,22,2985,3125,140,140,0,1,55,3,82,wave_A
S3,23,3125,3265,140,140,0,1,55,3,82,wave_A
S3,24,3265,3405,140,140,0,1,55,3,82,wave_A
S3,25,3405,3545,140,140,0,1,55,3,82,wave_A
S3,26,3545,3685,140,140,0,1,55,3,82,wave_A
S3,27,3685,3825,140,140,0,1,55,3,82,wave_A
S3,28,3825,3965,140,140,0,1,55,3,82,wave_A
S3,29,3965,4105,140,140,0,1,55,3,82,wave_A
S3,30,4105,4245,140,140,0,1,55,3,82,wave_A
S3,31,4245,4385,140,140,0,1,55,3,82,wave_A
S3,32,4385,4525,140,140,0,1,55,3,82,wave_A
S3,33,4525,4665,140,140,0,1,55,3,82,wave_A
S3,34,4665,4805,140,140,0,1,55,3,82,wave_A
S3,35,4805,4945,140,140,0,1,55,3,82,wave_A
S3,36,4945,5085,140,140,0,1,55,3,82,wave_A
S3,37,5085,5225,140,140,0,1,55,3,82,wave_A
S3,38,5225,5365,140,140,0,1,55,3,82,wave_A
S3,39,5365,5505,140,140,0,1,55,3,82,wave_A
S3,40,5505,5645,140,140,0,1,55,3,82,wave_A
S3,41,5645,5785,140,140,0,1,55,3,82,wave_A
S3,42,5785,5925,140,140,0,1,55,3,82,wave_A
S3,43,5925,6065,140,140,0,1,55,3,82,wave_A
S3,44,6065,6205,140,140,0,1,55,3,82,wave_A
S3,45,6205,6345,140,140,0,1,55,3,82,wave_A
S3,46,6345,6485,140,140,0,1,55,3,82,wave_A
S3,47,6485,6625,140,140,0,1,55,3,82,wave_A
S3,48,6625,6765,140,140,0,1,55,3,82,wave_A
S3,49,6765,6905,140,140,0,1,55,3,82,wave_A
S3,50,6905,7045,140,140,0,1,55,3,82,wave_A
S3,51,7045,7185,140,140,0,1,55,3,82,wave_A
S3,52,7185,7325,140,140,0,1,55,3,82,wave_A
S3,53,7325,7465,140,140,0,1,55,3,82,wave_A
S3,54,7465,7605,140,140,0,1,55,3,82,wave_A
S3,55,7605,7745,140,140,0,1,55,3,82,wave_A
S3,56,7745,7885,140,140,0,1,55,3,82,wave_A
S3,57,7885,8025,140,140,0,1,55,3,82,wave_A
S3,58,8025,8165,140,140,0,1,55,3,82,wave_A
S3,59,8165,8305,140,140,0,1,55,3,82,wave_A
S3,60,8305,8445,140,140,0,1,55,3,82,wave_A
S3,61,8445,8585,140,140,0,1,55,3,82,wave_A
S3,62,8585,8725,140,140,0,1,55,3,82,wave_A
S3,63,8725,8865,140,140,0,1,55,3,82,wave_A
S3,64,8865,9005,140,140,0,1,55,3,82,wave_A
S3,65,9005,9145,140,140,0,1,55,3,82,wave_A
S3,66,9145,9285,140,140,0,1,55,3,82,wave_A
S3,67,9285,9425,140,140,0,1,55,3,82,wave_A
S3,68,9425,9565,140,140,0,1,55,3,82,wave_A
S3,69,9565,9705,140,140,0,1,55,3,82,wave_A
S3,70,9705,9845,140,140,0,1,55,3,82,wave_A
S3,71,9845,9985,140,140,0,1,55,3,82,wave_A
S3,72,9985,10125,140,140,0,1,55,3,82,wave_A
S3,73,10125,10265,140,140,0,1,55,3,82,wave_A
S3,74,10265,10405,140,140,0,1,55,3,82,wave_A
S3,75,10405,10545,140,140,0,1,55,3,82,wave_A
S3,76,10545,10685,140,140,0,1,55,3,82,wave_A
S3,77,10685,10825,140,140,0,1,55,3,82,wave_A
S3,78,10825,10965,140,140,0,1,55,3,82,wave_A
S3,79,10965,11105,140,140,0,1,55,3,82,wave_A
S3,80,11105,11245,140,140,0,1,55,3,82,wave_A
S3,81,11245,11385,140,140,0,1,55,3,82,wave_A
S3,82,11385,11525,140,140,0,1,55,3,82,wave_A
S3,83,11525,11665,140,140,0,1,55,3,82,wave_A
S3,84,11665,11805,140,140,0,1,55,3,82,wave_A
S3,85,11805,11945,140,140,0,1,55,3,82,wave_A
S3,86,11945,12085,140,140,0,1,55,3,82,wave_A
S3,87,12085,12225,140,140,0,1,55,3,82,wave_A
S3,88,12225,12365,140,140,0,1,55,3,82,wave_A
S3,89,12365,12505,140,140,0,1,55,3,82,wave_A
S3,90,12505,12645,140,140,0,1,55,3,82,wave_A
S3,91,12645,12785,140,140,0,1,55,3,82,wave_A
S3,92,12785,12925,140,140,0,1,55,3,82,wave_A
S3,93,12925,13065,140,140,0,1,55,3,82,wave_A
S3,94,13065,13205,140,140,0,1,55,3,82,wave_A
S3,95,13205,13345,140,140,0,1,55,3,82,wave_A
S3,96,13345,13485,140,140,0,1,55,3,82,wave_A
S3,97,13485,13625,140,140,0,1,55,3,82,wave_A
S3,98,13625,13765,140,140,0,1,55,3,82,wave_A
S3,99,13765,13905,140,140,0,1,55,3,82,wave_A
S3,100,13905,14045,140,140,0,1,55,3,82,wave_A
S3,101,14045,14185,140,140,0,1,55,3,82,wave_A
S3,102,14185,14325,140,140,0,1,55,3,82,wave_A
S3,103,14325,14465,140,140,0,1,55,3,82,wave_A
S3,104,14465,14605,140,140,0,1,55,3,82,wave_A
S3,105,14605,14745,140,140,0,1,55,3,82,wave_A
S3,106,14745,14885,140,140,0,1,55,3,82,wave_A
S3,107,14885,15025,140,140,0,1,55,3,82,wave_A
S3,108,15025,15165,140,140,0,1,55,3,82,wave_A
S3,109,15165,15305,140,140,0,1,55,3,82,wave_A
S3,110,15305,15445,140,140,0,1,55,3,82,wave_A
S3,111,15445,15585,140,140,0,1,55,3,82,wave_A
S3,112,15585,15725,140,140,0,1,55,3,82,wave_A
S3,113,15725,15865,140,140,0,1,55,3,82,wave_A
S3,114,15865,16005,140,140,0,1,55,3,82,wave_A
S3,115,16005,16145,140,140,0,1,55,3,82,wave_A
S3,116,16145,16285,140,140,0,1,55,3,82,wave_A
S3,117,16285,16425,140,140,0,1,55,3,82,wave_A
S3,118,16425,16565,140,140,0,1,55,3,82,wave_A
S3,119,16565,16705,140,140,0,1,55,3,82,wave_A
S3,120,16705,16845,140,140,0,1,55,3,82,wave_A
S3,121,16845,16985,140,140,0,1,55,3,82,wave_A
S3,122,16985,17125,140,140,0,1,55,3,82,wave_A
S3,123,17125,17265,140,140,0,1,55,3,82,wave_A
S3,124,17265,17405,140,140,0,1,55,3,82,wave_A
S3,125,17405,17545,140,140,0,1,55,3,82,wave_A
S3,126,17545,17685,140,140,0,1,55,3,82,wave_A
S3,127,17685,17825,140,140,0,1,55,3,82,wave_A
S3,128,17825,17965,140,140,0,1,55,3,82,wave_A
S3,129,17965,18105,140,140,0,1,55,3,82,wave_A
S3,130,18105,18245,140,140,0,1,55,3,82,wave_A
S3,131,18245,18385,140,140,0,1,55,3,82,wave_A
S3,132,18385,18525,140,140,0,1,55,3,82,wave_A
S3,133,18525,18665,140,140,0,1,55,3,82,wave_A
S3,134,18665,18805,140,140,0,1,55,3,82,wave_A
S3,135,18805,18945,140,140,0,1,55,3,82,wave_A
S3,136,18945,19085,140,140,0,1,55,3,82,wave_A
S3,137,19085,19225,140,140,0,1,55,3,82,wave_A
S3,138,19225,19365,140,140,0,1,55,3,82,wave_A
S3,139,19365,19505,140,140,0,1,55,3,82,wave_A
S3,140,19505,19645,140,140,0,1,55,3,82,wave_A
S3,141,19645,19785,140,140,0,1,55,3,82,wave_A
S3,142,19785,19925,140,140,0,1,55,3,82,wave_A
S3,143,19925,20065,140,140,0,1,55,3,82,wave_A
S3,144,20065,20205,140,140,0,1,55,3,82,wave_A
S3,145,20205,20345,140,140,0,1,55,3,82,wave_A
S3,146,20345,20485,140,140,0,1,55,3,82,wave_A
S3,147,20485,20625,140,140,0,1,55,3,82,wave_A
S3,148,20625,20765,140,140,0,1,55,3,82,wave_A
S3,149,20765,20905,140,140,0,1,55,3,82,wave_A
S3,150,20905,21045,140,140,0,1,55,3,82,wave_A
S3,151,21045,21185,140,140,0,1,55,3,82,wave_A
S3,152,21185,21325,140,140,0,1,55,3,82,wave_A
S3,153,21325,21465,140,140,0,1,55,3,82,wave_A
S3,154,21465,21605,140,140,0,1,55,3,82,wave_A
S3,155,21605,21745,140,140,0,1,55,3,82,wave_A
S3,156,21745,21885,140,140,0,1,55,3,82,wave_A
S3,157,21885,22025,140,140,0,1,55,3,82,wave_A
S3,158,22025,22165,140,140,0,1,55,3,82,wave_A
S3,159,22165,22305,140,140,0,1,55,3,82,wave_A
S3,160,22305,22445,140,140,0,1,55,3,82,wave_A
S3,161,22445,22585,140,140,0,1,55,3,82,wave_A
S3,162,22585,22725,140,140,0,1,55,3,82,wave_A
S3,163,22725,22865,140,140,0,1,55,3,82,wave_A
S3,164,22865,23005,140,140,0,1,55,3,82,wave_A
S3,165,23005,23145,140,140,0,1,55,3,82,wave_A
S3,166,23145,23285,140,140,0,1,55,3,82,wave_A
S3,167,23285,23425,140,140,0,1,55,3,82,wave_A
S3,168,23425,23565,140,140,0,1,55,3,82,wave_A
S3,169,23565,23705,140,140,0,1,55,3,82,wave_A
S3,170,23705,23845,140,140,0,1,55,3,82,wave_A
S3,171,23845,23985,140,140,0,1,55,3,82,wave_A
S3,172,23985,24125,140,140,0,1,55,3,82,wave_A
S3,173,24125,24265,140,140,0,1,55,3,82,wave_A
S3,174,24265,24405,140,140,0,1,55,3,82,wave_A
S3,175,24405,24545,140,140,0,1,55,3,82,wave_A
S3,176,24545,24685,140,140,0,1,55,3,82,wave_A
S3,177,24685,24825,140,140,0,1,55,3,82,wave_A
S3,178,24825,24965,140,140,0,1,55,3,82,wave_A
S3,179,24965,25105,140,140,0,1,55,3,82,wave_A
S3,180,25105,25245,140,140,0,1,55,3,82,wave_A
S3,181,25245,25385,140,140,0,1,55,3,82,wave_A
S3,182,25385,25525,140,140,0,1,55,3,82,wave_A
S3,183,25525,25665,140,140,0,1,55,3,82,wave_A
S3,184,25665,25805,140,140,0,1,55,3,82,wave_A
S3,185,25805,25945,140,140,0,1,55,3,82,wave_A
S3,186,25945,26085,140,140,0,1,55,3,82,wave_A
S3,187,26085,26225,140,140,0,1,55,3,82,wave_A
S3,188,26225,26365,140,140,0,1,55,3,82,wave_A
S3,189,26365,26505,140,140,0,1,55,3,82,wave_A
S3,190,26505,26645,140,140,0,1,55,3,82,wave_A
S3,191,26645,26785,140,140,0,1,55,3,82,wave_A
S3,192,26785,26925,140,140,0,1,55,3,82,wave_A
S3,193,26925,27065,140,140,0,1,55,3,82,wave_A
S3,194,27065,27205,140,140,0,1,55,3,82,wave_A
S3,195,27205,27345,140,140,0,1,55,3,82,wave_A
S3,196,27345,27485,140,140,0,1,55,3,82,wave_A
S3,197,27485,27625,140,140,0,1,55,3,82,wave_A
S3,198,27625,27765,140,140,0,1,55,3,82,wave_A
S3,199,27765,27905,140,140,0,1,55,3,82,wave_A
S3,200,27905,28045,140,140,0,1,55,3,82,wave_A
S3,201,28045,28185,140,140,0,1,55,3,82,wave_A
S3,202,28185,28325,140,140,0,1,55,3,82,wave_A
S3,203,28325,28465,140,140,0,1,55,3,82,wave_A
S3,204,28465,28605,140,140,0,1,55,3,82,wave_A
S3,205,28605,28745,140,140,0,1,55,3,82,wave_A
S3,206,28745,28885,140,140,0,1,55,3,82,wave_A
S3,207,28885,29025,140,140,0,1,55,3,82,wave_A
S3,208,29025,29165,140,140,0,1,55,3,82,wave_A
S3,209,29165,29305,140,140,0,1,55,3,82,wave_A
S3,210,29305,29445,140,140,0,1,55,3,82,wave_A
S3,211,29445,29585,140,140,0,1,55,3,82,wave_A
S3,212,29585,29725,140,140,0,1,55,3,82,wave_A
S3,213,29725,29865,140,140,0,1,55,3,82,wave_A
S3,214,29865,30005,140,140,0,1,55,3,82,wave_A
S3,215,30005,30145,140,140,0,1,55,3,82,wave_A
S3,216,30145,30285,140,140,0,1,55,3,82,wave_A
S3,217,30285,30425,140,140,0,1,55,3,82,wave_A
S3,218,30425,30565,140,140,0,1,55,3,82,wave_A
S3,219,30565,30705,140,140,0,1,55,3,82,wave_A
S3,220,30705,30845,140,140,0,1,55,3,82,wave_A
S3,221,30845,30985,140,140,0,1,55,3,82,wave_A
S3,222,30985,31125,140,140,0,1,55,3,82,wave_A
S3,223,31125,31265,140,140,0,1,55,3,82,wave_A
S3,224,31265,31405,140,140,0,1,55,3,82,wave_A
S3,225,31405,31545,140,140,0,1,55,3,82,wave_A
S3,226,31545,31685,140,140,0,1,55,3,82,wave_A
S3,227,31685,31825,140,140,0,1,55,3,82,wave_A
S3,228,31825,31965,140,140,0,1,55,3,82,wave_A
S3,229,31965,32105,140,140,0,1,55,3,82,wave_A
S3,230,32105,32245,140,140,0,1,55,3,82,wave_A
S3,231,32245,32385,140,140,0,1,55,3,82,wave_A
S3,232,32385,32525,140,140,0,1,55,3,82,wave_A
S3,233,32525,32665,140,140,0,1,55,3,82,wave_A
S3,234,32665,32805,140,140,0,1,55,3,82,wave_A
S3,235,32805,32945,140,140,0,1,55,3,82,wave_A
S3,236,32945,33085,140,140,0,1,55,3,82,wave_A
S3,237,33085,33225,140,140,0,1,55,3,82,wave_A
S3,238,33225,33365,140,140,0,1,55,3,82,wave_A
S3,239,33365,33505,140,140,0,1,55,3,82,wave_A
S3,240,33505,33645,140,140,0,1,55,3,82,wave_A
S3,241,33645,33785,140,140,0,1,55,3,82,wave_A
S3,242,33785,33925,140,140,0,1,55,3,82,wave_A
S3,243,33925,34065,140,140,0,1,55,3,82,wave_A
S3,244,34065,34205,140,140,0,1,55,3,82,wave_A
S3,245,34205,34345,140,140,0,1,55,3,82,wave_A
S3,246,34345,34485,140,140,0,1,55,3,82,wave_A
S3,247,34485,34625,140,140,0,1,55,3,82,wave_A
S3,248,34625,34765,140,140,0,1,55,3,82,wave_A
S3,249,34765,34905,140,140,0,1,55,3,82,wave_A
S3,250,34905,35045,140,140,0,1,55,3,82,wave_A
S3,251,35045,35185,140,140,0,1,55,3,82,wave_A
S3,252,35185,35325,140,140,0,1,55,3,82,wave_A
S3,253,35325,35465,140,140,0,1,55,3,82,wave_A
S3,254,35465,35605,140,140,0,1,55,3,82,wave_A
S3,255,35605,35745,140,140,0,1,55,3,82,wave_A
S3,256,35745,35885,140,140,0,1,55,3,82,wave_A
S3,257,35885,36025,140,140,0,1,55,3,82,wave_A
S3,258,36025,36165,140,140,0,1,55,3,82,wave_A
S3,259,36165,36305,140,140,0,1,55,3,82,wave_A
S3,260,36305,36445,140,140,0,1,55,3,82,wave_A
S3,261,36445,36585,140,140,0,1,55,3,82,wave_A
S3,262,36585,36725,140,140,0,1,55,3,82,wave_A
S3,263,36725,36865,140,140,0,1,55,3,82,wave_A
S3,264,36865,37005,140,140,0,1,55,3,82,wave_A
S3,265,37005,37145,140,140,0,1,55,3,82,wave_A
S3,266,37145,37285,140,140,0,1,55,3,82,wave_A
S3,267,37285,37425,140,140,0,1,55,3,82,wave_A
S3,268,37425,37565,140,140,0,1,55,3,82,wave_A
S3,269,37565,37705,140,140,0,1,55,3,82,wave_A
S3,270,37705,37845,140,140,0,1,55,3,82,wave_A
S3,271,37845,37985,140,140,0,1,55,3,82,wave_A
S3,272,37985,38125,140,140,0,1,55,3,82,wave_A
S3,273,38125,38265,140,140,0,1,55,3,82,wave_A
S3,274,38265,38405,140,140,0,1,55,3,82,wave_A
S3,275,38405,38545,140,140,0,1,55,3,82,wave_A
S3,276,38545,38685,140,140,0,1,55,3,82,wave_A
S3,277,38685,38825,140,140,0,1,55,3,82,wave_A
S3,278,38825,38965,140,140,0,1,55,3,82,wave_A
S3,279,38965,39105,140,140,0,1,55,3,82,wave_A
S3,280,39105,39245,140,140,0,1,55,3,82,wave_A
S3,281,39245,39385,140,140,0,1,55,3,82,wave_A
S3,282,39385,39525,140,140,0,1,55,3,82,wave_A
S3,283,39525,39665,140,140,0,1,55,3,82,wave_A
S3,284,39665,39805,140,140,0,1,55,3,82,wave_A
S3,285,39805,39945,140,140,0,1,55,3,82,wave_A
S3,286,39945,40085,140,140,0,1,55,3,82,wave_A
S3,287,40085,40225,140,140,0,1,55,3,82,wave_A
S3,288,40225,40365,140,140,0,1,55,3,82,wave_A
S3,289,40365,40505,140,140,0,1,55,3,82,wave_A
S3,290,40505,40645,140,140,0,1,55,3,82,wave_A
S3,291,40645,40785,140,140,0,1,55,3,82,wave_A
S3,292,40785,40925,140,140,0,1,55,3,82,wave_A
S3,293,40925,41065,140,140,0,1,55,3,82,wave_A
S3,294,41065,41205,140,140,0,1,55,3,82,wave_A
S3,295,41205,41345,140,140,0,1,55,3,82,wave_A
S3,296,41345,41485,140,140,0,1,55,3,82,wave_A
S3,297,41485,41625,140,140,0,1,55,3,82,wave_A
S3,298,41625,41765,140,140,0,1,55,3,82,wave_A
S3,299,41765,41905,140,140,0,1,55,3,82,wave_A
S3,300,41905,42045,140,140,0,1,55,3,82,wave_A
S3,301,42045,42185,140,140,0,1,55,3,82,wave_A
S3,302,42185,42325,140,140,0,1,55,3,82,wave_A
S3,303,42325,42465,140,140,0,1,55,3,82,wave_A
S3,304,42465,42605,140,140,0,1,55,3,82,wave_A
S3,305,42605,42745,140,140,0,1,55,3,82,wave_A
S3,306,42745,42885,140,140,0,1,55,3,82,wave_A
S3,307,42885,43025,140,140,0,1,55,3,82,wave_A
S3,308,43025,43165,140,140,0,1,55,3,82,wave_A
S3,309,43165,43305,140,140,0,1,55,3,82,wave_A
S3,310,43305,43445,140,140,0,1,55,3,82,wave_A
S3,311,43445,43585,140,140,0,1,55,3,82,wave_A
S3,312,43585,43725,140,140,0,1,55,3,82,wave_A
S3,313,43725,43865,140,140,0,1,55,3,82,wave_A
S3,314,43865,44005,140,140,0,1,55,3,82,wave_A
S3,315,44005,44145,140,140,0,1,55,3,82,wave_A
S3,316,44145,44285,140,140,0,1,55,3,82,wave_A
S3,317,44285,44425,140,140,0,1,55,3,82,wave_A
S3,318,44425,44565,140,140,0,1,55,3,82,wave_A
S3,319,44565,44705,140,140,0,1,55,3,82,wave_A
S3,320,44705,44845,140,140,0,1,55,3,82,wave_A
S3,321,44845,44985,140,140,0,1,55,3,82,wave_A
S3,322,44985,45125,140,140,0,1,55,3,82,wave_A
S3,323,45125,45265,140,140,0,1,55,3,82,wave_A
S3,324,45265,45405,140,140,0,1,55,3,82,wave_A
S3,325,45405,45545,140,140,0,1,55,3,82,wave_A
S3,326,45545,45685,140,140,0,1,55,3,82,wave_A
S3,327,45685,45825,140,140,0,1,55,3,82,wave_A
S3,328,45825,45965,140,140,0,1,55,3,82,wave_A
S3,329,45965,46105,140,140,0,1,55,3,82,wave_A
S3,330,46105,46245,140,140,0,1,55,3,82,wave_A
S3,331,46245,46385,140,140,0,1,55,3,82,wave_A
S3,332,46385,46525,140,140,0,1,55,3,82,wave_A
S3,333,46525,46665,140,140,0,1,55,3,82,wave_A
S3,334,46665,46805,140,140,0,1,55,3,82,wave_A
S3,335,46805,46945,140,140,0,1,55,3,82,wave_A
S3,336,46945,47085,140,140,0,1,55,3,82,wave_A
S3,337,47085,47225,140,140,0,1,55,3,82,wave_A
S3,338,47225,47365,140,140,0,1,55,3,82,wave_A
S3,339,47365,47505,140,140,0,1,55,3,82,wave_A
S3,340,47505,47645,140,140,0,1,55,3,82,wave_A
S3,341,47645,47785,140,140,0,1,55,3,82,wave_A
S3,342,47785,47925,140,140,0,1,55,3,82,wave_A
S3,343,47925,48065,140,140,0,1,55,3,82,wave_A
S3,344,48065,48205,140,140,0,1,55,3,82,wave_A
S3,345,48205,48345,140,140,0,1,55,3,82,wave_A
S3,346,48345,48485,140,140,0,1,55,3,82,wave_A
S3,347,48485,48625,140,140,0,1,55,3,82,wave_A
S3,348,48625,48765,140,140,0,1,55,3,82,wave_A
S3,349,48765,48905,140,140,0,1,55,3,82,wave_A
S3,350,48905,49045,140,140,0,1,55,3,82,wave_A
S3,351,49045,49185,140,140,0,1,55,3,82,wave_A
S3,352,49185,49325,140,140,0,1,55,3,82,wave_A
S3,353,49325,49465,140,140,0,1,55,3,82,wave_A
S3,354,49465,49605,140,140,0,1,55,3,82,wave_A
S3,355,49605,49745,140,140,0,1,55,3,82,wave_A
S3,356,49745,49885,140,140,0,1,55,3,82,wave_A
S3,357,49885,50025,140,140,0,1,55,3,82,wave_A
S3,358,50025,50165,140,140,0,1,55,3,82,wave_A
S3,359,50165,50305,140,140,0,1,55,3,82,wave_A
S3,360,50305,50445,140,140,0,1,55,3,82,wave_A
S3,361,50445,50585,140,140,0,1,55,3,82,wave_A
S3,362,50585,50725,140,140,0,1,55,3,82,wave_A
S3,363,50725,50865,140,140,0,1,55,3,82,wave_A
S3,364,50865,51005,140,140,0,1,55,3,82,wave_A
S3,365,51005,51145,140,140,0,1,55,3,82,wave_A
S3,366,51145,51285,140,140,0,1,55,3,82,wave_A
S3,367,51285,51425,140,140,0,1,55,3,82,wave_A
S3,368,51425,51565,140,140,0,1,55,3,82,wave_A
S3,369,51565,51705,140,140,0,1,55,3,82,wave_A
S3,370,51705,51845,140,140,0,1,55,3,82,wave_A
S3,371,51845,51985,140,140,0,1,55,3,82,wave_A
S3,372,51985,52125,140,140,0,1,55,3,82,wave_A
S3,373,52125,52265,140,140,0,1,55,3,82,wave_A
S3,374,52265,52405,140,140,0,1,55,3,82,wave_A
S3,375,52405,52545,140,140,0,1,55,3,82,wave_A
S3,376,52545,52685,140,140,0,1,55,3,82,wave_A
S3,377,52685,52825,140,140,0,1,55,3,82,wave_A
S3,378,52825,52965,140,140,0,1,55,3,82,wave_A
S3,379,52965,53105,140,140,0,1,55,3,82,wave_A
S3,380,53105,53245,140,140,0,1,55,3,82,wave_A
S3,381,53245,53385,140,140,0,1,55,3,82,wave_A
S3,382,53385,53525,140,140,0,1,55,3,82,wave_A
S3,383,53525,53665,140,140,0,1,55,3,82,wave_A
S3,384,53665,53805,140,140,0,1,55,3,82,wave_A
S3,385,53805,53945,140,140,0,1,55,3,82,wave_A
S3,386,53945,54085,140,140,0,1,55,3,82,wave_A
S3,387,54085,54225,140,140,0,1,55,3,82,wave_A
S3,388,54225,54365,140,140,0,1,55,3,82,wave_A
S3,389,54365,54505,140,140,0,1,55,3,82,wave_A
S3,390,54505,54645,140,140,0,1,55,3,82,wave_A
S3,391,54645,54785,140,140,0,1,55,3,82,wave_A
S3,392,54785,54925,140,140,0,1,55,3,82,wave_A
S3,393,54925,55065,140,140,0,1,55,3,82,wave_A
S3,394,55065,55205,140,140,0,1,55,3,82,wave_A
S3,395,55205,55345,140,140,0,1,55,3,82,wave_A
S3,396,55345,55485,140,140,0,1,55,3,82,wave_A
S3,397,55485,55625,140,140,0,1,55,3,82,wave_A
S3,398,55625,55765,140,140,0,1,55,3,82,wave_A
S3,399,55765,55905,140,140,0,1,55,3,82,wave_A
S3,400,55905,56045,140,140,0,1,55,3,82,wave_A
S3,401,56045,56185,140,140,0,1,55,3,82,wave_A
S3,402,56185,56325,140,140,0,1,55,3,82,wave_A
S3,403,56325,56465,140,140,0,1,55,3,82,wave_A
S3,404,56465,56605,140,140,0,1,55,3,82,wave_A
S3,405,56605,56745,140,140,0,1,55,3,82,wave_A
S3,406,56745,56885,140,140,0,1,55,3,82,wave_A
S3,407,56885,57025,140,140,0,1,55,3,82,wave_A
S3,408,57025,57165,140,140,0,1,55,3,82,wave_A
S3,409,57165,57305,140,140,0,1,55,3,82,wave_A
S3,410,57305,57445,140,140,0,1,55,3,82,wave_A
S3,411,57445,57585,140,140,0,1,55,3,82,wave_A
S4,1,59,199,140,140,0,1,53,3,84,wave_A
S4,2,199,339,140,140,0,1,53,3,84,wave_A
S4,3,339,479,140,140,0,1,53,3,84,wave_A
S4,4,479,619,140,140,0,1,53,3,84,wave_A
S4,5,619,759,140,140,0,1,53,3,84,wave_A
S4,6,759,899,140,140,0,1,53,3,84,wave_A
S4,7,899,1039,140,140,0,1,53,3,84,wave_A
S4,8,1039,1179,140,140,0,1,53,3,84,wave_A
S4,9,1179,1319,140,140,0,1,53,3,84,wave_A
S4,10,1319,1459,140,140,0,1,53,3,84,wave_A
S4,11,1459,1599,140,140,0,1,53,3,84,wave_A
S4,12,1599,1739,140,140,0,1,53,3,84,wave_A
S4,13,1739,1879,140,140,0,1,53,3,84,wave_A
S4,14,1879,2019,140,140,0,1,53,3,84,wave_A
S4,15,2019,2159,140,140,0,1,53,3,84,wave_A
S4,16,2159,2299,140,140,0,1,53,3,84,wave_A
S4,17,2299,2439,140,140,0,1,53,3,84,wave_A
S4,18,2439,2579,140,140,0,1,53,3,84,wave_A
S4,19,2579,2719,140,140,0,1,53,3,84,wave_A
S4,20,2719,2859,140,140,0,1,53,3,84,wave_A
S4,21,2859,2999,140,140,0,1,53,3,84,wave_A
S4,22,2999,3139,140,140,0,1,53,3,84,wave_A
S4,23,3139,3279,140,140,0,1,53,3,84,wave_A
S4,24,3279,3419,140,140,0,1,53,3,84,wave_A
S4,25,3419,3559,140,140,0,1,53,3,84,wave_A
S4,26,3559,3699,140,140,0,1,53,3,84,wave_A
S4,27,3699,3839,140,140,0,1,53,3,84,wave_A
S4,28,3839,3979,140,140,0,1,53,3,84,wave_A
S4,29,3979,4119,140,140,0,1,53,3,84,wave_A
S4,30,4119,4259,140,140,0,1,53,3,84,wave_A
S4,31,4259,4399,140,140,0,1,53,3,84,wave_A
S4,32,4399,4539,140,140,0,1,53,3,84,wave_A
S4,33,4539,4679,140,140,0,1,53,3,84,wave_A
S4,34,4679,4819,140,140,0,1,53,3,84,wave_A
S4,35,4819,4959,140,140,0,1,53,3,84,wave_A
S4,36,4959,5099,140,140,0,1,53,3,84,wave_A
S4,37,5099,5239,140,140,0,1,53,3,84,wave_A
S4,38,5239,5379,140,140,0,1,53,3,84,wave_A
S4,39,5379,5519,140,140,0,1,53,3,84,wave_A
S4,40,5519,5659,140,140,0,1,53,3,84,wave_A
S4,41,5659,5799,140,140,0,1,53,3,84,wave_A
S4,42,5799,5939,140,140,0,1,53,3,84,wave_A
S4,43,5939,6079,140,140,0,1,53,3,84,wave_A
S4,44,6079,6219,140,140,0,1,53,3,84,wave_A
S4,45,6219,6359,140,140,0,1,53,3,84,wave_A
S4,46,6359,6499,140,140,0,1,53,3,84,wave_A
S4,47,6499,6639,140,140,0,1,53,3,84,wave_A
S4,48,6639,6779,140,140,0,1,53,3,84,wave_A
S4,49,6779,6919,140,140,0,1,53,3,84,wave_A
S4,50,6919,7059,140,140,0,1,53,3,84,wave_A
S4,51,7059,7199,140,140,0,1,53,3,84,wave_A
S4,52,7199,7339,140,140,0,1,53,3,84,wave_A
S4,53,7339,7479,140,140,0,1,53,3,84,wave_A
S4,54,7479,7619,140,140,0,1,53,3,84,wave_A
S4,55,7619,7759,140,140,0,1,53,3,84,wave_A
S4,56,7759,7899,140,140,0,1,53,3,84,wave_A
S4,57,7899,8039,140,140,0,1,53,3,84,wave_A
S4,58,8039,8179,140,140,0,1,53,3,84,wave_A
S4,59,8179,8319,140,140,0,1,53,3,84,wave_A
S4,60,8319,8459,140,140,0,1,53,3,84,wave_A
S4,61,8459,8599,140,140,0,1,53,3,84,wave_A
S4,62,8599,8739,140,140,0,1,53,3,84,wave_A
S4,63,8739,8879,140,140,0,1,53,3,84,wave_A
S4,64,8879,9019,140,140,0,1,53,3,84,wave_A
S4,65,9019,9159,140,140,0,1,53,3,84,wave_A
S4,66,9159,9299,140,140,0,1,53,3,84,wave_A
S4,67,9299,9439,140,140,0,1,53,3,84,wave_A
S4,68,9439,9579,140,140,0,1,53,3,84,wave_A
S4,69,9579,9719,140,140,0,1,53,3,84,wave_A
S4,70,9719,9859,140,140,0,1,53,3,84,wave_A
S4,71,9859,9999,140,140,0,1,53,3,84,wave_A
S4,72,9999,10139,140,140,0,1,53,3,84,wave_A
S4,73,10139,10279,140,140,0,1,53,3,84,wave_A
S4,74,10279,10419,140,140,0,1,53,3,84,wave_A
S4,75,10419,10559,140,140,0,1,53,3,84,wave_A
S4,76,10559,10699,140,140,0,1,53,3,84,wave_A
S4,77,10699,10839,140,140,0,1,53,3,84,wave_A
S4,78,10839,10979,140,140,0,1,53,3,84,wave_A
S4,79,10979,11119,140,140,0,1,53,3,84,wave_A
S4,80,11119,11259,140,140,0,1,53,3,84,wave_A
S4,81,11259,11399,140,140,0,1,53,3,84,wave_A
S4,82,11399,11539,140,140,0,1,53,3,84,wave_A
S4,83,11539,11679,140,140,0,1,53,3,84,wave_A
S4,84,11679,11819,140,140,0,1,53,3,84,wave_A
S4,85,11819,11959,140,140,0,1,53,3,84,wave_A
S4,86,11959,12099,140,140,0,1,53,3,84,wave_A
S4,87,12099,12239,140,140,0,1,53,3,84,wave_A
S4,88,12239,12379,140,140,0,1,53,3,84,wave_A
S4,89,12379,12519,140,140,0,1,53,3,84,wave_A
S4,90,12519,12659,140,140,0,1,53,3,84,wave_A
S4,91,12659,12799,140,140,0,1,53,3,84,wave_A
S4,92,12799,12939,140,140,0,1,53,3,84,wave_A
S4,93,12939,13079,140,140,0,1,53,3,84,wave_A
S4,94,13079,13219,140,140,0,1,53,3,84,wave_A
S4,95,13219,13359,140,140,0,1,53,3,84,wave_A
S4,96,13359,13499,140,140,0,1,53,3,84,wave_A
S4,97,13499,13639,140,140,0,1,53,3,84,wave_A
S4,98,13639,13779,140,140,0,1,53,3,84,wave_A
S4,99,13779,13919,140,140,0,1,53,3,84,wave_A
S4,100,13919,14059,140,140,0,1,53,3,84,wave_A
S4,101,14059,14199,140,140,0,1,53,3,84,wave_A
S4,102,14199,14339,140,140,0,1,53,3,84,wave_A
S4,103,14339,14479,140,140,0,1,53,3,84,wave_A
S4,104,14479,14619,140,140,0,1,53,3,84,wave_A
S4,105,14619,14759,140,140,0,1,53,3,84,wave_A
S4,106,14759,14899,140,140,0,1,53,3,84,wave_A
S4,107,14899,15039,140,140,0,1,53,3,84,wave_A
S4,108,15039,15179,140,140,0,1,53,3,84,wave_A
S4,109,15179,15319,140,140,0,1,53,3,84,wave_A
S4,110,15319,15459,140,140,0,1,53,3,84,wave_A
S4,111,15459,15599,140,140,0,1,53,3,84,wave_A
S4,112,15599,15739,140,140,0,1,53,3,84,wave_A
S4,113,15739,15879,140,140,0,1,53,3,84,wave_A
S4,114,15879,16019,140,140,0,1,53,3,84,wave_A
S4,115,16019,16159,140,140,0,1,53,3,84,wave_A
S4,116,16159,16299,140,140,0,1,53,3,84,wave_A
S4,117,16299,16439,140,140,0,1,53,3,84,wave_A
S4,118,16439,16579,140,140,0,1,53,3,84,wave_A
S4,119,16579,16719,140,140,0,1,53,3,84,wave_A
S4,120,16719,16859,140,140,0,1,53,3,84,wave_A
S4,121,16859,16999,140,140,0,1,53,3,84,wave_A
S4,122,16999,17139,140,140,0,1,53,3,84,wave_A
S4,123,17139,17279,140,140,0,1,53,3,84,wave_A
S4,124,17279,17419,140,140,0,1,53,3,84,wave_A
S4,125,17419,17559,140,140,0,1,53,3,84,wave_A
S4,126,17559,17699,140,140,0,1,53,3,84,wave_A
S4,127,17699,17839,140,140,0,1,53,3,84,wave_A
S4,128,17839,17979,140,140,0,1,53,3,84,wave_A
S4,129,17979,18119,140,140,0,1,53,3,84,wave_A
S4,130,18119,18259,140,140,0,1,53,3,84,wave_A
S4,131,18259,18399,140,140,0,1,53,3,84,wave_A
S4,132,18399,18539,140,140,0,1,53,3,84,wave_A
S4,133,18539,18679,140,140,0,1,53,3,84,wave_A
S4,134,18679,18819,140,140,0,1,53,3,84,wave_A
S4,135,18819,18959,140,140,0,1,53,3,84,wave_A
S4,136,18959,19099,140,140,0,1,53,3,84,wave_A
S4,137,19099,19239,140,140,0,1,53,3,84,wave_A
S4,138,19239,19379,140,140,0,1,53,3,84,wave_A
S4,139,19379,19519,140,140,0,1,53,3,84,wave_A
S4,140,19519,19659,140,140,0,1,53,3,84,wave_A
S4,141,19659,19799,140,140,0,1,53,3,84,wave_A
S4,142,19799,19939,140,140,0,1,53,3,84,wave_A
S4,143,19939,20079,140,140,0,1,53,3,84,wave_A
S4,144,20079,20219,140,140,0,1,53,3,84,wave_A
S4,145,20219,20359,140,140,0,1,53,3,84,wave_A
S4,146,20359,20499,140,140,0,1,53,3,84,wave_A
S4,147,20499,20639,140,140,0,1,53,3,84,wave_A
S4,148,20639,20779,140,140,0,1,53,3,84,wave_A
S4,149,20779,20919,140,140,0,1,53,3,84,wave_A
S4,150,20919,21059,140,140,0,1,53,3,84,wave_A
S4,151,21059,21199,140,140,0,1,53,3,84,wave_A
S4,152,21199,21339,140,140,0,1,53,3,84,wave_A
S4,153,21339,21479,140,140,0,1,53,3,84,wave_A
S4,154,21479,21619,140,140,0,1,53,3,84,wave_A
S4,155,21619,21759,140,140,0,1,53,3,84,wave_A
S4,156,21759,21899,140,140,0,1,53,3,84,wave_A
S4,157,21899,22039,140,140,0,1,53,3,84,wave_A
S4,158,22039,22179,140,140,0,1,53,3,84,wave_A
S4,159,22179,22319,140,140,0,1,53,3,84,wave_A
S4,160,22319,22459,140,140,0,1,53,3,84,wave_A
S4,161,22459,22599,140,140,0,1,53,3,84,wave_A
S4,162,22599,22739,140,140,0,1,53,3,84,wave_A
S4,163,22739,22879,140,140,0,1,53,3,84,wave_A
S4,164,22879,23019,140,140,0,1,53,3,84,wave_A
S4,165,23019,23159,140,140,0,1,53,3,84,wave_A
S4,166,23159,23299,140,140,0,1,53,3,84,wave_A
S4,167,23299,23439,140,140,0,1,53,3,84,wave_A
S4,168,23439,23579,140,140,0,1,53,3,84,wave_A
S4,169,23579,23719,140,140,0,1,53,3,84,wave_A
S4,170,23719,23859,140,140,0,1,53,3,84,wave_A
S4,171,23859,23999,140,140,0,1,53,3,84,wave_A
S4,172,23999,24139,140,140,0,1,53,3,84,wave_A
S4,173,24139,24279,140,140,0,1,53,3,84,wave_A
S4,174,24279,24419,140,140,0,1,53,3,84,wave_A
S4,175,24419,24559,140,140,0,1,53,3,84,wave_A
S4,176,24559,24699,140,140,0,1,53,3,84,wave_A
S4,177,24699,24839,140,140,0,1,53,3,84,wave_A
S4,178,24839,24979,140,140,0,1,53,3,84,wave_A
S4,179,24979,25119,140,140,0,1,53,3,84,wave_A
S4,180,25119,25259,140,140,0,1,53,3,84,wave_A
S4,181,25259,25399,140,140,0,1,53,3,84,wave_A
S4,182,25399,25539,140,140,0,1,53,3,84,wave_A
S4,183,25539,25679,140,140,0,1,53,3,84,wave_A
S4,184,25679,25819,140,140,0,1,53,3,84,wave_A
S4,185,25819,25959,140,140,0,1,53,3,84,wave_A
S4,186,25959,26099,140,140,0,1,53,3,84,wave_A
S4,187,26099,26239,140,140,0,1,53,3,84,wave_A
S4,188,26239,26379,140,140,0,1,53,3,84,wave_A
S4,189,26379,26519,140,140,0,1,53,3,84,wave_A
S4,190,26519,26659,140,140,0,1,53,3,84,wave_A
S4,191,26659,26799,140,140,0,1,53,3,84,wave_A
S4,192,26799,26939,140,140,0,1,53,3,84,wave_A
S4,193,26939,27079,140,140,0,1,53,3,84,wave_A
S4,194,27079,27219,140,140,0,1,53,3,84,wave_A
S4,195,27219,27359,140,140,0,1,53,3,84,wave_A
S4,196,27359,27499,140,140,0,1,53,3,84,wave_A
S4,197,27499,27639,140,140,0,1,53,3,84,wave_A
S4,198,27639,27779,140,140,0,1,53,3,84,wave_A
S4,199,27779,27919,140,140,0,1,53,3,84,wave_A
S4,200,27919,28059,140,140,0,1,53,3,84,wave_A
S4,201,28059,28199,140,140,0,1,53,3,84,wave_A
S4,202,28199,28339,140,140,0,1,53,3,84,wave_A
S4,203,28339,28479,140,140,0,1,53,3,84,wave_A
S4,204,28479,28619,140,140,0,1,53,3,84,wave_A
S4,205,28619,28759,140,140,0,1,53,3,84,wave_A
S4,206,28759,28899,140,140,0,1,53,3,84,wave_A
S4,207,28899,29039,140,140,0,1,53,3,84,wave_A
S4,208,29039,29179,140,140,0,1,53,3,84,wave_A
S4,209,29179,29319,140,140,0,1,53,3,84,wave_A
S4,210,29319,29459,140,140,0,1,53,3,84,wave_A
S4,211,29459,29599,140,140,0,1,53,3,84,wave_A
S4,212,29599,29739,140,140,0,1,53,3,84,wave_A
S4,213,29739,29879,140,140,0,1,53,3,84,wave_A
S4,214,29879,30019,140,140,0,1,53,3,84,wave_A
S4,215,30019,30159,140,140,0,1,53,3,84,wave_A
S4,216,30159,30299,140,140,0,1,53,3,84,wave_A
S4,217,30299,30439,140,140,0,1,53,3,84,wave_A
S4,218,30439,30579,140,140,0,1,53,3,84,wave_A
S4,219,30579,30719,140,140,0,1,53,3,84,wave_A
S4,220,30719,30859,140,140,0,1,53,3,84,wave_A
S4,221,30859,30999,140,140,0,1,53,3,84,wave_A
S4,222,30999,31139,140,140,0,1,53,3,84,wave_A
S4,223,31139,31279,140,140,0,1,53,3,84,wave_A
S4,224,31279,31419,140,140,0,1,53,3,84,wave_A
S4,225,31419,31559,140,140,0,1,53,3,84,wave_A
S4,226,31559,31699,140,140,0,1,53,3,84,wave_A
S4,227,31699,31839,140,140,0,1,53,3,84,wave_A
S4,228,31839,31979,140,140,0,1,53,3,84,wave_A
S4,229,31979,32119,140,140,0,1,53,3,84,wave_A
S4,230,32119,32259,140,140,0,1,53,3,84,wave_A
S4,231,32259,32399,140,140,0,1,53,3,84,wave_A
S4,232,32399,32539,140,140,0,1,53,3,84,wave_A
S4,233,32539,32679,140,140,0,1,53,3,84,wave_A
S4,234,32679,32819,140,140,0,1,53,3,84,wave_A
S4,235,32819,32959,140,140,0,1,53,3,84,wave_A
S4,236,32959,33099,140,140,0,1,53,3,84,wave_A
S4,237,33099,33239,140,140,0,1,53,3,84,wave_A
S4,238,33239,33379,140,140,0,1,53,3,84,wave_A
S4,239,33379,33519,140,140,0,1,53,3,84,wave_A
S4,240,33519,33659,140,140,0,1,53,3,84,wave_A
S4,241,33659,33799,140,140,0,1,53,3,84,wave_A
S4,242,33799,33939,140,140,0,1,53,3,84,wave_A
S4,243,33939,34079,140,140,0,1,53,3,84,wave_A
S4,244,34079,34219,140,140,0,1,53,3,84,wave_A
S4,245,34219,34359,140,140,0,1,53,3,84,wave_A
S4,246,34359,34499,140,140,0,1,53,3,84,wave_A
S4,247,34499,34639,140,140,0,1,53,3,84,wave_A
S4,248,34639,34779,140,140,0,1,53,3,84,wave_A
S4,249,34779,34919,140,140,0,1,53,3,84,wave_A
S4,250,34919,35059,140,140,0,1,53,3,84,wave_A
S4,251,35059,35199,140,140,0,1,53,3,84,wave_A
S4,252,35199,35339,140,140,0,1,53,3,84,wave_A
S4,253,35339,35479,140,140,0,1,53,3,84,wave_A
S4,254,35479,35619,140,140,0,1,53,3,84,wave_A
S4,255,35619,35759,140,140,0,1,53,3,84,wave_A
S4,256,35759,35899,140,140,0,1,53,3,84,wave_A
S4,257,35899,36039,140,140,0,1,53,3,84,wave_A
S4,258,36039,36179,140,140,0,1,53,3,84,wave_A
S4,259,36179,36319,140,140,0,1,53,3,84,wave_A
S4,260,36319,36459,140,140,0,1,53,3,84,wave_A
S4,261,36459,36599,140,140,0,1,53,3,84,wave_A
S4,262,36599,36739,140,140,0,1,53,3,84,wave_A
S4,263,36739,36879,140,140,0,1,53,3,84,wave_A
S4,264,36879,37019,140,140,0,1,53,3,84,wave_A
S4,265,37019,37159,140,140,0,1,53,3,84,wave_A
S4,266,37159,37299,140,140,0,1,53,3,84,wave_A
S4,267,37299,37439,140,140,0,1,53,3,84,wave_A
S4,268,37439,37579,140,140,0,1,53,3,84,wave_A
S4,269,37579,37719,140,140,0,1,53,3,84,wave_A
S4,270,37719,37859,140,140,0,1,53,3,84,wave_A
S4,271,37859,37999,140,140,0,1,53,3,84,wave_A
S4,272,37999,38139,140,140,0,1,53,3,84,wave_A
S4,273,38139,38279,140,140,0,1,53,3,84,wave_A
S4,274,38279,38419,140,140,0,1,53,3,84,wave_A
S4,275,38419,38559,140,140,0,1,53,3,84,wave_A
S4,276,38559,38699,140,140,0,1,53,3,84,wave_A
S4,277,38699,38839,140,140,0,1,53,3,84,wave_A
S4,278,38839,38979,140,140,0,1,53,3,84,wave_A
S4,279,38979,39119,140,140,0,1,53,3,84,wave_A
S4,280,39119,39259,140,140,0,1,53,3,84,wave_A
S4,281,39259,39399,140,140,0,1,53,3,84,wave_A
S4,282,39399,39539,140,140,0,1,53,3,84,wave_A
S4,283,39539,39679,140,140,0,1,53,3,84,wave_A
S4,284,39679,39819,140,140,0,1,53,3,84,wave_A
S4,285,39819,39959,140,140,0,1,53,3,84,wave_A
S4,286,39959,40099,140,140,0,1,53,3,84,wave_A
S4,287,40099,40239,140,140,0,1,53,3,84,wave_A
S4,288,40239,40379,140,140,0,1,53,3,84,wave_A
S4,289,40379,40519,140,140,0,1,53,3,84,wave_A
S4,290,40519,40659,140,140,0,1,53,3,84,wave_A
S4,291,40659,40799,140,140,0,1,53,3,84,wave_A
S4,292,40799,40939,140,140,0,1,53,3,84,wave_A
S4,293,40939,41079,140,140,0,1,53,3,84,wave_A
S4,294,41079,41219,140,140,0,1,53,3,84,wave_A
S4,295,41219,41359,140,140,0,1,53,3,84,wave_A
S4,296,41359,41499,140,140,0,1,53,3,84,wave_A
S4,297,41499,41639,140,140,0,1,53,3,84,wave_A
S4,298,41639,41779,140,140,0,1,53,3,84,wave_A
S4,299,41779,41919,140,140,0,1,53,3,84,wave_A
S4,300,41919,42059,140,140,0,1,53,3,84,wave_A
S4,301,42059,42199,140,140,0,1,53,3,84,wave_A
S4,302,42199,42339,140,140,0,1,53,3,84,wave_A
S4,303,42339,42479,140,140,0,1,53,3,84,wave_A
S4,304,42479,42619,140,140,0,1,53,3,84,wave_A
S4,305,42619,42759,140,140,0,1,53,3,84,wave_A
S4,306,42759,42899,140,140,0,1,53,3,84,wave_A
S4,307,42899,43039,140,140,0,1,53,3,84,wave_A
S4,308,43039,43179,140,140,0,1,53,3,84,wave_A
S4,309,43179,43319,140,140,0,1,53,3,84,wave_A
S4,310,43319,43459,140,140,0,1,53,3,84,wave_A
S4,311,43459,43599,140,140,0,1,53,3,84,wave_A
S4,312,43599,43739,140,140,0,1,53,3,84,wave_A
S4,313,43739,43879,140,140,0,1,53,3,84,wave_A
S4,314,43879,44019,140,140,0,1,53,3,84,wave_A
S4,315,44019,44159,140,140,0,1,53,3,84,wave_A
S4,316,44159,44299,140,140,0,1,53,3,84,wave_A
S4,317,44299,44439,140,140,0,1,53,3,84,wave_A
S4,318,44439,44579,140,140,0,1,53,3,84,wave_A
S4,319,44579,44719,140,140,0,1,53,3,84,wave_A
S4,320,44719,44859,140,140,0,1,53,3,84,wave_A
S4,321,44859,44999,140,140,0,1,53,3,84,wave_A
S4,322,44999,45139,140,140,0,1,53,3,84,wave_A
S4,323,45139,45279,140,140,0,1,53,3,84,wave_A
S4,324,45279,45419,140,140,0,1,53,3,84,wave_A
S4,325,45419,45559,140,140,0,1,53,3,84,wave_A
S4,326,45559,45699,140,140,0,1,53,3,84,wave_A
S4,327,45699,45839,140,140,0,1,53,3,84,wave_A
S4,328,45839,45979,140,140,0,1,53,3,84,wave_A
S4,329,45979,46119,140,140,0,1,53,3,84,wave_A
S4,330,46119,46259,140,140,0,1,53,3,84,wave_A
S4,331,46259,46399,140,140,0,1,53,3,84,wave_A
S4,332,46399,46539,140,140,0,1,53,3,84,wave_A
S4,333,46539,46679,140,140,0,1,53,3,84,wave_A
S4,334,46679,46819,140,140,0,1,53,3,84,wave_A
S4,335,46819,46959,140,140,0,1,53,3,84,wave_A
S4,336,46959,47099,140,140,0,1,53,3,84,wave_A
S4,337,47099,47239,140,140,0,1,53,3,84,wave_A
S4,338,47239,47379,140,140,0,1,53,3,84,wave_A
S4,339,47379,47519,140,140,0,1,53,3,84,wave_A
S4,340,47519,47659,140,140,0,1,53,3,84,wave_A
S4,341,47659,47799,140,140,0,1,53,3,84,wave_A
S4,342,47799,47939,140,140,0,1,53,3,84,wave_A
S4,343,47939,48079,140,140,0,1,53,3,84,wave_A
S4,344,48079,48219,140,140,0,1,53,3,84,wave_A
S4,345,48219,48359,140,140,0,1,53,3,84,wave_A
S4,346,48359,48499,140,140,0,1,53,3,84,wave_A
S4,347,48499,48639,140,140,0,1,53,3,84,wave_A
S4,348,48639,48779,140,140,0,1,53,3,84,wave_A
S4,349,48779,48919,140,140,0,1,53,3,84,wave_A
S4,350,48919,49059,140,140,0,1,53,3,84,wave_A
S4,351,49059,49199,140,140,0,1,53,3,84,wave_A
S4,352,49199,49339,140,140,0,1,53,3,84,wave_A
S4,353,49339,49479,140,140,0,1,53,3,84,wave_A
S4,354,49479,49619,140,140,0,1,53,3,84,wave_A
S4,355,49619,49759,140,140,0,1,53,3,84,wave_A
S4,356,49759,49899,140,140,0,1,53,3,84,wave_A
S4,357,49899,50039,140,140,0,1,53,3,84,wave_A
S4,358,50039,50179,140,140,0,1,53,3,84,wave_A
S4,359,50179,50319,140,140,0,1,53,3,84,wave_A
S4,360,50319,50459,140,140,0,1,53,3,84,wave_A
S4,361,50459,50599,140,140,0,1,53,3,84,wave_A
S4,362,50599,50739,140,140,0,1,53,3,84,wave_A
S4,363,50739,50879,140,140,0,1,53,3,84,wave_A
S4,364,50879,51019,140,140,0,1,53,3,84,wave_A
S4,365,51019,51159,140,140,0,1,53,3,84,wave_A
S4,366,51159,51299,140,140,0,1,53,3,84,wave_A
S4,367,51299,51439,140,140,0,1,53,3,84,wave_A
S4,368,51439,51579,140,140,0,1,53,3,84,wave_A
S4,369,51579,51719,140,140,0,1,53,3,84,wave_A
S4,370,51719,51859,140,140,0,1,53,3,84,wave_A
S4,371,51859,51999,140,140,0,1,53,3,84,wave_A
S4,372,51999,52139,140,140,0,1,53,3,84,wave_A
S4,373,52139,52279,140,140,0,1,53,3,84,wave_A
S4,374,52279,52419,140,140,0,1,53,3,84,wave_A
S4,375,52419,52559,140,140,0,1,53,3,84,wave_A
S4,376,52559,52699,140,140,0,1,53,3,84,wave_A
S4,377,52699,52839,140,140,0,1,53,3,84,wave_A
S4,378,52839,52979,140,140,0,1,53,3,84,wave_A
S4,379,52979,53119,140,140,0,1,53,3,84,wave_A
S4,380,53119,53259,140,140,0,1,53,3,84,wave_A
S4,381,53259,53399,140,140,0,1,53,3,84,wave_A
S4,382,53399,53539,140,140,0,1,53,3,84,wave_A
S4,383,53539,53679,140,140,0,1,53,3,84,wave_A
S4,384,53679,53819,140,140,0,1,53,3,84,wave_A
S4,385,53819,53959,140,140,0,1,53,3,84,wave_A
S4,386,53959,54099,140,140,0,1,53,3,84,wave_A
S4,387,54099,54239,140,140,0,1,53,3,84,wave_A
S4,388,54239,54379,140,140,0,1,53,3,84,wave_A
S4,389,54379,54519,140,140,0,1,53,3,84,wave_A
S4,390,54519,54659,140,140,0,1,53,3,84,wave_A
S4,391,54659,54799,140,140,0,1,53,3,84,wave_A
S4,392,54799,54939,140,140,0,1,53,3,84,wave_A
S4,393,54939,55079,140,140,0,1,53,3,84,wave_A
S4,394,55079,55219,140,140,0,1,53,3,84,wave_A
S4,395,55219,55359,140,140,0,1,53,3,84,wave_A
S4,396,55359,55499,140,140,0,1,53,3,84,wave_A
S4,397,55499,55639,140,140,0,1,53,3,84,wave_A
S4,398,55639,55779,140,140,0,1,53,3,84,wave_A
S4,399,55779,55919,140,140,0,1,53,3,84,wave_A
S4,400,55919,56059,140,140,0,1,53,3,84,wave_A
S4,401,56059,56199,140,140,0,1,53,3,84,wave_A
S4,402,56199,56339,140,140,0,1,53,3,84,wave_A
S4,403,56339,56479,140,140,0,1,53,3,84,wave_A
S4,404,56479,56619,140,140,0,1,53,3,84,wave_A
S4,405,56619,56759,140,140,0,1,53,3,84,wave_A
S4,406,56759,56899,140,140,0,1,53,3,84,wave_A
S4,407,56899,57039,140,140,0,1,53,3,84,wave_A
S4,408,57039,57179,140,140,0,1,53,3,84,wave_A
S4,409,57179,57319,140,140,0,1,53,3,84,wave_A
S4,410,57319,57459,140,140,0,1,53,3,84,wave_A
S4,411,57459,57599,140,140,0,1,53,3,84,wave_A
S5,1,91,231,140,140,0,1,43,3,94,wave_A
S5,2,231,371,140,140,0,1,43,3,94,wave_A
S5,3,371,511,140,140,0,1,43,3,94,wave_A
S5,4,511,651,140,140,0,1,43,3,94,wave_A
S5,5,651,791,140,140,0,1,43,3,94,wave_A
S5,6,791,931,140,140,0,1,43,3,94,wave_A
S5,7,931,1071,140,140,0,1,43,3,94,wave_A
S5,8,1071,1211,140,140,0,1,43,3,94,wave_A
S5,9,1211,1351,140,140,0,1,43,3,94,wave_A
S5,10,1351,1491,140,140,0,1,43,3,94,wave_A
S5,11,1491,1631,140,140,0,1,43,3,94,wave_A
S5,12,1631,1771,140,140,0,1,43,3,94,wave_A
S5,13,1771,1911,140,140,0,1,43,3,94,wave_A
S5,14,1911,2051,140,140,0,1,43,3,94,wave_A
S5,15,2051,2191,140,140,0,1,43,3,94,wave_A
S5,16,2191,2331,140,140,0,1,43,3,94,wave_A
S5,17,2331,2471,140,140,0,1,43,3,94,wave_A
S5,18,2471,2611,140,140,0,1,43,3,94,wave_A
S5,19,2611,2751,140,140,0,1,43,3,94,wave_A
S5,20,2751,2891,140,140,0,1,43,3,94,wave_A
S5,21,2891,3031,140,140,0,1,43,3,94,wave_A
S5,22,3031,3171,140,140,0,1,43,3,94,wave_A
S5,23,3171,3311,140,140,0,1,43,3,94,wave_A
S5,24,3311,3451,140,140,0,1,43,3,94,wave_A
S5,25,3451,3591,140,140,0,1,43,3,94,wave_A
S5,26,3591,3731,140,140,0,1,43,3,94,wave_A
S5,27,3731,3871,140,140,0,1,43,3,94,wave_A
S5,28,3871,4011,140,140,0,1,43,3,94,wave_A
S5,29,4011,4151,140,140,0,1,43,3,94,wave_A
S5,30,4151,4291,140,140,0,1,43,3,94,wave_A
S5,31,4291,4431,140,140,0,1,43,3,94,wave_A
S5,32,4431,4571,140,140,0,1,43,3,94,wave_A
S5,33,4571,4711,140,140,0,1,43,3,94,wave_A
S5,34,4711,4851,140,140,0,1,43,3,94,wave_A
S5,35,4851,4991,140,140,0,1,43,3,94,wave_A
S5,36,4991,5131,140,140,0,1,43,3,94,wave_A
S5,37,5131,5271,140,140,0,1,43,3,94,wave_A
S5,38,5271,5411,140,140,0,1,43,3,94,wave_A
S5,39,5411,5551,140,140,0,1,43,3,94,wave_A
S5,40,5551,5691,140,140,0,1,43,3,94,wave_A
S5,41,5691,5831,140,140,0,1,43,3,94,wave_A
S5,42,5831,5971,140,140,0,1,43,3,94,wave_A
S5,43,5971,6111,140,140,0,1,43,3,94,wave_A
S5,44,6111,6251,140,140,0,1,43,3,94,wave_A
S5,45,6251,6391,140,140,0,1,43,3,94,wave_A
S5,46,6391,6531,140,140,0,1,43,3,94,wave_A
S5,47,6531,6671,140,140,0,1,43,3,94,wave_A
S5,48,6671,6811,140,140,0,1,43,3,94,wave_A
S5,49,6811,6951,140,140,0,1,43,3,94,wave_A
S5,50,6951,7091,140,140,0,1,43,3,94,wave_A
S5,51,7091,7231,140,140,0,1,43,3,94,wave_A
S5,52,7231,7371,140,140,0,1,43,3,94,wave_A
S5,53,7371,7511,140,140,0,1,43,3,94,wave_A
S5,54,7511,7651,140,140,0,1,43,3,94,wave_A
S5,55,7651,7791,140,140,0,1,43,3,94,wave_A
S5,56,7791,7931,140,140,0,1,43,3,94,wave_A
S5,57,7931,8071,140,140,0,1,43,3,94,wave_A
S5,58,8071,8211,140,140,0,1,43,3,94,wave_A
S5,59,8211,8351,140,140,0,1,43,3,94,wave_A
S5,60,8351,8491,140,140,0,1,43,3,94,wave_A
S5,61,8491,8631,140,140,0,1,43,3,94,wave_A
S5,62,8631,8771,140,140,0,1,43,3,94,wave_A
S5,63,8771,8911,140,140,0,1,43,3,94,wave_A
S5,64,8911,9051,140,140,0,1,43,3,94,wave_A
S5,65,9051,9191,140,140,0,1,43,3,94,wave_A
S5,66,9191,9331,140,140,0,1,43,3,94,wave_A
S5,67,9331,9471,140,140,0,1,43,3,94,wave_A
S5,68,9471,9611,140,140,0,1,43,3,94,wave_A
S5,69,9611,9751,140,140,0,1,43,3,94,wave_A
S5,70,9751,9891,140,140,0,1,43,3,94,wave_A
S5,71,9891,10031,140,140,0,1,43,3,94,wave_A
S5,72,10031,10171,140,140,0,1,43,3,94,wave_A
S5,73,10171,10311,140,140,0,1,43,3,94,wave_A
S5,74,10311,10451,140,140,0,1,43,3,94,wave_A
S5,75,10451,10591,140,140,0,1,43,3,94,wave_A
S5,76,10591,10731,140,140,0,1,43,3,94,wave_A
S5,77,10731,10871,140,140,0,1,43,3,94,wave_A
S5,78,10871,11011,140,140,0,1,43,3,94,wave_A
S5,79,11011,11151,140,140,0,1,43,3,94,wave_A
S5,80,11151,11291,140,140,0,1,43,3,94,wave_A
S5,81,11291,11431,140,140,0,1,43,3,94,wave_A
S5,82,11431,11571,140,140,0,1,43,3,94,wave_A
S5,83,11571,11711,140,140,0,1,43,3,94,wave_A
S5,84,11711,11851,140,140,0,1,43,3,94,wave_A
S5,85,11851,11991,140,140,0,1,43,3,94,wave_A
S5,86,11991,12131,140,140,0,1,43,3,94,wave_A
S5,87,12131,12271,140,140,0,1,43,3,94,wave_A
S5,88,12271,12411,140,140,0,1,43,3,94,wave_A
S5,89,12411,12551,140,140,0,1,43,3,94,wave_A
S5,90,12551,12691,140,140,0,1,43,3,94,wave_A
S5,91,12691,12831,140,140,0,1,43,3,94,wave_A
S5,92,12831,12971,140,140,0,1,43,3,94,wave_A
S5,93,12971,13111,140,140,0,1,43,3,94,wave_A
S5,94,13111,13251,140,140,0,1,43,3,94,wave_A
S5,95,13251,13391,140,140,0,1,43,3,94,wave_A
S5,96,13391,13531,140,140,0,1,43,3,94,wave_A
S5,97,13531,13671,140,140,0,1,43,3,94,wave_A
S5,98,13671,13811,140,140,0,1,43,3,94,wave_A
S5,99,13811,13951,140,140,0,1,43,3,94,wave_A
S5,100,13951,14091,140,140,0,1,43,3,94,wave_A
S5,101,14091,14231,140,140,0,1,43,3,94,wave_A
S5,102,14231,14371,140,140,0,1,43,3,94,wave_A
S5,103,14371,14511,140,140,0,1,43,3,94,wave_A
S5,104,14511,14651,140,140,0,1,43,3,94,wave_A
S5,105,14651,14791,140,140,0,1,43,3,94,wave_A
S5,106,14791,14931,140,140,0,1,43,3,94,wave_A
S5,107,14931,15071,140,140,0,1,43,3,94,wave_A
S5,108,15071,15211,140,140,0,1,43,3,94,wave_A
S5,109,15211,15351,140,140,0,1,43,3,94,wave_A
S5,110,15351,15491,140,140,0,1,43,3,94,wave_A
S5,111,15491,15631,140,140,0,1,43,3,94,wave_A
S5,112,15631,15771,140,140,0,1,43,3,94,wave_A
S5,113,15771,15911,140,140,0,1,43,3,94,wave_A
S5,114,15911,16051,140,140,0,1,43,3,94,wave_A
S5,115,16051,16191,140,140,0,1,43,3,94,wave_A
S5,116,16191,16331,140,140,0,1,43,3,94,wave_A
S5,117,16331,16471,140,140,0,1,43,3,94,wave_A
S5,118,16471,16611,140,140,0,1,43,3,94,wave_A
S5,119,16611,16751,140,140,0,1,43,3,94,wave_A
S5,120,16751,16891,140,140,0,1,43,3,94,wave_A
S5,121,16891,17031,140,140,0,1,43,3,94,wave_A
S5,122,17031,17171,140,140,0,1,43,3,94,wave_A
S5,123,17171,17311,140,140,0,1,43,3,94,wave_A
S5,124,17311,17451,140,140,0,1,43,3,94,wave_A
S5,125,17451,17591,140,140,0,1,43,3,94,wave_A
S5,126,17591,17731,140,140,0,1,43,3,94,wave_A
S5,127,17731,17871,140,140,0,1,43,3,94,wave_A
S5,128,17871,18011,140,140,0,1,43,3,94,wave_A
S5,129,18011,18151,140,140,0,1,43,3,94,wave_A
S5,130,18151,18291,140,140,0,1,43,3,94,wave_A
S5,131,18291,18431,140,140,0,1,43,3,94,wave_A
S5,132,18431,18571,140,140,0,1,43,3,94,wave_A
S5,133,18571,18711,140,140,0,1,43,3,94,wave_A
S5,134,18711,18851,140,140,0,1,43,3,94,wave_A
S5,135,18851,18991,140,140,0,1,43,3,94,wave_A
S5,136,18991,19131,140,140,0,1,43,3,94,wave_A
S5,137,19131,19271,140,140,0,1,43,3,94,wave_A
S5,138,19271,19411,140,140,0,1,43,3,94,wave_A
S5,139,19411,19551,140,140,0,1,43,3,94,wave_A
S5,140,19551,19691,140,140,0,1,43,3,94,wave_A
S5,141,19691,19831,140,140,0,1,43,3,94,wave_A
S5,142,19831,19971,140,140,0,1,43,3,94,wave_A
S5,143,19971,20111,140,140,0,1,43,3,94,wave_A
S5,144,20111,20251,140,140,0,1,43,3,94,wave_A
S5,145,20251,20391,140,140,0,1,43,3,94,wave_A
S5,146,20391,20531,140,140,0,1,43,3,94,wave_A
S5,147,20531,20671,140,140,0,1,43,3,94,wave_A
S5,148,20671,20811,140,140,0,1,43,3,94,wave_A
S5,149,20811,20951,140,140,0,1,43,3,94,wave_A
S5,150,20951,21091,140,140,0,1,43,3,94,wave_A
S5,151,21091,21231,140,140,0,1,43,3,94,wave_A
S5,152,21231,21371,140,140,0,1,43,3,94,wave_A
S5,153,21371,21511,140,140,0,1,43,3,94,wave_A
S5,154,21511,21651,140,140,0,1,43,3,94,wave_A
S5,155,21651,21791,140,140,0,1,43,3,94,wave_A
S5,156,21791,21931,140,140,0,1,43,3,94,wave_A
S5,157,21931,22071,140,140,0,1,43,3,94,wave_A
S5,158,22071,22211,140,140,0,1,43,3,94,wave_A
S5,159,22211,22351,140,140,0,1,43,3,94,wave_A
S5,160,22351,22491,140,140,0,1,43,3,94,wave_A
S5,161,22491,22631,140,140,0,1,43,3,94,wave_A
S5,162,22631,22771,140,140,0,1,43,3,94,wave_A
S5,163,22771,22911,140,140,0,1,43,3,94,wave_A
S5,164,22911,23051,140,140,0,1,43,3,94,wave_A
S5,165,23051,23191,140,140,0,1,43,3,94,wave_A
S5,166,23191,23331,140,140,0,1,43,3,94,wave_A
S5,167,23331,23471,140,140,0,1,43,3,94,wave_A
S5,168,23471,23611,140,140,0,1,43,3,94,wave_A
S5,169,23611,23751,140,140,0,1,43,3,94,wave_A
S5,170,23751,23891,140,140,0,1,43,3,94,wave_A
S5,171,23891,24031,140,140,0,1,43,3,94,wave_A
S5,172,24031,24171,140,140,0,1,43,3,94,wave_A
S5,173,24171,24311,140,140,0,1,43,3,94,wave_A
S5,174,24311,24451,140,140,0,1,43,3,94,wave_A
S5,175,24451,24591,140,140,0,1,43,3,94,wave_A
S5,176,24591,24731,140,140,0,1,43,3,94,wave_A
S5,177,24731,24871,140,140,0,1,43,3,94,wave_A
S5,178,24871,25011,140,140,0,1,43,3,94,wave_A
S5,179,25011,25151,140,140,0,1,43,3,94,wave_A
S5,180,25151,25291,140,140,0,1,43,3,94,wave_A
S5,181,25291,25431,140,140,0,1,43,3,94,wave_A
S5,182,25431,25571,140,140,0,1,43,3,94,wave_A
S5,183,25571,25711,140,140,0,1,43,3,94,wave_A
S5,184,25711,25851,140,140,0,1,43,3,94,wave_A
S5,185,25851,25991,140,140,0,1,43,3,94,wave_A
S5,186,25991,26131,140,140,0,1,43,3,94,wave_A
S5,187,26131,26271,140,140,0,1,43,3,94,wave_A
S5,188,26271,26411,140,140,0,1,43,3,94,wave_A
S5,189,26411,26551,140,140,0,1,43,3,94,wave_A
S5,190,26551,26691,140,140,0,1,43,3,94,wave_A
S5,191,26691,26831,140,140,0,1,43,3,94,wave_A
S5,192,26831,26971,140,140,0,1,43,3,94,wave_A
S5,193,26971,27111,140,140,0,1,43,3,94,wave_A
S5,194,27111,27251,140,140,0,1,43,3,94,wave_A
S5,195,27251,27391,140,140,0,1,43,3,94,wave_A
S5,196,27391,27531,140,140,0,1,43,3,94,wave_A
S5,197,27531,27671,140,140,0,1,43,3,94,wave_A
S5,198,27671,27811,140,140,0,1,43,3,94,wave_A
S5,199,27811,27951,140,140,0,1,43,3,94,wave_A
S5,200,27951,28091,140,140,0,1,43,3,94,wave_A
S5,201,28091,28231,140,140,0,1,43,3,94,wave_A
S5,202,28231,28371,140,140,0,1,43,3,94,wave_A
S5,203,28371,28511,140,140,0,1,43,3,94,wave_A
S5,204,28511,28651,140,140,0,1,43,3,94,wave_A
S5,205,28651,28791,140,140,0,1,43,3,94,wave_A
S5,206,28791,28931,140,140,0,1,43,3,94,wave_A
S5,207,28931,29071,140,140,0,1,43,3,94,wave_A
S5,208,29071,29211,140,140,0,1,43,3,94,wave_A
S5,209,29211,29351,140,140,0,1,43,3,94,wave_A
S5,210,29351,29491,140,140,0,1,43,3,94,wave_A
S5,211,29491,29631,140,140,0,1,43,3,94,wave_A
S5,212,29631,29771,140,140,0,1,43,3,94,wave_A
S5,213,29771,29911,140,140,0,1,43,3,94,wave_A
S5,214,29911,30051,140,140,0,1,43,3,94,wave_A
S5,215,30051,30191,140,140,0,1,43,3,94,wave_A
S5,216,30191,30331,140,140,0,1,43,3,94,wave_A
S5,217,30331,30471,140,140,0,1,43,3,94,wave_A
S5,218,30471,30611,140,140,0,1,43,3,94,wave_A
S5,219,30611,30751,140,140,0,1,43,3,94,wave_A
S5,220,30751,30891,140,140,0,1,43,3,94,wave_A
S5,221,30891,31031,140,140,0,1,43,3,94,wave_A
S5,222,31031,31171,140,140,0,1,43,3,94,wave_A
S5,223,31171,31311,140,140,0,1,43,3,94,wave_A
S5,224,31311,31451,140,140,0,1,43,3,94,wave_A
S5,225,31451,31591,140,140,0,1,43,3,94,wave_A
S5,226,31591,31731,140,140,0,1,43,3,94,wave_A
S5,227,31731,31871,140,140,0,1,43,3,94,wave_A
S5,228,31871,32011,140,140,0,1,43,3,94,wave_A
S5,229,32011,32151,140,140,0,1,43,3,94,wave_A
S5,230,32151,32291,140,140,0,1,43,3,94,wave_A
S5,231,32291,32431,140,140,0,1,43,3,94,wave_A
S5,232,32431,32571,140,140,0,1,43,3,94,wave_A
S5,233,32571,32711,140,140,0,1,43,3,94,wave_A
S5,234,32711,32851,140,140,0,1,43,3,94,wave_A
S5,235,32851,32991,140,140,0,1,43,3,94,wave_A
S5,236,32991,33131,140,140,0,1,43,3,94,wave_A
S5,237,33131,33271,140,140,0,1,43,3,94,wave_A
S5,238,33271,33411,140,140,0,1,43,3,94,wave_A
S5,239,33411,33551,140,140,0,1,43,3,94,wave_A
S5,240,33551,33691,140,140,0,1,43,3,94,wave_A
S5,241,33691,33831,140,140,0,1,43,3,94,wave_A
S5,242,33831,33971,140,140,0,1,43,3,94,wave_A
S5,243,33971,34111,140,140,0,1,43,3,94,wave_A
S5,244,34111,34251,140,140,0,1,43,3,94,wave_A
S5,245,34251,34391,140,140,0,1,43,3,94,wave_A
S5,246,34391,34531,140,140,0,1,43,3,94,wave_A
S5,247,34531,34671,140,140,0,1,43,3,94,wave_A
S5,248,34671,34811,140,140,0,1,43,3,94,wave_A
S5,249,34811,34951,140,140,0,1,43,3,94,wave_A
S5,250,34951,35091,140,140,0,1,43,3,94,wave_A
S5,251,35091,35231,140,140,0,1,43,3,94,wave_A
S5,252,35231,35371,140,140,0,1,43,3,94,wave_A
S5,253,35371,35511,140,140,0,1,43,3,94,wave_A
S5,254,35511,35651,140,140,0,1,43,3,94,wave_A
S5,255,35651,35791,140,140,0,1,43,3,94,wave_A
S5,256,35791,35931,140,140,0,1,43,3,94,wave_A
S5,257,35931,36071,140,140,0,1,43,3,94,wave_A
S5,258,36071,36211,140,140,0,1,43,3,94,wave_A
S5,259,36211,36351,140,140,0,1,43,3,94,wave_A
S5,260,36351,36491,140,140,0,1,43,3,94,wave_A
S5,261,36491,36631,140,140,0,1,43,3,94,wave_A
S5,262,36631,36771,140,140,0,1,43,3,94,wave_A
S5,263,36771,36911,140,140,0,1,43,3,94,wave_A
S5,264,36911,37051,140,140,0,1,43,3,94,wave_A
S5,265,37051,37191,140,140,0,1,43,3,94,wave_A
S5,266,37191,37331,140,140,0,1,43,3,94,wave_A
S5,267,37331,37471,140,140,0,1,43,3,94,wave_A
S5,268,37471,37611,140,140,0,1,43,3,94,wave_A
S5,269,37611,37751,140,140,0,1,43,3,94,wave_A
S5,270,37751,37891,140,140,0,1,43,3,94,wave_A
S5,271,37891,38031,140,140,0,1,43,3,94,wave_A
S5,272,38031,38171,140,140,0,1,43,3,94,wave_A
S5,273,38171,38311,140,140,0,1,43,3,94,wave_A
S5,274,38311,38451,140,140,0,1,43,3,94,wave_A
S5,275,38451,38591,140,140,0,1,43,3,94,wave_A
S5,276,38591,38731,140,140,0,1,43,3,94,wave_A
S5,277,38731,38871,140,140,0,1,43,3,94,wave_A
S5,278,38871,39011,140,140,0,1,43,3,94,wave_A
S5,279,39011,39151,140,140,0,1,43,3,94,wave_A
S5,280,39151,39291,140,140,0,1,43,3,94,wave_A
S5,281,39291,39431,140,140,0,1,43,3,94,wave_A
S5,282,39431,39571,140,140,0,1,43,3,94,wave_A
S5,283,39571,39711,140,140,0,1,43,3,94,wave_A
S5,284,39711,39851,140,140,0,1,43,3,94,wave_A
S5,285,39851,39991,140,140,0,1,43,3,94,wave_A
S5,286,39991,40131,140,140,0,1,43,3,94,wave_A
S5,287,40131,40271,140,140,0,1,43,3,94,wave_A
S5,288,40271,40411,140,140,0,1,43,3,94,wave_A
S5,289,40411,40551,140,140,0,1,43,3,94,wave_A
S5,290,40551,40691,140,140,0,1,43,3,94,wave_A
S5,291,40691,40831,140,140,0,1,43,3,94,wave_A
S5,292,40831,40971,140,140,0,1,43,3,94,wave_A
S5,293,40971,41111,140,140,0,1,43,3,94,wave_A
S5,294,41111,41251,140,140,0,1,43,3,94,wave_A
S5,295,41251,41391,140,140,0,1,43,3,94,wave_A
S5,296,41391,41531,140,140,0,1,43,3,94,wave_A
S5,297,41531,41671,140,140,0,1,43,3,94,wave_A
S5,298,41671,41811,140,140,0,1,43,3,94,wave_A
S5,299,41811,41951,140,140,0,1,43,3,94,wave_A
S5,300,41951,42091,140,140,0,1,43,3,94,wave_A
S5,301,42091,42231,140,140,0,1,43,3,94,wave_A
S5,302,42231,42371,140,140,0,1,43,3,94,wave_A
S5,303,42371,42511,140,140,0,1,43,3,94,wave_A
S5,304,42511,42651,140,140,0,1,43,3,94,wave_A
S5,305,42651,42791,140,140,0,1,43,3,94,wave_A
S5,306,42791,42931,140,140,0,1,43,3,94,wave_A
S5,307,42931,43071,140,140,0,1,43,3,94,wave_A
S5,308,43071,43211,140,140,0,1,43,3,94,wave_A
S5,309,43211,43351,140,140,0,1,43,3,94,wave_A
S5,310,43351,43491,140,140,0,1,43,3,94,wave_A
S5,311,43491,43631,140,140,0,1,43,3,94,wave_A
S5,312,43631,43771,140,140,0,1,43,3,94,wave_A
S5,313,43771,43911,140,140,0,1,43,3,94,wave_A
S5,314,43911,44051,140,140,0,1,43,3,94,wave_A
S5,315,44051,44191,140,140,0,1,43,3,94,wave_A
S5,316,44191,44331,140,140,0,1,43,3,94,wave_A
S5,317,44331,44471,140,140,0,1,43,3,94,wave_A
S5,318,44471,44611,140,140,0,1,43,3,94,wave_A
S5,319,44611,44751,140,140,0,1,43,3,94,wave_A
S5,320,44751,44891,140,140,0,1,43,3,94,wave_A
S5,321,44891,45031,140,140,0,1,43,3,94,wave_A
S5,322,45031,45171,140,140,0,1,43,3,94,wave_A
S5,323,45171,45311,140,140,0,1,43,3,94,wave_A
S5,324,45311,45451,140,140,0,1,43,3,94,wave_A
S5,325,45451,45591,140,140,0,1,43,3,94,wave_A
S5,326,45591,45731,140,140,0,1,43,3,94,wave_A
S5,327,45731,45871,140,140,0,1,43,3,94,wave_A
S5,328,45871,46011,140,140,0,1,43,3,94,wave_A
S5,329,46011,46151,140,140,0,1,43,3,94,wave_A
S5,330,46151,46291,140,140,0,1,43,3,94,wave_A
S5,331,46291,46431,140,140,0,1,43,3,94,wave_A
S5,332,46431,46571,140,140,0,1,43,3,94,wave_A
S5,333,46571,46711,140,140,0,1,43,3,94,wave_A
S5,334,46711,46851,140,140,0,1,43,3,94,wave_A
S5,335,46851,46991,140,140,0,1,43,3,94,wave_A
S5,336,46991,47131,140,140,0,1,43,3,94,wave_A
S5,337,47131,47271,140,140,0,1,43,3,94,wave_A
S5,338,47271,47411,140,140,0,1,43,3,94,wave_A
S5,339,47411,47551,140,140,0,1,43,3,94,wave_A
S5,340,47551,47691,140,140,0,1,43,3,94,wave_A
S5,341,47691,47831,140,140,0,1,43,3,94,wave_A
S5,342,47831,47971,140,140,0,1,43,3,94,wave_A
S5,343,47971,48111,140,140,0,1,43,3,94,wave_A
S5,344,48111,48251,140,140,0,1,43,3,94,wave_A
S5,345,48251,48391,140,140,0,1,43,3,94,wave_A
S5,346,48391,48531,140,140,0,1,43,3,94,wave_A
S5,347,48531,48671,140,140,0,1,43,3,94,wave_A
S5,348,48671,48811,140,140,0,1,43,3,94,wave_A
S5,349,48811,48951,140,140,0,1,43,3,94,wave_A
S5,350,48951,49091,140,140,0,1,43,3,94,wave_A
S5,351,49091,49231,140,140,0,1,43,3,94,wave_A
S5,352,49231,49371,140,140,0,1,43,3,94,wave_A
S5,353,49371,49511,140,140,0,1,43,3,94,wave_A
S5,354,49511,49651,140,140,0,1,43,3,94,wave_A
S5,355,49651,49791,140,140,0,1,43,3,94,wave_A
S5,356,49791,49931,140,140,0,1,43,3,94,wave_A
S5,357,49931,50071,140,140,0,1,43,3,94,wave_A
S5,358,50071,50211,140,140,0,1,43,3,94,wave_A
S5,359,50211,50351,140,140,0,1,43,3,94,wave_A
S5,360,50351,50491,140,140,0,1,43,3,94,wave_A
S5,361,50491,50631,140,140,0,1,43,3,94,wave_A
S5,362,50631,50771,140,140,0,1,43,3,94,wave_A
S5,363,50771,50911,140,140,0,1,43,3,94,wave_A
S5,364,50911,51051,140,140,0,1,43,3,94,wave_A
S5,365,51051,51191,140,140,0,1,43,3,94,wave_A
S5,366,51191,51331,140,140,0,1,43,3,94,wave_A
S5,367,51331,51471,140,140,0,1,43,3,94,wave_A
S5,368,51471,51611,140,140,0,1,43,3,94,wave_A
S5,369,51611,51751,140,140,0,1,43,3,94,wave_A
S5,370,51751,51891,140,140,0,1,43,3,94,wave_A
S5,371,51891,52031,140,140,0,1,43,3,94,wave_A
S5,372,52031,52171,140,140,0,1,43,3,94,wave_A
S5,373,52171,52311,140,140,0,1,43,3,94,wave_A
S5,374,52311,52451,140,140,0,1,43,3,94,wave_A
S5,375,52451,52591,140,140,0,1,43,3,94,wave_A
S5,376,52591,52731,140,140,0,1,43,3,94,wave_A
S5,377,52731,52871,140,140,0,1,43,3,94,wave_A
S5,378,52871,53011,140,140,0,1,43,3,94,wave_A
S5,379,53011,53151,140,140,0,1,43,3,94,wave_A
S5,380,53151,53291,140,140,0,1,43,3,94,wave_A
S5,381,53291,53431,140,140,0,1,43,3,94,wave_A
S5,382,53431,53571,140,140,0,1,43,3,94,wave_A
S5,383,53571,53711,140,140,0,1,43,3,94,wave_A
S5,384,53711,53851,140,140,0,1,43,3,94,wave_A
S5,385,53851,53991,140,140,0,1,43,3,94,wave_A
S5,386,53991,54131,140,140,0,1,43,3,94,wave_A
S5,387,54131,54271,140,140,0,1,43,3,94,wave_A
S5,388,54271,54411,140,140,0,1,43,3,94,wave_A
S5,389,54411,54551,140,140,0,1,43,3,94,wave_A
S5,390,54551,54691,140,140,0,1,43,3,94,wave_A
S5,391,54691,54831,140,140,0,1,43,3,94,wave_A
S5,392,54831,54971,140,140,0,1,43,3,94,wave_A
S5,393,54971,55111,140,140,0,1,43,3,94,wave_A
S5,394,55111,55251,140,140,0,1,43,3,94,wave_A
S5,395,55251,55391,140,140,0,1,43,3,94,wave_A
S5,396,55391,55531,140,140,0,1,43,3,94,wave_A
S5,397,55531,55671,140,140,0,1,43,3,94,wave_A
S5,398,55671,55811,140,140,0,1,43,3,94,wave_A
S5,399,55811,55951,140,140,0,1,43,3,94,wave_A
S5,400,55951,56091,140,140,0,1,43,3,94,wave_A
S5,401,56091,56231,140,140,0,1,43,3,94,wave_A
S5,402,56231,56371,140,140,0,1,43,3,94,wave_A
S5,403,56371,56511,140,140,0,1,43,3,94,wave_A
S5,404,56511,56651,140,140,0,1,43,3,94,wave_A
S5,405,56651,56791,140,140,0,1,43,3,94,wave_A
S5,406,56791,56931,140,140,0,1,43,3,94,wave_A
S5,407,56931,57071,140,140,0,1,43,3,94,wave_A
S5,408,57071,57211,140,140,0,1,43,3,94,wave_A
S5,409,57211,57351,140,140,0,1,43,3,94,wave_A
S5,410,57351,57491,140,140,0,1,43,3,94,wave_A
S5,411,57491,57631,140,140,0,1,43,3,94,wave_A
S6,1,113,253,140,140,0,1,65,3,72,wave_A
S6,2,253,393,140,140,0,1,65,3,72,wave_A
S6,3,393,533,140,140,0,1,65,3,72,wave_A
S6,4,533,673,140,140,0,1,65,3,72,wave_A
S6,5,673,813,140,140,0,1,65,3,72,wave_A
S6,6,813,953,140,140,0,1,65,3,72,wave_A
S6,7,953,1093,140,140,0,1,65,3,72,wave_A
S6,8,1093,1233,140,140,0,1,65,3,72,wave_A
S6,9,1233,1373,140,140,0,1,65,3,72,wave_A
S6,10,1373,1513,140,140,0,1,65,3,72,wave_A
S6,11,1513,1653,140,140,0,1,65,3,72,wave_A
S6,12,1653,1793,140,140,0,1,65,3,72,wave_A
S6,13,1793,1933,140,140,0,1,65,3,72,wave_A
S6,14,1933,2073,140,140,0,1,65,3,72,wave_A
S6,15,2073,2213,140,140,0,1,65,3,72,wave_A
S6,16,2213,2353,140,140,0,1,65,3,72,wave_A
S6,17,2353,2493,140,140,0,1,65,3,72,wave_A
S6,18,2493,2633,140,140,0,1,65,3,72,wave_A
S6,19,2633,2773,140,140,0,1,65,3,72,wave_A
S6,20,2773,2913,140,140,0,1,65,3,72,wave_A
S6,21,2913,3053,140,140,0,1,65,3,72,wave_A
S6,22,3053,3193,140,140,0,1,65,3,72,wave_A
S6,23,3193,3333,140,140,0,1,65,3,72,wave_A
S6,24,3333,3473,140,140,0,1,65,3,72,wave_A
S6,25,3473,3613,140,140,0,1,65,3,72,wave_A
S6,26,3613,3753,140,140,0,1,65,3,72,wave_A
S6,27,3753,3893,140,140,0,1,65,3,72,wave_A
S6,28,3893,4033,140,140,0,1,65,3,72,wave_A
S6,29,4033,4173,140,140,0,1,65,3,72,wave_A
S6,30,4173,4313,140,140,0,1,65,3,72,wave_A
S6,31,4313,4453,140,140,0,1,65,3,72,wave_A
S6,32,4453,4593,140,140,0,1,65,3,72,wave_A
S6,33,4593,4733,140,140,0,1,65,3,72,wave_A
S6,34,4733,4873,140,140,0,1,65,3,72,wave_A
S6,35,4873,5013,140,140,0,1,65,3,72,wave_A
S6,36,5013,5153,140,140,0,1,65,3,72,wave_A
S6,37,5153,5293,140,140,0,1,65,3,72,wave_A
S6,38,5293,5433,140,140,0,1,65,3,72,wave_A
S6,39,5433,5573,140,140,0,1,65,3,72,wave_A
S6,40,5573,5713,140,140,0,1,65,3,72,wave_A
S6,41,5713,5853,140,140,0,1,65,3,72,wave_A
S6,42,5853,5993,140,140,0,1,65,3,72,wave_A
S6,43,5993,6133,140,140,0,1,65,3,72,wave_A
S6,44,6133,6273,140,140,0,1,65,3,72,wave_A
S6,45,6273,6413,140,140,0,1,65,3,72,wave_A
S6,46,6413,6553,140,140,0,1,65,3,72,wave_A
S6,47,6553,6693,140,140,0,1,65,3,72,wave_A
S6,48,6693,6833,140,140,0,1,65,3,72,wave_A
S6,49,6833,6973,140,140,0,1,65,3,72,wave_A
S6,50,6973,7113,140,140,0,1,65,3,72,wave_A
S6,51,7113,7253,140,140,0,1,65,3,72,wave_A
S6,52,7253,7393,140,140,0,1,65,3,72,wave_A
S6,53,7393,7533,140,140,0,1,65,3,72,wave_A
S6,54,7533,7673,140,140,0,1,65,3,72,wave_A
S6,55,7673,7813,140,140,0,1,65,3,72,wave_A
S6,56,7813,7953,140,140,0,1,65,3,72,wave_A
S6,57,7953,8093,140,140,0,1,65,3,72,wave_A
S6,58,8093,8233,140,140,0,1,65,3,72,wave_A
S6,59,8233,8373,140,140,0,1,65,3,72,wave_A
S6,60,8373,8513,140,140,0,1,65,3,72,wave_A
S6,61,8513,8653,140,140,0,1,65,3,72,wave_A
S6,62,8653,8793,140,140,0,1,65,3,72,wave_A
S6,63,8793,8933,140,140,0,1,65,3,72,wave_A
S6,64,8933,9073,140,140,0,1,65,3,72,wave_A
S6,65,9073,9213,140,140,0,1,65,3,72,wave_A
S6,66,9213,9353,140,140,0,1,65,3,72,wave_A
S6,67,9353,9493,140,140,0,1,65,3,72,wave_A
S6,68,9493,9633,140,140,0,1,65,3,72,wave_A
S6,69,9633,9773,140,140,0,1,65,3,72,wave_A
S6,70,9773,9913,140,140,0,1,65,3,72,wave_A
S6,71,9913,10053,140,140,0,1,65,3,72,wave_A
S6,72,10053,10193,140,140,0,1,65,3,72,wave_A
S6,73,10193,10333,140,140,0,1,65,3,72,wave_A
S6,74,10333,10473,140,140,0,1,65,3,72,wave_A
S6,75,10473,10613,140,140,0,1,65,3,72,wave_A
S6,76,10613,10753,140,140,0,1,65,3,72,wave_A
S6,77,10753,10893,140,140,0,1,65,3,72,wave_A
S6,78,10893,11033,140,140,0,1,65,3,72,wave_A
S6,79,11033,11173,140,140,0,1,65,3,72,wave_A
S6,80,11173,11313,140,140,0,1,65,3,72,wave_A
S6,81,11313,11453,140,140,0,1,65,3,72,wave_A
S6,82,11453,11593,140,140,0,1,65,3,72,wave_A
S6,83,11593,11733,140,140,0,1,65,3,72,wave_A
S6,84,11733,11873,140,140,0,1,65,3,72,wave_A
S6,85,11873,12013,140,140,0,1,65,3,72,wave_A
S6,86,12013,12153,140,140,0,1,65,3,72,wave_A
S6,87,12153,12293,140,140,0,1,65,3,72,wave_A
S6,88,12293,12433,140,140,0,1,65,3,72,wave_A
S6,89,12433,12573,140,140,0,1,65,3,72,wave_A
S6,90,12573,12713,140,140,0,1,65,3,72,wave_A
S6,91,12713,12853,140,140,0,1,65,3,72,wave_A
S6,92,12853,12993,140,140,0,1,65,3,72,wave_A
S6,93,12993,13133,140,140,0,1,65,3,72,wave_A
S6,94,13133,13273,140,140,0,1,65,3,72,wave_A
S6,95,13273,13413,140,140,0,1,65,3,72,wave_A
S6,96,13413,13553,140,140,0,1,65,3,72,wave_A
S6,97,13553,13693,140,140,0,1,65,3,72,wave_A
S6,98,13693,13833,140,140,0,1,65,3,72,wave_A
S6,99,13833,13973,140,140,0,1,65,3,72,wave_A
S6,100,13973,14113,140,140,0,1,65,3,72,wave_A
S6,101,14113,14253,140,140,0,1,65,3,72,wave_A
S6,102,14253,14393,140,140,0,1,65,3,72,wave_A
S6,103,14393,14533,140,140,0,1,65,3,72,wave_A
S6,104,14533,14673,140,140,0,1,65,3,72,wave_A
S6,105,14673,14813,140,140,0,1,65,3,72,wave_A
S6,106,14813,14953,140,140,0,1,65,3,72,wave_A
S6,107,14953,15093,140,140,0,1,65,3,72,wave_A
S6,108,15093,15233,140,140,0,1,65,3,72,wave_A
S6,109,15233,15373,140,140,0,1,65,3,72,wave_A
S6,110,15373,15513,140,140,0,1,65,3,72,wave_A
S6,111,15513,15653,140,140,0,1,65,3,72,wave_A
S6,112,15653,15793,140,140,0,1,65,3,72,wave_A
S6,113,15793,15933,140,140,0,1,65,3,72,wave_A
S6,114,15933,16073,140,140,0,1,65,3,72,wave_A
S6,115,16073,16213,140,140,0,1,65,3,72,wave_A
S6,116,16213,16353,140,140,0,1,65,3,72,wave_A
S6,117,16353,16493,140,140,0,1,65,3,72,wave_A
S6,118,16493,16633,140,140,0,1,65,3,72,wave_A
S6,119,16633,16773,140,140,0,1,65,3,72,wave_A
S6,120,16773,16913,140,140,0,1,65,3,72,wave_A
S6,121,16913,17053,140,140,0,1,65,3,72,wave_A
S6,122,17053,17193,140,140,0,1,65,3,72,wave_A
S6,123,17193,17333,140,140,0,1,65,3,72,wave_A
S6,124,17333,17473,140,140,0,1,65,3,72,wave_A
S6,125,17473,17613,140,140,0,1,65,3,72,wave_A
S6,126,17613,17753,140,140,0,1,65,3,72,wave_A
S6,127,17753,17893,140,140,0,1,65,3,72,wave_A
S6,128,17893,18033,140,140,0,1,65,3,72,wave_A
S6,129,18033,18173,140,140,0,1,65,3,72,wave_A
S6,130,18173,18313,140,140,0,1,65,3,72,wave_A
S6,131,18313,18453,140,140,0,1,65,3,72,wave_A
S6,132,18453,18593,140,140,0,1,65,3,72,wave_A
S6,133,18593,18733,140,140,0,1,65,3,72,wave_A
S6,134,18733,18873,140,140,0,1,65,3,72,wave_A
S6,135,18873,19013,140,140,0,1,65,3,72,wave_A
S6,136,19013,19153,140,140,0,1,65,3,72,wave_A
S6,137,19153,19293,140,140,0,1,65,3,72,wave_A
S6,138,19293,19433,140,140,0,1,65,3,72,wave_A
S6,139,19433,19573,140,140,0,1,65,3,72,wave_A
S6,140,19573,19713,140,140,0,1,65,3,72,wave_A
S6,141,19713,19853,140,140,0,1,65,3,72,wave_A
S6,142,19853,19993,140,140,0,1,65,3,72,wave_A
S6,143,19993,20133,140,140,0,1,65,3,72,wave_A
S6,144,20133,20273,140,140,0,1,65,3,72,wave_A
S6,145,20273,20413,140,140,0,1,65,3,72,wave_A
S6,146,20413,20553,140,140,0,1,65,3,72,wave_A
S6,147,20553,20693,140,140,0,1,65,3,72,wave_A
S6,148,20693,20833,140,140,0,1,65,3,72,wave_A
S6,149,20833,20973,140,140,0,1,65,3,72,wave_A
S6,150,20973,21113,140,140,0,1,65,3,72,wave_A
S6,151,21113,21253,140,140,0,1,65,3,72,wave_A
S6,152,21253,21393,140,140,0,1,65,3,72,wave_A
S6,153,21393,21533,140,140,0,1,65,3,72,wave_A
S6,154,21533,21673,140,140,0,1,65,3,72,wave_A
S6,155,21673,21813,140,140,0,1,65,3,72,wave_A
S6,156,21813,21953,140,140,0,1,65,3,72,wave_A
S6,157,21953,22093,140,140,0,1,65,3,72,wave_A
S6,158,22093,22233,140,140,0,1,65,3,72,wave_A
S6,159,22233,22373,140,140,0,1,65,3,72,wave_A
S6,160,22373,22513,140,140,0,1,65,3,72,wave_A
S6,161,22513,22653,140,140,0,1,65,3,72,wave_A
S6,162,22653,22793,140,140,0,1,65,3,72,wave_A
S6,163,22793,22933,140,140,0,1,65,3,72,wave_A
S6,164,22933,23073,140,140,0,1,65,3,72,wave_A
S6,165,23073,23213,140,140,0,1,65,3,72,wave_A
S6,166,23213,23353,140,140,0,1,65,3,72,wave_A
S6,167,23353,23493,140,140,0,1,65,3,72,wave_A
S6,168,23493,23633,140,140,0,1,65,3,72,wave_A
S6,169,23633,23773,140,140,0,1,65,3,72,wave_A
S6,170,23773,23913,140,140,0,1,65,3,72,wave_A
S6,171,23913,24053,140,140,0,1,65,3,72,wave_A
S6,172,24053,24193,140,140,0,1,65,3,72,wave_A
S6,173,24193,24333,140,140,0,1,65,3,72,wave_A
S6,174,24333,24473,140,140,0,1,65,3,72,wave_A
S6,175,24473,24613,140,140,0,1,65,3,72,wave_A
S6,176,24613,24753,140,140,0,1,65,3,72,wave_A
S6,177,24753,24893,140,140,0,1,65,3,72,wave_A
S6,178,24893,25033,140,140,0,1,65,3,72,wave_A
S6,179,25033,25173,140,140,0,1,65,3,72,wave_A
S6,180,25173,25313,140,140,0,1,65,3,72,wave_A
S6,181,25313,25453,140,140,0,1,65,3,72,wave_A
S6,182,25453,25593,140,140,0,1,65,3,72,wave_A
S6,183,25593,25733,140,140,0,1,65,3,72,wave_A
S6,184,25733,25873,140,140,0,1,65,3,72,wave_A
S6,185,25873,26013,140,140,0,1,65,3,72,wave_A
S6,186,26013,26153,140,140,0,1,65,3,72,wave_A
S6,187,26153,26293,140,140,0,1,65,3,72,wave_A
S6,188,26293,26433,140,140,0,1,65,3,72,wave_A
S6,189,26433,26573,140,140,0,1,65,3,72,wave_A
S6,190,26573,26713,140,140,0,1,65,3,72,wave_A
S6,191,26713,26853,140,140,0,1,65,3,72,wave_A
S6,192,26853,26993,140,140,0,1,65,3,72,wave_A
S6,193,26993,27133,140,140,0,1,65,3,72,wave_A
S6,194,27133,27273,140,140,0,1,65,3,72,wave_A
S6,195,27273,27413,140,140,0,1,65,3,72,wave_A
S6,196,27413,27553,140,140,0,1,65,3,72,wave_A
S6,197,27553,27693,140,140,0,1,65,3,72,wave_A
S6,198,27693,27833,140,140,0,1,65,3,72,wave_A
S6,199,27833,27973,140,140,0,1,65,3,72,wave_A
S6,200,27973,28113,140,140,0,1,65,3,72,wave_A
S6,201,28113,28253,140,140,0,1,65,3,72,wave_A
S6,202,28253,28393,140,140,0,1,65,3,72,wave_A
S6,203,28393,28533,140,140,0,1,65,3,72,wave_A
S6,204,28533,28673,140,140,0,1,65,3,72,wave_A
S6,205,28673,28813,140,140,0,1,65,3,72,wave_A
S6,206,28813,28953,140,140,0,1,65,3,72,wave_A
S6,207,28953,29093,140,140,0,1,65,3,72,wave_A
S6,208,29093,29233,140,140,0,1,65,3,72,wave_A
S6,209,29233,29373,140,140,0,1,65,3,72,wave_A
S6,210,29373,29513,140,140,0,1,65,3,72,wave_A
S6,211,29513,29653,140,140,0,1,65,3,72,wave_A
S6,212,29653,29793,140,140,0,1,65,3,72,wave_A
S6,213,29793,29933,140,140,0,1,65,3,72,wave_A
S6,214,29933,30073,140,140,0,1,65,3,72,wave_A
S6,215,30073,30213,140,140,0,1,65,3,72,wave_A
S6,216,30213,30353,140,140,0,1,65,3,72,wave_A
S6,217,30353,30493,140,140,0,1,65,3,72,wave_A
S6,218,30493,30633,140,140,0,1,65,3,72,wave_A
S6,219,30633,30773,140,140,0,1,65,3,72,wave_A
S6,220,30773,30913,140,140,0,1,65,3,72,wave_A
S6,221,30913,31053,140,140,0,1,65,3,72,wave_A
S6,222,31053,31193,140,140,0,1,65,3,72,wave_A
S6,223,31193,31333,140,140,0,1,65,3,72,wave_A
S6,224,31333,31473,140,140,0,1,65,3,72,wave_A
S6,225,31473,31613,140,140,0,1,65,3,72,wave_A
S6,226,31613,31753,140,140,0,1,65,3,72,wave_A
S6,227,31753,31893,140,140,0,1,65,3,72,wave_A
S6,228,31893,32033,140,140,0,1,65,3,72,wave_A
S6,229,32033,32173,140,140,0,1,65,3,72,wave_A
S6,230,32173,32313,140,140,0,1,65,3,72,wave_A
S6,231,32313,32453,140,140,0,1,65,3,72,wave_A
S6,232,32453,32593,140,140,0,1,65,3,72,wave_A
S6,233,32593,32733,140,140,0,1,65,3,72,wave_A
S6,234,32733,32873,140,140,0,1,65,3,72,wave_A
S6,235,32873,33013,140,140,0,1,65,3,72,wave_A
S6,236,33013,33153,140,140,0,1,65,3,72,wave_A
S6,237,33153,33293,140,140,0,1,65,3,72,wave_A
S6,238,33293,33433,140,140,0,1,65,3,72,wave_A
S6,239,33433,33573,140,140,0,1,65,3,72,wave_A
S6,240,33573,33713,140,140,0,1,65,3,72,wave_A
S6,241,33713,33853,140,140,0,1,65,3,72,wave_A
S6,242,33853,33993,140,140,0,1,65,3,72,wave_A
S6,243,33993,34133,140,140,0,1,65,3,72,wave_A
S6,244,34133,34273,140,140,0,1,65,3,72,wave_A
S6,245,34273,34413,140,140,0,1,65,3,72,wave_A
S6,246,34413,34553,140,140,0,1,65,3,72,wave_A
S6,247,34553,34693,140,140,0,1,65,3,72,wave_A
S6,248,34693,34833,140,140,0,1,65,3,72,wave_A
S6,249,34833,34973,140,140,0,1,65,3,72,wave_A
S6,250,34973,35113,140,140,0,1,65,3,72,wave_A
S6,251,35113,35253,140,140,0,1,65,3,72,wave_A
S6,252,35253,35393,140,140,0,1,65,3,72,wave_A
S6,253,35393,35533,140,140,0,1,65,3,72,wave_A
S6,254,35533,35673,140,140,0,1,65,3,72,wave_A
S6,255,35673,35813,140,140,0,1,65,3,72,wave_A
S6,256,35813,35953,140,140,0,1,65,3,72,wave_A
S6,257,35953,36093,140,140,0,1,65,3,72,wave_A
S6,258,36093,36233,140,140,0,1,65,3,72,wave_A
S6,259,36233,36373,140,140,0,1,65,3,72,wave_A
S6,260,36373,36513,140,140,0,1,65,3,72,wave_A
S6,261,36513,36653,140,140,0,1,65,3,72,wave_A
S6,262,36653,36793,140,140,0,1,65,3,72,wave_A
S6,263,36793,36933,140,140,0,1,65,3,72,wave_A
S6,264,36933,37073,140,140,0,1,65,3,72,wave_A
S6,265,37073,37213,140,140,0,1,65,3,72,wave_A
S6,266,37213,37353,140,140,0,1,65,3,72,wave_A
S6,267,37353,37493,140,140,0,1,65,3,72,wave_A
S6,268,37493,37633,140,140,0,1,65,3,72,wave_A
S6,269,37633,37773,140,140,0,1,65,3,72,wave_A
S6,270,37773,37913,140,140,0,1,65,3,72,wave_A
S6,271,37913,38053,140,140,0,1,65,3,72,wave_A
S6,272,38053,38193,140,140,0,1,65,3,72,wave_A
S6,273,38193,38333,140,140,0,1,65,3,72,wave_A
S6,274,38333,38473,140,140,0,1,65,3,72,wave_A
S6,275,38473,38613,140,140,0,1,65,3,72,wave_A
S6,276,38613,38753,140,140,0,1,65,3,72,wave_A
S6,277,38753,38893,140,140,0,1,65,3,72,wave_A
S6,278,38893,39033,140,140,0,1,65,3,72,wave_A
S6,279,39033,39173,140,140,0,1,65,3,72,wave_A
S6,280,39173,39313,140,140,0,1,65,3,72,wave_A
S6,281,39313,39453,140,140,0,1,65,3,72,wave_A
S6,282,39453,39593,140,140,0,1,65,3,72,wave_A
S6,283,39593,39733,140,140,0,1,65,3,72,wave_A
S6,284,39733,39873,140,140,0,1,65,3,72,wave_A
S6,285,39873,40013,140,140,0,1,65,3,72,wave_A
S6,286,40013,40153,140,140,0,1,65,3,72,wave_A
S6,287,40153,40293,140,140,0,1,65,3,72,wave_A
S6,288,40293,40433,140,140,0,1,65,3,72,wave_A
S6,289,40433,40573,140,140,0,1,65,3,72,wave_A
S6,290,40573,40713,140,140,0,1,65,3,72,wave_A
S6,291,40713,40853,140,140,0,1,65,3,72,wave_A
S6,292,40853,40993,140,140,0,1,65,3,72,wave_A
S6,293,40993,41133,140,140,0,1,65,3,72,wave_A
S6,294,41133,41273,140,140,0,1,65,3,72,wave_A
S6,295,41273,41413,140,140,0,1,65,3,72,wave_A
S6,296,41413,41553,140,140,0,1,65,3,72,wave_A
S6,297,41553,41693,140,140,0,1,65,3,72,wave_A
S6,298,41693,41833,140,140,0,1,65,3,72,wave_A
S6,299,41833,41973,140,140,0,1,65,3,72,wave_A
S6,300,41973,42113,140,140,0,1,65,3,72,wave_A
S6,301,42113,42253,140,140,0,1,65,3,72,wave_A
S6,302,42253,42393,140,140,0,1,65,3,72,wave_A
S6,303,42393,42533,140,140,0,1,65,3,72,wave_A
S6,304,42533,42673,140,140,0,1,65,3,72,wave_A
S6,305,42673,42813,140,140,0,1,65,3,72,wave_A
S6,306,42813,42953,140,140,0,1,65,3,72,wave_A
S6,307,42953,43093,140,140,0,1,65,3,72,wave_A
S6,308,43093,43233,140,140,0,1,65,3,72,wave_A
S6,309,43233,43373,140,140,0,1,65,3,72,wave_A
S6,310,43373,43513,140,140,0,1,65,3,72,wave_A
S6,311,43513,43653,140,140,0,1,65,3,72,wave_A
S6,312,43653,43793,140,140,0,1,65,3,72,wave_A
S6,313,43793,43933,140,140,0,1,65,3,72,wave_A
S6,314,43933,44073,140,140,0,1,65,3,72,wave_A
S6,315,44073,44213,140,140,0,1,65,3,72,wave_A
S6,316,44213,44353,140,140,0,1,65,3,72,wave_A
S6,317,44353,44493,140,140,0,1,65,3,72,wave_A
S6,318,44493,44633,140,140,0,1,65,3,72,wave_A
S6,319,44633,44773,140,140,0,1,65,3,72,wave_A
S6,320,44773,44913,140,140,0,1,65,3,72,wave_A
S6,321,44913,45053,140,140,0,1,65,3,72,wave_A
S6,322,45053,45193,140,140,0,1,65,3,72,wave_A
S6,323,45193,45333,140,140,0,1,65,3,72,wave_A
S6,324,45333,45473,140,140,0,1,65,3,72,wave_A
S6,325,45473,45613,140,140,0,1,65,3,72,wave_A
S6,326,45613,45753,140,140,0,1,65,3,72,wave_A
S6,327,45753,45893,140,140,0,1,65,3,72,wave_A
S6,328,45893,46033,140,140,0,1,65,3,72,wave_A
S6,329,46033,46173,140,140,0,1,65,3,72,wave_A
S6,330,46173,46313,140,140,0,1,65,3,72,wave_A
S6,331,46313,46453,140,140,0,1,65,3,72,wave_A
S6,332,46453,46593,140,140,0,1,65,3,72,wave_A
S6,333,46593,46733,140,140,0,1,65,3,72,wave_A
S6,334,46733,46873,140,140,0,1,65,3,72,wave_A
S6,335,46873,47013,140,140,0,1,65,3,72,wave_A
S6,336,47013,47153,140,140,0,1,65,3,72,wave_A
S6,337,47153,47293,140,140,0,1,65,3,72,wave_A
S6,338,47293,47433,140,140,0,1,65,3,72,wave_A
S6,339,47433,47573,140,140,0,1,65,3,72,wave_A
S6,340,47573,47713,140,140,0,1,65,3,72,wave_A
S6,341,47713,47853,140,140,0,1,65,3,72,wave_A
S6,342,47853,47993,140,140,0,1,65,3,72,wave_A
S6,343,47993,48133,140,140,0,1,65,3,72,wave_A
S6,344,48133,48273,140,140,0,1,65,3,72,wave_A
S6,345,48273,48413,140,140,0,1,65,3,72,wave_A
S6,346,48413,48553,140,140,0,1,65,3,72,wave_A
S6,347,48553,48693,140,140,0,1,65,3,72,wave_A
S6,348,48693,48833,140,140,0,1,65,3,72,wave_A
S6,349,48833,48973,140,140,0,1,65,3,72,wave_A
S6,350,48973,49113,140,140,0,1,65,3,72,wave_A
S6,351,49113,49253,140,140,0,1,65,3,72,wave_A
S6,352,49253,49393,140,140,0,1,65,3,72,wave_A
S6,353,49393,49533,140,140,0,1,65,3,72,wave_A
S6,354,49533,49673,140,140,0,1,65,3,72,wave_A
S6,355,49673,49813,140,140,0,1,65,3,72,wave_A
S6,356,49813,49953,140,140,0,1,65,3,72,wave_A
S6,357,49953,50093,140,140,0,1,65,3,72,wave_A
S6,358,50093,50233,140,140,0,1,65,3,72,wave_A
S6,359,50233,50373,140,140,0,1,65,3,72,wave_A
S6,360,50373,50513,140,140,0,1,65,3,72,wave_A
S6,361,50513,50653,140,140,0,1,65,3,72,wave_A
S6,362,50653,50793,140,140,0,1,65,3,72,wave_A
S6,363,50793,50933,140,140,0,1,65,3,72,wave_A
S6,364,50933,51073,140,140,0,1,65,3,72,wave_A
S6,365,51073,51213,140,140,0,1,65,3,72,wave_A
S6,366,51213,51353,140,140,0,1,65,3,72,wave_A
S6,367,51353,51493,140,140,0,1,65,3,72,wave_A
S6,368,51493,51633,140,140,0,1,65,3,72,wave_A
S6,369,51633,51773,140,140,0,1,65,3,72,wave_A
S6,370,51773,51913,140,140,0,1,65,3,72,wave_A
S6,371,51913,52053,140,140,0,1,65,3,72,wave_A
S6,372,52053,52193,140,140,0,1,65,3,72,wave_A
S6,373,52193,52333,140,140,0,1,65,3,72,wave_A
S6,374,52333,52473,140,140,0,1,65,3,72,wave_A
S6,375,52473,52613,140,140,0,1,65,3,72,wave_A
S6,376,52613,52753,140,140,0,1,65,3,72,wave_A
S6,377,52753,52893,140,140,0,1,65,3,72,wave_A
S6,378,52893,53033,140,140,0,1,65,3,72,wave_A
S6,379,53033,53173,140,140,0,1,65,3,72,wave_A
S6,380,53173,53313,140,140,0,1,65,3,72,wave_A
S6,381,53313,53453,140,140,0,1,65,3,72,wave_A
S6,382,53453,53593,140,140,0,1,65,3,72,wave_A
S6,383,53593,53733,140,140,0,1,65,3,72,wave_A
S6,384,53733,53873,140,140,0,1,65,3,72,wave_A
S6,385,53873,54013,140,140,0,1,65,3,72,wave_A
S6,386,54013,54153,140,140,0,1,65,3,72,wave_A
S6,387,54153,54293,140,140,0,1,65,3,72,wave_A
S6,388,54293,54433,140,140,0,1,65,3,72,wave_A
S6,389,54433,54573,140,140,0,1,65,3,72,wave_A
S6,390,54573,54713,140,140,0,1,65,3,72,wave_A
S6,391,54713,54853,140,140,0,1,65,3,72,wave_A
S6,392,54853,54993,140,140,0,1,65,3,72,wave_A
S6,393,54993,55133,140,140,0,1,65,3,72,wave_A
S6,394,55133,55273,140,140,0,1,65,3,72,wave_A
S6,395,55273,55413,140,140,0,1,65,3,72,wave_A
S6,396,55413,55553,140,140,0,1,65,3,72,wave_A
S6,397,55553,55693,140,140,0,1,65,3,72,wave_A
S6,398,55693,55833,140,140,0,1,65,3,72,wave_A
S6,399,55833,55973,140,140,0,1,65,3,72,wave_A
S6,400,55973,56113,140,140,0,1,65,3,72,wave_A
S6,401,56113,56253,140,140,0,1,65,3,72,wave_A
S6,402,56253,56393,140,140,0,1,65,3,72,wave_A
S6,403,56393,56533,140,140,0,1,65,3,72,wave_A
S6,404,56533,56673,140,140,0,1,65,3,72,wave_A
S6,405,56673,56813,140,140,0,1,65,3,72,wave_A
S6,406,56813,56953,140,140,0,1,65,3,72,wave_A
S6,407,56953,57093,140,140,0,1,65,3,72,wave_A
S6,408,57093,57233,140,140,0,1,65,3,72,wave_A
S6,409,57233,57373,140,140,0,1,65,3,72,wave_A
S6,410,57373,57513,140,140,0,1,65,3,72,wave_A
S6,411,57513,57653,140,140,0,1,65,3,72,wave_A
