intersection_id,state,start_s,end_s,duration_s,stages,left_censored,right_censored
S1,green,0,60,60,wave_A,0,0
S1,yellow,60,63,3,wave_A,0,0
S1,red,63,140,77,wave_A,0,0
S1,green,140,200,60,wave_A,0,0
S1,yellow,200,203,3,wave_A,0,0
S1,red,203,280,77,wave_A,0,0
S1,green,280,340,60,wave_A,0,0
S1,yellow,340,343,3,wave_A,0,0
S1,red,343,420,77,wave_A,0,0
S1,green,420,480,60,wave_A,0,0
S1,yellow,480,483,3,wave_A,0,0
S1,red,483,560,77,wave_A,0,0
S1,green,560,620,60,wave_A,0,0
S1,yellow,620,623,3,wave_A,0,0
S1,red,623,700,77,wave_A,0,0
S1,green,700,760,60,wave_A,0,0
S1,yellow,760,763,3,wave_A,0,0
S1,red,763,840,77,wave_A,0,0
S1,green,840,900,60,wave_A,0,0
S1,yellow,900,903,3,wave_A,0,0
S1,red,903,980,77,wave_A,0,0
S1,green,980,1040,60,wave_A,0,0
S1,yellow,1040,1043,3,wave_A,0,0
S1,red,1043,1120,77,wave_A,0,0
S1,green,1120,1180,60,wave_A,0,0
S1,yellow,1180,1183,3,wave_A,0,0
S1,red,1183,1260,77,wave_A,0,0
S1,green,1260,1320,60,wave_A,0,0
S1,yellow,1320,1323,3,wave_A,0,0
S1,red,1323,1400,77,wave_A,0,0
S1,green,1400,1460,60,wave_A,0,0
S1,yellow,1460,1463,3,wave_A,0,0
S1,red,1463,1540,77,wave_A,0,0
S1,green,1540,1600,60,wave_A,0,0
S1,yellow,1600,1603,3,wave_A,0,0
S1,red,1603,1680,77,wave_A,0,0
S1,green,1680,1740,60,wave_A,0,0
S1,yellow,1740,1743,3,wave_A,0,0
S1,red,1743,1820,77,wave_A,0,0
S1,green,1820,1880,60,wave_A,0,0
S1,yellow,1880,1883,3,wave_A,0,0
S1,red,1883,1960,77,wave_A,0,0
S1,green,1960,2020,60,wave_A,0,0
S1,yellow,2020,2023,3,wave_A,0,0
S1,red,2023,2100,77,wave_A,0,0
S1,green,2100,2160,60,wave_A,0,0
S1,yellow,2160,2163,3,wave_A,0,0
S1,red,2163,2240,77,wave_A,0,0
S1,green,2240,2300,60,wave_A,0,0
S1,yellow,2300,2303,3,wave_A,0,0
S1,red,2303,2380,77,wave_A,0,0
S1,green,2380,2440,60,wave_A,0,0
S1,yellow,2440,2443,3,wave_A,0,0
S1,red,2443,2520,77,wave_A,0,0
S1,green,2520,2580,60,wave_A,0,0
S1,yellow,2580,2583,3,wave_A,0,0
S1,red,2583,2660,77,wave_A,0,0
S1,green,2660,2720,60,wave_A,0,0
S1,yellow,2720,2723,3,wave_A,0,0
S1,red,2723,2800,77,wave_A,0,0
S1,green,2800,2860,60,wave_A,0,0
S1,yellow,2860,2863,3,wave_A,0,0
S1,red,2863,2940,77,wave_A,0,0
S1,green,2940,3000,60,wave_A,0,0
S1,yellow,3000,3003,3,wave_A,0,0
S1,red,3003,3080,77,wave_A,0,0
S1,green,3080,3140,60,wave_A,0,0
S1,yellow,3140,3143,3,wave_A,0,0
S1,red,3143,3220,77,wave_A,0,0
S1,green,3220,3280,60,wave_A,0,0
S1,yellow,3280,3283,3,wave_A,0,0
S1,red,3283,3360,77,wave_A,0,0
S1,green,3360,3420,60,wave_A,0,0
S1,yellow,3420,3423,3,wave_A,0,0
S1,red,3423,3500,77,wave_A,0,0
S1,green,3500,3560,60,wave_A,0,0
S1,yellow,3560,3563,3,wave_A,0,0
S1,red,3563,3640,77,wave_A,0,0
S1,green,3640,3700,60,wave_A,0,0
S1,yellow,3700,3703,3,wave_A,0,0
S1,red,3703,3780,77,wave_A,0,0
S1,green,3780,3840,60,wave_A,0,0
S1,yellow,3840,3843,3,wave_A,0,0
S1,red,3843,3920,77,wave_A,0,0
S1,green,3920,3980,60,wave_A,0,0
S1,yellow,3980,3983,3,wave_A,0,0
S1,red,3983,4060,77,wave_A,0,0
S1,green,4060,4120,60,wave_A,0,0
S1,yellow,4120,4123,3,wave_A,0,0
S1,red,4123,4200,77,wave_A,0,0
S1,green,4200,4260,60,wave_A,0,0
S1,yellow,4260,4263,3,wave_A,0,0
S1,red,4263,4340,77,wave_A,0,0
S1,green,4340,4400,60,wave_A,0,0
S1,yellow,4400,4403,3,wave_A,0,0
S1,red,4403,4480,77,wave_A,0,0
S1,green,4480,4540,60,wave_A,0,0
S1,yellow,4540,4543,3,wave_A,0,0
S1,red,4543,4620,77,wave_A,0,0
S1,green,4620,4680,60,wave_A,0,0
S1,yellow,4680,4683,3,wave_A,0,0
S1,red,4683,4760,77,wave_A,0,0
S1,green,4760,4820,60,wave_A,0,0
S1,yellow,4820,4823,3,wave_A,0,0
S1,red,4823,4900,77,wave_A,0,0
S1,green,4900,4960,60,wave_A,0,0
S1,yellow,4960,4963,3,wave_A,0,0
S1,red,4963,5040,77,wave_A,0,0
S1,green,5040,5100,60,wave_A,0,0
S1,yellow,5100,5103,3,wave_A,0,0
S1,red,5103,5180,77,wave_A,0,0
S1,green,5180,5240,60,wave_A,0,0
S1,yellow,5240,5243,3,wave_A,0,0
S1,red,5243,5320,77,wave_A,0,0
S1,green,5320,5380,60,wave_A,0,0
S1,yellow,5380,5383,3,wave_A,0,0
S1,red,5383,5460,77,wave_A,0,0
S1,green,5460,5520,60,wave_A,0,0
S1,yellow,5520,5523,3,wave_A,0,0
S1,red,5523,5600,77,wave_A,0,0
S1,green,5600,5660,60,wave_A,0,0
S1,yellow,5660,5663,3,wave_A,0,0
S1,red,5663,5740,77,wave_A,0,0
S1,green,5740,5800,60,wave_A,0,0
S1,yellow,5800,5803,3,wave_A,0,0
S1,red,5803,5880,77,wave_A,0,0
S1,green,5880,5940,60,wave_A,0,0
S1,yellow,5940,5943,3,wave_A,0,0
S1,red,5943,6020,77,wave_A,0,0
S1,green,6020,6080,60,wave_A,0,0
S1,yellow,6080,6083,3,wave_A,0,0
S1,red,6083,6160,77,wave_A,0,0
S1,green,6160,6220,60,wave_A,0,0
S1,yellow,6220,6223,3,wave_A,0,0
S1,red,6223,6300,77,wave_A,0,0
S1,green,6300,6360,60,wave_A,0,0
S1,yellow,6360,6363,3,wave_A,0,0
S1,red,6363,6440,77,wave_A,0,0
S1,green,6440,6500,60,wave_A,0,0
S1,yellow,6500,6503,3,wave_A,0,0
S1,red,6503,6580,77,wave_A,0,0
S1,green,6580,6640,60,wave_A,0,0
S1,yellow,6640,6643,3,wave_A,0,0
S1,red,6643,6720,77,wave_A,0,0
S1,green,6720,6780,60,wave_A,0,0
S1,yellow,6780,6783,3,wave_A,0,0
S1,red,6783,6860,77,wave_A,0,0
S1,green,6860,6920,60,wave_A,0,0
S1,yellow,6920,6923,3,wave_A,0,0
S1,red,6923,7000,77,wave_A,0,0
S1,green,7000,7060,60,wave_A,0,0
S1,yellow,7060,7063,3,wave_A,0,0
S1,red,7063,7140,77,wave_A,0,0
S1,green,7140,7200,60,wave_A,0,0
S1,yellow,7200,7203,3,wave_A,0,0
S1,red,7203,7280,77,wave_A,0,0
S1,green,7280,7340,60,wave_A,0,0
S1,yellow,7340,7343,3,wave_A,0,0
S1,red,7343,7420,77,wave_A,0,0
S1,green,7420,7480,60,wave_A,0,0
S1,yellow,7480,7483,3,wave_A,0,0
S1,red,7483,7560,77,wave_A,0,0
S1,green,7560,7620,60,wave_A,0,0
S1,yellow,7620,7623,3,wave_A,0,0
S1,red,7623,7700,77,wave_A,0,0
S1,green,7700,7760,60,wave_A,0,0
S1,yellow,7760,7763,3,wave_A,0,0
S1,red,7763,7840,77,wave_A,0,0
S1,green,7840,7900,60,wave_A,0,0
S1,yellow,7900,7903,3,wave_A,0,0
S1,red,7903,7980,77,wave_A,0,0
S1,green,7980,8040,60,wave_A,0,0
S1,yellow,8040,8043,3,wave_A,0,0
S1,red,8043,8120,77,wave_A,0,0
S1,green,8120,8180,60,wave_A,0,0
S1,yellow,8180,8183,3,wave_A,0,0
S1,red,8183,8260,77,wave_A,0,0
S1,green,8260,8320,60,wave_A,0,0
S1,yellow,8320,8323,3,wave_A,0,0
S1,red,8323,8400,77,wave_A,0,0
S1,green,8400,8460,60,wave_A,0,0
S1,yellow,8460,8463,3,wave_A,0,0
S1,red,8463,8540,77,wave_A,0,0
S1,green,8540,8600,60,wave_A,0,0
S1,yellow,8600,8603,3,wave_A,0,0
S1,red,8603,8680,77,wave_A,0,0
S1,green,8680,8740,60,wave_A,0,0
S1,yellow,8740,8743,3,wave_A,0,0
S1,red,8743,8820,77,wave_A,0,0
S1,green,8820,8880,60,wave_A,0,0
S1,yellow,8880,8883,3,wave_A,0,0
S1,red,8883,8960,77,wave_A,0,0
S1,green,8960,9020,60,wave_A,0,0
S1,yellow,9020,9023,3,wave_A,0,0
S1,red,9023,9100,77,wave_A,0,0
S1,green,9100,9160,60,wave_A,0,0
S1,yellow,9160,9163,3,wave_A,0,0
S1,red,9163,9240,77,wave_A,0,0
S1,green,9240,9300,60,wave_A,0,0
S1,yellow,9300,9303,3,wave_A,0,0
S1,red,9303,9380,77,wave_A,0,0
S1,green,9380,9440,60,wave_A,0,0
S1,yellow,9440,9443,3,wave_A,0,0
S1,red,9443,9520,77,wave_A,0,0
S1,green,9520,9580,60,wave_A,0,0
S1,yellow,9580,9583,3,wave_A,0,0
S1,red,9583,9660,77,wave_A,0,0
S1,green,9660,9720,60,wave_A,0,0
S1,yellow,9720,9723,3,wave_A,0,0
S1,red,9723,9800,77,wave_A,0,0
S1,green,9800,9860,60,wave_A,0,0
S1,yellow,9860,9863,3,wave_A,0,0
S1,red,9863,9940,77,wave_A,0,0
S1,green,9940,10000,60,wave_A,0,0
S1,yellow,10000,10003,3,wave_A,0,0
S1,red,10003,10080,77,wave_A,0,0
S1,green,10080,10140,60,wave_A,0,0
S1,yellow,10140,10143,3,wave_A,0,0
S1,red,10143,10220,77,wave_A,0,0
S1,green,10220,10280,60,wave_A,0,0
S1,yellow,10280,10283,3,wave_A,0,0
S1,red,10283,10360,77,wave_A,0,0
S1,green,10360,10420,60,wave_A,0,0
S1,yellow,10420,10423,3,wave_A,0,0
S1,red,10423,10500,77,wave_A,0,0
S1,green,10500,10560,60,wave_A,0,0
S1,yellow,10560,10563,3,wave_A,0,0
S1,red,10563,10640,77,wave_A,0,0
S1,green,10640,10700,60,wave_A,0,0
S1,yellow,10700,10703,3,wave_A,0,0
S1,red,10703,10780,77,wave_A,0,0
S1,green,10780,10840,60,wave_A,0,0
S1,yellow,10840,10843,3,wave_A,0,0
S1,red,10843,10920,77,wave_A,0,0
S1,green,10920,10980,60,wave_A,0,0
S1,yellow,10980,10983,3,wave_A,0,0
S1,red,10983,11060,77,wave_A,0,0
S1,green,11060,11120,60,wave_A,0,0
S1,yellow,11120,11123,3,wave_A,0,0
S1,red,11123,11200,77,wave_A,0,0
S1,green,11200,11260,60,wave_A,0,0
S1,yellow,11260,11263,3,wave_A,0,0
S1,red,11263,11340,77,wave_A,0,0
S1,green,11340,11400,60,wave_A,0,0
S1,yellow,11400,11403,3,wave_A,0,0
S1,red,11403,11480,77,wave_A,0,0
S1,green,11480,11540,60,wave_A,0,0
S1,yellow,11540,11543,3,wave_A,0,0
S1,red,11543,11620,77,wave_A,0,0
S1,green,11620,11680,60,wave_A,0,0
S1,yellow,11680,11683,3,wave_A,0,0
S1,red,11683,11760,77,wave_A,0,0
S1,green,11760,11820,60,wave_A,0,0
S1,yellow,11820,11823,3,wave_A,0,0
S1,red,11823,11900,77,wave_A,0,0
S1,green,11900,11960,60,wave_A,0,0
S1,yellow,11960,11963,3,wave_A,0,0
S1,red,11963,12040,77,wave_A,0,0
S1,green,12040,12100,60,wave_A,0,0
S1,yellow,12100,12103,3,wave_A,0,0
S1,red,12103,12180,77,wave_A,0,0
S1,green,12180,12240,60,wave_A,0,0
S1,yellow,12240,12243,3,wave_A,0,0
S1,red,12243,12320,77,wave_A,0,0
S1,green,12320,12380,60,wave_A,0,0
S1,yellow,12380,12383,3,wave_A,0,0
S1,red,12383,12460,77,wave_A,0,0
S1,green,12460,12520,60,wave_A,0,0
S1,yellow,12520,12523,3,wave_A,0,0
S1,red,12523,12600,77,wave_A,0,0
S1,green,12600,12660,60,wave_A,0,0
S1,yellow,12660,12663,3,wave_A,0,0
S1,red,12663,12740,77,wave_A,0,0
S1,green,12740,12800,60,wave_A,0,0
S1,yellow,12800,12803,3,wave_A,0,0
S1,red,12803,12880,77,wave_A,0,0
S1,green,12880,12940,60,wave_A,0,0
S1,yellow,12940,12943,3,wave_A,0,0
S1,red,12943,13020,77,wave_A,0,0
S1,green,13020,13080,60,wave_A,0,0
S1,yellow,13080,13083,3,wave_A,0,0
S1,red,13083,13160,77,wave_A,0,0
S1,green,13160,13220,60,wave_A,0,0
S1,yellow,13220,13223,3,wave_A,0,0
S1,red,13223,13300,77,wave_A,0,0
S1,green,13300,13360,60,wave_A,0,0
S1,yellow,13360,13363,3,wave_A,0,0
S1,red,13363,13440,77,wave_A,0,0
S1,green,13440,13500,60,wave_A,0,0
S1,yellow,13500,13503,3,wave_A,0,0
S1,red,13503,13580,77,wave_A,0,0
S1,green,13580,13640,60,wave_A,0,0
S1,yellow,13640,13643,3,wave_A,0,0
S1,red,13643,13720,77,wave_A,0,0
S1,green,13720,13780,60,wave_A,0,0
S1,yellow,13780,13783,3,wave_A,0,0
S1,red,13783,13860,77,wave_A,0,0
S1,green,13860,13920,60,wave_A,0,0
S1,yellow,13920,13923,3,wave_A,0,0
S1,red,13923,14000,77,wave_A,0,0
S1,green,14000,14060,60,wave_A,0,0
S1,yellow,14060,14063,3,wave_A,0,0
S1,red,14063,14140,77,wave_A,0,0
S1,green,14140,14200,60,wave_A,0,0
S1,yellow,14200,14203,3,wave_A,0,0
S1,red,14203,14280,77,wave_A,0,0
S1,green,14280,14340,60,wave_A,0,0
S1,yellow,14340,14343,3,wave_A,0,0
S1,red,14343,14420,77,wave_A,0,0
S1,green,14420,14480,60,wave_A,0,0
S1,yellow,14480,14483,3,wave_A,0,0
S1,red,14483,14560,77,wave_A,0,0
S1,green,14560,14620,60,wave_A,0,0
S1,yellow,14620,14623,3,wave_A,0,0
S1,red,14623,14700,77,wave_A,0,0
S1,green,14700,14760,60,wave_A,0,0
S1,yellow,14760,14763,3,wave_A,0,0
S1,red,14763,14840,77,wave_A,0,0
S1,green,14840,14900,60,wave_A,0,0
S1,yellow,14900,14903,3,wave_A,0,0
S1,red,14903,14980,77,wave_A,0,0
S1,green,14980,15040,60,wave_A,0,0
S1,yellow,15040,15043,3,wave_A,0,0
S1,red,15043,15120,77,wave_A,0,0
S1,green,15120,15180,60,wave_A,0,0
S1,yellow,15180,15183,3,wave_A,0,0
S1,red,15183,15260,77,wave_A,0,0
S1,green,15260,15320,60,wave_A,0,0
S1,yellow,15320,15323,3,wave_A,0,0
S1,red,15323,15400,77,wave_A,0,0
S1,green,15400,15460,60,wave_A,0,0
S1,yellow,15460,15463,3,wave_A,0,0
S1,red,15463,15540,77,wave_A,0,0
S1,green,15540,15600,60,wave_A,0,0
S1,yellow,15600,15603,3,wave_A,0,0
S1,red,15603,15680,77,wave_A,0,0
S1,green,15680,15740,60,wave_A,0,0
S1,yellow,15740,15743,3,wave_A,0,0
S1,red,15743,15820,77,wave_A,0,0
S1,green,15820,15880,60,wave_A,0,0
S1,yellow,15880,15883,3,wave_A,0,0
S1,red,15883,15960,77,wave_A,0,0
S1,green,15960,16020,60,wave_A,0,0
S1,yellow,16020,16023,3,wave_A,0,0
S1,red,16023,16100,77,wave_A,0,0
S1,green,16100,16160,60,wave_A,0,0
S1,yellow,16160,16163,3,wave_A,0,0
S1,red,16163,16240,77,wave_A,0,0
S1,green,16240,16300,60,wave_A,0,0
S1,yellow,16300,16303,3,wave_A,0,0
S1,red,16303,16380,77,wave_A,0,0
S1,green,16380,16440,60,wave_A,0,0
S1,yellow,16440,16443,3,wave_A,0,0
S1,red,16443,16520,77,wave_A,0,0
S1,green,16520,16580,60,wave_A,0,0
S1,yellow,16580,16583,3,wave_A,0,0
S1,red,16583,16660,77,wave_A,0,0
S1,green,16660,16720,60,wave_A,0,0
S1,yellow,16720,16723,3,wave_A,0,0
S1,red,16723,16800,77,wave_A,0,0
S1,green,16800,16860,60,wave_A,0,0
S1,yellow,16860,16863,3,wave_A,0,0
S1,red,16863,16940,77,wave_A,0,0
S1,green,16940,17000,60,wave_A,0,0
S1,yellow,17000,17003,3,wave_A,0,0
S1,red,17003,17080,77,wave_A,0,0
S1,green,17080,17140,60,wave_A,0,0
S1,yellow,17140,17143,3,wave_A,0,0
S1,red,17143,17220,77,wave_A,0,0
S1,green,17220,17280,60,wave_A,0,0
S1,yellow,17280,17283,3,wave_A,0,0
S1,red,17283,17360,77,wave_A,0,0
S1,green,17360,17420,60,wave_A,0,0
S1,yellow,17420,17423,3,wave_A,0,0
S1,red,17423,17500,77,wave_A,0,0
S1,green,17500,17560,60,wave_A,0,0
S1,yellow,17560,17563,3,wave_A,0,0
S1,red,17563,17640,77,wave_A,0,0
S1,green,17640,17700,60,wave_A,0,0
S1,yellow,17700,17703,3,wave_A,0,0
S1,red,17703,17780,77,wave_A,0,0
S1,green,17780,17840,60,wave_A,0,0
S1,yellow,17840,17843,3,wave_A,0,0
S1,red,17843,17920,77,wave_A,0,0
S1,green,17920,17980,60,wave_A,0,0
S1,yellow,17980,17983,3,wave_A,0,0
S1,red,17983,18060,77,wave_A,0,0
S1,green,18060,18120,60,wave_A,0,0
S1,yellow,18120,18123,3,wave_A,0,0
S1,red,18123,18200,77,wave_A,0,0
S1,green,18200,18260,60,wave_A,0,0
S1,yellow,18260,18263,3,wave_A,0,0
S1,red,18263,18340,77,wave_A,0,0
S1,green,18340,18400,60,wave_A,0,0
S1,yellow,18400,18403,3,wave_A,0,0
S1,red,18403,18480,77,wave_A,0,0
S1,green,18480,18540,60,wave_A,0,0
S1,yellow,18540,18543,3,wave_A,0,0
S1,red,18543,18620,77,wave_A,0,0
S1,green,18620,18680,60,wave_A,0,0
S1,yellow,18680,18683,3,wave_A,0,0
S1,red,18683,18760,77,wave_A,0,0
S1,green,18760,18820,60,wave_A,0,0
S1,yellow,18820,18823,3,wave_A,0,0
S1,red,18823,18900,77,wave_A,0,0
S1,green,18900,18960,60,wave_A,0,0
S1,yellow,18960,18963,3,wave_A,0,0
S1,red,18963,19040,77,wave_A,0,0
S1,green,19040,19100,60,wave_A,0,0
S1,yellow,19100,19103,3,wave_A,0,0
S1,red,19103,19180,77,wave_A,0,0
S1,green,19180,19240,60,wave_A,0,0
S1,yellow,19240,19243,3,wave_A,0,0
S1,red,19243,19320,77,wave_A,0,0
S1,green,19320,19380,60,wave_A,0,0
S1,yellow,19380,19383,3,wave_A,0,0
S1,red,19383,19460,77,wave_A,0,0
S1,green,19460,19520,60,wave_A,0,0
S1,yellow,19520,19523,3,wave_A,0,0
S1,red,19523,19600,77,wave_A,0,0
S1,green,19600,19660,60,wave_A,0,0
S1,yellow,19660,19663,3,wave_A,0,0
S1,red,19663,19740,77,wave_A,0,0
S1,green,19740,19800,60,wave_A,0,0
S1,yellow,19800,19803,3,wave_A,0,0
S1,red,19803,19880,77,wave_A,0,0
S1,green,19880,19940,60,wave_A,0,0
S1,yellow,19940,19943,3,wave_A,0,0
S1,red,19943,20020,77,wave_A,0,0
S1,green,20020,20080,60,wave_A,0,0
S1,yellow,20080,20083,3,wave_A,0,0
S1,red,20083,20160,77,wave_A,0,0
S1,green,20160,20220,60,wave_A,0,0
S1,yellow,20220,20223,3,wave_A,0,0
S1,red,20223,20300,77,wave_A,0,0
S1,green,20300,20360,60,wave_A,0,0
S1,yellow,20360,20363,3,wave_A,0,0
S1,red,20363,20440,77,wave_A,0,0
S1,green,20440,20500,60,wave_A,0,0
S1,yellow,20500,20503,3,wave_A,0,0
S1,red,20503,20580,77,wave_A,0,0
S1,green,20580,20640,60,wave_A,0,0
S1,yellow,20640,20643,3,wave_A,0,0
S1,red,20643,20720,77,wave_A,0,0
S1,green,20720,20780,60,wave_A,0,0
S1,yellow,20780,20783,3,wave_A,0,0
S1,red,20783,20860,77,wave_A,0,0
S1,green,20860,20920,60,wave_A,0,0
S1,yellow,20920,20923,3,wave_A,0,0
S1,red,20923,21000,77,wave_A,0,0
S1,green,21000,21060,60,wave_A,0,0
S1,yellow,21060,21063,3,wave_A,0,0
S1,red,21063,21140,77,wave_A,0,0
S1,green,21140,21200,60,wave_A,0,0
S1,yellow,21200,21203,3,wave_A,0,0
S1,red,21203,21280,77,wave_A,0,0
S1,green,21280,21340,60,wave_A,0,0
S1,yellow,21340,21343,3,wave_A,0,0
S1,red,21343,21420,77,wave_A,0,0
S1,green,21420,21480,60,wave_A,0,0
S1,yellow,21480,21483,3,wave_A,0,0
S1,red,21483,21560,77,wave_A,0,0
S1,green,21560,21620,60,wave_A,0,0
S1,yellow,21620,21623,3,wave_A,0,0
S1,red,21623,21700,77,wave_A,0,0
S1,green,21700,21760,60,wave_A,0,0
S1,yellow,21760,21763,3,wave_A,0,0
S1,red,21763,21840,77,wave_A,0,0
S1,green,21840,21900,60,wave_A,0,0
S1,yellow,21900,21903,3,wave_A,0,0
S1,red,21903,21980,77,wave_A,0,0
S1,green,21980,22040,60,wave_A,0,0
S1,yellow,22040,22043,3,wave_A,0,0
S1,red,22043,22120,77,wave_A,0,0
S1,green,22120,22180,60,wave_A,0,0
S1,yellow,22180,22183,3,wave_A,0,0
S1,red,22183,22260,77,wave_A,0,0
S1,green,22260,22320,60,wave_A,0,0
S1,yellow,22320,22323,3,wave_A,0,0
S1,red,22323,22400,77,wave_A,0,0
S1,green,22400,22460,60,wave_A,0,0
S1,yellow,22460,22463,3,wave_A,0,0
S1,red,22463,22540,77,wave_A,0,0
S1,green,22540,22600,60,wave_A,0,0
S1,yellow,22600,22603,3,wave_A,0,0
S1,red,22603,22680,77,wave_A,0,0
S1,green,22680,22740,60,wave_A,0,0
S1,yellow,22740,22743,3,wave_A,0,0
S1,red,22743,22820,77,wave_A,0,0
S1,green,22820,22880,60,wave_A,0,0
S1,yellow,22880,22883,3,wave_A,0,0
S1,red,22883,22960,77,wave_A,0,0
S1,green,22960,23020,60,wave_A,0,0
S1,yellow,23020,23023,3,wave_A,0,0
S1,red,23023,23100,77,wave_A,0,0
S1,green,23100,23160,60,wave_A,0,0
S1,yellow,23160,23163,3,wave_A,0,0
S1,red,23163,23240,77,wave_A,0,0
S1,green,23240,23300,60,wave_A,0,0
S1,yellow,23300,23303,3,wave_A,0,0
S1,red,23303,23380,77,wave_A,0,0
S1,green,23380,23440,60,wave_A,0,0
S1,yellow,23440,23443,3,wave_A,0,0
S1,red,23443,23520,77,wave_A,0,0
S1,green,23520,23580,60,wave_A,0,0
S1,yellow,23580,23583,3,wave_A,0,0
S1,red,23583,23660,77,wave_A,0,0
S1,green,23660,23720,60,wave_A,0,0
S1,yellow,23720,23723,3,wave_A,0,0
S1,red,23723,23800,77,wave_A,0,0
S1,green,23800,23860,60,wave_A,0,0
S1,yellow,23860,23863,3,wave_A,0,0
S1,red,23863,23940,77,wave_A,0,0
S1,green,23940,24000,60,wave_A,0,0
S1,yellow,24000,24003,3,wave_A,0,0
S1,red,24003,24080,77,wave_A,0,0
S1,green,24080,24140,60,wave_A,0,0
S1,yellow,24140,24143,3,wave_A,0,0
S1,red,24143,24220,77,wave_A,0,0
S1,green,24220,24280,60,wave_A,0,0
S1,yellow,24280,24283,3,wave_A,0,0
S1,red,24283,24360,77,wave_A,0,0
S1,green,24360,24420,60,wave_A,0,0
S1,yellow,24420,24423,3,wave_A,0,0
S1,red,24423,24500,77,wave_A,0,0
S1,green,24500,24560,60,wave_A,0,0
S1,yellow,24560,24563,3,wave_A,0,0
S1,red,24563,24640,77,wave_A,0,0
S1,green,24640,24700,60,wave_A,0,0
S1,yellow,24700,24703,3,wave_A,0,0
S1,red,24703,24780,77,wave_A,0,0
S1,green,24780,24840,60,wave_A,0,0
S1,yellow,24840,24843,3,wave_A,0,0
S1,red,24843,24920,77,wave_A,0,0
S1,green,24920,24980,60,wave_A,0,0
S1,yellow,24980,24983,3,wave_A,0,0
S1,red,24983,25060,77,wave_A,0,0
S1,green,25060,25120,60,wave_A,0,0
S1,yellow,25120,25123,3,wave_A,0,0
S1,red,25123,25200,77,wave_A,0,0
S1,green,25200,25260,60,wave_A,0,0
S1,yellow,25260,25263,3,wave_A,0,0
S1,red,25263,25340,77,wave_A,0,0
S1,green,25340,25400,60,wave_A,0,0
S1,yellow,25400,25403,3,wave_A,0,0
S1,red,25403,25480,77,wave_A,0,0
S1,green,25480,25540,60,wave_A,0,0
S1,yellow,25540,25543,3,wave_A,0,0
S1,red,25543,25620,77,wave_A,0,0
S1,green,25620,25680,60,wave_A,0,0
S1,yellow,25680,25683,3,wave_A,0,0
S1,red,25683,25760,77,wave_A,0,0
S1,green,25760,25820,60,wave_A,0,0
S1,yellow,25820,25823,3,wave_A,0,0
S1,red,25823,25900,77,wave_A,0,0
S1,green,25900,25960,60,wave_A,0,0
S1,yellow,25960,25963,3,wave_A,0,0
S1,red,25963,26040,77,wave_A,0,0
S1,green,26040,26100,60,wave_A,0,0
S1,yellow,26100,26103,3,wave_A,0,0
S1,red,26103,26180,77,wave_A,0,0
S1,green,26180,26240,60,wave_A,0,0
S1,yellow,26240,26243,3,wave_A,0,0
S1,red,26243,26320,77,wave_A,0,0
S1,green,26320,26380,60,wave_A,0,0
S1,yellow,26380,26383,3,wave_A,0,0
S1,red,26383,26460,77,wave_A,0,0
S1,green,26460,26520,60,wave_A,0,0
S1,yellow,26520,26523,3,wave_A,0,0
S1,red,26523,26600,77,wave_A,0,0
S1,green,26600,26660,60,wave_A,0,0
S1,yellow,26660,26663,3,wave_A,0,0
S1,red,26663,26740,77,wave_A,0,0
S1,green,26740,26800,60,wave_A,0,0
S1,yellow,26800,26803,3,wave_A,0,0
S1,red,26803,26880,77,wave_A,0,0
S1,green,26880,26940,60,wave_A,0,0
S1,yellow,26940,26943,3,wave_A,0,0
S1,red,26943,27020,77,wave_A,0,0
S1,green,27020,27080,60,wave_A,0,0
S1,yellow,27080,27083,3,wave_A,0,0
S1,red,27083,27160,77,wave_A,0,0
S1,green,27160,27220,60,wave_A,0,0
S1,yellow,27220,27223,3,wave_A,0,0
S1,red,27223,27300,77,wave_A,0,0
S1,green,27300,27360,60,wave_A,0,0
S1,yellow,27360,27363,3,wave_A,0,0
S1,red,27363,27440,77,wave_A,0,0
S1,green,27440,27500,60,wave_A,0,0
S1,yellow,27500,27503,3,wave_A,0,0
S1,red,27503,27580,77,wave_A,0,0
S1,green,27580,27640,60,wave_A,0,0
S1,yellow,27640,27643,3,wave_A,0,0
S1,red,27643,27720,77,wave_A,0,0
S1,green,27720,27780,60,wave_A,0,0
S1,yellow,27780,27783,3,wave_A,0,0
S1,red,27783,27860,77,wave_A,0,0
S1,green,27860,27920,60,wave_A,0,0
S1,yellow,27920,27923,3,wave_A,0,0
S1,red,27923,28000,77,wave_A,0,0
S1,green,28000,28060,60,wave_A,0,0
S1,yellow,28060,28063,3,wave_A,0,0
S1,red,28063,28140,77,wave_A,0,0
S1,green,28140,28200,60,wave_A,0,0
S1,yellow,28200,28203,3,wave_A,0,0
S1,red,28203,28280,77,wave_A,0,0
S1,green,28280,28340,60,wave_A,0,0
S1,yellow,28340,28343,3,wave_A,0,0
S1,red,28343,28420,77,wave_A,0,0
S1,green,28420,28480,60,wave_A,0,0
S1,yellow,28480,28483,3,wave_A,0,0
S1,red,28483,28560,77,wave_A,0,0
S1,green,28560,28620,60,wave_A,0,0
S1,yellow,28620,28623,3,wave_A,0,0
S1,red,28623,28700,77,wave_A,0,0
S1,green,28700,28760,60,wave_A,0,0
S1,yellow,28760,28763,3,wave_A,0,0
S1,red,28763,28840,77,wave_A,0,0
S1,green,28840,28900,60,wave_A,0,0
S1,yellow,28900,28903,3,wave_A,0,0
S1,red,28903,28980,77,wave_A,0,0
S1,green,28980,29040,60,wave_A,0,0
S1,yellow,29040,29043,3,wave_A,0,0
S1,red,29043,29120,77,wave_A,0,0
S1,green,29120,29180,60,wave_A,0,0
S1,yellow,29180,29183,3,wave_A,0,0
S1,red,29183,29260,77,wave_A,0,0
S1,green,29260,29320,60,wave_A,0,0
S1,yellow,29320,29323,3,wave_A,0,0
S1,red,29323,29400,77,wave_A,0,0
S1,green,29400,29460,60,wave_A,0,0
S1,yellow,29460,29463,3,wave_A,0,0
S1,red,29463,29540,77,wave_A,0,0
S1,green,29540,29600,60,wave_A,0,0
S1,yellow,29600,29603,3,wave_A,0,0
S1,red,29603,29680,77,wave_A,0,0
S1,green,29680,29740,60,wave_A,0,0
S1,yellow,29740,29743,3,wave_A,0,0
S1,red,29743,29820,77,wave_A,0,0
S1,green,29820,29880,60,wave_A,0,0
S1,yellow,29880,29883,3,wave_A,0,0
S1,red,29883,29960,77,wave_A,0,0
S1,green,29960,30020,60,wave_A,0,0
S1,yellow,30020,30023,3,wave_A,0,0
S1,red,30023,30100,77,wave_A,0,0
S1,green,30100,30160,60,wave_A,0,0
S1,yellow,30160,30163,3,wave_A,0,0
S1,red,30163,30240,77,wave_A,0,0
S1,green,30240,30300,60,wave_A,0,0
S1,yellow,30300,30303,3,wave_A,0,0
S1,red,30303,30380,77,wave_A,0,0
S1,green,30380,30440,60,wave_A,0,0
S1,yellow,30440,30443,3,wave_A,0,0
S1,red,30443,30520,77,wave_A,0,0
S1,green,30520,30580,60,wave_A,0,0
S1,yellow,30580,30583,3,wave_A,0,0
S1,red,30583,30660,77,wave_A,0,0
S1,green,30660,30720,60,wave_A,0,0
S1,yellow,30720,30723,3,wave_A,0,0
S1,red,30723,30800,77,wave_A,0,0
S1,green,30800,30860,60,wave_A,0,0
S1,yellow,30860,30863,3,wave_A,0,0
S1,red,30863,30940,77,wave_A,0,0
S1,green,30940,31000,60,wave_A,0,0
S1,yellow,31000,31003,3,wave_A,0,0
S1,red,31003,31080,77,wave_A,0,0
S1,green,31080,31140,60,wave_A,0,0
S1,yellow,31140,31143,3,wave_A,0,0
S1,red,31143,31220,77,wave_A,0,0
S1,green,31220,31280,60,wave_A,0,0
S1,yellow,31280,31283,3,wave_A,0,0
S1,red,31283,31360,77,wave_A,0,0
S1,green,31360,31420,60,wave_A,0,0
S1,yellow,31420,31423,3,wave_A,0,0
S1,red,31423,31500,77,wave_A,0,0
S1,green,31500,31560,60,wave_A,0,0
S1,yellow,31560,31563,3,wave_A,0,0
S1,red,31563,31640,77,wave_A,0,0
S1,green,31640,31700,60,wave_A,0,0
S1,yellow,31700,31703,3,wave_A,0,0
S1,red,31703,31780,77,wave_A,0,0
S1,green,31780,31840,60,wave_A,0,0
S1,yellow,31840,31843,3,wave_A,0,0
S1,red,31843,31920,77,wave_A,0,0
S1,green,31920,31980,60,wave_A,0,0
S1,yellow,31980,31983,3,wave_A,0,0
S1,red,31983,32060,77,wave_A,0,0
S1,green,32060,32120,60,wave_A,0,0
S1,yellow,32120,32123,3,wave_A,0,0
S1,red,32123,32200,77,wave_A,0,0
S1,green,32200,32260,60,wave_A,0,0
S1,yellow,32260,32263,3,wave_A,0,0
S1,red,32263,32340,77,wave_A,0,0
S1,green,32340,32400,60,wave_A,0,0
S1,yellow,32400,32403,3,wave_A,0,0
S1,red,32403,32480,77,wave_A,0,0
S1,green,32480,32540,60,wave_A,0,0
S1,yellow,32540,32543,3,wave_A,0,0
S1,red,32543,32620,77,wave_A,0,0
S1,green,32620,32680,60,wave_A,0,0
S1,yellow,32680,32683,3,wave_A,0,0
S1,red,32683,32760,77,wave_A,0,0
S1,green,32760,32820,60,wave_A,0,0
S1,yellow,32820,32823,3,wave_A,0,0
S1,red,32823,32900,77,wave_A,0,0
S1,green,32900,32960,60,wave_A,0,0
S1,yellow,32960,32963,3,wave_A,0,0
S1,red,32963,33040,77,wave_A,0,0
S1,green,33040,33100,60,wave_A,0,0
S1,yellow,33100,33103,3,wave_A,0,0
S1,red,33103,33180,77,wave_A,0,0
S1,green,33180,33240,60,wave_A,0,0
S1,yellow,33240,33243,3,wave_A,0,0
S1,red,33243,33320,77,wave_A,0,0
S1,green,33320,33380,60,wave_A,0,0
S1,yellow,33380,33383,3,wave_A,0,0
S1,red,33383,33460,77,wave_A,0,0
S1,green,33460,33520,60,wave_A,0,0
S1,yellow,33520,33523,3,wave_A,0,0
S1,red,33523,33600,77,wave_A,0,0
S1,green,33600,33660,60,wave_A,0,0
S1,yellow,33660,33663,3,wave_A,0,0
S1,red,33663,33740,77,wave_A,0,0
S1,green,33740,33800,60,wave_A,0,0
S1,yellow,33800,33803,3,wave_A,0,0
S1,red,33803,33880,77,wave_A,0,0
S1,green,33880,33940,60,wave_A,0,0
S1,yellow,33940,33943,3,wave_A,0,0
S1,red,33943,34020,77,wave_A,0,0
S1,green,34020,34080,60,wave_A,0,0
S1,yellow,34080,34083,3,wave_A,0,0
S1,red,34083,34160,77,wave_A,0,0
S1,green,34160,34220,60,wave_A,0,0
S1,yellow,34220,34223,3,wave_A,0,0
S1,red,34223,34300,77,wave_A,0,0
S1,green,34300,34360,60,wave_A,0,0
S1,yellow,34360,34363,3,wave_A,0,0
S1,red,34363,34440,77,wave_A,0,0
S1,green,34440,34500,60,wave_A,0,0
S1,yellow,34500,34503,3,wave_A,0,0
S1,red,34503,34580,77,wave_A,0,0
S1,green,34580,34640,60,wave_A,0,0
S1,yellow,34640,34643,3,wave_A,0,0
S1,red,34643,34720,77,wave_A,0,0
S1,green,34720,34780,60,wave_A,0,0
S1,yellow,34780,34783,3,wave_A,0,0
S1,red,34783,34860,77,wave_A,0,0
S1,green,34860,34920,60,wave_A,0,0
S1,yellow,34920,34923,3,wave_A,0,0
S1,red,34923,35000,77,wave_A,0,0
S1,green,35000,35060,60,wave_A,0,0
S1,yellow,35060,35063,3,wave_A,0,0
S1,red,35063,35140,77,wave_A,0,0
S1,green,35140,35200,60,wave_A,0,0
S1,yellow,35200,35203,3,wave_A,0,0
S1,red,35203,35280,77,wave_A,0,0
S1,green,35280,35340,60,wave_A,0,0
S1,yellow,35340,35343,3,wave_A,0,0
S1,red,35343,35420,77,wave_A,0,0
S1,green,35420,35480,60,wave_A,0,0
S1,yellow,35480,35483,3,wave_A,0,0
S1,red,35483,35560,77,wave_A,0,0
S1,green,35560,35620,60,wave_A,0,0
S1,yellow,35620,35623,3,wave_A,0,0
S1,red,35623,35700,77,wave_A,0,0
S1,green,35700,35760,60,wave_A,0,0
S1,yellow,35760,35763,3,wave_A,0,0
S1,red,35763,35840,77,wave_A,0,0
S1,green,35840,35900,60,wave_A,0,0
S1,yellow,35900,35903,3,wave_A,0,0
S1,red,35903,35980,77,wave_A,0,0
S1,green,35980,36040,60,wave_A,0,0
S1,yellow,36040,36043,3,wave_A,0,0
S1,red,36043,36120,77,wave_A,0,0
S1,green,36120,36180,60,wave_A,0,0
S1,yellow,36180,36183,3,wave_A,0,0
S1,red,36183,36260,77,wave_A,0,0
S1,green,36260,36320,60,wave_A,0,0
S1,yellow,36320,36323,3,wave_A,0,0
S1,red,36323,36400,77,wave_A,0,0
S1,green,36400,36460,60,wave_A,0,0
S1,yellow,36460,36463,3,wave_A,0,0
S1,red,36463,36540,77,wave_A,0,0
S1,green,36540,36600,60,wave_A,0,0
S1,yellow,36600,36603,3,wave_A,0,0
S1,red,36603,36680,77,wave_A,0,0
S1,green,36680,36740,60,wave_A,0,0
S1,yellow,36740,36743,3,wave_A,0,0
S1,red,36743,36820,77,wave_A,0,0
S1,green,36820,36880,60,wave_A,0,0
S1,yellow,36880,36883,3,wave_A,0,0
S1,red,36883,36960,77,wave_A,0,0
S1,green,36960,37020,60,wave_A,0,0
S1,yellow,37020,37023,3,wave_A,0,0
S1,red,37023,37100,77,wave_A,0,0
S1,green,37100,37160,60,wave_A,0,0
S1,yellow,37160,37163,3,wave_A,0,0
S1,red,37163,37240,77,wave_A,0,0
S1,green,37240,37300,60,wave_A,0,0
S1,yellow,37300,37303,3,wave_A,0,0
S1,red,37303,37380,77,wave_A,0,0
S1,green,37380,37440,60,wave_A,0,0
S1,yellow,37440,37443,3,wave_A,0,0
S1,red,37443,37520,77,wave_A,0,0
S1,green,37520,37580,60,wave_A,0,0
S1,yellow,37580,37583,3,wave_A,0,0
S1,red,37583,37660,77,wave_A,0,0
S1,green,37660,37720,60,wave_A,0,0
S1,yellow,37720,37723,3,wave_A,0,0
S1,red,37723,37800,77,wave_A,0,0
S1,green,37800,37860,60,wave_A,0,0
S1,yellow,37860,37863,3,wave_A,0,0
S1,red,37863,37940,77,wave_A,0,0
S1,green,37940,38000,60,wave_A,0,0
S1,yellow,38000,38003,3,wave_A,0,0
S1,red,38003,38080,77,wave_A,0,0
S1,green,38080,38140,60,wave_A,0,0
S1,yellow,38140,38143,3,wave_A,0,0
S1,red,38143,38220,77,wave_A,0,0
S1,green,38220,38280,60,wave_A,0,0
S1,yellow,38280,38283,3,wave_A,0,0
S1,red,38283,38360,77,wave_A,0,0
S1,green,38360,38420,60,wave_A,0,0
S1,yellow,38420,38423,3,wave_A,0,0
S1,red,38423,38500,77,wave_A,0,0
S1,green,38500,38560,60,wave_A,0,0
S1,yellow,38560,38563,3,wave_A,0,0
S1,red,38563,38640,77,wave_A,0,0
S1,green,38640,38700,60,wave_A,0,0
S1,yellow,38700,38703,3,wave_A,0,0
S1,red,38703,38780,77,wave_A,0,0
S1,green,38780,38840,60,wave_A,0,0
S1,yellow,38840,38843,3,wave_A,0,0
S1,red,38843,38920,77,wave_A,0,0
S1,green,38920,38980,60,wave_A,0,0
S1,yellow,38980,38983,3,wave_A,0,0
S1,red,38983,39060,77,wave_A,0,0
S1,green,39060,39120,60,wave_A,0,0
S1,yellow,39120,39123,3,wave_A,0,0
S1,red,39123,39200,77,wave_A,0,0
S1,green,39200,39260,60,wave_A,0,0
S1,yellow,39260,39263,3,wave_A,0,0
S1,red,39263,39340,77,wave_A,0,0
S1,green,39340,39400,60,wave_A,0,0
S1,yellow,39400,39403,3,wave_A,0,0
S1,red,39403,39480,77,wave_A,0,0
S1,green,39480,39540,60,wave_A,0,0
S1,yellow,39540,39543,3,wave_A,0,0
S1,red,39543,39620,77,wave_A,0,0
S1,green,39620,39680,60,wave_A,0,0
S1,yellow,39680,39683,3,wave_A,0,0
S1,red,39683,39760,77,wave_A,0,0
S1,green,39760,39820,60,wave_A,0,0
S1,yellow,39820,39823,3,wave_A,0,0
S1,red,39823,39900,77,wave_A,0,0
S1,green,39900,39960,60,wave_A,0,0
S1,yellow,39960,39963,3,wave_A,0,0
S1,red,39963,40040,77,wave_A,0,0
S1,green,40040,40100,60,wave_A,0,0
S1,yellow,40100,40103,3,wave_A,0,0
S1,red,40103,40180,77,wave_A,0,0
S1,green,40180,40240,60,wave_A,0,0
S1,yellow,40240,40243,3,wave_A,0,0
S1,red,40243,40320,77,wave_A,0,0
S1,green,40320,40380,60,wave_A,0,0
S1,yellow,40380,40383,3,wave_A,0,0
S1,red,40383,40460,77,wave_A,0,0
S1,green,40460,40520,60,wave_A,0,0
S1,yellow,40520,40523,3,wave_A,0,0
S1,red,40523,40600,77,wave_A,0,0
S1,green,40600,40660,60,wave_A,0,0
S1,yellow,40660,40663,3,wave_A,0,0
S1,red,40663,40740,77,wave_A,0,0
S1,green,40740,40800,60,wave_A,0,0
S1,yellow,40800,40803,3,wave_A,0,0
S1,red,40803,40880,77,wave_A,0,0
S1,green,40880,40940,60,wave_A,0,0
S1,yellow,40940,40943,3,wave_A,0,0
S1,red,40943,41020,77,wave_A,0,0
S1,green,41020,41080,60,wave_A,0,0
S1,yellow,41080,41083,3,wave_A,0,0
S1,red,41083,41160,77,wave_A,0,0
S1,green,41160,41220,60,wave_A,0,0
S1,yellow,41220,41223,3,wave_A,0,0
S1,red,41223,41300,77,wave_A,0,0
S1,green,41300,41360,60,wave_A,0,0
S1,yellow,41360,41363,3,wave_A,0,0
S1,red,41363,41440,77,wave_A,0,0
S1,green,41440,41500,60,wave_A,0,0
S1,yellow,41500,41503,3,wave_A,0,0
S1,red,41503,41580,77,wave_A,0,0
S1,green,41580,41640,60,wave_A,0,0
S1,yellow,41640,41643,3,wave_A,0,0
S1,red,41643,41720,77,wave_A,0,0
S1,green,41720,41780,60,wave_A,0,0
S1,yellow,41780,41783,3,wave_A,0,0
S1,red,41783,41860,77,wave_A,0,0
S1,green,41860,41920,60,wave_A,0,0
S1,yellow,41920,41923,3,wave_A,0,0
S1,red,41923,42000,77,wave_A,0,0
S1,green,42000,42060,60,wave_A,0,0
S1,yellow,42060,42063,3,wave_A,0,0
S1,red,42063,42140,77,wave_A,0,0
S1,green,42140,42200,60,wave_A,0,0
S1,yellow,42200,42203,3,wave_A,0,0
S1,red,42203,42280,77,wave_A,0,0
S1,green,42280,42340,60,wave_A,0,0
S1,yellow,42340,42343,3,wave_A,0,0
S1,red,42343,42420,77,wave_A,0,0
S1,green,42420,42480,60,wave_A,0,0
S1,yellow,42480,42483,3,wave_A,0,0
S1,red,42483,42560,77,wave_A,0,0
S1,green,42560,42620,60,wave_A,0,0
S1,yellow,42620,42623,3,wave_A,0,0
S1,red,42623,42700,77,wave_A,0,0
S1,green,42700,42760,60,wave_A,0,0
S1,yellow,42760,42763,3,wave_A,0,0
S1,red,42763,42840,77,wave_A,0,0
S1,green,42840,42900,60,wave_A,0,0
S1,yellow,42900,42903,3,wave_A,0,0
S1,red,42903,42980,77,wave_A,0,0
S1,green,42980,43040,60,wave_A,0,0
S1,yellow,43040,43043,3,wave_A,0,0
S1,red,43043,43120,77,wave_A,0,0
S1,green,43120,43180,60,wave_A,0,0
S1,yellow,43180,43183,3,wave_A,0,0
S1,red,43183,43260,77,wave_A,0,0
S1,green,43260,43320,60,wave_A,0,0
S1,yellow,43320,43323,3,wave_A,0,0
S1,red,43323,43400,77,wave_A,0,0
S1,green,43400,43460,60,wave_A,0,0
S1,yellow,43460,43463,3,wave_A,0,0
S1,red,43463,43540,77,wave_A,0,0
S1,green,43540,43600,60,wave_A,0,0
S1,yellow,43600,43603,3,wave_A,0,0
S1,red,43603,43680,77,wave_A,0,0
S1,green,43680,43740,60,wave_A,0,0
S1,yellow,43740,43743,3,wave_A,0,0
S1,red,43743,43820,77,wave_A,0,0
S1,green,43820,43880,60,wave_A,0,0
S1,yellow,43880,43883,3,wave_A,0,0
S1,red,43883,43960,77,wave_A,0,0
S1,green,43960,44020,60,wave_A,0,0
S1,yellow,44020,44023,3,wave_A,0,0
S1,red,44023,44100,77,wave_A,0,0
S1,green,44100,44160,60,wave_A,0,0
S1,yellow,44160,44163,3,wave_A,0,0
S1,red,44163,44240,77,wave_A,0,0
S1,green,44240,44300,60,wave_A,0,0
S1,yellow,44300,44303,3,wave_A,0,0
S1,red,44303,44380,77,wave_A,0,0
S1,green,44380,44440,60,wave_A,0,0
S1,yellow,44440,44443,3,wave_A,0,0
S1,red,44443,44520,77,wave_A,0,0
S1,green,44520,44580,60,wave_A,0,0
S1,yellow,44580,44583,3,wave_A,0,0
S1,red,44583,44660,77,wave_A,0,0
S1,green,44660,44720,60,wave_A,0,0
S1,yellow,44720,44723,3,wave_A,0,0
S1,red,44723,44800,77,wave_A,0,0
S1,green,44800,44860,60,wave_A,0,0
S1,yellow,44860,44863,3,wave_A,0,0
S1,red,44863,44940,77,wave_A,0,0
S1,green,44940,45000,60,wave_A,0,0
S1,yellow,45000,45003,3,wave_A,0,0
S1,red,45003,45080,77,wave_A,0,0
S1,green,45080,45140,60,wave_A,0,0
S1,yellow,45140,45143,3,wave_A,0,0
S1,red,45143,45220,77,wave_A,0,0
S1,green,45220,45280,60,wave_A,0,0
S1,yellow,45280,45283,3,wave_A,0,0
S1,red,45283,45360,77,wave_A,0,0
S1,green,45360,45420,60,wave_A,0,0
S1,yellow,45420,45423,3,wave_A,0,0
S1,red,45423,45500,77,wave_A,0,0
S1,green,45500,45560,60,wave_A,0,0
S1,yellow,45560,45563,3,wave_A,0,0
S1,red,45563,45640,77,wave_A,0,0
S1,green,45640,45700,60,wave_A,0,0
S1,yellow,45700,45703,3,wave_A,0,0
S1,red,45703,45780,77,wave_A,0,0
S1,green,45780,45840,60,wave_A,0,0
S1,yellow,45840,45843,3,wave_A,0,0
S1,red,45843,45920,77,wave_A,0,0
S1,green,45920,45980,60,wave_A,0,0
S1,yellow,45980,45983,3,wave_A,0,0
S1,red,45983,46060,77,wave_A,0,0
S1,green,46060,46120,60,wave_A,0,0
S1,yellow,46120,46123,3,wave_A,0,0
S1,red,46123,46200,77,wave_A,0,0
S1,green,46200,46260,60,wave_A,0,0
S1,yellow,46260,46263,3,wave_A,0,0
S1,red,46263,46340,77,wave_A,0,0
S1,green,46340,46400,60,wave_A,0,0
S1,yellow,46400,46403,3,wave_A,0,0
S1,red,46403,46480,77,wave_A,0,0
S1,green,46480,46540,60,wave_A,0,0
S1,yellow,46540,46543,3,wave_A,0,0
S1,red,46543,46620,77,wave_A,0,0
S1,green,46620,46680,60,wave_A,0,0
S1,yellow,46680,46683,3,wave_A,0,0
S1,red,46683,46760,77,wave_A,0,0
S1,green,46760,46820,60,wave_A,0,0
S1,yellow,46820,46823,3,wave_A,0,0
S1,red,46823,46900,77,wave_A,0,0
S1,green,46900,46960,60,wave_A,0,0
S1,yellow,46960,46963,3,wave_A,0,0
S1,red,46963,47040,77,wave_A,0,0
S1,green,47040,47100,60,wave_A,0,0
S1,yellow,47100,47103,3,wave_A,0,0
S1,red,47103,47180,77,wave_A,0,0
S1,green,47180,47240,60,wave_A,0,0
S1,yellow,47240,47243,3,wave_A,0,0
S1,red,47243,47320,77,wave_A,0,0
S1,green,47320,47380,60,wave_A,0,0
S1,yellow,47380,47383,3,wave_A,0,0
S1,red,47383,47460,77,wave_A,0,0
S1,green,47460,47520,60,wave_A,0,0
S1,yellow,47520,47523,3,wave_A,0,0
S1,red,47523,47600,77,wave_A,0,0
S1,green,47600,47660,60,wave_A,0,0
S1,yellow,47660,47663,3,wave_A,0,0
S1,red,47663,47740,77,wave_A,0,0
S1,green,47740,47800,60,wave_A,0,0
S1,yellow,47800,47803,3,wave_A,0,0
S1,red,47803,47880,77,wave_A,0,0
S1,green,47880,47940,60,wave_A,0,0
S1,yellow,47940,47943,3,wave_A,0,0
S1,red,47943,48020,77,wave_A,0,0
S1,green,48020,48080,60,wave_A,0,0
S1,yellow,48080,48083,3,wave_A,0,0
S1,red,48083,48160,77,wave_A,0,0
S1,green,48160,48220,60,wave_A,0,0
S1,yellow,48220,48223,3,wave_A,0,0
S1,red,48223,48300,77,wave_A,0,0
S1,green,48300,48360,60,wave_A,0,0
S1,yellow,48360,48363,3,wave_A,0,0
S1,red,48363,48440,77,wave_A,0,0
S1,green,48440,48500,60,wave_A,0,0
S1,yellow,48500,48503,3,wave_A,0,0
S1,red,48503,48580,77,wave_A,0,0
S1,green,48580,48640,60,wave_A,0,0
S1,yellow,48640,48643,3,wave_A,0,0
S1,red,48643,48720,77,wave_A,0,0
S1,green,48720,48780,60,wave_A,0,0
S1,yellow,48780,48783,3,wave_A,0,0
S1,red,48783,48860,77,wave_A,0,0
S1,green,48860,48920,60,wave_A,0,0
S1,yellow,48920,48923,3,wave_A,0,0
S1,red,48923,49000,77,wave_A,0,0
S1,green,49000,49060,60,wave_A,0,0
S1,yellow,49060,49063,3,wave_A,0,0
S1,red,49063,49140,77,wave_A,0,0
S1,green,49140,49200,60,wave_A,0,0
S1,yellow,49200,49203,3,wave_A,0,0
S1,red,49203,49280,77,wave_A,0,0
S1,green,49280,49340,60,wave_A,0,0
S1,yellow,49340,49343,3,wave_A,0,0
S1,red,49343,49420,77,wave_A,0,0
S1,green,49420,49480,60,wave_A,0,0
S1,yellow,49480,49483,3,wave_A,0,0
S1,red,49483,49560,77,wave_A,0,0
S1,green,49560,49620,60,wave_A,0,0
S1,yellow,49620,49623,3,wave_A,0,0
S1,red,49623,49700,77,wave_A,0,0
S1,green,49700,49760,60,wave_A,0,0
S1,yellow,49760,49763,3,wave_A,0,0
S1,red,49763,49840,77,wave_A,0,0
S1,green,49840,49900,60,wave_A,0,0
S1,yellow,49900,49903,3,wave_A,0,0
S1,red,49903,49980,77,wave_A,0,0
S1,green,49980,50040,60,wave_A,0,0
S1,yellow,50040,50043,3,wave_A,0,0
S1,red,50043,50120,77,wave_A,0,0
S1,green,50120,50180,60,wave_A,0,0
S1,yellow,50180,50183,3,wave_A,0,0
S1,red,50183,50260,77,wave_A,0,0
S1,green,50260,50320,60,wave_A,0,0
S1,yellow,50320,50323,3,wave_A,0,0
S1,red,50323,50400,77,wave_A,0,0
S1,green,50400,50460,60,wave_A,0,0
S1,yellow,50460,50463,3,wave_A,0,0
S1,red,50463,50540,77,wave_A,0,0
S1,green,50540,50600,60,wave_A,0,0
S1,yellow,50600,50603,3,wave_A,0,0
S1,red,50603,50680,77,wave_A,0,0
S1,green,50680,50740,60,wave_A,0,0
S1,yellow,50740,50743,3,wave_A,0,0
S1,red,50743,50820,77,wave_A,0,0
S1,green,50820,50880,60,wave_A,0,0
S1,yellow,50880,50883,3,wave_A,0,0
S1,red,50883,50960,77,wave_A,0,0
S1,green,50960,51020,60,wave_A,0,0
S1,yellow,51020,51023,3,wave_A,0,0
S1,red,51023,51100,77,wave_A,0,0
S1,green,51100,51160,60,wave_A,0,0
S1,yellow,51160,51163,3,wave_A,0,0
S1,red,51163,51240,77,wave_A,0,0
S1,green,51240,51300,60,wave_A,0,0
S1,yellow,51300,51303,3,wave_A,0,0
S1,red,51303,51380,77,wave_A,0,0
S1,green,51380,51440,60,wave_A,0,0
S1,yellow,51440,51443,3,wave_A,0,0
S1,red,51443,51520,77,wave_A,0,0
S1,green,51520,51580,60,wave_A,0,0
S1,yellow,51580,51583,3,wave_A,0,0
S1,red,51583,51660,77,wave_A,0,0
S1,green,51660,51720,60,wave_A,0,0
S1,yellow,51720,51723,3,wave_A,0,0
S1,red,51723,51800,77,wave_A,0,0
S1,green,51800,51860,60,wave_A,0,0
S1,yellow,51860,51863,3,wave_A,0,0
S1,red,51863,51940,77,wave_A,0,0
S1,green,51940,52000,60,wave_A,0,0
S1,yellow,52000,52003,3,wave_A,0,0
S1,red,52003,52080,77,wave_A,0,0
S1,green,52080,52140,60,wave_A,0,0
S1,yellow,52140,52143,3,wave_A,0,0
S1,red,52143,52220,77,wave_A,0,0
S1,green,52220,52280,60,wave_A,0,0
S1,yellow,52280,52283,3,wave_A,0,0
S1,red,52283,52360,77,wave_A,0,0
S1,green,52360,52420,60,wave_A,0,0
S1,yellow,52420,52423,3,wave_A,0,0
S1,red,52423,52500,77,wave_A,0,0
S1,green,52500,52560,60,wave_A,0,0
S1,yellow,52560,52563,3,wave_A,0,0
S1,red,52563,52640,77,wave_A,0,0
S1,green,52640,52700,60,wave_A,0,0
S1,yellow,52700,52703,3,wave_A,0,0
S1,red,52703,52780,77,wave_A,0,0
S1,green,52780,52840,60,wave_A,0,0
S1,yellow,52840,52843,3,wave_A,0,0
S1,red,52843,52920,77,wave_A,0,0
S1,green,52920,52980,60,wave_A,0,0
S1,yellow,52980,52983,3,wave_A,0,0
S1,red,52983,53060,77,wave_A,0,0
S1,green,53060,53120,60,wave_A,0,0
S1,yellow,53120,53123,3,wave_A,0,0
S1,red,53123,53200,77,wave_A,0,0
S1,green,53200,53260,60,wave_A,0,0
S1,yellow,53260,53263,3,wave_A,0,0
S1,red,53263,53340,77,wave_A,0,0
S1,green,53340,53400,60,wave_A,0,0
S1,yellow,53400,53403,3,wave_A,0,0
S1,red,53403,53480,77,wave_A,0,0
S1,green,53480,53540,60,wave_A,0,0
S1,yellow,53540,53543,3,wave_A,0,0
S1,red,53543,53620,77,wave_A,0,0
S1,green,53620,53680,60,wave_A,0,0
S1,yellow,53680,53683,3,wave_A,0,0
S1,red,53683,53760,77,wave_A,0,0
S1,green,53760,53820,60,wave_A,0,0
S1,yellow,53820,53823,3,wave_A,0,0
S1,red,53823,53900,77,wave_A,0,0
S1,green,53900,53960,60,wave_A,0,0
S1,yellow,53960,53963,3,wave_A,0,0
S1,red,53963,54040,77,wave_A,0,0
S1,green,54040,54100,60,wave_A,0,0
S1,yellow,54100,54103,3,wave_A,0,0
S1,red,54103,54180,77,wave_A,0,0
S1,green,54180,54240,60,wave_A,0,0
S1,yellow,54240,54243,3,wave_A,0,0
S1,red,54243,54320,77,wave_A,0,0
S1,green,54320,54380,60,wave_A,0,0
S1,yellow,54380,54383,3,wave_A,0,0
S1,red,54383,54460,77,wave_A,0,0
S1,green,54460,54520,60,wave_A,0,0
S1,yellow,54520,54523,3,wave_A,0,0
S1,red,54523,54600,77,wave_A,0,0
S1,green,54600,54660,60,wave_A,0,0
S1,yellow,54660,54663,3,wave_A,0,0
S1,red,54663,54740,77,wave_A,0,0
S1,green,54740,54800,60,wave_A,0,0
S1,yellow,54800,54803,3,wave_A,0,0
S1,red,54803,54880,77,wave_A,0,0
S1,green,54880,54940,60,wave_A,0,0
S1,yellow,54940,54943,3,wave_A,0,0
S1,red,54943,55020,77,wave_A,0,0
S1,green,55020,55080,60,wave_A,0,0
S1,yellow,55080,55083,3,wave_A,0,0
S1,red,55083,55160,77,wave_A,0,0
S1,green,55160,55220,60,wave_A,0,0
S1,yellow,55220,55223,3,wave_A,0,0
S1,red,55223,55300,77,wave_A,0,0
S1,green,55300,55360,60,wave_A,0,0
S1,yellow,55360,55363,3,wave_A,0,0
S1,red,55363,55440,77,wave_A,0,0
S1,green,55440,55500,60,wave_A,0,0
S1,yellow,55500,55503,3,wave_A,0,0
S1,red,55503,55580,77,wave_A,0,0
S1,green,55580,55640,60,wave_A,0,0
S1,yellow,55640,55643,3,wave_A,0,0
S1,red,55643,55720,77,wave_A,0,0
S1,green,55720,55780,60,wave_A,0,0
S1,yellow,55780,55783,3,wave_A,0,0
S1,red,55783,55860,77,wave_A,0,0
S1,green,55860,55920,60,wave_A,0,0
S1,yellow,55920,55923,3,wave_A,0,0
S1,red,55923,56000,77,wave_A,0,0
S1,green,56000,56060,60,wave_A,0,0
S1,yellow,56060,56063,3,wave_A,0,0
S1,red,56063,56140,77,wave_A,0,0
S1,green,56140,56200,60,wave_A,0,0
S1,yellow,56200,56203,3,wave_A,0,0
S1,red,56203,56280,77,wave_A,0,0
S1,green,56280,56340,60,wave_A,0,0
S1,yellow,56340,56343,3,wave_A,0,0
S1,red,56343,56420,77,wave_A,0,0
S1,green,56420,56480,60,wave_A,0,0
S1,yellow,56480,56483,3,wave_A,0,0
S1,red,56483,56560,77,wave_A,0,0
S1,green,56560,56620,60,wave_A,0,0
S1,yellow,56620,56623,3,wave_A,0,0
S1,red,56623,56700,77,wave_A,0,0
S1,green,56700,56760,60,wave_A,0,0
S1,yellow,56760,56763,3,wave_A,0,0
S1,red,56763,56840,77,wave_A,0,0
S1,green,56840,56900,60,wave_A,0,0
S1,yellow,56900,56903,3,wave_A,0,0
S1,red,56903,56980,77,wave_A,0,0
S1,green,56980,57040,60,wave_A,0,0
S1,yellow,57040,57043,3,wave_A,0,0
S1,red,57043,57120,77,wave_A,0,0
S1,green,57120,57180,60,wave_A,0,0
S1,yellow,57180,57183,3,wave_A,0,0
S1,red,57183,57260,77,wave_A,0,0
S1,green,57260,57320,60,wave_A,0,0
S1,yellow,57320,57323,3,wave_A,0,0
S1,red,57323,57400,77,wave_A,0,0
S1,green,57400,57460,60,wave_A,0,0
S1,yellow,57460,57463,3,wave_A,0,0
S1,red,57463,57540,77,wave_A,0,0
S1,green,57540,57600,60,wave_A,0,0
S1,yellow,57600,57603,3,wave_A,0,0
S1,red,57603,57680,77,wave_A,0,0
S2,red,0,18,18,wave_A,1,0
S2,green,18,58,40,wave_A,0,0
S2,yellow,58,61,3,wave_A,0,0
S2,red,61,158,97,wave_A,0,0
S2,green,158,198,40,wave_A,0,0
S2,yellow,198,201,3,wave_A,0,0
S2,red,201,298,97,wave_A,0,0
S2,green,298,338,40,wave_A,0,0
S2,yellow,338,341,3,wave_A,0,0
S2,red,341,438,97,wave_A,0,0
S2,green,438,478,40,wave_A,0,0
S2,yellow,478,481,3,wave_A,0,0
S2,red,481,578,97,wave_A,0,0
S2,green,578,618,40,wave_A,0,0
S2,yellow,618,621,3,wave_A,0,0
S2,red,621,718,97,wave_A,0,0
S2,green,718,758,40,wave_A,0,0
S2,yellow,758,761,3,wave_A,0,0
S2,red,761,858,97,wave_A,0,0
S2,green,858,898,40,wave_A,0,0
S2,yellow,898,901,3,wave_A,0,0
S2,red,901,998,97,wave_A,0,0
S2,green,998,1038,40,wave_A,0,0
S2,yellow,1038,1041,3,wave_A,0,0
S2,red,1041,1138,97,wave_A,0,0
S2,green,1138,1178,40,wave_A,0,0
S2,yellow,1178,1181,3,wave_A,0,0
S2,red,1181,1278,97,wave_A,0,0
S2,green,1278,1318,40,wave_A,0,0
S2,yellow,1318,1321,3,wave_A,0,0
S2,red,1321,1418,97,wave_A,0,0
S2,green,1418,1458,40,wave_A,0,0
S2,yellow,1458,1461,3,wave_A,0,0
S2,red,1461,1558,97,wave_A,0,0
S2,green,1558,1598,40,wave_A,0,0
S2,yellow,1598,1601,3,wave_A,0,0
S2,red,1601,1698,97,wave_A,0,0
S2,green,1698,1738,40,wave_A,0,0
S2,yellow,1738,1741,3,wave_A,0,0
S2,red,1741,1838,97,wave_A,0,0
S2,green,1838,1878,40,wave_A,0,0
S2,yellow,1878,1881,3,wave_A,0,0
S2,red,1881,1978,97,wave_A,0,0
S2,green,1978,2018,40,wave_A,0,0
S2,yellow,2018,2021,3,wave_A,0,0
S2,red,2021,2118,97,wave_A,0,0
S2,green,2118,2158,40,wave_A,0,0
S2,yellow,2158,2161,3,wave_A,0,0
S2,red,2161,2258,97,wave_A,0,0
S2,green,2258,2298,40,wave_A,0,0
S2,yellow,2298,2301,3,wave_A,0,0
S2,red,2301,2398,97,wave_A,0,0
S2,green,2398,2438,40,wave_A,0,0
S2,yellow,2438,2441,3,wave_A,0,0
S2,red,2441,2538,97,wave_A,0,0
S2,green,2538,2578,40,wave_A,0,0
S2,yellow,2578,2581,3,wave_A,0,0
S2,red,2581,2678,97,wave_A,0,0
S2,green,2678,2718,40,wave_A,0,0
S2,yellow,2718,2721,3,wave_A,0,0
S2,red,2721,2818,97,wave_A,0,0
S2,green,2818,2858,40,wave_A,0,0
S2,yellow,2858,2861,3,wave_A,0,0
S2,red,2861,2958,97,wave_A,0,0
S2,green,2958,2998,40,wave_A,0,0
S2,yellow,2998,3001,3,wave_A,0,0
S2,red,3001,3098,97,wave_A,0,0
S2,green,3098,3138,40,wave_A,0,0
S2,yellow,3138,3141,3,wave_A,0,0
S2,red,3141,3238,97,wave_A,0,0
S2,green,3238,3278,40,wave_A,0,0
S2,yellow,3278,3281,3,wave_A,0,0
S2,red,3281,3378,97,wave_A,0,0
S2,green,3378,3418,40,wave_A,0,0
S2,yellow,3418,3421,3,wave_A,0,0
S2,red,3421,3518,97,wave_A,0,0
S2,green,3518,3558,40,wave_A,0,0
S2,yellow,3558,3561,3,wave_A,0,0
S2,red,3561,3658,97,wave_A,0,0
S2,green,3658,3698,40,wave_A,0,0
S2,yellow,3698,3701,3,wave_A,0,0
S2,red,3701,3798,97,wave_A,0,0
S2,green,3798,3838,40,wave_A,0,0
S2,yellow,3838,3841,3,wave_A,0,0
S2,red,3841,3938,97,wave_A,0,0
S2,green,3938,3978,40,wave_A,0,0
S2,yellow,3978,3981,3,wave_A,0,0
S2,red,3981,4078,97,wave_A,0,0
S2,green,4078,4118,40,wave_A,0,0
S2,yellow,4118,4121,3,wave_A,0,0
S2,red,4121,4218,97,wave_A,0,0
S2,green,4218,4258,40,wave_A,0,0
S2,yellow,4258,4261,3,wave_A,0,0
S2,red,4261,4358,97,wave_A,0,0
S2,green,4358,4398,40,wave_A,0,0
S2,yellow,4398,4401,3,wave_A,0,0
S2,red,4401,4498,97,wave_A,0,0
S2,green,4498,4538,40,wave_A,0,0
S2,yellow,4538,4541,3,wave_A,0,0
S2,red,4541,4638,97,wave_A,0,0
S2,green,4638,4678,40,wave_A,0,0
S2,yellow,4678,4681,3,wave_A,0,0
S2,red,4681,4778,97,wave_A,0,0
S2,green,4778,4818,40,wave_A,0,0
S2,yellow,4818,4821,3,wave_A,0,0
S2,red,4821,4918,97,wave_A,0,0
S2,green,4918,4958,40,wave_A,0,0
S2,yellow,4958,4961,3,wave_A,0,0
S2,red,4961,5058,97,wave_A,0,0
S2,green,5058,5098,40,wave_A,0,0
S2,yellow,5098,5101,3,wave_A,0,0
S2,red,5101,5198,97,wave_A,0,0
S2,green,5198,5238,40,wave_A,0,0
S2,yellow,5238,5241,3,wave_A,0,0
S2,red,5241,5338,97,wave_A,0,0
S2,green,5338,5378,40,wave_A,0,0
S2,yellow,5378,5381,3,wave_A,0,0
S2,red,5381,5478,97,wave_A,0,0
S2,green,5478,5518,40,wave_A,0,0
S2,yellow,5518,5521,3,wave_A,0,0
S2,red,5521,5618,97,wave_A,0,0
S2,green,5618,5658,40,wave_A,0,0
S2,yellow,5658,5661,3,wave_A,0,0
S2,red,5661,5758,97,wave_A,0,0
S2,green,5758,5798,40,wave_A,0,0
S2,yellow,5798,5801,3,wave_A,0,0
S2,red,5801,5898,97,wave_A,0,0
S2,green,5898,5938,40,wave_A,0,0
S2,yellow,5938,5941,3,wave_A,0,0
S2,red,5941,6038,97,wave_A,0,0
S2,green,6038,6078,40,wave_A,0,0
S2,yellow,6078,6081,3,wave_A,0,0
S2,red,6081,6178,97,wave_A,0,0
S2,green,6178,6218,40,wave_A,0,0
S2,yellow,6218,6221,3,wave_A,0,0
S2,red,6221,6318,97,wave_A,0,0
S2,green,6318,6358,40,wave_A,0,0
S2,yellow,6358,6361,3,wave_A,0,0
S2,red,6361,6458,97,wave_A,0,0
S2,green,6458,6498,40,wave_A,0,0
S2,yellow,6498,6501,3,wave_A,0,0
S2,red,6501,6598,97,wave_A,0,0
S2,green,6598,6638,40,wave_A,0,0
S2,yellow,6638,6641,3,wave_A,0,0
S2,red,6641,6738,97,wave_A,0,0
S2,green,6738,6778,40,wave_A,0,0
S2,yellow,6778,6781,3,wave_A,0,0
S2,red,6781,6878,97,wave_A,0,0
S2,green,6878,6918,40,wave_A,0,0
S2,yellow,6918,6921,3,wave_A,0,0
S2,red,6921,7018,97,wave_A,0,0
S2,green,7018,7058,40,wave_A,0,0
S2,yellow,7058,7061,3,wave_A,0,0
S2,red,7061,7158,97,wave_A,0,0
S2,green,7158,7198,40,wave_A,0,0
S2,yellow,7198,7201,3,wave_A,0,0
S2,red,7201,7298,97,wave_A,0,0
S2,green,7298,7338,40,wave_A,0,0
S2,yellow,7338,7341,3,wave_A,0,0
S2,red,7341,7438,97,wave_A,0,0
S2,green,7438,7478,40,wave_A,0,0
S2,yellow,7478,7481,3,wave_A,0,0
S2,red,7481,7578,97,wave_A,0,0
S2,green,7578,7618,40,wave_A,0,0
S2,yellow,7618,7621,3,wave_A,0,0
S2,red,7621,7718,97,wave_A,0,0
S2,green,7718,7758,40,wave_A,0,0
S2,yellow,7758,7761,3,wave_A,0,0
S2,red,7761,7858,97,wave_A,0,0
S2,green,7858,7898,40,wave_A,0,0
S2,yellow,7898,7901,3,wave_A,0,0
S2,red,7901,7998,97,wave_A,0,0
S2,green,7998,8038,40,wave_A,0,0
S2,yellow,8038,8041,3,wave_A,0,0
S2,red,8041,8138,97,wave_A,0,0
S2,green,8138,8178,40,wave_A,0,0
S2,yellow,8178,8181,3,wave_A,0,0
S2,red,8181,8278,97,wave_A,0,0
S2,green,8278,8318,40,wave_A,0,0
S2,yellow,8318,8321,3,wave_A,0,0
S2,red,8321,8418,97,wave_A,0,0
S2,green,8418,8458,40,wave_A,0,0
S2,yellow,8458,8461,3,wave_A,0,0
S2,red,8461,8558,97,wave_A,0,0
S2,green,8558,8598,40,wave_A,0,0
S2,yellow,8598,8601,3,wave_A,0,0
S2,red,8601,8698,97,wave_A,0,0
S2,green,8698,8738,40,wave_A,0,0
S2,yellow,8738,8741,3,wave_A,0,0
S2,red,8741,8838,97,wave_A,0,0
S2,green,8838,8878,40,wave_A,0,0
S2,yellow,8878,8881,3,wave_A,0,0
S2,red,8881,8978,97,wave_A,0,0
S2,green,8978,9018,40,wave_A,0,0
S2,yellow,9018,9021,3,wave_A,0,0
S2,red,9021,9118,97,wave_A,0,0
S2,green,9118,9158,40,wave_A,0,0
S2,yellow,9158,9161,3,wave_A,0,0
S2,red,9161,9258,97,wave_A,0,0
S2,green,9258,9298,40,wave_A,0,0
S2,yellow,9298,9301,3,wave_A,0,0
S2,red,9301,9398,97,wave_A,0,0
S2,green,9398,9438,40,wave_A,0,0
S2,yellow,9438,9441,3,wave_A,0,0
S2,red,9441,9538,97,wave_A,0,0
S2,green,9538,9578,40,wave_A,0,0
S2,yellow,9578,9581,3,wave_A,0,0
S2,red,9581,9678,97,wave_A,0,0
S2,green,9678,9718,40,wave_A,0,0
S2,yellow,9718,9721,3,wave_A,0,0
S2,red,9721,9818,97,wave_A,0,0
S2,green,9818,9858,40,wave_A,0,0
S2,yellow,9858,9861,3,wave_A,0,0
S2,red,9861,9958,97,wave_A,0,0
S2,green,9958,9998,40,wave_A,0,0
S2,yellow,9998,10001,3,wave_A,0,0
S2,red,10001,10098,97,wave_A,0,0
S2,green,10098,10138,40,wave_A,0,0
S2,yellow,10138,10141,3,wave_A,0,0
S2,red,10141,10238,97,wave_A,0,0
S2,green,10238,10278,40,wave_A,0,0
S2,yellow,10278,10281,3,wave_A,0,0
S2,red,10281,10378,97,wave_A,0,0
S2,green,10378,10418,40,wave_A,0,0
S2,yellow,10418,10421,3,wave_A,0,0
S2,red,10421,10518,97,wave_A,0,0
S2,green,10518,10558,40,wave_A,0,0
S2,yellow,10558,10561,3,wave_A,0,0
S2,red,10561,10658,97,wave_A,0,0
S2,green,10658,10698,40,wave_A,0,0
S2,yellow,10698,10701,3,wave_A,0,0
S2,red,10701,10798,97,wave_A,0,0
S2,green,10798,10838,40,wave_A,0,0
S2,yellow,10838,10841,3,wave_A,0,0
S2,red,10841,10938,97,wave_A,0,0
S2,green,10938,10978,40,wave_A,0,0
S2,yellow,10978,10981,3,wave_A,0,0
S2,red,10981,11078,97,wave_A,0,0
S2,green,11078,11118,40,wave_A,0,0
S2,yellow,11118,11121,3,wave_A,0,0
S2,red,11121,11218,97,wave_A,0,0
S2,green,11218,11258,40,wave_A,0,0
S2,yellow,11258,11261,3,wave_A,0,0
S2,red,11261,11358,97,wave_A,0,0
S2,green,11358,11398,40,wave_A,0,0
S2,yellow,11398,11401,3,wave_A,0,0
S2,red,11401,11498,97,wave_A,0,0
S2,green,11498,11538,40,wave_A,0,0
S2,yellow,11538,11541,3,wave_A,0,0
S2,red,11541,11638,97,wave_A,0,0
S2,green,11638,11678,40,wave_A,0,0
S2,yellow,11678,11681,3,wave_A,0,0
S2,red,11681,11778,97,wave_A,0,0
S2,green,11778,11818,40,wave_A,0,0
S2,yellow,11818,11821,3,wave_A,0,0
S2,red,11821,11918,97,wave_A,0,0
S2,green,11918,11958,40,wave_A,0,0
S2,yellow,11958,11961,3,wave_A,0,0
S2,red,11961,12058,97,wave_A,0,0
S2,green,12058,12098,40,wave_A,0,0
S2,yellow,12098,12101,3,wave_A,0,0
S2,red,12101,12198,97,wave_A,0,0
S2,green,12198,12238,40,wave_A,0,0
S2,yellow,12238,12241,3,wave_A,0,0
S2,red,12241,12338,97,wave_A,0,0
S2,green,12338,12378,40,wave_A,0,0
S2,yellow,12378,12381,3,wave_A,0,0
S2,red,12381,12478,97,wave_A,0,0
S2,green,12478,12518,40,wave_A,0,0
S2,yellow,12518,12521,3,wave_A,0,0
S2,red,12521,12618,97,wave_A,0,0
S2,green,12618,12658,40,wave_A,0,0
S2,yellow,12658,12661,3,wave_A,0,0
S2,red,12661,12758,97,wave_A,0,0
S2,green,12758,12798,40,wave_A,0,0
S2,yellow,12798,12801,3,wave_A,0,0
S2,red,12801,12898,97,wave_A,0,0
S2,green,12898,12938,40,wave_A,0,0
S2,yellow,12938,12941,3,wave_A,0,0
S2,red,12941,13038,97,wave_A,0,0
S2,green,13038,13078,40,wave_A,0,0
S2,yellow,13078,13081,3,wave_A,0,0
S2,red,13081,13178,97,wave_A,0,0
S2,green,13178,13218,40,wave_A,0,0
S2,yellow,13218,13221,3,wave_A,0,0
S2,red,13221,13318,97,wave_A,0,0
S2,green,13318,13358,40,wave_A,0,0
S2,yellow,13358,13361,3,wave_A,0,0
S2,red,13361,13458,97,wave_A,0,0
S2,green,13458,13498,40,wave_A,0,0
S2,yellow,13498,13501,3,wave_A,0,0
S2,red,13501,13598,97,wave_A,0,0
S2,green,13598,13638,40,wave_A,0,0
S2,yellow,13638,13641,3,wave_A,0,0
S2,red,13641,13738,97,wave_A,0,0
S2,green,13738,13778,40,wave_A,0,0
S2,yellow,13778,13781,3,wave_A,0,0
S2,red,13781,13878,97,wave_A,0,0
S2,green,13878,13918,40,wave_A,0,0
S2,yellow,13918,13921,3,wave_A,0,0
S2,red,13921,14018,97,wave_A,0,0
S2,green,14018,14058,40,wave_A,0,0
S2,yellow,14058,14061,3,wave_A,0,0
S2,red,14061,14158,97,wave_A,0,0
S2,green,14158,14198,40,wave_A,0,0
S2,yellow,14198,14201,3,wave_A,0,0
S2,red,14201,14298,97,wave_A,0,0
S2,green,14298,14338,40,wave_A,0,0
S2,yellow,14338,14341,3,wave_A,0,0
S2,red,14341,14438,97,wave_A,0,0
S2,green,14438,14478,40,wave_A,0,0
S2,yellow,14478,14481,3,wave_A,0,0
S2,red,14481,14578,97,wave_A,0,0
S2,green,14578,14618,40,wave_A,0,0
S2,yellow,14618,14621,3,wave_A,0,0
S2,red,14621,14718,97,wave_A,0,0
S2,green,14718,14758,40,wave_A,0,0
S2,yellow,14758,14761,3,wave_A,0,0
S2,red,14761,14858,97,wave_A,0,0
S2,green,14858,14898,40,wave_A,0,0
S2,yellow,14898,14901,3,wave_A,0,0
S2,red,14901,14998,97,wave_A,0,0
S2,green,14998,15038,40,wave_A,0,0
S2,yellow,15038,15041,3,wave_A,0,0
S2,red,15041,15138,97,wave_A,0,0
S2,green,15138,15178,40,wave_A,0,0
S2,yellow,15178,15181,3,wave_A,0,0
S2,red,15181,15278,97,wave_A,0,0
S2,green,15278,15318,40,wave_A,0,0
S2,yellow,15318,15321,3,wave_A,0,0
S2,red,15321,15418,97,wave_A,0,0
S2,green,15418,15458,40,wave_A,0,0
S2,yellow,15458,15461,3,wave_A,0,0
S2,red,15461,15558,97,wave_A,0,0
S2,green,15558,15598,40,wave_A,0,0
S2,yellow,15598,15601,3,wave_A,0,0
S2,red,15601,15698,97,wave_A,0,0
S2,green,15698,15738,40,wave_A,0,0
S2,yellow,15738,15741,3,wave_A,0,0
S2,red,15741,15838,97,wave_A,0,0
S2,green,15838,15878,40,wave_A,0,0
S2,yellow,15878,15881,3,wave_A,0,0
S2,red,15881,15978,97,wave_A,0,0
S2,green,15978,16018,40,wave_A,0,0
S2,yellow,16018,16021,3,wave_A,0,0
S2,red,16021,16118,97,wave_A,0,0
S2,green,16118,16158,40,wave_A,0,0
S2,yellow,16158,16161,3,wave_A,0,0
S2,red,16161,16258,97,wave_A,0,0
S2,green,16258,16298,40,wave_A,0,0
S2,yellow,16298,16301,3,wave_A,0,0
S2,red,16301,16398,97,wave_A,0,0
S2,green,16398,16438,40,wave_A,0,0
S2,yellow,16438,16441,3,wave_A,0,0
S2,red,16441,16538,97,wave_A,0,0
S2,green,16538,16578,40,wave_A,0,0
S2,yellow,16578,16581,3,wave_A,0,0
S2,red,16581,16678,97,wave_A,0,0
S2,green,16678,16718,40,wave_A,0,0
S2,yellow,16718,16721,3,wave_A,0,0
S2,red,16721,16818,97,wave_A,0,0
S2,green,16818,16858,40,wave_A,0,0
S2,yellow,16858,16861,3,wave_A,0,0
S2,red,16861,16958,97,wave_A,0,0
S2,green,16958,16998,40,wave_A,0,0
S2,yellow,16998,17001,3,wave_A,0,0
S2,red,17001,17098,97,wave_A,0,0
S2,green,17098,17138,40,wave_A,0,0
S2,yellow,17138,17141,3,wave_A,0,0
S2,red,17141,17238,97,wave_A,0,0
S2,green,17238,17278,40,wave_A,0,0
S2,yellow,17278,17281,3,wave_A,0,0
S2,red,17281,17378,97,wave_A,0,0
S2,green,17378,17418,40,wave_A,0,0
S2,yellow,17418,17421,3,wave_A,0,0
S2,red,17421,17518,97,wave_A,0,0
S2,green,17518,17558,40,wave_A,0,0
S2,yellow,17558,17561,3,wave_A,0,0
S2,red,17561,17658,97,wave_A,0,0
S2,green,17658,17698,40,wave_A,0,0
S2,yellow,17698,17701,3,wave_A,0,0
S2,red,17701,17798,97,wave_A,0,0
S2,green,17798,17838,40,wave_A,0,0
S2,yellow,17838,17841,3,wave_A,0,0
S2,red,17841,17938,97,wave_A,0,0
S2,green,17938,17978,40,wave_A,0,0
S2,yellow,17978,17981,3,wave_A,0,0
S2,red,17981,18078,97,wave_A,0,0
S2,green,18078,18118,40,wave_A,0,0
S2,yellow,18118,18121,3,wave_A,0,0
S2,red,18121,18218,97,wave_A,0,0
S2,green,18218,18258,40,wave_A,0,0
S2,yellow,18258,18261,3,wave_A,0,0
S2,red,18261,18358,97,wave_A,0,0
S2,green,18358,18398,40,wave_A,0,0
S2,yellow,18398,18401,3,wave_A,0,0
S2,red,18401,18498,97,wave_A,0,0
S2,green,18498,18538,40,wave_A,0,0
S2,yellow,18538,18541,3,wave_A,0,0
S2,red,18541,18638,97,wave_A,0,0
S2,green,18638,18678,40,wave_A,0,0
S2,yellow,18678,18681,3,wave_A,0,0
S2,red,18681,18778,97,wave_A,0,0
S2,green,18778,18818,40,wave_A,0,0
S2,yellow,18818,18821,3,wave_A,0,0
S2,red,18821,18918,97,wave_A,0,0
S2,green,18918,18958,40,wave_A,0,0
S2,yellow,18958,18961,3,wave_A,0,0
S2,red,18961,19058,97,wave_A,0,0
S2,green,19058,19098,40,wave_A,0,0
S2,yellow,19098,19101,3,wave_A,0,0
S2,red,19101,19198,97,wave_A,0,0
S2,green,19198,19238,40,wave_A,0,0
S2,yellow,19238,19241,3,wave_A,0,0
S2,red,19241,19338,97,wave_A,0,0
S2,green,19338,19378,40,wave_A,0,0
S2,yellow,19378,19381,3,wave_A,0,0
S2,red,19381,19478,97,wave_A,0,0
S2,green,19478,19518,40,wave_A,0,0
S2,yellow,19518,19521,3,wave_A,0,0
S2,red,19521,19618,97,wave_A,0,0
S2,green,19618,19658,40,wave_A,0,0
S2,yellow,19658,19661,3,wave_A,0,0
S2,red,19661,19758,97,wave_A,0,0
S2,green,19758,19798,40,wave_A,0,0
S2,yellow,19798,19801,3,wave_A,0,0
S2,red,19801,19898,97,wave_A,0,0
S2,green,19898,19938,40,wave_A,0,0
S2,yellow,19938,19941,3,wave_A,0,0
S2,red,19941,20038,97,wave_A,0,0
S2,green,20038,20078,40,wave_A,0,0
S2,yellow,20078,20081,3,wave_A,0,0
S2,red,20081,20178,97,wave_A,0,0
S2,green,20178,20218,40,wave_A,0,0
S2,yellow,20218,20221,3,wave_A,0,0
S2,red,20221,20318,97,wave_A,0,0
S2,green,20318,20358,40,wave_A,0,0
S2,yellow,20358,20361,3,wave_A,0,0
S2,red,20361,20458,97,wave_A,0,0
S2,green,20458,20498,40,wave_A,0,0
S2,yellow,20498,20501,3,wave_A,0,0
S2,red,20501,20598,97,wave_A,0,0
S2,green,20598,20638,40,wave_A,0,0
S2,yellow,20638,20641,3,wave_A,0,0
S2,red,20641,20738,97,wave_A,0,0
S2,green,20738,20778,40,wave_A,0,0
S2,yellow,20778,20781,3,wave_A,0,0
S2,red,20781,20878,97,wave_A,0,0
S2,green,20878,20918,40,wave_A,0,0
S2,yellow,20918,20921,3,wave_A,0,0
S2,red,20921,21018,97,wave_A,0,0
S2,green,21018,21058,40,wave_A,0,0
S2,yellow,21058,21061,3,wave_A,0,0
S2,red,21061,21158,97,wave_A,0,0
S2,green,21158,21198,40,wave_A,0,0
S2,yellow,21198,21201,3,wave_A,0,0
S2,red,21201,21298,97,wave_A,0,0
S2,green,21298,21338,40,wave_A,0,0
S2,yellow,21338,21341,3,wave_A,0,0
S2,red,21341,21438,97,wave_A,0,0
S2,green,21438,21478,40,wave_A,0,0
S2,yellow,21478,21481,3,wave_A,0,0
S2,red,21481,21578,97,wave_A,0,0
S2,green,21578,21618,40,wave_A,0,0
S2,yellow,21618,21621,3,wave_A,0,0
S2,red,21621,21718,97,wave_A,0,0
S2,green,21718,21758,40,wave_A,0,0
S2,yellow,21758,21761,3,wave_A,0,0
S2,red,21761,21858,97,wave_A,0,0
S2,green,21858,21898,40,wave_A,0,0
S2,yellow,21898,21901,3,wave_A,0,0
S2,red,21901,21998,97,wave_A,0,0
S2,green,21998,22038,40,wave_A,0,0
S2,yellow,22038,22041,3,wave_A,0,0
S2,red,22041,22138,97,wave_A,0,0
S2,green,22138,22178,40,wave_A,0,0
S2,yellow,22178,22181,3,wave_A,0,0
S2,red,22181,22278,97,wave_A,0,0
S2,green,22278,22318,40,wave_A,0,0
S2,yellow,22318,22321,3,wave_A,0,0
S2,red,22321,22418,97,wave_A,0,0
S2,green,22418,22458,40,wave_A,0,0
S2,yellow,22458,22461,3,wave_A,0,0
S2,red,22461,22558,97,wave_A,0,0
S2,green,22558,22598,40,wave_A,0,0
S2,yellow,22598,22601,3,wave_A,0,0
S2,red,22601,22698,97,wave_A,0,0
S2,green,22698,22738,40,wave_A,0,0
S2,yellow,22738,22741,3,wave_A,0,0
S2,red,22741,22838,97,wave_A,0,0
S2,green,22838,22878,40,wave_A,0,0
S2,yellow,22878,22881,3,wave_A,0,0
S2,red,22881,22978,97,wave_A,0,0
S2,green,22978,23018,40,wave_A,0,0
S2,yellow,23018,23021,3,wave_A,0,0
S2,red,23021,23118,97,wave_A,0,0
S2,green,23118,23158,40,wave_A,0,0
S2,yellow,23158,23161,3,wave_A,0,0
S2,red,23161,23258,97,wave_A,0,0
S2,green,23258,23298,40,wave_A,0,0
S2,yellow,23298,23301,3,wave_A,0,0
S2,red,23301,23398,97,wave_A,0,0
S2,green,23398,23438,40,wave_A,0,0
S2,yellow,23438,23441,3,wave_A,0,0
S2,red,23441,23538,97,wave_A,0,0
S2,green,23538,23578,40,wave_A,0,0
S2,yellow,23578,23581,3,wave_A,0,0
S2,red,23581,23678,97,wave_A,0,0
S2,green,23678,23718,40,wave_A,0,0
S2,yellow,23718,23721,3,wave_A,0,0
S2,red,23721,23818,97,wave_A,0,0
S2,green,23818,23858,40,wave_A,0,0
S2,yellow,23858,23861,3,wave_A,0,0
S2,red,23861,23958,97,wave_A,0,0
S2,green,23958,23998,40,wave_A,0,0
S2,yellow,23998,24001,3,wave_A,0,0
S2,red,24001,24098,97,wave_A,0,0
S2,green,24098,24138,40,wave_A,0,0
S2,yellow,24138,24141,3,wave_A,0,0
S2,red,24141,24238,97,wave_A,0,0
S2,green,24238,24278,40,wave_A,0,0
S2,yellow,24278,24281,3,wave_A,0,0
S2,red,24281,24378,97,wave_A,0,0
S2,green,24378,24418,40,wave_A,0,0
S2,yellow,24418,24421,3,wave_A,0,0
S2,red,24421,24518,97,wave_A,0,0
S2,green,24518,24558,40,wave_A,0,0
S2,yellow,24558,24561,3,wave_A,0,0
S2,red,24561,24658,97,wave_A,0,0
S2,green,24658,24698,40,wave_A,0,0
S2,yellow,24698,24701,3,wave_A,0,0
S2,red,24701,24798,97,wave_A,0,0
S2,green,24798,24838,40,wave_A,0,0
S2,yellow,24838,24841,3,wave_A,0,0
S2,red,24841,24938,97,wave_A,0,0
S2,green,24938,24978,40,wave_A,0,0
S2,yellow,24978,24981,3,wave_A,0,0
S2,red,24981,25078,97,wave_A,0,0
S2,green,25078,25118,40,wave_A,0,0
S2,yellow,25118,25121,3,wave_A,0,0
S2,red,25121,25218,97,wave_A,0,0
S2,green,25218,25258,40,wave_A,0,0
S2,yellow,25258,25261,3,wave_A,0,0
S2,red,25261,25358,97,wave_A,0,0
S2,green,25358,25398,40,wave_A,0,0
S2,yellow,25398,25401,3,wave_A,0,0
S2,red,25401,25498,97,wave_A,0,0
S2,green,25498,25538,40,wave_A,0,0
S2,yellow,25538,25541,3,wave_A,0,0
S2,red,25541,25638,97,wave_A,0,0
S2,green,25638,25678,40,wave_A,0,0
S2,yellow,25678,25681,3,wave_A,0,0
S2,red,25681,25778,97,wave_A,0,0
S2,green,25778,25818,40,wave_A,0,0
S2,yellow,25818,25821,3,wave_A,0,0
S2,red,25821,25918,97,wave_A,0,0
S2,green,25918,25958,40,wave_A,0,0
S2,yellow,25958,25961,3,wave_A,0,0
S2,red,25961,26058,97,wave_A,0,0
S2,green,26058,26098,40,wave_A,0,0
S2,yellow,26098,26101,3,wave_A,0,0
S2,red,26101,26198,97,wave_A,0,0
S2,green,26198,26238,40,wave_A,0,0
S2,yellow,26238,26241,3,wave_A,0,0
S2,red,26241,26338,97,wave_A,0,0
S2,green,26338,26378,40,wave_A,0,0
S2,yellow,26378,26381,3,wave_A,0,0
S2,red,26381,26478,97,wave_A,0,0
S2,green,26478,26518,40,wave_A,0,0
S2,yellow,26518,26521,3,wave_A,0,0
S2,red,26521,26618,97,wave_A,0,0
S2,green,26618,26658,40,wave_A,0,0
S2,yellow,26658,26661,3,wave_A,0,0
S2,red,26661,26758,97,wave_A,0,0
S2,green,26758,26798,40,wave_A,0,0
S2,yellow,26798,26801,3,wave_A,0,0
S2,red,26801,26898,97,wave_A,0,0
S2,green,26898,26938,40,wave_A,0,0
S2,yellow,26938,26941,3,wave_A,0,0
S2,red,26941,27038,97,wave_A,0,0
S2,green,27038,27078,40,wave_A,0,0
S2,yellow,27078,27081,3,wave_A,0,0
S2,red,27081,27178,97,wave_A,0,0
S2,green,27178,27218,40,wave_A,0,0
S2,yellow,27218,27221,3,wave_A,0,0
S2,red,27221,27318,97,wave_A,0,0
S2,green,27318,27358,40,wave_A,0,0
S2,yellow,27358,27361,3,wave_A,0,0
S2,red,27361,27458,97,wave_A,0,0
S2,green,27458,27498,40,wave_A,0,0
S2,yellow,27498,27501,3,wave_A,0,0
S2,red,27501,27598,97,wave_A,0,0
S2,green,27598,27638,40,wave_A,0,0
S2,yellow,27638,27641,3,wave_A,0,0
S2,red,27641,27738,97,wave_A,0,0
S2,green,27738,27778,40,wave_A,0,0
S2,yellow,27778,27781,3,wave_A,0,0
S2,red,27781,27878,97,wave_A,0,0
S2,green,27878,27918,40,wave_A,0,0
S2,yellow,27918,27921,3,wave_A,0,0
S2,red,27921,28018,97,wave_A,0,0
S2,green,28018,28058,40,wave_A,0,0
S2,yellow,28058,28061,3,wave_A,0,0
S2,red,28061,28158,97,wave_A,0,0
S2,green,28158,28198,40,wave_A,0,0
S2,yellow,28198,28201,3,wave_A,0,0
S2,red,28201,28298,97,wave_A,0,0
S2,green,28298,28338,40,wave_A,0,0
S2,yellow,28338,28341,3,wave_A,0,0
S2,red,28341,28438,97,wave_A,0,0
S2,green,28438,28478,40,wave_A,0,0
S2,yellow,28478,28481,3,wave_A,0,0
S2,red,28481,28578,97,wave_A,0,0
S2,green,28578,28618,40,wave_A,0,0
S2,yellow,28618,28621,3,wave_A,0,0
S2,red,28621,28718,97,wave_A,0,0
S2,green,28718,28758,40,wave_A,0,0
S2,yellow,28758,28761,3,wave_A,0,0
S2,red,28761,28858,97,wave_A,0,0
S2,green,28858,28898,40,wave_A,0,0
S2,yellow,28898,28901,3,wave_A,0,0
S2,red,28901,28998,97,wave_A,0,0
S2,green,28998,29038,40,wave_A,0,0
S2,yellow,29038,29041,3,wave_A,0,0
S2,red,29041,29138,97,wave_A,0,0
S2,green,29138,29178,40,wave_A,0,0
S2,yellow,29178,29181,3,wave_A,0,0
S2,red,29181,29278,97,wave_A,0,0
S2,green,29278,29318,40,wave_A,0,0
S2,yellow,29318,29321,3,wave_A,0,0
S2,red,29321,29418,97,wave_A,0,0
S2,green,29418,29458,40,wave_A,0,0
S2,yellow,29458,29461,3,wave_A,0,0
S2,red,29461,29558,97,wave_A,0,0
S2,green,29558,29598,40,wave_A,0,0
S2,yellow,29598,29601,3,wave_A,0,0
S2,red,29601,29698,97,wave_A,0,0
S2,green,29698,29738,40,wave_A,0,0
S2,yellow,29738,29741,3,wave_A,0,0
S2,red,29741,29838,97,wave_A,0,0
S2,green,29838,29878,40,wave_A,0,0
S2,yellow,29878,29881,3,wave_A,0,0
S2,red,29881,29978,97,wave_A,0,0
S2,green,29978,30018,40,wave_A,0,0
S2,yellow,30018,30021,3,wave_A,0,0
S2,red,30021,30118,97,wave_A,0,0
S2,green,30118,30158,40,wave_A,0,0
S2,yellow,30158,30161,3,wave_A,0,0
S2,red,30161,30258,97,wave_A,0,0
S2,green,30258,30298,40,wave_A,0,0
S2,yellow,30298,30301,3,wave_A,0,0
S2,red,30301,30398,97,wave_A,0,0
S2,green,30398,30438,40,wave_A,0,0
S2,yellow,30438,30441,3,wave_A,0,0
S2,red,30441,30538,97,wave_A,0,0
S2,green,30538,30578,40,wave_A,0,0
S2,yellow,30578,30581,3,wave_A,0,0
S2,red,30581,30678,97,wave_A,0,0
S2,green,30678,30718,40,wave_A,0,0
S2,yellow,30718,30721,3,wave_A,0,0
S2,red,30721,30818,97,wave_A,0,0
S2,green,30818,30858,40,wave_A,0,0
S2,yellow,30858,30861,3,wave_A,0,0
S2,red,30861,30958,97,wave_A,0,0
S2,green,30958,30998,40,wave_A,0,0
S2,yellow,30998,31001,3,wave_A,0,0
S2,red,31001,31098,97,wave_A,0,0
S2,green,31098,31138,40,wave_A,0,0
S2,yellow,31138,31141,3,wave_A,0,0
S2,red,31141,31238,97,wave_A,0,0
S2,green,31238,31278,40,wave_A,0,0
S2,yellow,31278,31281,3,wave_A,0,0
S2,red,31281,31378,97,wave_A,0,0
S2,green,31378,31418,40,wave_A,0,0
S2,yellow,31418,31421,3,wave_A,0,0
S2,red,31421,31518,97,wave_A,0,0
S2,green,31518,31558,40,wave_A,0,0
S2,yellow,31558,31561,3,wave_A,0,0
S2,red,31561,31658,97,wave_A,0,0
S2,green,31658,31698,40,wave_A,0,0
S2,yellow,31698,31701,3,wave_A,0,0
S2,red,31701,31798,97,wave_A,0,0
S2,green,31798,31838,40,wave_A,0,0
S2,yellow,31838,31841,3,wave_A,0,0
S2,red,31841,31938,97,wave_A,0,0
S2,green,31938,31978,40,wave_A,0,0
S2,yellow,31978,31981,3,wave_A,0,0
S2,red,31981,32078,97,wave_A,0,0
S2,green,32078,32118,40,wave_A,0,0
S2,yellow,32118,32121,3,wave_A,0,0
S2,red,32121,32218,97,wave_A,0,0
S2,green,32218,32258,40,wave_A,0,0
S2,yellow,32258,32261,3,wave_A,0,0
S2,red,32261,32358,97,wave_A,0,0
S2,green,32358,32398,40,wave_A,0,0
S2,yellow,32398,32401,3,wave_A,0,0
S2,red,32401,32498,97,wave_A,0,0
S2,green,32498,32538,40,wave_A,0,0
S2,yellow,32538,32541,3,wave_A,0,0
S2,red,32541,32638,97,wave_A,0,0
S2,green,32638,32678,40,wave_A,0,0
S2,yellow,32678,32681,3,wave_A,0,0
S2,red,32681,32778,97,wave_A,0,0
S2,green,32778,32818,40,wave_A,0,0
S2,yellow,32818,32821,3,wave_A,0,0
S2,red,32821,32918,97,wave_A,0,0
S2,green,32918,32958,40,wave_A,0,0
S2,yellow,32958,32961,3,wave_A,0,0
S2,red,32961,33058,97,wave_A,0,0
S2,green,33058,33098,40,wave_A,0,0
S2,yellow,33098,33101,3,wave_A,0,0
S2,red,33101,33198,97,wave_A,0,0
S2,green,33198,33238,40,wave_A,0,0
S2,yellow,33238,33241,3,wave_A,0,0
S2,red,33241,33338,97,wave_A,0,0
S2,green,33338,33378,40,wave_A,0,0
S2,yellow,33378,33381,3,wave_A,0,0
S2,red,33381,33478,97,wave_A,0,0
S2,green,33478,33518,40,wave_A,0,0
S2,yellow,33518,33521,3,wave_A,0,0
S2,red,33521,33618,97,wave_A,0,0
S2,green,33618,33658,40,wave_A,0,0
S2,yellow,33658,33661,3,wave_A,0,0
S2,red,33661,33758,97,wave_A,0,0
S2,green,33758,33798,40,wave_A,0,0
S2,yellow,33798,33801,3,wave_A,0,0
S2,red,33801,33898,97,wave_A,0,0
S2,green,33898,33938,40,wave_A,0,0
S2,yellow,33938,33941,3,wave_A,0,0
S2,red,33941,34038,97,wave_A,0,0
S2,green,34038,34078,40,wave_A,0,0
S2,yellow,34078,34081,3,wave_A,0,0
S2,red,34081,34178,97,wave_A,0,0
S2,green,34178,34218,40,wave_A,0,0
S2,yellow,34218,34221,3,wave_A,0,0
S2,red,34221,34318,97,wave_A,0,0
S2,green,34318,34358,40,wave_A,0,0
S2,yellow,34358,34361,3,wave_A,0,0
S2,red,34361,34458,97,wave_A,0,0
S2,green,34458,34498,40,wave_A,0,0
S2,yellow,34498,34501,3,wave_A,0,0
S2,red,34501,34598,97,wave_A,0,0
S2,green,34598,34638,40,wave_A,0,0
S2,yellow,34638,34641,3,wave_A,0,0
S2,red,34641,34738,97,wave_A,0,0
S2,green,34738,34778,40,wave_A,0,0
S2,yellow,34778,34781,3,wave_A,0,0
S2,red,34781,34878,97,wave_A,0,0
S2,green,34878,34918,40,wave_A,0,0
S2,yellow,34918,34921,3,wave_A,0,0
S2,red,34921,35018,97,wave_A,0,0
S2,green,35018,35058,40,wave_A,0,0
S2,yellow,35058,35061,3,wave_A,0,0
S2,red,35061,35158,97,wave_A,0,0
S2,green,35158,35198,40,wave_A,0,0
S2,yellow,35198,35201,3,wave_A,0,0
S2,red,35201,35298,97,wave_A,0,0
S2,green,35298,35338,40,wave_A,0,0
S2,yellow,35338,35341,3,wave_A,0,0
S2,red,35341,35438,97,wave_A,0,0
S2,green,35438,35478,40,wave_A,0,0
S2,yellow,35478,35481,3,wave_A,0,0
S2,red,35481,35578,97,wave_A,0,0
S2,green,35578,35618,40,wave_A,0,0
S2,yellow,35618,35621,3,wave_A,0,0
S2,red,35621,35718,97,wave_A,0,0
S2,green,35718,35758,40,wave_A,0,0
S2,yellow,35758,35761,3,wave_A,0,0
S2,red,35761,35858,97,wave_A,0,0
S2,green,35858,35898,40,wave_A,0,0
S2,yellow,35898,35901,3,wave_A,0,0
S2,red,35901,35998,97,wave_A,0,0
S2,green,35998,36038,40,wave_A,0,0
S2,yellow,36038,36041,3,wave_A,0,0
S2,red,36041,36138,97,wave_A,0,0
S2,green,36138,36178,40,wave_A,0,0
S2,yellow,36178,36181,3,wave_A,0,0
S2,red,36181,36278,97,wave_A,0,0
S2,green,36278,36318,40,wave_A,0,0
S2,yellow,36318,36321,3,wave_A,0,0
S2,red,36321,36418,97,wave_A,0,0
S2,green,36418,36458,40,wave_A,0,0
S2,yellow,36458,36461,3,wave_A,0,0
S2,red,36461,36558,97,wave_A,0,0
S2,green,36558,36598,40,wave_A,0,0
S2,yellow,36598,36601,3,wave_A,0,0
S2,red,36601,36698,97,wave_A,0,0
S2,green,36698,36738,40,wave_A,0,0
S2,yellow,36738,36741,3,wave_A,0,0
S2,red,36741,36838,97,wave_A,0,0
S2,green,36838,36878,40,wave_A,0,0
S2,yellow,36878,36881,3,wave_A,0,0
S2,red,36881,36978,97,wave_A,0,0
S2,green,36978,37018,40,wave_A,0,0
S2,yellow,37018,37021,3,wave_A,0,0
S2,red,37021,37118,97,wave_A,0,0
S2,green,37118,37158,40,wave_A,0,0
S2,yellow,37158,37161,3,wave_A,0,0
S2,red,37161,37258,97,wave_A,0,0
S2,green,37258,37298,40,wave_A,0,0
S2,yellow,37298,37301,3,wave_A,0,0
S2,red,37301,37398,97,wave_A,0,0
S2,green,37398,37438,40,wave_A,0,0
S2,yellow,37438,37441,3,wave_A,0,0
S2,red,37441,37538,97,wave_A,0,0
S2,green,37538,37578,40,wave_A,0,0
S2,yellow,37578,37581,3,wave_A,0,0
S2,red,37581,37678,97,wave_A,0,0
S2,green,37678,37718,40,wave_A,0,0
S2,yellow,37718,37721,3,wave_A,0,0
S2,red,37721,37818,97,wave_A,0,0
S2,green,37818,37858,40,wave_A,0,0
S2,yellow,37858,37861,3,wave_A,0,0
S2,red,37861,37958,97,wave_A,0,0
S2,green,37958,37998,40,wave_A,0,0
S2,yellow,37998,38001,3,wave_A,0,0
S2,red,38001,38098,97,wave_A,0,0
S2,green,38098,38138,40,wave_A,0,0
S2,yellow,38138,38141,3,wave_A,0,0
S2,red,38141,38238,97,wave_A,0,0
S2,green,38238,38278,40,wave_A,0,0
S2,yellow,38278,38281,3,wave_A,0,0
S2,red,38281,38378,97,wave_A,0,0
S2,green,38378,38418,40,wave_A,0,0
S2,yellow,38418,38421,3,wave_A,0,0
S2,red,38421,38518,97,wave_A,0,0
S2,green,38518,38558,40,wave_A,0,0
S2,yellow,38558,38561,3,wave_A,0,0
S2,red,38561,38658,97,wave_A,0,0
S2,green,38658,38698,40,wave_A,0,0
S2,yellow,38698,38701,3,wave_A,0,0
S2,red,38701,38798,97,wave_A,0,0
S2,green,38798,38838,40,wave_A,0,0
S2,yellow,38838,38841,3,wave_A,0,0
S2,red,38841,38938,97,wave_A,0,0
S2,green,38938,38978,40,wave_A,0,0
S2,yellow,38978,38981,3,wave_A,0,0
S2,red,38981,39078,97,wave_A,0,0
S2,green,39078,39118,40,wave_A,0,0
S2,yellow,39118,39121,3,wave_A,0,0
S2,red,39121,39218,97,wave_A,0,0
S2,green,39218,39258,40,wave_A,0,0
S2,yellow,39258,39261,3,wave_A,0,0
S2,red,39261,39358,97,wave_A,0,0
S2,green,39358,39398,40,wave_A,0,0
S2,yellow,39398,39401,3,wave_A,0,0
S2,red,39401,39498,97,wave_A,0,0
S2,green,39498,39538,40,wave_A,0,0
S2,yellow,39538,39541,3,wave_A,0,0
S2,red,39541,39638,97,wave_A,0,0
S2,green,39638,39678,40,wave_A,0,0
S2,yellow,39678,39681,3,wave_A,0,0
S2,red,39681,39778,97,wave_A,0,0
S2,green,39778,39818,40,wave_A,0,0
S2,yellow,39818,39821,3,wave_A,0,0
S2,red,39821,39918,97,wave_A,0,0
S2,green,39918,39958,40,wave_A,0,0
S2,yellow,39958,39961,3,wave_A,0,0
S2,red,39961,40058,97,wave_A,0,0
S2,green,40058,40098,40,wave_A,0,0
S2,yellow,40098,40101,3,wave_A,0,0
S2,red,40101,40198,97,wave_A,0,0
S2,green,40198,40238,40,wave_A,0,0
S2,yellow,40238,40241,3,wave_A,0,0
S2,red,40241,40338,97,wave_A,0,0
S2,green,40338,40378,40,wave_A,0,0
S2,yellow,40378,40381,3,wave_A,0,0
S2,red,40381,40478,97,wave_A,0,0
S2,green,40478,40518,40,wave_A,0,0
S2,yellow,40518,40521,3,wave_A,0,0
S2,red,40521,40618,97,wave_A,0,0
S2,green,40618,40658,40,wave_A,0,0
S2,yellow,40658,40661,3,wave_A,0,0
S2,red,40661,40758,97,wave_A,0,0
S2,green,40758,40798,40,wave_A,0,0
S2,yellow,40798,40801,3,wave_A,0,0
S2,red,40801,40898,97,wave_A,0,0
S2,green,40898,40938,40,wave_A,0,0
S2,yellow,40938,40941,3,wave_A,0,0
S2,red,40941,41038,97,wave_A,0,0
S2,green,41038,41078,40,wave_A,0,0
S2,yellow,41078,41081,3,wave_A,0,0
S2,red,41081,41178,97,wave_A,0,0
S2,green,41178,41218,40,wave_A,0,0
S2,yellow,41218,41221,3,wave_A,0,0
S2,red,41221,41318,97,wave_A,0,0
S2,green,41318,41358,40,wave_A,0,0
S2,yellow,41358,41361,3,wave_A,0,0
S2,red,41361,41458,97,wave_A,0,0
S2,green,41458,41498,40,wave_A,0,0
S2,yellow,41498,41501,3,wave_A,0,0
S2,red,41501,41598,97,wave_A,0,0
S2,green,41598,41638,40,wave_A,0,0
S2,yellow,41638,41641,3,wave_A,0,0
S2,red,41641,41738,97,wave_A,0,0
S2,green,41738,41778,40,wave_A,0,0
S2,yellow,41778,41781,3,wave_A,0,0
S2,red,41781,41878,97,wave_A,0,0
S2,green,41878,41918,40,wave_A,0,0
S2,yellow,41918,41921,3,wave_A,0,0
S2,red,41921,42018,97,wave_A,0,0
S2,green,42018,42058,40,wave_A,0,0
S2,yellow,42058,42061,3,wave_A,0,0
S2,red,42061,42158,97,wave_A,0,0
S2,green,42158,42198,40,wave_A,0,0
S2,yellow,42198,42201,3,wave_A,0,0
S2,red,42201,42298,97,wave_A,0,0
S2,green,42298,42338,40,wave_A,0,0
S2,yellow,42338,42341,3,wave_A,0,0
S2,red,42341,42438,97,wave_A,0,0
S2,green,42438,42478,40,wave_A,0,0
S2,yellow,42478,42481,3,wave_A,0,0
S2,red,42481,42578,97,wave_A,0,0
S2,green,42578,42618,40,wave_A,0,0
S2,yellow,42618,42621,3,wave_A,0,0
S2,red,42621,42718,97,wave_A,0,0
S2,green,42718,42758,40,wave_A,0,0
S2,yellow,42758,42761,3,wave_A,0,0
S2,red,42761,42858,97,wave_A,0,0
S2,green,42858,42898,40,wave_A,0,0
S2,yellow,42898,42901,3,wave_A,0,0
S2,red,42901,42998,97,wave_A,0,0
S2,green,42998,43038,40,wave_A,0,0
S2,yellow,43038,43041,3,wave_A,0,0
S2,red,43041,43138,97,wave_A,0,0
S2,green,43138,43178,40,wave_A,0,0
S2,yellow,43178,43181,3,wave_A,0,0
S2,red,43181,43278,97,wave_A,0,0
S2,green,43278,43318,40,wave_A,0,0
S2,yellow,43318,43321,3,wave_A,0,0
S2,red,43321,43418,97,wave_A,0,0
S2,green,43418,43458,40,wave_A,0,0
S2,yellow,43458,43461,3,wave_A,0,0
S2,red,43461,43558,97,wave_A,0,0
S2,green,43558,43598,40,wave_A,0,0
S2,yellow,43598,43601,3,wave_A,0,0
S2,red,43601,43698,97,wave_A,0,0
S2,green,43698,43738,40,wave_A,0,0
S2,yellow,43738,43741,3,wave_A,0,0
S2,red,43741,43838,97,wave_A,0,0
S2,green,43838,43878,40,wave_A,0,0
S2,yellow,43878,43881,3,wave_A,0,0
S2,red,43881,43978,97,wave_A,0,0
S2,green,43978,44018,40,wave_A,0,0
S2,yellow,44018,44021,3,wave_A,0,0
S2,red,44021,44118,97,wave_A,0,0
S2,green,44118,44158,40,wave_A,0,0
S2,yellow,44158,44161,3,wave_A,0,0
S2,red,44161,44258,97,wave_A,0,0
S2,green,44258,44298,40,wave_A,0,0
S2,yellow,44298,44301,3,wave_A,0,0
S2,red,44301,44398,97,wave_A,0,0
S2,green,44398,44438,40,wave_A,0,0
S2,yellow,44438,44441,3,wave_A,0,0
S2,red,44441,44538,97,wave_A,0,0
S2,green,44538,44578,40,wave_A,0,0
S2,yellow,44578,44581,3,wave_A,0,0
S2,red,44581,44678,97,wave_A,0,0
S2,green,44678,44718,40,wave_A,0,0
S2,yellow,44718,44721,3,wave_A,0,0
S2,red,44721,44818,97,wave_A,0,0
S2,green,44818,44858,40,wave_A,0,0
S2,yellow,44858,44861,3,wave_A,0,0
S2,red,44861,44958,97,wave_A,0,0
S2,green,44958,44998,40,wave_A,0,0
S2,yellow,44998,45001,3,wave_A,0,0
S2,red,45001,45098,97,wave_A,0,0
S2,green,45098,45138,40,wave_A,0,0
S2,yellow,45138,45141,3,wave_A,0,0
S2,red,45141,45238,97,wave_A,0,0
S2,green,45238,45278,40,wave_A,0,0
S2,yellow,45278,45281,3,wave_A,0,0
S2,red,45281,45378,97,wave_A,0,0
S2,green,45378,45418,40,wave_A,0,0
S2,yellow,45418,45421,3,wave_A,0,0
S2,red,45421,45518,97,wave_A,0,0
S2,green,45518,45558,40,wave_A,0,0
S2,yellow,45558,45561,3,wave_A,0,0
S2,red,45561,45658,97,wave_A,0,0
S2,green,45658,45698,40,wave_A,0,0
S2,yellow,45698,45701,3,wave_A,0,0
S2,red,45701,45798,97,wave_A,0,0
S2,green,45798,45838,40,wave_A,0,0
S2,yellow,45838,45841,3,wave_A,0,0
S2,red,45841,45938,97,wave_A,0,0
S2,green,45938,45978,40,wave_A,0,0
S2,yellow,45978,45981,3,wave_A,0,0
S2,red,45981,46078,97,wave_A,0,0
S2,green,46078,46118,40,wave_A,0,0
S2,yellow,46118,46121,3,wave_A,0,0
S2,red,46121,46218,97,wave_A,0,0
S2,green,46218,46258,40,wave_A,0,0
S2,yellow,46258,46261,3,wave_A,0,0
S2,red,46261,46358,97,wave_A,0,0
S2,green,46358,46398,40,wave_A,0,0
S2,yellow,46398,46401,3,wave_A,0,0
S2,red,46401,46498,97,wave_A,0,0
S2,green,46498,46538,40,wave_A,0,0
S2,yellow,46538,46541,3,wave_A,0,0
S2,red,46541,46638,97,wave_A,0,0
S2,green,46638,46678,40,wave_A,0,0
S2,yellow,46678,46681,3,wave_A,0,0
S2,red,46681,46778,97,wave_A,0,0
S2,green,46778,46818,40,wave_A,0,0
S2,yellow,46818,46821,3,wave_A,0,0
S2,red,46821,46918,97,wave_A,0,0
S2,green,46918,46958,40,wave_A,0,0
S2,yellow,46958,46961,3,wave_A,0,0
S2,red,46961,47058,97,wave_A,0,0
S2,green,47058,47098,40,wave_A,0,0
S2,yellow,47098,47101,3,wave_A,0,0
S2,red,47101,47198,97,wave_A,0,0
S2,green,47198,47238,40,wave_A,0,0
S2,yellow,47238,47241,3,wave_A,0,0
S2,red,47241,47338,97,wave_A,0,0
S2,green,47338,47378,40,wave_A,0,0
S2,yellow,47378,47381,3,wave_A,0,0
S2,red,47381,47478,97,wave_A,0,0
S2,green,47478,47518,40,wave_A,0,0
S2,yellow,47518,47521,3,wave_A,0,0
S2,red,47521,47618,97,wave_A,0,0
S2,green,47618,47658,40,wave_A,0,0
S2,yellow,47658,47661,3,wave_A,0,0
S2,red,47661,47758,97,wave_A,0,0
S2,green,47758,47798,40,wave_A,0,0
S2,yellow,47798,47801,3,wave_A,0,0
S2,red,47801,47898,97,wave_A,0,0
S2,green,47898,47938,40,wave_A,0,0
S2,yellow,47938,47941,3,wave_A,0,0
S2,red,47941,48038,97,wave_A,0,0
S2,green,48038,48078,40,wave_A,0,0
S2,yellow,48078,48081,3,wave_A,0,0
S2,red,48081,48178,97,wave_A,0,0
S2,green,48178,48218,40,wave_A,0,0
S2,yellow,48218,48221,3,wave_A,0,0
S2,red,48221,48318,97,wave_A,0,0
S2,green,48318,48358,40,wave_A,0,0
S2,yellow,48358,48361,3,wave_A,0,0
S2,red,48361,48458,97,wave_A,0,0
S2,green,48458,48498,40,wave_A,0,0
S2,yellow,48498,48501,3,wave_A,0,0
S2,red,48501,48598,97,wave_A,0,0
S2,green,48598,48638,40,wave_A,0,0
S2,yellow,48638,48641,3,wave_A,0,0
S2,red,48641,48738,97,wave_A,0,0
S2,green,48738,48778,40,wave_A,0,0
S2,yellow,48778,48781,3,wave_A,0,0
S2,red,48781,48878,97,wave_A,0,0
S2,green,48878,48918,40,wave_A,0,0
S2,yellow,48918,48921,3,wave_A,0,0
S2,red,48921,49018,97,wave_A,0,0
S2,green,49018,49058,40,wave_A,0,0
S2,yellow,49058,49061,3,wave_A,0,0
S2,red,49061,49158,97,wave_A,0,0
S2,green,49158,49198,40,wave_A,0,0
S2,yellow,49198,49201,3,wave_A,0,0
S2,red,49201,49298,97,wave_A,0,0
S2,green,49298,49338,40,wave_A,0,0
S2,yellow,49338,49341,3,wave_A,0,0
S2,red,49341,49438,97,wave_A,0,0
S2,green,49438,49478,40,wave_A,0,0
S2,yellow,49478,49481,3,wave_A,0,0
S2,red,49481,49578,97,wave_A,0,0
S2,green,49578,49618,40,wave_A,0,0
S2,yellow,49618,49621,3,wave_A,0,0
S2,red,49621,49718,97,wave_A,0,0
S2,green,49718,49758,40,wave_A,0,0
S2,yellow,49758,49761,3,wave_A,0,0
S2,red,49761,49858,97,wave_A,0,0
S2,green,49858,49898,40,wave_A,0,0
S2,yellow,49898,49901,3,wave_A,0,0
S2,red,49901,49998,97,wave_A,0,0
S2,green,49998,50038,40,wave_A,0,0
S2,yellow,50038,50041,3,wave_A,0,0
S2,red,50041,50138,97,wave_A,0,0
S2,green,50138,50178,40,wave_A,0,0
S2,yellow,50178,50181,3,wave_A,0,0
S2,red,50181,50278,97,wave_A,0,0
S2,green,50278,50318,40,wave_A,0,0
S2,yellow,50318,50321,3,wave_A,0,0
S2,red,50321,50418,97,wave_A,0,0
S2,green,50418,50458,40,wave_A,0,0
S2,yellow,50458,50461,3,wave_A,0,0
S2,red,50461,50558,97,wave_A,0,0
S2,green,50558,50598,40,wave_A,0,0
S2,yellow,50598,50601,3,wave_A,0,0
S2,red,50601,50698,97,wave_A,0,0
S2,green,50698,50738,40,wave_A,0,0
S2,yellow,50738,50741,3,wave_A,0,0
S2,red,50741,50838,97,wave_A,0,0
S2,green,50838,50878,40,wave_A,0,0
S2,yellow,50878,50881,3,wave_A,0,0
S2,red,50881,50978,97,wave_A,0,0
S2,green,50978,51018,40,wave_A,0,0
S2,yellow,51018,51021,3,wave_A,0,0
S2,red,51021,51118,97,wave_A,0,0
S2,green,51118,51158,40,wave_A,0,0
S2,yellow,51158,51161,3,wave_A,0,0
S2,red,51161,51258,97,wave_A,0,0
S2,green,51258,51298,40,wave_A,0,0
S2,yellow,51298,51301,3,wave_A,0,0
S2,red,51301,51398,97,wave_A,0,0
S2,green,51398,51438,40,wave_A,0,0
S2,yellow,51438,51441,3,wave_A,0,0
S2,red,51441,51538,97,wave_A,0,0
S2,green,51538,51578,40,wave_A,0,0
S2,yellow,51578,51581,3,wave_A,0,0
S2,red,51581,51678,97,wave_A,0,0
S2,green,51678,51718,40,wave_A,0,0
S2,yellow,51718,51721,3,wave_A,0,0
S2,red,51721,51818,97,wave_A,0,0
S2,green,51818,51858,40,wave_A,0,0
S2,yellow,51858,51861,3,wave_A,0,0
S2,red,51861,51958,97,wave_A,0,0
S2,green,51958,51998,40,wave_A,0,0
S2,yellow,51998,52001,3,wave_A,0,0
S2,red,52001,52098,97,wave_A,0,0
S2,green,52098,52138,40,wave_A,0,0
S2,yellow,52138,52141,3,wave_A,0,0
S2,red,52141,52238,97,wave_A,0,0
S2,green,52238,52278,40,wave_A,0,0
S2,yellow,52278,52281,3,wave_A,0,0
S2,red,52281,52378,97,wave_A,0,0
S2,green,52378,52418,40,wave_A,0,0
S2,yellow,52418,52421,3,wave_A,0,0
S2,red,52421,52518,97,wave_A,0,0
S2,green,52518,52558,40,wave_A,0,0
S2,yellow,52558,52561,3,wave_A,0,0
S2,red,52561,52658,97,wave_A,0,0
S2,green,52658,52698,40,wave_A,0,0
S2,yellow,52698,52701,3,wave_A,0,0
S2,red,52701,52798,97,wave_A,0,0
S2,green,52798,52838,40,wave_A,0,0
S2,yellow,52838,52841,3,wave_A,0,0
S2,red,52841,52938,97,wave_A,0,0
S2,green,52938,52978,40,wave_A,0,0
S2,yellow,52978,52981,3,wave_A,0,0
S2,red,52981,53078,97,wave_A,0,0
S2,green,53078,53118,40,wave_A,0,0
S2,yellow,53118,53121,3,wave_A,0,0
S2,red,53121,53218,97,wave_A,0,0
S2,green,53218,53258,40,wave_A,0,0
S2,yellow,53258,53261,3,wave_A,0,0
S2,red,53261,53358,97,wave_A,0,0
S2,green,53358,53398,40,wave_A,0,0
S2,yellow,53398,53401,3,wave_A,0,0
S2,red,53401,53498,97,wave_A,0,0
S2,green,53498,53538,40,wave_A,0,0
S2,yellow,53538,53541,3,wave_A,0,0
S2,red,53541,53638,97,wave_A,0,0
S2,green,53638,53678,40,wave_A,0,0
S2,yellow,53678,53681,3,wave_A,0,0
S2,red,53681,53778,97,wave_A,0,0
S2,green,53778,53818,40,wave_A,0,0
S2,yellow,53818,53821,3,wave_A,0,0
S2,red,53821,53918,97,wave_A,0,0
S2,green,53918,53958,40,wave_A,0,0
S2,yellow,53958,53961,3,wave_A,0,0
S2,red,53961,54058,97,wave_A,0,0
S2,green,54058,54098,40,wave_A,0,0
S2,yellow,54098,54101,3,wave_A,0,0
S2,red,54101,54198,97,wave_A,0,0
S2,green,54198,54238,40,wave_A,0,0
S2,yellow,54238,54241,3,wave_A,0,0
S2,red,54241,54338,97,wave_A,0,0
S2,green,54338,54378,40,wave_A,0,0
S2,yellow,54378,54381,3,wave_A,0,0
S2,red,54381,54478,97,wave_A,0,0
S2,green,54478,54518,40,wave_A,0,0
S2,yellow,54518,54521,3,wave_A,0,0
S2,red,54521,54618,97,wave_A,0,0
S2,green,54618,54658,40,wave_A,0,0
S2,yellow,54658,54661,3,wave_A,0,0
S2,red,54661,54758,97,wave_A,0,0
S2,green,54758,54798,40,wave_A,0,0
S2,yellow,54798,54801,3,wave_A,0,0
S2,red,54801,54898,97,wave_A,0,0
S2,green,54898,54938,40,wave_A,0,0
S2,yellow,54938,54941,3,wave_A,0,0
S2,red,54941,55038,97,wave_A,0,0
S2,green,55038,55078,40,wave_A,0,0
S2,yellow,55078,55081,3,wave_A,0,0
S2,red,55081,55178,97,wave_A,0,0
S2,green,55178,55218,40,wave_A,0,0
S2,yellow,55218,55221,3,wave_A,0,0
S2,red,55221,55318,97,wave_A,0,0
S2,green,55318,55358,40,wave_A,0,0
S2,yellow,55358,55361,3,wave_A,0,0
S2,red,55361,55458,97,wave_A,0,0
S2,green,55458,55498,40,wave_A,0,0
S2,yellow,55498,55501,3,wave_A,0,0
S2,red,55501,55598,97,wave_A,0,0
S2,green,55598,55638,40,wave_A,0,0
S2,yellow,55638,55641,3,wave_A,0,0
S2,red,55641,55738,97,wave_A,0,0
S2,green,55738,55778,40,wave_A,0,0
S2,yellow,55778,55781,3,wave_A,0,0
S2,red,55781,55878,97,wave_A,0,0
S2,green,55878,55918,40,wave_A,0,0
S2,yellow,55918,55921,3,wave_A,0,0
S2,red,55921,56018,97,wave_A,0,0
S2,green,56018,56058,40,wave_A,0,0
S2,yellow,56058,56061,3,wave_A,0,0
S2,red,56061,56158,97,wave_A,0,0
S2,green,56158,56198,40,wave_A,0,0
S2,yellow,56198,56201,3,wave_A,0,0
S2,red,56201,56298,97,wave_A,0,0
S2,green,56298,56338,40,wave_A,0,0
S2,yellow,56338,56341,3,wave_A,0,0
S2,red,56341,56438,97,wave_A,0,0
S2,green,56438,56478,40,wave_A,0,0
S2,yellow,56478,56481,3,wave_A,0,0
S2,red,56481,56578,97,wave_A,0,0
S2,green,56578,56618,40,wave_A,0,0
S2,yellow,56618,56621,3,wave_A,0,0
S2,red,56621,56718,97,wave_A,0,0
S2,green,56718,56758,40,wave_A,0,0
S2,yellow,56758,56761,3,wave_A,0,0
S2,red,56761,56858,97,wave_A,0,0
S2,green,56858,56898,40,wave_A,0,0
S2,yellow,56898,56901,3,wave_A,0,0
S2,red,56901,56998,97,wave_A,0,0
S2,green,56998,57038,40,wave_A,0,0
S2,yellow,57038,57041,3,wave_A,0,0
S2,red,57041,57138,97,wave_A,0,0
S2,green,57138,57178,40,wave_A,0,0
S2,yellow,57178,57181,3,wave_A,0,0
S2,red,57181,57278,97,wave_A,0,0
S2,green,57278,57318,40,wave_A,0,0
S2,yellow,57318,57321,3,wave_A,0,0
S2,red,57321,57418,97,wave_A,0,0
S2,green,57418,57458,40,wave_A,0,0
S2,yellow,57458,57461,3,wave_A,0,0
S2,red,57461,57558,97,wave_A,0,0
S2,green,57558,57598,40,wave_A,0,0
S2,yellow,57598,57601,3,wave_A,0,0
S2,red,57601,57680,79,wave_A,0,1
S3,red,0,45,45,wave_A,1,0
S3,green,45,100,55,wave_A,0,0
S3,yellow,100,103,3,wave_A,0,0
S3,red,103,185,82,wave_A,0,0
S3,green,185,240,55,wave_A,0,0
S3,yellow,240,243,3,wave_A,0,0
S3,red,243,325,82,wave_A,0,0
S3,green,325,380,55,wave_A,0,0
S3,yellow,380,383,3,wave_A,0,0
S3,red,383,465,82,wave_A,0,0
S3,green,465,520,55,wave_A,0,0
S3,yellow,520,523,3,wave_A,0,0
S3,red,523,605,82,wave_A,0,0
S3,green,605,660,55,wave_A,0,0
S3,yellow,660,663,3,wave_A,0,0
S3,red,663,745,82,wave_A,0,0
S3,green,745,800,55,wave_A,0,0
S3,yellow,800,803,3,wave_A,0,0
S3,red,803,885,82,wave_A,0,0
S3,green,885,940,55,wave_A,0,0
S3,yellow,940,943,3,wave_A,0,0
S3,red,943,1025,82,wave_A,0,0
S3,green,1025,1080,55,wave_A,0,0
S3,yellow,1080,1083,3,wave_A,0,0
S3,red,1083,1165,82,wave_A,0,0
S3,green,1165,1220,55,wave_A,0,0
S3,yellow,1220,1223,3,wave_A,0,0
S3,red,1223,1305,82,wave_A,0,0
S3,green,1305,1360,55,wave_A,0,0
S3,yellow,1360,1363,3,wave_A,0,0
S3,red,1363,1445,82,wave_A,0,0
S3,green,1445,1500,55,wave_A,0,0
S3,yellow,1500,1503,3,wave_A,0,0
S3,red,1503,1585,82,wave_A,0,0
S3,green,1585,1640,55,wave_A,0,0
S3,yellow,1640,1643,3,wave_A,0,0
S3,red,1643,1725,82,wave_A,0,0
S3,green,1725,1780,55,wave_A,0,0
S3,yellow,1780,1783,3,wave_A,0,0
S3,red,1783,1865,82,wave_A,0,0
S3,green,1865,1920,55,wave_A,0,0
S3,yellow,1920,1923,3,wave_A,0,0
S3,red,1923,2005,82,wave_A,0,0
S3,green,2005,2060,55,wave_A,0,0
S3,yellow,2060,2063,3,wave_A,0,0
S3,red,2063,2145,82,wave_A,0,0
S3,green,2145,2200,55,wave_A,0,0
S3,yellow,2200,2203,3,wave_A,0,0
S3,red,2203,2285,82,wave_A,0,0
S3,green,2285,2340,55,wave_A,0,0
S3,yellow,2340,2343,3,wave_A,0,0
S3,red,2343,2425,82,wave_A,0,0
S3,green,2425,2480,55,wave_A,0,0
S3,yellow,2480,2483,3,wave_A,0,0
S3,red,2483,2565,82,wave_A,0,0
S3,green,2565,2620,55,wave_A,0,0
S3,yellow,2620,2623,3,wave_A,0,0
S3,red,2623,2705,82,wave_A,0,0
S3,green,2705,2760,55,wave_A,0,0
S3,yellow,2760,2763,3,wave_A,0,0
S3,red,2763,2845,82,wave_A,0,0
S3,green,2845,2900,55,wave_A,0,0
S3,yellow,2900,2903,3,wave_A,0,0
S3,red,2903,2985,82,wave_A,0,0
S3,green,2985,3040,55,wave_A,0,0
S3,yellow,3040,3043,3,wave_A,0,0
S3,red,3043,3125,82,wave_A,0,0
S3,green,3125,3180,55,wave_A,0,0
S3,yellow,3180,3183,3,wave_A,0,0
S3,red,3183,3265,82,wave_A,0,0
S3,green,3265,3320,55,wave_A,0,0
S3,yellow,3320,3323,3,wave_A,0,0
S3,red,3323,3405,82,wave_A,0,0
S3,green,3405,3460,55,wave_A,0,0
S3,yellow,3460,3463,3,wave_A,0,0
S3,red,3463,3545,82,wave_A,0,0
S3,green,3545,3600,55,wave_A,0,0
S3,yellow,3600,3603,3,wave_A,0,0
S3,red,3603,3685,82,wave_A,0,0
S3,green,3685,3740,55,wave_A,0,0
S3,yellow,3740,3743,3,wave_A,0,0
S3,red,3743,3825,82,wave_A,0,0
S3,green,3825,3880,55,wave_A,0,0
S3,yellow,3880,3883,3,wave_A,0,0
S3,red,3883,3965,82,wave_A,0,0
S3,green,3965,4020,55,wave_A,0,0
S3,yellow,4020,4023,3,wave_A,0,0
S3,red,4023,4105,82,wave_A,0,0
S3,green,4105,4160,55,wave_A,0,0
S3,yellow,4160,4163,3,wave_A,0,0
S3,red,4163,4245,82,wave_A,0,0
S3,green,4245,4300,55,wave_A,0,0
S3,yellow,4300,4303,3,wave_A,0,0
S3,red,4303,4385,82,wave_A,0,0
S3,green,4385,4440,55,wave_A,0,0
S3,yellow,4440,4443,3,wave_A,0,0
S3,red,4443,4525,82,wave_A,0,0
S3,green,4525,4580,55,wave_A,0,0
S3,yellow,4580,4583,3,wave_A,0,0
S3,red,4583,4665,82,wave_A,0,0
S3,green,4665,4720,55,wave_A,0,0
S3,yellow,4720,4723,3,wave_A,0,0
S3,red,4723,4805,82,wave_A,0,0
S3,green,4805,4860,55,wave_A,0,0
S3,yellow,4860,4863,3,wave_A,0,0
S3,red,4863,4945,82,wave_A,0,0
S3,green,4945,5000,55,wave_A,0,0
S3,yellow,5000,5003,3,wave_A,0,0
S3,red,5003,5085,82,wave_A,0,0
S3,green,5085,5140,55,wave_A,0,0
S3,yellow,5140,5143,3,wave_A,0,0
S3,red,5143,5225,82,wave_A,0,0
S3,green,5225,5280,55,wave_A,0,0
S3,yellow,5280,5283,3,wave_A,0,0
S3,red,5283,5365,82,wave_A,0,0
S3,green,5365,5420,55,wave_A,0,0
S3,yellow,5420,5423,3,wave_A,0,0
S3,red,5423,5505,82,wave_A,0,0
S3,green,5505,5560,55,wave_A,0,0
S3,yellow,5560,5563,3,wave_A,0,0
S3,red,5563,5645,82,wave_A,0,0
S3,green,5645,5700,55,wave_A,0,0
S3,yellow,5700,5703,3,wave_A,0,0
S3,red,5703,5785,82,wave_A,0,0
S3,green,5785,5840,55,wave_A,0,0
S3,yellow,5840,5843,3,wave_A,0,0
S3,red,5843,5925,82,wave_A,0,0
S3,green,5925,5980,55,wave_A,0,0
S3,yellow,5980,5983,3,wave_A,0,0
S3,red,5983,6065,82,wave_A,0,0
S3,green,6065,6120,55,wave_A,0,0
S3,yellow,6120,6123,3,wave_A,0,0
S3,red,6123,6205,82,wave_A,0,0
S3,green,6205,6260,55,wave_A,0,0
S3,yellow,6260,6263,3,wave_A,0,0
S3,red,6263,6345,82,wave_A,0,0
S3,green,6345,6400,55,wave_A,0,0
S3,yellow,6400,6403,3,wave_A,0,0
S3,red,6403,6485,82,wave_A,0,0
S3,green,6485,6540,55,wave_A,0,0
S3,yellow,6540,6543,3,wave_A,0,0
S3,red,6543,6625,82,wave_A,0,0
S3,green,6625,6680,55,wave_A,0,0
S3,yellow,6680,6683,3,wave_A,0,0
S3,red,6683,6765,82,wave_A,0,0
S3,green,6765,6820,55,wave_A,0,0
S3,yellow,6820,6823,3,wave_A,0,0
S3,red,6823,6905,82,wave_A,0,0
S3,green,6905,6960,55,wave_A,0,0
S3,yellow,6960,6963,3,wave_A,0,0
S3,red,6963,7045,82,wave_A,0,0
S3,green,7045,7100,55,wave_A,0,0
S3,yellow,7100,7103,3,wave_A,0,0
S3,red,7103,7185,82,wave_A,0,0
S3,green,7185,7240,55,wave_A,0,0
S3,yellow,7240,7243,3,wave_A,0,0
S3,red,7243,7325,82,wave_A,0,0
S3,green,7325,7380,55,wave_A,0,0
S3,yellow,7380,7383,3,wave_A,0,0
S3,red,7383,7465,82,wave_A,0,0
S3,green,7465,7520,55,wave_A,0,0
S3,yellow,7520,7523,3,wave_A,0,0
S3,red,7523,7605,82,wave_A,0,0
S3,green,7605,7660,55,wave_A,0,0
S3,yellow,7660,7663,3,wave_A,0,0
S3,red,7663,7745,82,wave_A,0,0
S3,green,7745,7800,55,wave_A,0,0
S3,yellow,7800,7803,3,wave_A,0,0
S3,red,7803,7885,82,wave_A,0,0
S3,green,7885,7940,55,wave_A,0,0
S3,yellow,7940,7943,3,wave_A,0,0
S3,red,7943,8025,82,wave_A,0,0
S3,green,8025,8080,55,wave_A,0,0
S3,yellow,8080,8083,3,wave_A,0,0
S3,red,8083,8165,82,wave_A,0,0
S3,green,8165,8220,55,wave_A,0,0
S3,yellow,8220,8223,3,wave_A,0,0
S3,red,8223,8305,82,wave_A,0,0
S3,green,8305,8360,55,wave_A,0,0
S3,yellow,8360,8363,3,wave_A,0,0
S3,red,8363,8445,82,wave_A,0,0
S3,green,8445,8500,55,wave_A,0,0
S3,yellow,8500,8503,3,wave_A,0,0
S3,red,8503,8585,82,wave_A,0,0
S3,green,8585,8640,55,wave_A,0,0
S3,yellow,8640,8643,3,wave_A,0,0
S3,red,8643,8725,82,wave_A,0,0
S3,green,8725,8780,55,wave_A,0,0
S3,yellow,8780,8783,3,wave_A,0,0
S3,red,8783,8865,82,wave_A,0,0
S3,green,8865,8920,55,wave_A,0,0
S3,yellow,8920,8923,3,wave_A,0,0
S3,red,8923,9005,82,wave_A,0,0
S3,green,9005,9060,55,wave_A,0,0
S3,yellow,9060,9063,3,wave_A,0,0
S3,red,9063,9145,82,wave_A,0,0
S3,green,9145,9200,55,wave_A,0,0
S3,yellow,9200,9203,3,wave_A,0,0
S3,red,9203,9285,82,wave_A,0,0
S3,green,9285,9340,55,wave_A,0,0
S3,yellow,9340,9343,3,wave_A,0,0
S3,red,9343,9425,82,wave_A,0,0
S3,green,9425,9480,55,wave_A,0,0
S3,yellow,9480,9483,3,wave_A,0,0
S3,red,9483,9565,82,wave_A,0,0
S3,green,9565,9620,55,wave_A,0,0
S3,yellow,9620,9623,3,wave_A,0,0
S3,red,9623,9705,82,wave_A,0,0
S3,green,9705,9760,55,wave_A,0,0
S3,yellow,9760,9763,3,wave_A,0,0
S3,red,9763,9845,82,wave_A,0,0
S3,green,9845,9900,55,wave_A,0,0
S3,yellow,9900,9903,3,wave_A,0,0
S3,red,9903,9985,82,wave_A,0,0
S3,green,9985,10040,55,wave_A,0,0
S3,yellow,10040,10043,3,wave_A,0,0
S3,red,10043,10125,82,wave_A,0,0
S3,green,10125,10180,55,wave_A,0,0
S3,yellow,10180,10183,3,wave_A,0,0
S3,red,10183,10265,82,wave_A,0,0
S3,green,10265,10320,55,wave_A,0,0
S3,yellow,10320,10323,3,wave_A,0,0
S3,red,10323,10405,82,wave_A,0,0
S3,green,10405,10460,55,wave_A,0,0
S3,yellow,10460,10463,3,wave_A,0,0
S3,red,10463,10545,82,wave_A,0,0
S3,green,10545,10600,55,wave_A,0,0
S3,yellow,10600,10603,3,wave_A,0,0
S3,red,10603,10685,82,wave_A,0,0
S3,green,10685,10740,55,wave_A,0,0
S3,yellow,10740,10743,3,wave_A,0,0
S3,red,10743,10825,82,wave_A,0,0
S3,green,10825,10880,55,wave_A,0,0
S3,yellow,10880,10883,3,wave_A,0,0
S3,red,10883,10965,82,wave_A,0,0
S3,green,10965,11020,55,wave_A,0,0
S3,yellow,11020,11023,3,wave_A,0,0
S3,red,11023,11105,82,wave_A,0,0
S3,green,11105,11160,55,wave_A,0,0
S3,yellow,11160,11163,3,wave_A,0,0
S3,red,11163,11245,82,wave_A,0,0
S3,green,11245,11300,55,wave_A,0,0
S3,yellow,11300,11303,3,wave_A,0,0
S3,red,11303,11385,82,wave_A,0,0
S3,green,11385,11440,55,wave_A,0,0
S3,yellow,11440,11443,3,wave_A,0,0
S3,red,11443,11525,82,wave_A,0,0
S3,green,11525,11580,55,wave_A,0,0
S3,yellow,11580,11583,3,wave_A,0,0
S3,red,11583,11665,82,wave_A,0,0
S3,green,11665,11720,55,wave_A,0,0
S3,yellow,11720,11723,3,wave_A,0,0
S3,red,11723,11805,82,wave_A,0,0
S3,green,11805,11860,55,wave_A,0,0
S3,yellow,11860,11863,3,wave_A,0,0
S3,red,11863,11945,82,wave_A,0,0
S3,green,11945,12000,55,wave_A,0,0
S3,yellow,12000,12003,3,wave_A,0,0
S3,red,12003,12085,82,wave_A,0,0
S3,green,12085,12140,55,wave_A,0,0
S3,yellow,12140,12143,3,wave_A,0,0
S3,red,12143,12225,82,wave_A,0,0
S3,green,12225,12280,55,wave_A,0,0
S3,yellow,12280,12283,3,wave_A,0,0
S3,red,12283,12365,82,wave_A,0,0
S3,green,12365,12420,55,wave_A,0,0
S3,yellow,12420,12423,3,wave_A,0,0
S3,red,12423,12505,82,wave_A,0,0
S3,green,12505,12560,55,wave_A,0,0
S3,yellow,12560,12563,3,wave_A,0,0
S3,red,12563,12645,82,wave_A,0,0
S3,green,12645,12700,55,wave_A,0,0
S3,yellow,12700,12703,3,wave_A,0,0
S3,red,12703,12785,82,wave_A,0,0
S3,green,12785,12840,55,wave_A,0,0
S3,yellow,12840,12843,3,wave_A,0,0
S3,red,12843,12925,82,wave_A,0,0
S3,green,12925,12980,55,wave_A,0,0
S3,yellow,12980,12983,3,wave_A,0,0
S3,red,12983,13065,82,wave_A,0,0
S3,green,13065,13120,55,wave_A,0,0
S3,yellow,13120,13123,3,wave_A,0,0
S3,red,13123,13205,82,wave_A,0,0
S3,green,13205,13260,55,wave_A,0,0
S3,yellow,13260,13263,3,wave_A,0,0
S3,red,13263,13345,82,wave_A,0,0
S3,green,13345,13400,55,wave_A,0,0
S3,yellow,13400,13403,3,wave_A,0,0
S3,red,13403,13485,82,wave_A,0,0
S3,green,13485,13540,55,wave_A,0,0
S3,yellow,13540,13543,3,wave_A,0,0
S3,red,13543,13625,82,wave_A,0,0
S3,green,13625,13680,55,wave_A,0,0
S3,yellow,13680,13683,3,wave_A,0,0
S3,red,13683,13765,82,wave_A,0,0
S3,green,13765,13820,55,wave_A,0,0
S3,yellow,13820,13823,3,wave_A,0,0
S3,red,13823,13905,82,wave_A,0,0
S3,green,13905,13960,55,wave_A,0,0
S3,yellow,13960,13963,3,wave_A,0,0
S3,red,13963,14045,82,wave_A,0,0
S3,green,14045,14100,55,wave_A,0,0
S3,yellow,14100,14103,3,wave_A,0,0
S3,red,14103,14185,82,wave_A,0,0
S3,green,14185,14240,55,wave_A,0,0
S3,yellow,14240,14243,3,wave_A,0,0
S3,red,14243,14325,82,wave_A,0,0
S3,green,14325,14380,55,wave_A,0,0
S3,yellow,14380,14383,3,wave_A,0,0
S3,red,14383,14465,82,wave_A,0,0
S3,green,14465,14520,55,wave_A,0,0
S3,yellow,14520,14523,3,wave_A,0,0
S3,red,14523,14605,82,wave_A,0,0
S3,green,14605,14660,55,wave_A,0,0
S3,yellow,14660,14663,3,wave_A,0,0
S3,red,14663,14745,82,wave_A,0,0
S3,green,14745,14800,55,wave_A,0,0
S3,yellow,14800,14803,3,wave_A,0,0
S3,red,14803,14885,82,wave_A,0,0
S3,green,14885,14940,55,wave_A,0,0
S3,yellow,14940,14943,3,wave_A,0,0
S3,red,14943,15025,82,wave_A,0,0
S3,green,15025,15080,55,wave_A,0,0
S3,yellow,15080,15083,3,wave_A,0,0
S3,red,15083,15165,82,wave_A,0,0
S3,green,15165,15220,55,wave_A,0,0
S3,yellow,15220,15223,3,wave_A,0,0
S3,red,15223,15305,82,wave_A,0,0
S3,green,15305,15360,55,wave_A,0,0
S3,yellow,15360,15363,3,wave_A,0,0
S3,red,15363,15445,82,wave_A,0,0
S3,green,15445,15500,55,wave_A,0,0
S3,yellow,15500,15503,3,wave_A,0,0
S3,red,15503,15585,82,wave_A,0,0
S3,green,15585,15640,55,wave_A,0,0
S3,yellow,15640,15643,3,wave_A,0,0
S3,red,15643,15725,82,wave_A,0,0
S3,green,15725,15780,55,wave_A,0,0
S3,yellow,15780,15783,3,wave_A,0,0
S3,red,15783,15865,82,wave_A,0,0
S3,green,15865,15920,55,wave_A,0,0
S3,yellow,15920,15923,3,wave_A,0,0
S3,red,15923,16005,82,wave_A,0,0
S3,green,16005,16060,55,wave_A,0,0
S3,yellow,16060,16063,3,wave_A,0,0
S3,red,16063,16145,82,wave_A,0,0
S3,green,16145,16200,55,wave_A,0,0
S3,yellow,16200,16203,3,wave_A,0,0
S3,red,16203,16285,82,wave_A,0,0
S3,green,16285,16340,55,wave_A,0,0
S3,yellow,16340,16343,3,wave_A,0,0
S3,red,16343,16425,82,wave_A,0,0
S3,green,16425,16480,55,wave_A,0,0
S3,yellow,16480,16483,3,wave_A,0,0
S3,red,16483,16565,82,wave_A,0,0
S3,green,16565,16620,55,wave_A,0,0
S3,yellow,16620,16623,3,wave_A,0,0
S3,red,16623,16705,82,wave_A,0,0
S3,green,16705,16760,55,wave_A,0,0
S3,yellow,16760,16763,3,wave_A,0,0
S3,red,16763,16845,82,wave_A,0,0
S3,green,16845,16900,55,wave_A,0,0
S3,yellow,16900,16903,3,wave_A,0,0
S3,red,16903,16985,82,wave_A,0,0
S3,green,16985,17040,55,wave_A,0,0
S3,yellow,17040,17043,3,wave_A,0,0
S3,red,17043,17125,82,wave_A,0,0
S3,green,17125,17180,55,wave_A,0,0
S3,yellow,17180,17183,3,wave_A,0,0
S3,red,17183,17265,82,wave_A,0,0
S3,green,17265,17320,55,wave_A,0,0
S3,yellow,17320,17323,3,wave_A,0,0
S3,red,17323,17405,82,wave_A,0,0
S3,green,17405,17460,55,wave_A,0,0
S3,yellow,17460,17463,3,wave_A,0,0
S3,red,17463,17545,82,wave_A,0,0
S3,green,17545,17600,55,wave_A,0,0
S3,yellow,17600,17603,3,wave_A,0,0
S3,red,17603,17685,82,wave_A,0,0
S3,green,17685,17740,55,wave_A,0,0
S3,yellow,17740,17743,3,wave_A,0,0
S3,red,17743,17825,82,wave_A,0,0
S3,green,17825,17880,55,wave_A,0,0
S3,yellow,17880,17883,3,wave_A,0,0
S3,red,17883,17965,82,wave_A,0,0
S3,green,17965,18020,55,wave_A,0,0
S3,yellow,18020,18023,3,wave_A,0,0
S3,red,18023,18105,82,wave_A,0,0
S3,green,18105,18160,55,wave_A,0,0
S3,yellow,18160,18163,3,wave_A,0,0
S3,red,18163,18245,82,wave_A,0,0
S3,green,18245,18300,55,wave_A,0,0
S3,yellow,18300,18303,3,wave_A,0,0
S3,red,18303,18385,82,wave_A,0,0
S3,green,18385,18440,55,wave_A,0,0
S3,yellow,18440,18443,3,wave_A,0,0
S3,red,18443,18525,82,wave_A,0,0
S3,green,18525,18580,55,wave_A,0,0
S3,yellow,18580,18583,3,wave_A,0,0
S3,red,18583,18665,82,wave_A,0,0
S3,green,18665,18720,55,wave_A,0,0
S3,yellow,18720,18723,3,wave_A,0,0
S3,red,18723,18805,82,wave_A,0,0
S3,green,18805,18860,55,wave_A,0,0
S3,yellow,18860,18863,3,wave_A,0,0
S3,red,18863,18945,82,wave_A,0,0
S3,green,18945,19000,55,wave_A,0,0
S3,yellow,19000,19003,3,wave_A,0,0
S3,red,19003,19085,82,wave_A,0,0
S3,green,19085,19140,55,wave_A,0,0
S3,yellow,19140,19143,3,wave_A,0,0
S3,red,19143,19225,82,wave_A,0,0
S3,green,19225,19280,55,wave_A,0,0
S3,yellow,19280,19283,3,wave_A,0,0
S3,red,19283,19365,82,wave_A,0,0
S3,green,19365,19420,55,wave_A,0,0
S3,yellow,19420,19423,3,wave_A,0,0
S3,red,19423,19505,82,wave_A,0,0
S3,green,19505,19560,55,wave_A,0,0
S3,yellow,19560,19563,3,wave_A,0,0
S3,red,19563,19645,82,wave_A,0,0
S3,green,19645,19700,55,wave_A,0,0
S3,yellow,19700,19703,3,wave_A,0,0
S3,red,19703,19785,82,wave_A,0,0
S3,green,19785,19840,55,wave_A,0,0
S3,yellow,19840,19843,3,wave_A,0,0
S3,red,19843,19925,82,wave_A,0,0
S3,green,19925,19980,55,wave_A,0,0
S3,yellow,19980,19983,3,wave_A,0,0
S3,red,19983,20065,82,wave_A,0,0
S3,green,20065,20120,55,wave_A,0,0
S3,yellow,20120,20123,3,wave_A,0,0
S3,red,20123,20205,82,wave_A,0,0
S3,green,20205,20260,55,wave_A,0,0
S3,yellow,20260,20263,3,wave_A,0,0
S3,red,20263,20345,82,wave_A,0,0
S3,green,20345,20400,55,wave_A,0,0
S3,yellow,20400,20403,3,wave_A,0,0
S3,red,20403,20485,82,wave_A,0,0
S3,green,20485,20540,55,wave_A,0,0
S3,yellow,20540,20543,3,wave_A,0,0
S3,red,20543,20625,82,wave_A,0,0
S3,green,20625,20680,55,wave_A,0,0
S3,yellow,20680,20683,3,wave_A,0,0
S3,red,20683,20765,82,wave_A,0,0
S3,green,20765,20820,55,wave_A,0,0
S3,yellow,20820,20823,3,wave_A,0,0
S3,red,20823,20905,82,wave_A,0,0
S3,green,20905,20960,55,wave_A,0,0
S3,yellow,20960,20963,3,wave_A,0,0
S3,red,20963,21045,82,wave_A,0,0
S3,green,21045,21100,55,wave_A,0,0
S3,yellow,21100,21103,3,wave_A,0,0
S3,red,21103,21185,82,wave_A,0,0
S3,green,21185,21240,55,wave_A,0,0
S3,yellow,21240,21243,3,wave_A,0,0
S3,red,21243,21325,82,wave_A,0,0
S3,green,21325,21380,55,wave_A,0,0
S3,yellow,21380,21383,3,wave_A,0,0
S3,red,21383,21465,82,wave_A,0,0
S3,green,21465,21520,55,wave_A,0,0
S3,yellow,21520,21523,3,wave_A,0,0
S3,red,21523,21605,82,wave_A,0,0
S3,green,21605,21660,55,wave_A,0,0
S3,yellow,21660,21663,3,wave_A,0,0
S3,red,21663,21745,82,wave_A,0,0
S3,green,21745,21800,55,wave_A,0,0
S3,yellow,21800,21803,3,wave_A,0,0
S3,red,21803,21885,82,wave_A,0,0
S3,green,21885,21940,55,wave_A,0,0
S3,yellow,21940,21943,3,wave_A,0,0
S3,red,21943,22025,82,wave_A,0,0
S3,green,22025,22080,55,wave_A,0,0
S3,yellow,22080,22083,3,wave_A,0,0
S3,red,22083,22165,82,wave_A,0,0
S3,green,22165,22220,55,wave_A,0,0
S3,yellow,22220,22223,3,wave_A,0,0
S3,red,22223,22305,82,wave_A,0,0
S3,green,22305,22360,55,wave_A,0,0
S3,yellow,22360,22363,3,wave_A,0,0
S3,red,22363,22445,82,wave_A,0,0
S3,green,22445,22500,55,wave_A,0,0
S3,yellow,22500,22503,3,wave_A,0,0
S3,red,22503,22585,82,wave_A,0,0
S3,green,22585,22640,55,wave_A,0,0
S3,yellow,22640,22643,3,wave_A,0,0
S3,red,22643,22725,82,wave_A,0,0
S3,green,22725,22780,55,wave_A,0,0
S3,yellow,22780,22783,3,wave_A,0,0
S3,red,22783,22865,82,wave_A,0,0
S3,green,22865,22920,55,wave_A,0,0
S3,yellow,22920,22923,3,wave_A,0,0
S3,red,22923,23005,82,wave_A,0,0
S3,green,23005,23060,55,wave_A,0,0
S3,yellow,23060,23063,3,wave_A,0,0
S3,red,23063,23145,82,wave_A,0,0
S3,green,23145,23200,55,wave_A,0,0
S3,yellow,23200,23203,3,wave_A,0,0
S3,red,23203,23285,82,wave_A,0,0
S3,green,23285,23340,55,wave_A,0,0
S3,yellow,23340,23343,3,wave_A,0,0
S3,red,23343,23425,82,wave_A,0,0
S3,green,23425,23480,55,wave_A,0,0
S3,yellow,23480,23483,3,wave_A,0,0
S3,red,23483,23565,82,wave_A,0,0
S3,green,23565,23620,55,wave_A,0,0
S3,yellow,23620,23623,3,wave_A,0,0
S3,red,23623,23705,82,wave_A,0,0
S3,green,23705,23760,55,wave_A,0,0
S3,yellow,23760,23763,3,wave_A,0,0
S3,red,23763,23845,82,wave_A,0,0
S3,green,23845,23900,55,wave_A,0,0
S3,yellow,23900,23903,3,wave_A,0,0
S3,red,23903,23985,82,wave_A,0,0
S3,green,23985,24040,55,wave_A,0,0
S3,yellow,24040,24043,3,wave_A,0,0
S3,red,24043,24125,82,wave_A,0,0
S3,green,24125,24180,55,wave_A,0,0
S3,yellow,24180,24183,3,wave_A,0,0
S3,red,24183,24265,82,wave_A,0,0
S3,green,24265,24320,55,wave_A,0,0
S3,yellow,24320,24323,3,wave_A,0,0
S3,red,24323,24405,82,wave_A,0,0
S3,green,24405,24460,55,wave_A,0,0
S3,yellow,24460,24463,3,wave_A,0,0
S3,red,24463,24545,82,wave_A,0,0
S3,green,24545,24600,55,wave_A,0,0
S3,yellow,24600,24603,3,wave_A,0,0
S3,red,24603,24685,82,wave_A,0,0
S3,green,24685,24740,55,wave_A,0,0
S3,yellow,24740,24743,3,wave_A,0,0
S3,red,24743,24825,82,wave_A,0,0
S3,green,24825,24880,55,wave_A,0,0
S3,yellow,24880,24883,3,wave_A,0,0
S3,red,24883,24965,82,wave_A,0,0
S3,green,24965,25020,55,wave_A,0,0
S3,yellow,25020,25023,3,wave_A,0,0
S3,red,25023,25105,82,wave_A,0,0
S3,green,25105,25160,55,wave_A,0,0
S3,yellow,25160,25163,3,wave_A,0,0
S3,red,25163,25245,82,wave_A,0,0
S3,green,25245,25300,55,wave_A,0,0
S3,yellow,25300,25303,3,wave_A,0,0
S3,red,25303,25385,82,wave_A,0,0
S3,green,25385,25440,55,wave_A,0,0
S3,yellow,25440,25443,3,wave_A,0,0
S3,red,25443,25525,82,wave_A,0,0
S3,green,25525,25580,55,wave_A,0,0
S3,yellow,25580,25583,3,wave_A,0,0
S3,red,25583,25665,82,wave_A,0,0
S3,green,25665,25720,55,wave_A,0,0
S3,yellow,25720,25723,3,wave_A,0,0
S3,red,25723,25805,82,wave_A,0,0
S3,green,25805,25860,55,wave_A,0,0
S3,yellow,25860,25863,3,wave_A,0,0
S3,red,25863,25945,82,wave_A,0,0
S3,green,25945,26000,55,wave_A,0,0
S3,yellow,26000,26003,3,wave_A,0,0
S3,red,26003,26085,82,wave_A,0,0
S3,green,26085,26140,55,wave_A,0,0
S3,yellow,26140,26143,3,wave_A,0,0
S3,red,26143,26225,82,wave_A,0,0
S3,green,26225,26280,55,wave_A,0,0
S3,yellow,26280,26283,3,wave_A,0,0
S3,red,26283,26365,82,wave_A,0,0
S3,green,26365,26420,55,wave_A,0,0
S3,yellow,26420,26423,3,wave_A,0,0
S3,red,26423,26505,82,wave_A,0,0
S3,green,26505,26560,55,wave_A,0,0
S3,yellow,26560,26563,3,wave_A,0,0
S3,red,26563,26645,82,wave_A,0,0
S3,green,26645,26700,55,wave_A,0,0
S3,yellow,26700,26703,3,wave_A,0,0
S3,red,26703,26785,82,wave_A,0,0
S3,green,26785,26840,55,wave_A,0,0
S3,yellow,26840,26843,3,wave_A,0,0
S3,red,26843,26925,82,wave_A,0,0
S3,green,26925,26980,55,wave_A,0,0
S3,yellow,26980,26983,3,wave_A,0,0
S3,red,26983,27065,82,wave_A,0,0
S3,green,27065,27120,55,wave_A,0,0
S3,yellow,27120,27123,3,wave_A,0,0
S3,red,27123,27205,82,wave_A,0,0
S3,green,27205,27260,55,wave_A,0,0
S3,yellow,27260,27263,3,wave_A,0,0
S3,red,27263,27345,82,wave_A,0,0
S3,green,27345,27400,55,wave_A,0,0
S3,yellow,27400,27403,3,wave_A,0,0
S3,red,27403,27485,82,wave_A,0,0
S3,green,27485,27540,55,wave_A,0,0
S3,yellow,27540,27543,3,wave_A,0,0
S3,red,27543,27625,82,wave_A,0,0
S3,green,27625,27680,55,wave_A,0,0
S3,yellow,27680,27683,3,wave_A,0,0
S3,red,27683,27765,82,wave_A,0,0
S3,green,27765,27820,55,wave_A,0,0
S3,yellow,27820,27823,3,wave_A,0,0
S3,red,27823,27905,82,wave_A,0,0
S3,green,27905,27960,55,wave_A,0,0
S3,yellow,27960,27963,3,wave_A,0,0
S3,red,27963,28045,82,wave_A,0,0
S3,green,28045,28100,55,wave_A,0,0
S3,yellow,28100,28103,3,wave_A,0,0
S3,red,28103,28185,82,wave_A,0,0
S3,green,28185,28240,55,wave_A,0,0
S3,yellow,28240,28243,3,wave_A,0,0
S3,red,28243,28325,82,wave_A,0,0
S3,green,28325,28380,55,wave_A,0,0
S3,yellow,28380,28383,3,wave_A,0,0
S3,red,28383,28465,82,wave_A,0,0
S3,green,28465,28520,55,wave_A,0,0
S3,yellow,28520,28523,3,wave_A,0,0
S3,red,28523,28605,82,wave_A,0,0
S3,green,28605,28660,55,wave_A,0,0
S3,yellow,28660,28663,3,wave_A,0,0
S3,red,28663,28745,82,wave_A,0,0
S3,green,28745,28800,55,wave_A,0,0
S3,yellow,28800,28803,3,wave_A,0,0
S3,red,28803,28885,82,wave_A,0,0
S3,green,28885,28940,55,wave_A,0,0
S3,yellow,28940,28943,3,wave_A,0,0
S3,red,28943,29025,82,wave_A,0,0
S3,green,29025,29080,55,wave_A,0,0
S3,yellow,29080,29083,3,wave_A,0,0
S3,red,29083,29165,82,wave_A,0,0
S3,green,29165,29220,55,wave_A,0,0
S3,yellow,29220,29223,3,wave_A,0,0
S3,red,29223,29305,82,wave_A,0,0
S3,green,29305,29360,55,wave_A,0,0
S3,yellow,29360,29363,3,wave_A,0,0
S3,red,29363,29445,82,wave_A,0,0
S3,green,29445,29500,55,wave_A,0,0
S3,yellow,29500,29503,3,wave_A,0,0
S3,red,29503,29585,82,wave_A,0,0
S3,green,29585,29640,55,wave_A,0,0
S3,yellow,29640,29643,3,wave_A,0,0
S3,red,29643,29725,82,wave_A,0,0
S3,green,29725,29780,55,wave_A,0,0
S3,yellow,29780,29783,3,wave_A,0,0
S3,red,29783,29865,82,wave_A,0,0
S3,green,29865,29920,55,wave_A,0,0
S3,yellow,29920,29923,3,wave_A,0,0
S3,red,29923,30005,82,wave_A,0,0
S3,green,30005,30060,55,wave_A,0,0
S3,yellow,30060,30063,3,wave_A,0,0
S3,red,30063,30145,82,wave_A,0,0
S3,green,30145,30200,55,wave_A,0,0
S3,yellow,30200,30203,3,wave_A,0,0
S3,red,30203,30285,82,wave_A,0,0
S3,green,30285,30340,55,wave_A,0,0
S3,yellow,30340,30343,3,wave_A,0,0
S3,red,30343,30425,82,wave_A,0,0
S3,green,30425,30480,55,wave_A,0,0
S3,yellow,30480,30483,3,wave_A,0,0
S3,red,30483,30565,82,wave_A,0,0
S3,green,30565,30620,55,wave_A,0,0
S3,yellow,30620,30623,3,wave_A,0,0
S3,red,30623,30705,82,wave_A,0,0
S3,green,30705,30760,55,wave_A,0,0
S3,yellow,30760,30763,3,wave_A,0,0
S3,red,30763,30845,82,wave_A,0,0
S3,green,30845,30900,55,wave_A,0,0
S3,yellow,30900,30903,3,wave_A,0,0
S3,red,30903,30985,82,wave_A,0,0
S3,green,30985,31040,55,wave_A,0,0
S3,yellow,31040,31043,3,wave_A,0,0
S3,red,31043,31125,82,wave_A,0,0
S3,green,31125,31180,55,wave_A,0,0
S3,yellow,31180,31183,3,wave_A,0,0
S3,red,31183,31265,82,wave_A,0,0
S3,green,31265,31320,55,wave_A,0,0
S3,yellow,31320,31323,3,wave_A,0,0
S3,red,31323,31405,82,wave_A,0,0
S3,green,31405,31460,55,wave_A,0,0
S3,yellow,31460,31463,3,wave_A,0,0
S3,red,31463,31545,82,wave_A,0,0
S3,green,31545,31600,55,wave_A,0,0
S3,yellow,31600,31603,3,wave_A,0,0
S3,red,31603,31685,82,wave_A,0,0
S3,green,31685,31740,55,wave_A,0,0
S3,yellow,31740,31743,3,wave_A,0,0
S3,red,31743,31825,82,wave_A,0,0
S3,green,31825,31880,55,wave_A,0,0
S3,yellow,31880,31883,3,wave_A,0,0
S3,red,31883,31965,82,wave_A,0,0
S3,green,31965,32020,55,wave_A,0,0
S3,yellow,32020,32023,3,wave_A,0,0
S3,red,32023,32105,82,wave_A,0,0
S3,green,32105,32160,55,wave_A,0,0
S3,yellow,32160,32163,3,wave_A,0,0
S3,red,32163,32245,82,wave_A,0,0
S3,green,32245,32300,55,wave_A,0,0
S3,yellow,32300,32303,3,wave_A,0,0
S3,red,32303,32385,82,wave_A,0,0
S3,green,32385,32440,55,wave_A,0,0
S3,yellow,32440,32443,3,wave_A,0,0
S3,red,32443,32525,82,wave_A,0,0
S3,green,32525,32580,55,wave_A,0,0
S3,yellow,32580,32583,3,wave_A,0,0
S3,red,32583,32665,82,wave_A,0,0
S3,green,32665,32720,55,wave_A,0,0
S3,yellow,32720,32723,3,wave_A,0,0
S3,red,32723,32805,82,wave_A,0,0
S3,green,32805,32860,55,wave_A,0,0
S3,yellow,32860,32863,3,wave_A,0,0
S3,red,32863,32945,82,wave_A,0,0
S3,green,32945,33000,55,wave_A,0,0
S3,yellow,33000,33003,3,wave_A,0,0
S3,red,33003,33085,82,wave_A,0,0
S3,green,33085,33140,55,wave_A,0,0
S3,yellow,33140,33143,3,wave_A,0,0
S3,red,33143,33225,82,wave_A,0,0
S3,green,33225,33280,55,wave_A,0,0
S3,yellow,33280,33283,3,wave_A,0,0
S3,red,33283,33365,82,wave_A,0,0
S3,green,33365,33420,55,wave_A,0,0
S3,yellow,33420,33423,3,wave_A,0,0
S3,red,33423,33505,82,wave_A,0,0
S3,green,33505,33560,55,wave_A,0,0
S3,yellow,33560,33563,3,wave_A,0,0
S3,red,33563,33645,82,wave_A,0,0
S3,green,33645,33700,55,wave_A,0,0
S3,yellow,33700,33703,3,wave_A,0,0
S3,red,33703,33785,82,wave_A,0,0
S3,green,33785,33840,55,wave_A,0,0
S3,yellow,33840,33843,3,wave_A,0,0
S3,red,33843,33925,82,wave_A,0,0
S3,green,33925,33980,55,wave_A,0,0
S3,yellow,33980,33983,3,wave_A,0,0
S3,red,33983,34065,82,wave_A,0,0
S3,green,34065,34120,55,wave_A,0,0
S3,yellow,34120,34123,3,wave_A,0,0
S3,red,34123,34205,82,wave_A,0,0
S3,green,34205,34260,55,wave_A,0,0
S3,yellow,34260,34263,3,wave_A,0,0
S3,red,34263,34345,82,wave_A,0,0
S3,green,34345,34400,55,wave_A,0,0
S3,yellow,34400,34403,3,wave_A,0,0
S3,red,34403,34485,82,wave_A,0,0
S3,green,34485,34540,55,wave_A,0,0
S3,yellow,34540,34543,3,wave_A,0,0
S3,red,34543,34625,82,wave_A,0,0
S3,green,34625,34680,55,wave_A,0,0
S3,yellow,34680,34683,3,wave_A,0,0
S3,red,34683,34765,82,wave_A,0,0
S3,green,34765,34820,55,wave_A,0,0
S3,yellow,34820,34823,3,wave_A,0,0
S3,red,34823,34905,82,wave_A,0,0
S3,green,34905,34960,55,wave_A,0,0
S3,yellow,34960,34963,3,wave_A,0,0
S3,red,34963,35045,82,wave_A,0,0
S3,green,35045,35100,55,wave_A,0,0
S3,yellow,35100,35103,3,wave_A,0,0
S3,red,35103,35185,82,wave_A,0,0
S3,green,35185,35240,55,wave_A,0,0
S3,yellow,35240,35243,3,wave_A,0,0
S3,red,35243,35325,82,wave_A,0,0
S3,green,35325,35380,55,wave_A,0,0
S3,yellow,35380,35383,3,wave_A,0,0
S3,red,35383,35465,82,wave_A,0,0
S3,green,35465,35520,55,wave_A,0,0
S3,yellow,35520,35523,3,wave_A,0,0
S3,red,35523,35605,82,wave_A,0,0
S3,green,35605,35660,55,wave_A,0,0
S3,yellow,35660,35663,3,wave_A,0,0
S3,red,35663,35745,82,wave_A,0,0
S3,green,35745,35800,55,wave_A,0,0
S3,yellow,35800,35803,3,wave_A,0,0
S3,red,35803,35885,82,wave_A,0,0
S3,green,35885,35940,55,wave_A,0,0
S3,yellow,35940,35943,3,wave_A,0,0
S3,red,35943,36025,82,wave_A,0,0
S3,green,36025,36080,55,wave_A,0,0
S3,yellow,36080,36083,3,wave_A,0,0
S3,red,36083,36165,82,wave_A,0,0
S3,green,36165,36220,55,wave_A,0,0
S3,yellow,36220,36223,3,wave_A,0,0
S3,red,36223,36305,82,wave_A,0,0
S3,green,36305,36360,55,wave_A,0,0
S3,yellow,36360,36363,3,wave_A,0,0
S3,red,36363,36445,82,wave_A,0,0
S3,green,36445,36500,55,wave_A,0,0
S3,yellow,36500,36503,3,wave_A,0,0
S3,red,36503,36585,82,wave_A,0,0
S3,green,36585,36640,55,wave_A,0,0
S3,yellow,36640,36643,3,wave_A,0,0
S3,red,36643,36725,82,wave_A,0,0
S3,green,36725,36780,55,wave_A,0,0
S3,yellow,36780,36783,3,wave_A,0,0
S3,red,36783,36865,82,wave_A,0,0
S3,green,36865,36920,55,wave_A,0,0
S3,yellow,36920,36923,3,wave_A,0,0
S3,red,36923,37005,82,wave_A,0,0
S3,green,37005,37060,55,wave_A,0,0
S3,yellow,37060,37063,3,wave_A,0,0
S3,red,37063,37145,82,wave_A,0,0
S3,green,37145,37200,55,wave_A,0,0
S3,yellow,37200,37203,3,wave_A,0,0
S3,red,37203,37285,82,wave_A,0,0
S3,green,37285,37340,55,wave_A,0,0
S3,yellow,37340,37343,3,wave_A,0,0
S3,red,37343,37425,82,wave_A,0,0
S3,green,37425,37480,55,wave_A,0,0
S3,yellow,37480,37483,3,wave_A,0,0
S3,red,37483,37565,82,wave_A,0,0
S3,green,37565,37620,55,wave_A,0,0
S3,yellow,37620,37623,3,wave_A,0,0
S3,red,37623,37705,82,wave_A,0,0
S3,green,37705,37760,55,wave_A,0,0
S3,yellow,37760,37763,3,wave_A,0,0
S3,red,37763,37845,82,wave_A,0,0
S3,green,37845,37900,55,wave_A,0,0
S3,yellow,37900,37903,3,wave_A,0,0
S3,red,37903,37985,82,wave_A,0,0
S3,green,37985,38040,55,wave_A,0,0
S3,yellow,38040,38043,3,wave_A,0,0
S3,red,38043,38125,82,wave_A,0,0
S3,green,38125,38180,55,wave_A,0,0
S3,yellow,38180,38183,3,wave_A,0,0
S3,red,38183,38265,82,wave_A,0,0
S3,green,38265,38320,55,wave_A,0,0
S3,yellow,38320,38323,3,wave_A,0,0
S3,red,38323,38405,82,wave_A,0,0
S3,green,38405,38460,55,wave_A,0,0
S3,yellow,38460,38463,3,wave_A,0,0
S3,red,38463,38545,82,wave_A,0,0
S3,green,38545,38600,55,wave_A,0,0
S3,yellow,38600,38603,3,wave_A,0,0
S3,red,38603,38685,82,wave_A,0,0
S3,green,38685,38740,55,wave_A,0,0
S3,yellow,38740,38743,3,wave_A,0,0
S3,red,38743,38825,82,wave_A,0,0
S3,green,38825,38880,55,wave_A,0,0
S3,yellow,38880,38883,3,wave_A,0,0
S3,red,38883,38965,82,wave_A,0,0
S3,green,38965,39020,55,wave_A,0,0
S3,yellow,39020,39023,3,wave_A,0,0
S3,red,39023,39105,82,wave_A,0,0
S3,green,39105,39160,55,wave_A,0,0
S3,yellow,39160,39163,3,wave_A,0,0
S3,red,39163,39245,82,wave_A,0,0
S3,green,39245,39300,55,wave_A,0,0
S3,yellow,39300,39303,3,wave_A,0,0
S3,red,39303,39385,82,wave_A,0,0
S3,green,39385,39440,55,wave_A,0,0
S3,yellow,39440,39443,3,wave_A,0,0
S3,red,39443,39525,82,wave_A,0,0
S3,green,39525,39580,55,wave_A,0,0
S3,yellow,39580,39583,3,wave_A,0,0
S3,red,39583,39665,82,wave_A,0,0
S3,green,39665,39720,55,wave_A,0,0
S3,yellow,39720,39723,3,wave_A,0,0
S3,red,39723,39805,82,wave_A,0,0
S3,green,39805,39860,55,wave_A,0,0
S3,yellow,39860,39863,3,wave_A,0,0
S3,red,39863,39945,82,wave_A,0,0
S3,green,39945,40000,55,wave_A,0,0
S3,yellow,40000,40003,3,wave_A,0,0
S3,red,40003,40085,82,wave_A,0,0
S3,green,40085,40140,55,wave_A,0,0
S3,yellow,40140,40143,3,wave_A,0,0
S3,red,40143,40225,82,wave_A,0,0
S3,green,40225,40280,55,wave_A,0,0
S3,yellow,40280,40283,3,wave_A,0,0
S3,red,40283,40365,82,wave_A,0,0
S3,green,40365,40420,55,wave_A,0,0
S3,yellow,40420,40423,3,wave_A,0,0
S3,red,40423,40505,82,wave_A,0,0
S3,green,40505,40560,55,wave_A,0,0
S3,yellow,40560,40563,3,wave_A,0,0
S3,red,40563,40645,82,wave_A,0,0
S3,green,40645,40700,55,wave_A,0,0
S3,yellow,40700,40703,3,wave_A,0,0
S3,red,40703,40785,82,wave_A,0,0
S3,green,40785,40840,55,wave_A,0,0
S3,yellow,40840,40843,3,wave_A,0,0
S3,red,40843,40925,82,wave_A,0,0
S3,green,40925,40980,55,wave_A,0,0
S3,yellow,40980,40983,3,wave_A,0,0
S3,red,40983,41065,82,wave_A,0,0
S3,green,41065,41120,55,wave_A,0,0
S3,yellow,41120,41123,3,wave_A,0,0
S3,red,41123,41205,82,wave_A,0,0
S3,green,41205,41260,55,wave_A,0,0
S3,yellow,41260,41263,3,wave_A,0,0
S3,red,41263,41345,82,wave_A,0,0
S3,green,41345,41400,55,wave_A,0,0
S3,yellow,41400,41403,3,wave_A,0,0
S3,red,41403,41485,82,wave_A,0,0
S3,green,41485,41540,55,wave_A,0,0
S3,yellow,41540,41543,3,wave_A,0,0
S3,red,41543,41625,82,wave_A,0,0
S3,green,41625,41680,55,wave_A,0,0
S3,yellow,41680,41683,3,wave_A,0,0
S3,red,41683,41765,82,wave_A,0,0
S3,green,41765,41820,55,wave_A,0,0
S3,yellow,41820,41823,3,wave_A,0,0
S3,red,41823,41905,82,wave_A,0,0
S3,green,41905,41960,55,wave_A,0,0
S3,yellow,41960,41963,3,wave_A,0,0
S3,red,41963,42045,82,wave_A,0,0
S3,green,42045,42100,55,wave_A,0,0
S3,yellow,42100,42103,3,wave_A,0,0
S3,red,42103,42185,82,wave_A,0,0
S3,green,42185,42240,55,wave_A,0,0
S3,yellow,42240,42243,3,wave_A,0,0
S3,red,42243,42325,82,wave_A,0,0
S3,green,42325,42380,55,wave_A,0,0
S3,yellow,42380,42383,3,wave_A,0,0
S3,red,42383,42465,82,wave_A,0,0
S3,green,42465,42520,55,wave_A,0,0
S3,yellow,42520,42523,3,wave_A,0,0
S3,red,42523,42605,82,wave_A,0,0
S3,green,42605,42660,55,wave_A,0,0
S3,yellow,42660,42663,3,wave_A,0,0
S3,red,42663,42745,82,wave_A,0,0
S3,green,42745,42800,55,wave_A,0,0
S3,yellow,42800,42803,3,wave_A,0,0
S3,red,42803,42885,82,wave_A,0,0
S3,green,42885,42940,55,wave_A,0,0
S3,yellow,42940,42943,3,wave_A,0,0
S3,red,42943,43025,82,wave_A,0,0
S3,green,43025,43080,55,wave_A,0,0
S3,yellow,43080,43083,3,wave_A,0,0
S3,red,43083,43165,82,wave_A,0,0
S3,green,43165,43220,55,wave_A,0,0
S3,yellow,43220,43223,3,wave_A,0,0
S3,red,43223,43305,82,wave_A,0,0
S3,green,43305,43360,55,wave_A,0,0
S3,yellow,43360,43363,3,wave_A,0,0
S3,red,43363,43445,82,wave_A,0,0
S3,green,43445,43500,55,wave_A,0,0
S3,yellow,43500,43503,3,wave_A,0,0
S3,red,43503,43585,82,wave_A,0,0
S3,green,43585,43640,55,wave_A,0,0
S3,yellow,43640,43643,3,wave_A,0,0
S3,red,43643,43725,82,wave_A,0,0
S3,green,43725,43780,55,wave_A,0,0
S3,yellow,43780,43783,3,wave_A,0,0
S3,red,43783,43865,82,wave_A,0,0
S3,green,43865,43920,55,wave_A,0,0
S3,yellow,43920,43923,3,wave_A,0,0
S3,red,43923,44005,82,wave_A,0,0
S3,green,44005,44060,55,wave_A,0,0
S3,yellow,44060,44063,3,wave_A,0,0
S3,red,44063,44145,82,wave_A,0,0
S3,green,44145,44200,55,wave_A,0,0
S3,yellow,44200,44203,3,wave_A,0,0
S3,red,44203,44285,82,wave_A,0,0
S3,green,44285,44340,55,wave_A,0,0
S3,yellow,44340,44343,3,wave_A,0,0
S3,red,44343,44425,82,wave_A,0,0
S3,green,44425,44480,55,wave_A,0,0
S3,yellow,44480,44483,3,wave_A,0,0
S3,red,44483,44565,82,wave_A,0,0
S3,green,44565,44620,55,wave_A,0,0
S3,yellow,44620,44623,3,wave_A,0,0
S3,red,44623,44705,82,wave_A,0,0
S3,green,44705,44760,55,wave_A,0,0
S3,yellow,44760,44763,3,wave_A,0,0
S3,red,44763,44845,82,wave_A,0,0
S3,green,44845,44900,55,wave_A,0,0
S3,yellow,44900,44903,3,wave_A,0,0
S3,red,44903,44985,82,wave_A,0,0
S3,green,44985,45040,55,wave_A,0,0
S3,yellow,45040,45043,3,wave_A,0,0
S3,red,45043,45125,82,wave_A,0,0
S3,green,45125,45180,55,wave_A,0,0
S3,yellow,45180,45183,3,wave_A,0,0
S3,red,45183,45265,82,wave_A,0,0
S3,green,45265,45320,55,wave_A,0,0
S3,yellow,45320,45323,3,wave_A,0,0
S3,red,45323,45405,82,wave_A,0,0
S3,green,45405,45460,55,wave_A,0,0
S3,yellow,45460,45463,3,wave_A,0,0
S3,red,45463,45545,82,wave_A,0,0
S3,green,45545,45600,55,wave_A,0,0
S3,yellow,45600,45603,3,wave_A,0,0
S3,red,45603,45685,82,wave_A,0,0
S3,green,45685,45740,55,wave_A,0,0
S3,yellow,45740,45743,3,wave_A,0,0
S3,red,45743,45825,82,wave_A,0,0
S3,green,45825,45880,55,wave_A,0,0
S3,yellow,45880,45883,3,wave_A,0,0
S3,red,45883,45965,82,wave_A,0,0
S3,green,45965,46020,55,wave_A,0,0
S3,yellow,46020,46023,3,wave_A,0,0
S3,red,46023,46105,82,wave_A,0,0
S3,green,46105,46160,55,wave_A,0,0
S3,yellow,46160,46163,3,wave_A,0,0
S3,red,46163,46245,82,wave_A,0,0
S3,green,46245,46300,55,wave_A,0,0
S3,yellow,46300,46303,3,wave_A,0,0
S3,red,46303,46385,82,wave_A,0,0
S3,green,46385,46440,55,wave_A,0,0
S3,yellow,46440,46443,3,wave_A,0,0
S3,red,46443,46525,82,wave_A,0,0
S3,green,46525,46580,55,wave_A,0,0
S3,yellow,46580,46583,3,wave_A,0,0
S3,red,46583,46665,82,wave_A,0,0
S3,green,46665,46720,55,wave_A,0,0
S3,yellow,46720,46723,3,wave_A,0,0
S3,red,46723,46805,82,wave_A,0,0
S3,green,46805,46860,55,wave_A,0,0
S3,yellow,46860,46863,3,wave_A,0,0
S3,red,46863,46945,82,wave_A,0,0
S3,green,46945,47000,55,wave_A,0,0
S3,yellow,47000,47003,3,wave_A,0,0
S3,red,47003,47085,82,wave_A,0,0
S3,green,47085,47140,55,wave_A,0,0
S3,yellow,47140,47143,3,wave_A,0,0
S3,red,47143,47225,82,wave_A,0,0
S3,green,47225,47280,55,wave_A,0,0
S3,yellow,47280,47283,3,wave_A,0,0
S3,red,47283,47365,82,wave_A,0,0
S3,green,47365,47420,55,wave_A,0,0
S3,yellow,47420,47423,3,wave_A,0,0
S3,red,47423,47505,82,wave_A,0,0
S3,green,47505,47560,55,wave_A,0,0
S3,yellow,47560,47563,3,wave_A,0,0
S3,red,47563,47645,82,wave_A,0,0
S3,green,47645,47700,55,wave_A,0,0
S3,yellow,47700,47703,3,wave_A,0,0
S3,red,47703,47785,82,wave_A,0,0
S3,green,47785,47840,55,wave_A,0,0
S3,yellow,47840,47843,3,wave_A,0,0
S3,red,47843,47925,82,wave_A,0,0
S3,green,47925,47980,55,wave_A,0,0
S3,yellow,47980,47983,3,wave_A,0,0
S3,red,47983,48065,82,wave_A,0,0
S3,green,48065,48120,55,wave_A,0,0
S3,yellow,48120,48123,3,wave_A,0,0
S3,red,48123,48205,82,wave_A,0,0
S3,green,48205,48260,55,wave_A,0,0
S3,yellow,48260,48263,3,wave_A,0,0
S3,red,48263,48345,82,wave_A,0,0
S3,green,48345,48400,55,wave_A,0,0
S3,yellow,48400,48403,3,wave_A,0,0
S3,red,48403,48485,82,wave_A,0,0
S3,green,48485,48540,55,wave_A,0,0
S3,yellow,48540,48543,3,wave_A,0,0
S3,red,48543,48625,82,wave_A,0,0
S3,green,48625,48680,55,wave_A,0,0
S3,yellow,48680,48683,3,wave_A,0,0
S3,red,48683,48765,82,wave_A,0,0
S3,green,48765,48820,55,wave_A,0,0
S3,yellow,48820,48823,3,wave_A,0,0
S3,red,48823,48905,82,wave_A,0,0
S3,green,48905,48960,55,wave_A,0,0
S3,yellow,48960,48963,3,wave_A,0,0
S3,red,48963,49045,82,wave_A,0,0
S3,green,49045,49100,55,wave_A,0,0
S3,yellow,49100,49103,3,wave_A,0,0
S3,red,49103,49185,82,wave_A,0,0
S3,green,49185,49240,55,wave_A,0,0
S3,yellow,49240,49243,3,wave_A,0,0
S3,red,49243,49325,82,wave_A,0,0
S3,green,49325,49380,55,wave_A,0,0
S3,yellow,49380,49383,3,wave_A,0,0
S3,red,49383,49465,82,wave_A,0,0
S3,green,49465,49520,55,wave_A,0,0
S3,yellow,49520,49523,3,wave_A,0,0
S3,red,49523,49605,82,wave_A,0,0
S3,green,49605,49660,55,wave_A,0,0
S3,yellow,49660,49663,3,wave_A,0,0
S3,red,49663,49745,82,wave_A,0,0
S3,green,49745,49800,55,wave_A,0,0
S3,yellow,49800,49803,3,wave_A,0,0
S3,red,49803,49885,82,wave_A,0,0
S3,green,49885,49940,55,wave_A,0,0
S3,yellow,49940,49943,3,wave_A,0,0
S3,red,49943,50025,82,wave_A,0,0
S3,green,50025,50080,55,wave_A,0,0
S3,yellow,50080,50083,3,wave_A,0,0
S3,red,50083,50165,82,wave_A,0,0
S3,green,50165,50220,55,wave_A,0,0
S3,yellow,50220,50223,3,wave_A,0,0
S3,red,50223,50305,82,wave_A,0,0
S3,green,50305,50360,55,wave_A,0,0
S3,yellow,50360,50363,3,wave_A,0,0
S3,red,50363,50445,82,wave_A,0,0
S3,green,50445,50500,55,wave_A,0,0
S3,yellow,50500,50503,3,wave_A,0,0
S3,red,50503,50585,82,wave_A,0,0
S3,green,50585,50640,55,wave_A,0,0
S3,yellow,50640,50643,3,wave_A,0,0
S3,red,50643,50725,82,wave_A,0,0
S3,green,50725,50780,55,wave_A,0,0
S3,yellow,50780,50783,3,wave_A,0,0
S3,red,50783,50865,82,wave_A,0,0
S3,green,50865,50920,55,wave_A,0,0
S3,yellow,50920,50923,3,wave_A,0,0
S3,red,50923,51005,82,wave_A,0,0
S3,green,51005,51060,55,wave_A,0,0
S3,yellow,51060,51063,3,wave_A,0,0
S3,red,51063,51145,82,wave_A,0,0
S3,green,51145,51200,55,wave_A,0,0
S3,yellow,51200,51203,3,wave_A,0,0
S3,red,51203,51285,82,wave_A,0,0
S3,green,51285,51340,55,wave_A,0,0
S3,yellow,51340,51343,3,wave_A,0,0
S3,red,51343,51425,82,wave_A,0,0
S3,green,51425,51480,55,wave_A,0,0
S3,yellow,51480,51483,3,wave_A,0,0
S3,red,51483,51565,82,wave_A,0,0
S3,green,51565,51620,55,wave_A,0,0
S3,yellow,51620,51623,3,wave_A,0,0
S3,red,51623,51705,82,wave_A,0,0
S3,green,51705,51760,55,wave_A,0,0
S3,yellow,51760,51763,3,wave_A,0,0
S3,red,51763,51845,82,wave_A,0,0
S3,green,51845,51900,55,wave_A,0,0
S3,yellow,51900,51903,3,wave_A,0,0
S3,red,51903,51985,82,wave_A,0,0
S3,green,51985,52040,55,wave_A,0,0
S3,yellow,52040,52043,3,wave_A,0,0
S3,red,52043,52125,82,wave_A,0,0
S3,green,52125,52180,55,wave_A,0,0
S3,yellow,52180,52183,3,wave_A,0,0
S3,red,52183,52265,82,wave_A,0,0
S3,green,52265,52320,55,wave_A,0,0
S3,yellow,52320,52323,3,wave_A,0,0
S3,red,52323,52405,82,wave_A,0,0
S3,green,52405,52460,55,wave_A,0,0
S3,yellow,52460,52463,3,wave_A,0,0
S3,red,52463,52545,82,wave_A,0,0
S3,green,52545,52600,55,wave_A,0,0
S3,yellow,52600,52603,3,wave_A,0,0
S3,red,52603,52685,82,wave_A,0,0
S3,green,52685,52740,55,wave_A,0,0
S3,yellow,52740,52743,3,wave_A,0,0
S3,red,52743,52825,82,wave_A,0,0
S3,green,52825,52880,55,wave_A,0,0
S3,yellow,52880,52883,3,wave_A,0,0
S3,red,52883,52965,82,wave_A,0,0
S3,green,52965,53020,55,wave_A,0,0
S3,yellow,53020,53023,3,wave_A,0,0
S3,red,53023,53105,82,wave_A,0,0
S3,green,53105,53160,55,wave_A,0,0
S3,yellow,53160,53163,3,wave_A,0,0
S3,red,53163,53245,82,wave_A,0,0
S3,green,53245,53300,55,wave_A,0,0
S3,yellow,53300,53303,3,wave_A,0,0
S3,red,53303,53385,82,wave_A,0,0
S3,green,53385,53440,55,wave_A,0,0
S3,yellow,53440,53443,3,wave_A,0,0
S3,red,53443,53525,82,wave_A,0,0
S3,green,53525,53580,55,wave_A,0,0
S3,yellow,53580,53583,3,wave_A,0,0
S3,red,53583,53665,82,wave_A,0,0
S3,green,53665,53720,55,wave_A,0,0
S3,yellow,53720,53723,3,wave_A,0,0
S3,red,53723,53805,82,wave_A,0,0
S3,green,53805,53860,55,wave_A,0,0
S3,yellow,53860,53863,3,wave_A,0,0
S3,red,53863,53945,82,wave_A,0,0
S3,green,53945,54000,55,wave_A,0,0
S3,yellow,54000,54003,3,wave_A,0,0
S3,red,54003,54085,82,wave_A,0,0
S3,green,54085,54140,55,wave_A,0,0
S3,yellow,54140,54143,3,wave_A,0,0
S3,red,54143,54225,82,wave_A,0,0
S3,green,54225,54280,55,wave_A,0,0
S3,yellow,54280,54283,3,wave_A,0,0
S3,red,54283,54365,82,wave_A,0,0
S3,green,54365,54420,55,wave_A,0,0
S3,yellow,54420,54423,3,wave_A,0,0
S3,red,54423,54505,82,wave_A,0,0
S3,green,54505,54560,55,wave_A,0,0
S3,yellow,54560,54563,3,wave_A,0,0
S3,red,54563,54645,82,wave_A,0,0
S3,green,54645,54700,55,wave_A,0,0
S3,yellow,54700,54703,3,wave_A,0,0
S3,red,54703,54785,82,wave_A,0,0
S3,green,54785,54840,55,wave_A,0,0
S3,yellow,54840,54843,3,wave_A,0,0
S3,red,54843,54925,82,wave_A,0,0
S3,green,54925,54980,55,wave_A,0,0
S3,yellow,54980,54983,3,wave_A,0,0
S3,red,54983,55065,82,wave_A,0,0
S3,green,55065,55120,55,wave_A,0,0
S3,yellow,55120,55123,3,wave_A,0,0
S3,red,55123,55205,82,wave_A,0,0
S3,green,55205,55260,55,wave_A,0,0
S3,yellow,55260,55263,3,wave_A,0,0
S3,red,55263,55345,82,wave_A,0,0
S3,green,55345,55400,55,wave_A,0,0
S3,yellow,55400,55403,3,wave_A,0,0
S3,red,55403,55485,82,wave_A,0,0
S3,green,55485,55540,55,wave_A,0,0
S3,yellow,55540,55543,3,wave_A,0,0
S3,red,55543,55625,82,wave_A,0,0
S3,green,55625,55680,55,wave_A,0,0
S3,yellow,55680,55683,3,wave_A,0,0
S3,red,55683,55765,82,wave_A,0,0
S3,green,55765,55820,55,wave_A,0,0
S3,yellow,55820,55823,3,wave_A,0,0
S3,red,55823,55905,82,wave_A,0,0
S3,green,55905,55960,55,wave_A,0,0
S3,yellow,55960,55963,3,wave_A,0,0
S3,red,55963,56045,82,wave_A,0,0
S3,green,56045,56100,55,wave_A,0,0
S3,yellow,56100,56103,3,wave_A,0,0
S3,red,56103,56185,82,wave_A,0,0
S3,green,56185,56240,55,wave_A,0,0
S3,yellow,56240,56243,3,wave_A,0,0
S3,red,56243,56325,82,wave_A,0,0
S3,green,56325,56380,55,wave_A,0,0
S3,yellow,56380,56383,3,wave_A,0,0
S3,red,56383,56465,82,wave_A,0,0
S3,green,56465,56520,55,wave_A,0,0
S3,yellow,56520,56523,3,wave_A,0,0
S3,red,56523,56605,82,wave_A,0,0
S3,green,56605,56660,55,wave_A,0,0
S3,yellow,56660,56663,3,wave_A,0,0
S3,red,56663,56745,82,wave_A,0,0
S3,green,56745,56800,55,wave_A,0,0
S3,yellow,56800,56803,3,wave_A,0,0
S3,red,56803,56885,82,wave_A,0,0
S3,green,56885,56940,55,wave_A,0,0
S3,yellow,56940,56943,3,wave_A,0,0
S3,red,56943,57025,82,wave_A,0,0
S3,green,57025,57080,55,wave_A,0,0
S3,yellow,57080,57083,3,wave_A,0,0
S3,red,57083,57165,82,wave_A,0,0
S3,green,57165,57220,55,wave_A,0,0
S3,yellow,57220,57223,3,wave_A,0,0
S3,red,57223,57305,82,wave_A,0,0
S3,green,57305,57360,55,wave_A,0,0
S3,yellow,57360,57363,3,wave_A,0,0
S3,red,57363,57445,82,wave_A,0,0
S3,green,57445,57500,55,wave_A,0,0
S3,yellow,57500,57503,3,wave_A,0,0
S3,red,57503,57585,82,wave_A,0,0
S3,green,57585,57640,55,wave_A,0,0
S3,yellow,57640,57643,3,wave_A,0,0
S3,red,57643,57680,37,wave_A,0,1
S4,red,0,59,59,wave_A,1,0
S4,green,59,112,53,wave_A,0,0
S4,yellow,112,115,3,wave_A,0,0
S4,red,115,199,84,wave_A,0,0
S4,green,199,252,53,wave_A,0,0
S4,yellow,252,255,3,wave_A,0,0
S4,red,255,339,84,wave_A,0,0
S4,green,339,392,53,wave_A,0,0
S4,yellow,392,395,3,wave_A,0,0
S4,red,395,479,84,wave_A,0,0
S4,green,479,532,53,wave_A,0,0
S4,yellow,532,535,3,wave_A,0,0
S4,red,535,619,84,wave_A,0,0
S4,green,619,672,53,wave_A,0,0
S4,yellow,672,675,3,wave_A,0,0
S4,red,675,759,84,wave_A,0,0
S4,green,759,812,53,wave_A,0,0
S4,yellow,812,815,3,wave_A,0,0
S4,red,815,899,84,wave_A,0,0
S4,green,899,952,53,wave_A,0,0
S4,yellow,952,955,3,wave_A,0,0
S4,red,955,1039,84,wave_A,0,0
S4,green,1039,1092,53,wave_A,0,0
S4,yellow,1092,1095,3,wave_A,0,0
S4,red,1095,1179,84,wave_A,0,0
S4,green,1179,1232,53,wave_A,0,0
S4,yellow,1232,1235,3,wave_A,0,0
S4,red,1235,1319,84,wave_A,0,0
S4,green,1319,1372,53,wave_A,0,0
S4,yellow,1372,1375,3,wave_A,0,0
S4,red,1375,1459,84,wave_A,0,0
S4,green,1459,1512,53,wave_A,0,0
S4,yellow,1512,1515,3,wave_A,0,0
S4,red,1515,1599,84,wave_A,0,0
S4,green,1599,1652,53,wave_A,0,0
S4,yellow,1652,1655,3,wave_A,0,0
S4,red,1655,1739,84,wave_A,0,0
S4,green,1739,1792,53,wave_A,0,0
S4,yellow,1792,1795,3,wave_A,0,0
S4,red,1795,1879,84,wave_A,0,0
S4,green,1879,1932,53,wave_A,0,0
S4,yellow,1932,1935,3,wave_A,0,0
S4,red,1935,2019,84,wave_A,0,0
S4,green,2019,2072,53,wave_A,0,0
S4,yellow,2072,2075,3,wave_A,0,0
S4,red,2075,2159,84,wave_A,0,0
S4,green,2159,2212,53,wave_A,0,0
S4,yellow,2212,2215,3,wave_A,0,0
S4,red,2215,2299,84,wave_A,0,0
S4,green,2299,2352,53,wave_A,0,0
S4,yellow,2352,2355,3,wave_A,0,0
S4,red,2355,2439,84,wave_A,0,0
S4,green,2439,2492,53,wave_A,0,0
S4,yellow,2492,2495,3,wave_A,0,0
S4,red,2495,2579,84,wave_A,0,0
S4,green,2579,2632,53,wave_A,0,0
S4,yellow,2632,2635,3,wave_A,0,0
S4,red,2635,2719,84,wave_A,0,0
S4,green,2719,2772,53,wave_A,0,0
S4,yellow,2772,2775,3,wave_A,0,0
S4,red,2775,2859,84,wave_A,0,0
S4,green,2859,2912,53,wave_A,0,0
S4,yellow,2912,2915,3,wave_A,0,0
S4,red,2915,2999,84,wave_A,0,0
S4,green,2999,3052,53,wave_A,0,0
S4,yellow,3052,3055,3,wave_A,0,0
S4,red,3055,3139,84,wave_A,0,0
S4,green,3139,3192,53,wave_A,0,0
S4,yellow,3192,3195,3,wave_A,0,0
S4,red,3195,3279,84,wave_A,0,0
S4,green,3279,3332,53,wave_A,0,0
S4,yellow,3332,3335,3,wave_A,0,0
S4,red,3335,3419,84,wave_A,0,0
S4,green,3419,3472,53,wave_A,0,0
S4,yellow,3472,3475,3,wave_A,0,0
S4,red,3475,3559,84,wave_A,0,0
S4,green,3559,3612,53,wave_A,0,0
S4,yellow,3612,3615,3,wave_A,0,0
S4,red,3615,3699,84,wave_A,0,0
S4,green,3699,3752,53,wave_A,0,0
S4,yellow,3752,3755,3,wave_A,0,0
S4,red,3755,3839,84,wave_A,0,0
S4,green,3839,3892,53,wave_A,0,0
S4,yellow,3892,3895,3,wave_A,0,0
S4,red,3895,3979,84,wave_A,0,0
S4,green,3979,4032,53,wave_A,0,0
S4,yellow,4032,4035,3,wave_A,0,0
S4,red,4035,4119,84,wave_A,0,0
S4,green,4119,4172,53,wave_A,0,0
S4,yellow,4172,4175,3,wave_A,0,0
S4,red,4175,4259,84,wave_A,0,0
S4,green,4259,4312,53,wave_A,0,0
S4,yellow,4312,4315,3,wave_A,0,0
S4,red,4315,4399,84,wave_A,0,0
S4,green,4399,4452,53,wave_A,0,0
S4,yellow,4452,4455,3,wave_A,0,0
S4,red,4455,4539,84,wave_A,0,0
S4,green,4539,4592,53,wave_A,0,0
S4,yellow,4592,4595,3,wave_A,0,0
S4,red,4595,4679,84,wave_A,0,0
S4,green,4679,4732,53,wave_A,0,0
S4,yellow,4732,4735,3,wave_A,0,0
S4,red,4735,4819,84,wave_A,0,0
S4,green,4819,4872,53,wave_A,0,0
S4,yellow,4872,4875,3,wave_A,0,0
S4,red,4875,4959,84,wave_A,0,0
S4,green,4959,5012,53,wave_A,0,0
S4,yellow,5012,5015,3,wave_A,0,0
S4,red,5015,5099,84,wave_A,0,0
S4,green,5099,5152,53,wave_A,0,0
S4,yellow,5152,5155,3,wave_A,0,0
S4,red,5155,5239,84,wave_A,0,0
S4,green,5239,5292,53,wave_A,0,0
S4,yellow,5292,5295,3,wave_A,0,0
S4,red,5295,5379,84,wave_A,0,0
S4,green,5379,5432,53,wave_A,0,0
S4,yellow,5432,5435,3,wave_A,0,0
S4,red,5435,5519,84,wave_A,0,0
S4,green,5519,5572,53,wave_A,0,0
S4,yellow,5572,5575,3,wave_A,0,0
S4,red,5575,5659,84,wave_A,0,0
S4,green,5659,5712,53,wave_A,0,0
S4,yellow,5712,5715,3,wave_A,0,0
S4,red,5715,5799,84,wave_A,0,0
S4,green,5799,5852,53,wave_A,0,0
S4,yellow,5852,5855,3,wave_A,0,0
S4,red,5855,5939,84,wave_A,0,0
S4,green,5939,5992,53,wave_A,0,0
S4,yellow,5992,5995,3,wave_A,0,0
S4,red,5995,6079,84,wave_A,0,0
S4,green,6079,6132,53,wave_A,0,0
S4,yellow,6132,6135,3,wave_A,0,0
S4,red,6135,6219,84,wave_A,0,0
S4,green,6219,6272,53,wave_A,0,0
S4,yellow,6272,6275,3,wave_A,0,0
S4,red,6275,6359,84,wave_A,0,0
S4,green,6359,6412,53,wave_A,0,0
S4,yellow,6412,6415,3,wave_A,0,0
S4,red,6415,6499,84,wave_A,0,0
S4,green,6499,6552,53,wave_A,0,0
S4,yellow,6552,6555,3,wave_A,0,0
S4,red,6555,6639,84,wave_A,0,0
S4,green,6639,6692,53,wave_A,0,0
S4,yellow,6692,6695,3,wave_A,0,0
S4,red,6695,6779,84,wave_A,0,0
S4,green,6779,6832,53,wave_A,0,0
S4,yellow,6832,6835,3,wave_A,0,0
S4,red,6835,6919,84,wave_A,0,0
S4,green,6919,6972,53,wave_A,0,0
S4,yellow,6972,6975,3,wave_A,0,0
S4,red,6975,7059,84,wave_A,0,0
S4,green,7059,7112,53,wave_A,0,0
S4,yellow,7112,7115,3,wave_A,0,0
S4,red,7115,7199,84,wave_A,0,0
S4,green,7199,7252,53,wave_A,0,0
S4,yellow,7252,7255,3,wave_A,0,0
S4,red,7255,7339,84,wave_A,0,0
S4,green,7339,7392,53,wave_A,0,0
S4,yellow,7392,7395,3,wave_A,0,0
S4,red,7395,7479,84,wave_A,0,0
S4,green,7479,7532,53,wave_A,0,0
S4,yellow,7532,7535,3,wave_A,0,0
S4,red,7535,7619,84,wave_A,0,0
S4,green,7619,7672,53,wave_A,0,0
S4,yellow,7672,7675,3,wave_A,0,0
S4,red,7675,7759,84,wave_A,0,0
S4,green,7759,7812,53,wave_A,0,0
S4,yellow,7812,7815,3,wave_A,0,0
S4,red,7815,7899,84,wave_A,0,0
S4,green,7899,7952,53,wave_A,0,0
S4,yellow,7952,7955,3,wave_A,0,0
S4,red,7955,8039,84,wave_A,0,0
S4,green,8039,8092,53,wave_A,0,0
S4,yellow,8092,8095,3,wave_A,0,0
S4,red,8095,8179,84,wave_A,0,0
S4,green,8179,8232,53,wave_A,0,0
S4,yellow,8232,8235,3,wave_A,0,0
S4,red,8235,8319,84,wave_A,0,0
S4,green,8319,8372,53,wave_A,0,0
S4,yellow,8372,8375,3,wave_A,0,0
S4,red,8375,8459,84,wave_A,0,0
S4,green,8459,8512,53,wave_A,0,0
S4,yellow,8512,8515,3,wave_A,0,0
S4,red,8515,8599,84,wave_A,0,0
S4,green,8599,8652,53,wave_A,0,0
S4,yellow,8652,8655,3,wave_A,0,0
S4,red,8655,8739,84,wave_A,0,0
S4,green,8739,8792,53,wave_A,0,0
S4,yellow,8792,8795,3,wave_A,0,0
S4,red,8795,8879,84,wave_A,0,0
S4,green,8879,8932,53,wave_A,0,0
S4,yellow,8932,8935,3,wave_A,0,0
S4,red,8935,9019,84,wave_A,0,0
S4,green,9019,9072,53,wave_A,0,0
S4,yellow,9072,9075,3,wave_A,0,0
S4,red,9075,9159,84,wave_A,0,0
S4,green,9159,9212,53,wave_A,0,0
S4,yellow,9212,9215,3,wave_A,0,0
S4,red,9215,9299,84,wave_A,0,0
S4,green,9299,9352,53,wave_A,0,0
S4,yellow,9352,9355,3,wave_A,0,0
S4,red,9355,9439,84,wave_A,0,0
S4,green,9439,9492,53,wave_A,0,0
S4,yellow,9492,9495,3,wave_A,0,0
S4,red,9495,9579,84,wave_A,0,0
S4,green,9579,9632,53,wave_A,0,0
S4,yellow,9632,9635,3,wave_A,0,0
S4,red,9635,9719,84,wave_A,0,0
S4,green,9719,9772,53,wave_A,0,0
S4,yellow,9772,9775,3,wave_A,0,0
S4,red,9775,9859,84,wave_A,0,0
S4,green,9859,9912,53,wave_A,0,0
S4,yellow,9912,9915,3,wave_A,0,0
S4,red,9915,9999,84,wave_A,0,0
S4,green,9999,10052,53,wave_A,0,0
S4,yellow,10052,10055,3,wave_A,0,0
S4,red,10055,10139,84,wave_A,0,0
S4,green,10139,10192,53,wave_A,0,0
S4,yellow,10192,10195,3,wave_A,0,0
S4,red,10195,10279,84,wave_A,0,0
S4,green,10279,10332,53,wave_A,0,0
S4,yellow,10332,10335,3,wave_A,0,0
S4,red,10335,10419,84,wave_A,0,0
S4,green,10419,10472,53,wave_A,0,0
S4,yellow,10472,10475,3,wave_A,0,0
S4,red,10475,10559,84,wave_A,0,0
S4,green,10559,10612,53,wave_A,0,0
S4,yellow,10612,10615,3,wave_A,0,0
S4,red,10615,10699,84,wave_A,0,0
S4,green,10699,10752,53,wave_A,0,0
S4,yellow,10752,10755,3,wave_A,0,0
S4,red,10755,10839,84,wave_A,0,0
S4,green,10839,10892,53,wave_A,0,0
S4,yellow,10892,10895,3,wave_A,0,0
S4,red,10895,10979,84,wave_A,0,0
S4,green,10979,11032,53,wave_A,0,0
S4,yellow,11032,11035,3,wave_A,0,0
S4,red,11035,11119,84,wave_A,0,0
S4,green,11119,11172,53,wave_A,0,0
S4,yellow,11172,11175,3,wave_A,0,0
S4,red,11175,11259,84,wave_A,0,0
S4,green,11259,11312,53,wave_A,0,0
S4,yellow,11312,11315,3,wave_A,0,0
S4,red,11315,11399,84,wave_A,0,0
S4,green,11399,11452,53,wave_A,0,0
S4,yellow,11452,11455,3,wave_A,0,0
S4,red,11455,11539,84,wave_A,0,0
S4,green,11539,11592,53,wave_A,0,0
S4,yellow,11592,11595,3,wave_A,0,0
S4,red,11595,11679,84,wave_A,0,0
S4,green,11679,11732,53,wave_A,0,0
S4,yellow,11732,11735,3,wave_A,0,0
S4,red,11735,11819,84,wave_A,0,0
S4,green,11819,11872,53,wave_A,0,0
S4,yellow,11872,11875,3,wave_A,0,0
S4,red,11875,11959,84,wave_A,0,0
S4,green,11959,12012,53,wave_A,0,0
S4,yellow,12012,12015,3,wave_A,0,0
S4,red,12015,12099,84,wave_A,0,0
S4,green,12099,12152,53,wave_A,0,0
S4,yellow,12152,12155,3,wave_A,0,0
S4,red,12155,12239,84,wave_A,0,0
S4,green,12239,12292,53,wave_A,0,0
S4,yellow,12292,12295,3,wave_A,0,0
S4,red,12295,12379,84,wave_A,0,0
S4,green,12379,12432,53,wave_A,0,0
S4,yellow,12432,12435,3,wave_A,0,0
S4,red,12435,12519,84,wave_A,0,0
S4,green,12519,12572,53,wave_A,0,0
S4,yellow,12572,12575,3,wave_A,0,0
S4,red,12575,12659,84,wave_A,0,0
S4,green,12659,12712,53,wave_A,0,0
S4,yellow,12712,12715,3,wave_A,0,0
S4,red,12715,12799,84,wave_A,0,0
S4,green,12799,12852,53,wave_A,0,0
S4,yellow,12852,12855,3,wave_A,0,0
S4,red,12855,12939,84,wave_A,0,0
S4,green,12939,12992,53,wave_A,0,0
S4,yellow,12992,12995,3,wave_A,0,0
S4,red,12995,13079,84,wave_A,0,0
S4,green,13079,13132,53,wave_A,0,0
S4,yellow,13132,13135,3,wave_A,0,0
S4,red,13135,13219,84,wave_A,0,0
S4,green,13219,13272,53,wave_A,0,0
S4,yellow,13272,13275,3,wave_A,0,0
S4,red,13275,13359,84,wave_A,0,0
S4,green,13359,13412,53,wave_A,0,0
S4,yellow,13412,13415,3,wave_A,0,0
S4,red,13415,13499,84,wave_A,0,0
S4,green,13499,13552,53,wave_A,0,0
S4,yellow,13552,13555,3,wave_A,0,0
S4,red,13555,13639,84,wave_A,0,0
S4,green,13639,13692,53,wave_A,0,0
S4,yellow,13692,13695,3,wave_A,0,0
S4,red,13695,13779,84,wave_A,0,0
S4,green,13779,13832,53,wave_A,0,0
S4,yellow,13832,13835,3,wave_A,0,0
S4,red,13835,13919,84,wave_A,0,0
S4,green,13919,13972,53,wave_A,0,0
S4,yellow,13972,13975,3,wave_A,0,0
S4,red,13975,14059,84,wave_A,0,0
S4,green,14059,14112,53,wave_A,0,0
S4,yellow,14112,14115,3,wave_A,0,0
S4,red,14115,14199,84,wave_A,0,0
S4,green,14199,14252,53,wave_A,0,0
S4,yellow,14252,14255,3,wave_A,0,0
S4,red,14255,14339,84,wave_A,0,0
S4,green,14339,14392,53,wave_A,0,0
S4,yellow,14392,14395,3,wave_A,0,0
S4,red,14395,14479,84,wave_A,0,0
S4,green,14479,14532,53,wave_A,0,0
S4,yellow,14532,14535,3,wave_A,0,0
S4,red,14535,14619,84,wave_A,0,0
S4,green,14619,14672,53,wave_A,0,0
S4,yellow,14672,14675,3,wave_A,0,0
S4,red,14675,14759,84,wave_A,0,0
S4,green,14759,14812,53,wave_A,0,0
S4,yellow,14812,14815,3,wave_A,0,0
S4,red,14815,14899,84,wave_A,0,0
S4,green,14899,14952,53,wave_A,0,0
S4,yellow,14952,14955,3,wave_A,0,0
S4,red,14955,15039,84,wave_A,0,0
S4,green,15039,15092,53,wave_A,0,0
S4,yellow,15092,15095,3,wave_A,0,0
S4,red,15095,15179,84,wave_A,0,0
S4,green,15179,15232,53,wave_A,0,0
S4,yellow,15232,15235,3,wave_A,0,0
S4,red,15235,15319,84,wave_A,0,0
S4,green,15319,15372,53,wave_A,0,0
S4,yellow,15372,15375,3,wave_A,0,0
S4,red,15375,15459,84,wave_A,0,0
S4,green,15459,15512,53,wave_A,0,0
S4,yellow,15512,15515,3,wave_A,0,0
S4,red,15515,15599,84,wave_A,0,0
S4,green,15599,15652,53,wave_A,0,0
S4,yellow,15652,15655,3,wave_A,0,0
S4,red,15655,15739,84,wave_A,0,0
S4,green,15739,15792,53,wave_A,0,0
S4,yellow,15792,15795,3,wave_A,0,0
S4,red,15795,15879,84,wave_A,0,0
S4,green,15879,15932,53,wave_A,0,0
S4,yellow,15932,15935,3,wave_A,0,0
S4,red,15935,16019,84,wave_A,0,0
S4,green,16019,16072,53,wave_A,0,0
S4,yellow,16072,16075,3,wave_A,0,0
S4,red,16075,16159,84,wave_A,0,0
S4,green,16159,16212,53,wave_A,0,0
S4,yellow,16212,16215,3,wave_A,0,0
S4,red,16215,16299,84,wave_A,0,0
S4,green,16299,16352,53,wave_A,0,0
S4,yellow,16352,16355,3,wave_A,0,0
S4,red,16355,16439,84,wave_A,0,0
S4,green,16439,16492,53,wave_A,0,0
S4,yellow,16492,16495,3,wave_A,0,0
S4,red,16495,16579,84,wave_A,0,0
S4,green,16579,16632,53,wave_A,0,0
S4,yellow,16632,16635,3,wave_A,0,0
S4,red,16635,16719,84,wave_A,0,0
S4,green,16719,16772,53,wave_A,0,0
S4,yellow,16772,16775,3,wave_A,0,0
S4,red,16775,16859,84,wave_A,0,0
S4,green,16859,16912,53,wave_A,0,0
S4,yellow,16912,16915,3,wave_A,0,0
S4,red,16915,16999,84,wave_A,0,0
S4,green,16999,17052,53,wave_A,0,0
S4,yellow,17052,17055,3,wave_A,0,0
S4,red,17055,17139,84,wave_A,0,0
S4,green,17139,17192,53,wave_A,0,0
S4,yellow,17192,17195,3,wave_A,0,0
S4,red,17195,17279,84,wave_A,0,0
S4,green,17279,17332,53,wave_A,0,0
S4,yellow,17332,17335,3,wave_A,0,0
S4,red,17335,17419,84,wave_A,0,0
S4,green,17419,17472,53,wave_A,0,0
S4,yellow,17472,17475,3,wave_A,0,0
S4,red,17475,17559,84,wave_A,0,0
S4,green,17559,17612,53,wave_A,0,0
S4,yellow,17612,17615,3,wave_A,0,0
S4,red,17615,17699,84,wave_A,0,0
S4,green,17699,17752,53,wave_A,0,0
S4,yellow,17752,17755,3,wave_A,0,0
S4,red,17755,17839,84,wave_A,0,0
S4,green,17839,17892,53,wave_A,0,0
S4,yellow,17892,17895,3,wave_A,0,0
S4,red,17895,17979,84,wave_A,0,0
S4,green,17979,18032,53,wave_A,0,0
S4,yellow,18032,18035,3,wave_A,0,0
S4,red,18035,18119,84,wave_A,0,0
S4,green,18119,18172,53,wave_A,0,0
S4,yellow,18172,18175,3,wave_A,0,0
S4,red,18175,18259,84,wave_A,0,0
S4,green,18259,18312,53,wave_A,0,0
S4,yellow,18312,18315,3,wave_A,0,0
S4,red,18315,18399,84,wave_A,0,0
S4,green,18399,18452,53,wave_A,0,0
S4,yellow,18452,18455,3,wave_A,0,0
S4,red,18455,18539,84,wave_A,0,0
S4,green,18539,18592,53,wave_A,0,0
S4,yellow,18592,18595,3,wave_A,0,0
S4,red,18595,18679,84,wave_A,0,0
S4,green,18679,18732,53,wave_A,0,0
S4,yellow,18732,18735,3,wave_A,0,0
S4,red,18735,18819,84,wave_A,0,0
S4,green,18819,18872,53,wave_A,0,0
S4,yellow,18872,18875,3,wave_A,0,0
S4,red,18875,18959,84,wave_A,0,0
S4,green,18959,19012,53,wave_A,0,0
S4,yellow,19012,19015,3,wave_A,0,0
S4,red,19015,19099,84,wave_A,0,0
S4,green,19099,19152,53,wave_A,0,0
S4,yellow,19152,19155,3,wave_A,0,0
S4,red,19155,19239,84,wave_A,0,0
S4,green,19239,19292,53,wave_A,0,0
S4,yellow,19292,19295,3,wave_A,0,0
S4,red,19295,19379,84,wave_A,0,0
S4,green,19379,19432,53,wave_A,0,0
S4,yellow,19432,19435,3,wave_A,0,0
S4,red,19435,19519,84,wave_A,0,0
S4,green,19519,19572,53,wave_A,0,0
S4,yellow,19572,19575,3,wave_A,0,0
S4,red,19575,19659,84,wave_A,0,0
S4,green,19659,19712,53,wave_A,0,0
S4,yellow,19712,19715,3,wave_A,0,0
S4,red,19715,19799,84,wave_A,0,0
S4,green,19799,19852,53,wave_A,0,0
S4,yellow,19852,19855,3,wave_A,0,0
S4,red,19855,19939,84,wave_A,0,0
S4,green,19939,19992,53,wave_A,0,0
S4,yellow,19992,19995,3,wave_A,0,0
S4,red,19995,20079,84,wave_A,0,0
S4,green,20079,20132,53,wave_A,0,0
S4,yellow,20132,20135,3,wave_A,0,0
S4,red,20135,20219,84,wave_A,0,0
S4,green,20219,20272,53,wave_A,0,0
S4,yellow,20272,20275,3,wave_A,0,0
S4,red,20275,20359,84,wave_A,0,0
S4,green,20359,20412,53,wave_A,0,0
S4,yellow,20412,20415,3,wave_A,0,0
S4,red,20415,20499,84,wave_A,0,0
S4,green,20499,20552,53,wave_A,0,0
S4,yellow,20552,20555,3,wave_A,0,0
S4,red,20555,20639,84,wave_A,0,0
S4,green,20639,20692,53,wave_A,0,0
S4,yellow,20692,20695,3,wave_A,0,0
S4,red,20695,20779,84,wave_A,0,0
S4,green,20779,20832,53,wave_A,0,0
S4,yellow,20832,20835,3,wave_A,0,0
S4,red,20835,20919,84,wave_A,0,0
S4,green,20919,20972,53,wave_A,0,0
S4,yellow,20972,20975,3,wave_A,0,0
S4,red,20975,21059,84,wave_A,0,0
S4,green,21059,21112,53,wave_A,0,0
S4,yellow,21112,21115,3,wave_A,0,0
S4,red,21115,21199,84,wave_A,0,0
S4,green,21199,21252,53,wave_A,0,0
S4,yellow,21252,21255,3,wave_A,0,0
S4,red,21255,21339,84,wave_A,0,0
S4,green,21339,21392,53,wave_A,0,0
S4,yellow,21392,21395,3,wave_A,0,0
S4,red,21395,21479,84,wave_A,0,0
S4,green,21479,21532,53,wave_A,0,0
S4,yellow,21532,21535,3,wave_A,0,0
S4,red,21535,21619,84,wave_A,0,0
S4,green,21619,21672,53,wave_A,0,0
S4,yellow,21672,21675,3,wave_A,0,0
S4,red,21675,21759,84,wave_A,0,0
S4,green,21759,21812,53,wave_A,0,0
S4,yellow,21812,21815,3,wave_A,0,0
S4,red,21815,21899,84,wave_A,0,0
S4,green,21899,21952,53,wave_A,0,0
S4,yellow,21952,21955,3,wave_A,0,0
S4,red,21955,22039,84,wave_A,0,0
S4,green,22039,22092,53,wave_A,0,0
S4,yellow,22092,22095,3,wave_A,0,0
S4,red,22095,22179,84,wave_A,0,0
S4,green,22179,22232,53,wave_A,0,0
S4,yellow,22232,22235,3,wave_A,0,0
S4,red,22235,22319,84,wave_A,0,0
S4,green,22319,22372,53,wave_A,0,0
S4,yellow,22372,22375,3,wave_A,0,0
S4,red,22375,22459,84,wave_A,0,0
S4,green,22459,22512,53,wave_A,0,0
S4,yellow,22512,22515,3,wave_A,0,0
S4,red,22515,22599,84,wave_A,0,0
S4,green,22599,22652,53,wave_A,0,0
S4,yellow,22652,22655,3,wave_A,0,0
S4,red,22655,22739,84,wave_A,0,0
S4,green,22739,22792,53,wave_A,0,0
S4,yellow,22792,22795,3,wave_A,0,0
S4,red,22795,22879,84,wave_A,0,0
S4,green,22879,22932,53,wave_A,0,0
S4,yellow,22932,22935,3,wave_A,0,0
S4,red,22935,23019,84,wave_A,0,0
S4,green,23019,23072,53,wave_A,0,0
S4,yellow,23072,23075,3,wave_A,0,0
S4,red,23075,23159,84,wave_A,0,0
S4,green,23159,23212,53,wave_A,0,0
S4,yellow,23212,23215,3,wave_A,0,0
S4,red,23215,23299,84,wave_A,0,0
S4,green,23299,23352,53,wave_A,0,0
S4,yellow,23352,23355,3,wave_A,0,0
S4,red,23355,23439,84,wave_A,0,0
S4,green,23439,23492,53,wave_A,0,0
S4,yellow,23492,23495,3,wave_A,0,0
S4,red,23495,23579,84,wave_A,0,0
S4,green,23579,23632,53,wave_A,0,0
S4,yellow,23632,23635,3,wave_A,0,0
S4,red,23635,23719,84,wave_A,0,0
S4,green,23719,23772,53,wave_A,0,0
S4,yellow,23772,23775,3,wave_A,0,0
S4,red,23775,23859,84,wave_A,0,0
S4,green,23859,23912,53,wave_A,0,0
S4,yellow,23912,23915,3,wave_A,0,0
S4,red,23915,23999,84,wave_A,0,0
S4,green,23999,24052,53,wave_A,0,0
S4,yellow,24052,24055,3,wave_A,0,0
S4,red,24055,24139,84,wave_A,0,0
S4,green,24139,24192,53,wave_A,0,0
S4,yellow,24192,24195,3,wave_A,0,0
S4,red,24195,24279,84,wave_A,0,0
S4,green,24279,24332,53,wave_A,0,0
S4,yellow,24332,24335,3,wave_A,0,0
S4,red,24335,24419,84,wave_A,0,0
S4,green,24419,24472,53,wave_A,0,0
S4,yellow,24472,24475,3,wave_A,0,0
S4,red,24475,24559,84,wave_A,0,0
S4,green,24559,24612,53,wave_A,0,0
S4,yellow,24612,24615,3,wave_A,0,0
S4,red,24615,24699,84,wave_A,0,0
S4,green,24699,24752,53,wave_A,0,0
S4,yellow,24752,24755,3,wave_A,0,0
S4,red,24755,24839,84,wave_A,0,0
S4,green,24839,24892,53,wave_A,0,0
S4,yellow,24892,24895,3,wave_A,0,0
S4,red,24895,24979,84,wave_A,0,0
S4,green,24979,25032,53,wave_A,0,0
S4,yellow,25032,25035,3,wave_A,0,0
S4,red,25035,25119,84,wave_A,0,0
S4,green,25119,25172,53,wave_A,0,0
S4,yellow,25172,25175,3,wave_A,0,0
S4,red,25175,25259,84,wave_A,0,0
S4,green,25259,25312,53,wave_A,0,0
S4,yellow,25312,25315,3,wave_A,0,0
S4,red,25315,25399,84,wave_A,0,0
S4,green,25399,25452,53,wave_A,0,0
S4,yellow,25452,25455,3,wave_A,0,0
S4,red,25455,25539,84,wave_A,0,0
S4,green,25539,25592,53,wave_A,0,0
S4,yellow,25592,25595,3,wave_A,0,0
S4,red,25595,25679,84,wave_A,0,0
S4,green,25679,25732,53,wave_A,0,0
S4,yellow,25732,25735,3,wave_A,0,0
S4,red,25735,25819,84,wave_A,0,0
S4,green,25819,25872,53,wave_A,0,0
S4,yellow,25872,25875,3,wave_A,0,0
S4,red,25875,25959,84,wave_A,0,0
S4,green,25959,26012,53,wave_A,0,0
S4,yellow,26012,26015,3,wave_A,0,0
S4,red,26015,26099,84,wave_A,0,0
S4,green,26099,26152,53,wave_A,0,0
S4,yellow,26152,26155,3,wave_A,0,0
S4,red,26155,26239,84,wave_A,0,0
S4,green,26239,26292,53,wave_A,0,0
S4,yellow,26292,26295,3,wave_A,0,0
S4,red,26295,26379,84,wave_A,0,0
S4,green,26379,26432,53,wave_A,0,0
S4,yellow,26432,26435,3,wave_A,0,0
S4,red,26435,26519,84,wave_A,0,0
S4,green,26519,26572,53,wave_A,0,0
S4,yellow,26572,26575,3,wave_A,0,0
S4,red,26575,26659,84,wave_A,0,0
S4,green,26659,26712,53,wave_A,0,0
S4,yellow,26712,26715,3,wave_A,0,0
S4,red,26715,26799,84,wave_A,0,0
S4,green,26799,26852,53,wave_A,0,0
S4,yellow,26852,26855,3,wave_A,0,0
S4,red,26855,26939,84,wave_A,0,0
S4,green,26939,26992,53,wave_A,0,0
S4,yellow,26992,26995,3,wave_A,0,0
S4,red,26995,27079,84,wave_A,0,0
S4,green,27079,27132,53,wave_A,0,0
S4,yellow,27132,27135,3,wave_A,0,0
S4,red,27135,27219,84,wave_A,0,0
S4,green,27219,27272,53,wave_A,0,0
S4,yellow,27272,27275,3,wave_A,0,0
S4,red,27275,27359,84,wave_A,0,0
S4,green,27359,27412,53,wave_A,0,0
S4,yellow,27412,27415,3,wave_A,0,0
S4,red,27415,27499,84,wave_A,0,0
S4,green,27499,27552,53,wave_A,0,0
S4,yellow,27552,27555,3,wave_A,0,0
S4,red,27555,27639,84,wave_A,0,0
S4,green,27639,27692,53,wave_A,0,0
S4,yellow,27692,27695,3,wave_A,0,0
S4,red,27695,27779,84,wave_A,0,0
S4,green,27779,27832,53,wave_A,0,0
S4,yellow,27832,27835,3,wave_A,0,0
S4,red,27835,27919,84,wave_A,0,0
S4,green,27919,27972,53,wave_A,0,0
S4,yellow,27972,27975,3,wave_A,0,0
S4,red,27975,28059,84,wave_A,0,0
S4,green,28059,28112,53,wave_A,0,0
S4,yellow,28112,28115,3,wave_A,0,0
S4,red,28115,28199,84,wave_A,0,0
S4,green,28199,28252,53,wave_A,0,0
S4,yellow,28252,28255,3,wave_A,0,0
S4,red,28255,28339,84,wave_A,0,0
S4,green,28339,28392,53,wave_A,0,0
S4,yellow,28392,28395,3,wave_A,0,0
S4,red,28395,28479,84,wave_A,0,0
S4,green,28479,28532,53,wave_A,0,0
S4,yellow,28532,28535,3,wave_A,0,0
S4,red,28535,28619,84,wave_A,0,0
S4,green,28619,28672,53,wave_A,0,0
S4,yellow,28672,28675,3,wave_A,0,0
S4,red,28675,28759,84,wave_A,0,0
S4,green,28759,28812,53,wave_A,0,0
S4,yellow,28812,28815,3,wave_A,0,0
S4,red,28815,28899,84,wave_A,0,0
S4,green,28899,28952,53,wave_A,0,0
S4,yellow,28952,28955,3,wave_A,0,0
S4,red,28955,29039,84,wave_A,0,0
S4,green,29039,29092,53,wave_A,0,0
S4,yellow,29092,29095,3,wave_A,0,0
S4,red,29095,29179,84,wave_A,0,0
S4,green,29179,29232,53,wave_A,0,0
S4,yellow,29232,29235,3,wave_A,0,0
S4,red,29235,29319,84,wave_A,0,0
S4,green,29319,29372,53,wave_A,0,0
S4,yellow,29372,29375,3,wave_A,0,0
S4,red,29375,29459,84,wave_A,0,0
S4,green,29459,29512,53,wave_A,0,0
S4,yellow,29512,29515,3,wave_A,0,0
S4,red,29515,29599,84,wave_A,0,0
S4,green,29599,29652,53,wave_A,0,0
S4,yellow,29652,29655,3,wave_A,0,0
S4,red,29655,29739,84,wave_A,0,0
S4,green,29739,29792,53,wave_A,0,0
S4,yellow,29792,29795,3,wave_A,0,0
S4,red,29795,29879,84,wave_A,0,0
S4,green,29879,29932,53,wave_A,0,0
S4,yellow,29932,29935,3,wave_A,0,0
S4,red,29935,30019,84,wave_A,0,0
S4,green,30019,30072,53,wave_A,0,0
S4,yellow,30072,30075,3,wave_A,0,0
S4,red,30075,30159,84,wave_A,0,0
S4,green,30159,30212,53,wave_A,0,0
S4,yellow,30212,30215,3,wave_A,0,0
S4,red,30215,30299,84,wave_A,0,0
S4,green,30299,30352,53,wave_A,0,0
S4,yellow,30352,30355,3,wave_A,0,0
S4,red,30355,30439,84,wave_A,0,0
S4,green,30439,30492,53,wave_A,0,0
S4,yellow,30492,30495,3,wave_A,0,0
S4,red,30495,30579,84,wave_A,0,0
S4,green,30579,30632,53,wave_A,0,0
S4,yellow,30632,30635,3,wave_A,0,0
S4,red,30635,30719,84,wave_A,0,0
S4,green,30719,30772,53,wave_A,0,0
S4,yellow,30772,30775,3,wave_A,0,0
S4,red,30775,30859,84,wave_A,0,0
S4,green,30859,30912,53,wave_A,0,0
S4,yellow,30912,30915,3,wave_A,0,0
S4,red,30915,30999,84,wave_A,0,0
S4,green,30999,31052,53,wave_A,0,0
S4,yellow,31052,31055,3,wave_A,0,0
S4,red,31055,31139,84,wave_A,0,0
S4,green,31139,31192,53,wave_A,0,0
S4,yellow,31192,31195,3,wave_A,0,0
S4,red,31195,31279,84,wave_A,0,0
S4,green,31279,31332,53,wave_A,0,0
S4,yellow,31332,31335,3,wave_A,0,0
S4,red,31335,31419,84,wave_A,0,0
S4,green,31419,31472,53,wave_A,0,0
S4,yellow,31472,31475,3,wave_A,0,0
S4,red,31475,31559,84,wave_A,0,0
S4,green,31559,31612,53,wave_A,0,0
S4,yellow,31612,31615,3,wave_A,0,0
S4,red,31615,31699,84,wave_A,0,0
S4,green,31699,31752,53,wave_A,0,0
S4,yellow,31752,31755,3,wave_A,0,0
S4,red,31755,31839,84,wave_A,0,0
S4,green,31839,31892,53,wave_A,0,0
S4,yellow,31892,31895,3,wave_A,0,0
S4,red,31895,31979,84,wave_A,0,0
S4,green,31979,32032,53,wave_A,0,0
S4,yellow,32032,32035,3,wave_A,0,0
S4,red,32035,32119,84,wave_A,0,0
S4,green,32119,32172,53,wave_A,0,0
S4,yellow,32172,32175,3,wave_A,0,0
S4,red,32175,32259,84,wave_A,0,0
S4,green,32259,32312,53,wave_A,0,0
S4,yellow,32312,32315,3,wave_A,0,0
S4,red,32315,32399,84,wave_A,0,0
S4,green,32399,32452,53,wave_A,0,0
S4,yellow,32452,32455,3,wave_A,0,0
S4,red,32455,32539,84,wave_A,0,0
S4,green,32539,32592,53,wave_A,0,0
S4,yellow,32592,32595,3,wave_A,0,0
S4,red,32595,32679,84,wave_A,0,0
S4,green,32679,32732,53,wave_A,0,0
S4,yellow,32732,32735,3,wave_A,0,0
S4,red,32735,32819,84,wave_A,0,0
S4,green,32819,32872,53,wave_A,0,0
S4,yellow,32872,32875,3,wave_A,0,0
S4,red,32875,32959,84,wave_A,0,0
S4,green,32959,33012,53,wave_A,0,0
S4,yellow,33012,33015,3,wave_A,0,0
S4,red,33015,33099,84,wave_A,0,0
S4,green,33099,33152,53,wave_A,0,0
S4,yellow,33152,33155,3,wave_A,0,0
S4,red,33155,33239,84,wave_A,0,0
S4,green,33239,33292,53,wave_A,0,0
S4,yellow,33292,33295,3,wave_A,0,0
S4,red,33295,33379,84,wave_A,0,0
S4,green,33379,33432,53,wave_A,0,0
S4,yellow,33432,33435,3,wave_A,0,0
S4,red,33435,33519,84,wave_A,0,0
S4,green,33519,33572,53,wave_A,0,0
S4,yellow,33572,33575,3,wave_A,0,0
S4,red,33575,33659,84,wave_A,0,0
S4,green,33659,33712,53,wave_A,0,0
S4,yellow,33712,33715,3,wave_A,0,0
S4,red,33715,33799,84,wave_A,0,0
S4,green,33799,33852,53,wave_A,0,0
S4,yellow,33852,33855,3,wave_A,0,0
S4,red,33855,33939,84,wave_A,0,0
S4,green,33939,33992,53,wave_A,0,0
S4,yellow,33992,33995,3,wave_A,0,0
S4,red,33995,34079,84,wave_A,0,0
S4,green,34079,34132,53,wave_A,0,0
S4,yellow,34132,34135,3,wave_A,0,0
S4,red,34135,34219,84,wave_A,0,0
S4,green,34219,34272,53,wave_A,0,0
S4,yellow,34272,34275,3,wave_A,0,0
S4,red,34275,34359,84,wave_A,0,0
S4,green,34359,34412,53,wave_A,0,0
S4,yellow,34412,34415,3,wave_A,0,0
S4,red,34415,34499,84,wave_A,0,0
S4,green,34499,34552,53,wave_A,0,0
S4,yellow,34552,34555,3,wave_A,0,0
S4,red,34555,34639,84,wave_A,0,0
S4,green,34639,34692,53,wave_A,0,0
S4,yellow,34692,34695,3,wave_A,0,0
S4,red,34695,34779,84,wave_A,0,0
S4,green,34779,34832,53,wave_A,0,0
S4,yellow,34832,34835,3,wave_A,0,0
S4,red,34835,34919,84,wave_A,0,0
S4,green,34919,34972,53,wave_A,0,0
S4,yellow,34972,34975,3,wave_A,0,0
S4,red,34975,35059,84,wave_A,0,0
S4,green,35059,35112,53,wave_A,0,0
S4,yellow,35112,35115,3,wave_A,0,0
S4,red,35115,35199,84,wave_A,0,0
S4,green,35199,35252,53,wave_A,0,0
S4,yellow,35252,35255,3,wave_A,0,0
S4,red,35255,35339,84,wave_A,0,0
S4,green,35339,35392,53,wave_A,0,0
S4,yellow,35392,35395,3,wave_A,0,0
S4,red,35395,35479,84,wave_A,0,0
S4,green,35479,35532,53,wave_A,0,0
S4,yellow,35532,35535,3,wave_A,0,0
S4,red,35535,35619,84,wave_A,0,0
S4,green,35619,35672,53,wave_A,0,0
S4,yellow,35672,35675,3,wave_A,0,0
S4,red,35675,35759,84,wave_A,0,0
S4,green,35759,35812,53,wave_A,0,0
S4,yellow,35812,35815,3,wave_A,0,0
S4,red,35815,35899,84,wave_A,0,0
S4,green,35899,35952,53,wave_A,0,0
S4,yellow,35952,35955,3,wave_A,0,0
S4,red,35955,36039,84,wave_A,0,0
S4,green,36039,36092,53,wave_A,0,0
S4,yellow,36092,36095,3,wave_A,0,0
S4,red,36095,36179,84,wave_A,0,0
S4,green,36179,36232,53,wave_A,0,0
S4,yellow,36232,36235,3,wave_A,0,0
S4,red,36235,36319,84,wave_A,0,0
S4,green,36319,36372,53,wave_A,0,0
S4,yellow,36372,36375,3,wave_A,0,0
S4,red,36375,36459,84,wave_A,0,0
S4,green,36459,36512,53,wave_A,0,0
S4,yellow,36512,36515,3,wave_A,0,0
S4,red,36515,36599,84,wave_A,0,0
S4,green,36599,36652,53,wave_A,0,0
S4,yellow,36652,36655,3,wave_A,0,0
S4,red,36655,36739,84,wave_A,0,0
S4,green,36739,36792,53,wave_A,0,0
S4,yellow,36792,36795,3,wave_A,0,0
S4,red,36795,36879,84,wave_A,0,0
S4,green,36879,36932,53,wave_A,0,0
S4,yellow,36932,36935,3,wave_A,0,0
S4,red,36935,37019,84,wave_A,0,0
S4,green,37019,37072,53,wave_A,0,0
S4,yellow,37072,37075,3,wave_A,0,0
S4,red,37075,37159,84,wave_A,0,0
S4,green,37159,37212,53,wave_A,0,0
S4,yellow,37212,37215,3,wave_A,0,0
S4,red,37215,37299,84,wave_A,0,0
S4,green,37299,37352,53,wave_A,0,0
S4,yellow,37352,37355,3,wave_A,0,0
S4,red,37355,37439,84,wave_A,0,0
S4,green,37439,37492,53,wave_A,0,0
S4,yellow,37492,37495,3,wave_A,0,0
S4,red,37495,37579,84,wave_A,0,0
S4,green,37579,37632,53,wave_A,0,0
S4,yellow,37632,37635,3,wave_A,0,0
S4,red,37635,37719,84,wave_A,0,0
S4,green,37719,37772,53,wave_A,0,0
S4,yellow,37772,37775,3,wave_A,0,0
S4,red,37775,37859,84,wave_A,0,0
S4,green,37859,37912,53,wave_A,0,0
S4,yellow,37912,37915,3,wave_A,0,0
S4,red,37915,37999,84,wave_A,0,0
S4,green,37999,38052,53,wave_A,0,0
S4,yellow,38052,38055,3,wave_A,0,0
S4,red,38055,38139,84,wave_A,0,0
S4,green,38139,38192,53,wave_A,0,0
S4,yellow,38192,38195,3,wave_A,0,0
S4,red,38195,38279,84,wave_A,0,0
S4,green,38279,38332,53,wave_A,0,0
S4,yellow,38332,38335,3,wave_A,0,0
S4,red,38335,38419,84,wave_A,0,0
S4,green,38419,38472,53,wave_A,0,0
S4,yellow,38472,38475,3,wave_A,0,0
S4,red,38475,38559,84,wave_A,0,0
S4,green,38559,38612,53,wave_A,0,0
S4,yellow,38612,38615,3,wave_A,0,0
S4,red,38615,38699,84,wave_A,0,0
S4,green,38699,38752,53,wave_A,0,0
S4,yellow,38752,38755,3,wave_A,0,0
S4,red,38755,38839,84,wave_A,0,0
S4,green,38839,38892,53,wave_A,0,0
S4,yellow,38892,38895,3,wave_A,0,0
S4,red,38895,38979,84,wave_A,0,0
S4,green,38979,39032,53,wave_A,0,0
S4,yellow,39032,39035,3,wave_A,0,0
S4,red,39035,39119,84,wave_A,0,0
S4,green,39119,39172,53,wave_A,0,0
S4,yellow,39172,39175,3,wave_A,0,0
S4,red,39175,39259,84,wave_A,0,0
S4,green,39259,39312,53,wave_A,0,0
S4,yellow,39312,39315,3,wave_A,0,0
S4,red,39315,39399,84,wave_A,0,0
S4,green,39399,39452,53,wave_A,0,0
S4,yellow,39452,39455,3,wave_A,0,0
S4,red,39455,39539,84,wave_A,0,0
S4,green,39539,39592,53,wave_A,0,0
S4,yellow,39592,39595,3,wave_A,0,0
S4,red,39595,39679,84,wave_A,0,0
S4,green,39679,39732,53,wave_A,0,0
S4,yellow,39732,39735,3,wave_A,0,0
S4,red,39735,39819,84,wave_A,0,0
S4,green,39819,39872,53,wave_A,0,0
S4,yellow,39872,39875,3,wave_A,0,0
S4,red,39875,39959,84,wave_A,0,0
S4,green,39959,40012,53,wave_A,0,0
S4,yellow,40012,40015,3,wave_A,0,0
S4,red,40015,40099,84,wave_A,0,0
S4,green,40099,40152,53,wave_A,0,0
S4,yellow,40152,40155,3,wave_A,0,0
S4,red,40155,40239,84,wave_A,0,0
S4,green,40239,40292,53,wave_A,0,0
S4,yellow,40292,40295,3,wave_A,0,0
S4,red,40295,40379,84,wave_A,0,0
S4,green,40379,40432,53,wave_A,0,0
S4,yellow,40432,40435,3,wave_A,0,0
S4,red,40435,40519,84,wave_A,0,0
S4,green,40519,40572,53,wave_A,0,0
S4,yellow,40572,40575,3,wave_A,0,0
S4,red,40575,40659,84,wave_A,0,0
S4,green,40659,40712,53,wave_A,0,0
S4,yellow,40712,40715,3,wave_A,0,0
S4,red,40715,40799,84,wave_A,0,0
S4,green,40799,40852,53,wave_A,0,0
S4,yellow,40852,40855,3,wave_A,0,0
S4,red,40855,40939,84,wave_A,0,0
S4,green,40939,40992,53,wave_A,0,0
S4,yellow,40992,40995,3,wave_A,0,0
S4,red,40995,41079,84,wave_A,0,0
S4,green,41079,41132,53,wave_A,0,0
S4,yellow,41132,41135,3,wave_A,0,0
S4,red,41135,41219,84,wave_A,0,0
S4,green,41219,41272,53,wave_A,0,0
S4,yellow,41272,41275,3,wave_A,0,0
S4,red,41275,41359,84,wave_A,0,0
S4,green,41359,41412,53,wave_A,0,0
S4,yellow,41412,41415,3,wave_A,0,0
S4,red,41415,41499,84,wave_A,0,0
S4,green,41499,41552,53,wave_A,0,0
S4,yellow,41552,41555,3,wave_A,0,0
S4,red,41555,41639,84,wave_A,0,0
S4,green,41639,41692,53,wave_A,0,0
S4,yellow,41692,41695,3,wave_A,0,0
S4,red,41695,41779,84,wave_A,0,0
S4,green,41779,41832,53,wave_A,0,0
S4,yellow,41832,41835,3,wave_A,0,0
S4,red,41835,41919,84,wave_A,0,0
S4,green,41919,41972,53,wave_A,0,0
S4,yellow,41972,41975,3,wave_A,0,0
S4,red,41975,42059,84,wave_A,0,0
S4,green,42059,42112,53,wave_A,0,0
S4,yellow,42112,42115,3,wave_A,0,0
S4,red,42115,42199,84,wave_A,0,0
S4,green,42199,42252,53,wave_A,0,0
S4,yellow,42252,42255,3,wave_A,0,0
S4,red,42255,42339,84,wave_A,0,0
S4,green,42339,42392,53,wave_A,0,0
S4,yellow,42392,42395,3,wave_A,0,0
S4,red,42395,42479,84,wave_A,0,0
S4,green,42479,42532,53,wave_A,0,0
S4,yellow,42532,42535,3,wave_A,0,0
S4,red,42535,42619,84,wave_A,0,0
S4,green,42619,42672,53,wave_A,0,0
S4,yellow,42672,42675,3,wave_A,0,0
S4,red,42675,42759,84,wave_A,0,0
S4,green,42759,42812,53,wave_A,0,0
S4,yellow,42812,42815,3,wave_A,0,0
S4,red,42815,42899,84,wave_A,0,0
S4,green,42899,42952,53,wave_A,0,0
S4,yellow,42952,42955,3,wave_A,0,0
S4,red,42955,43039,84,wave_A,0,0
S4,green,43039,43092,53,wave_A,0,0
S4,yellow,43092,43095,3,wave_A,0,0
S4,red,43095,43179,84,wave_A,0,0
S4,green,43179,43232,53,wave_A,0,0
S4,yellow,43232,43235,3,wave_A,0,0
S4,red,43235,43319,84,wave_A,0,0
S4,green,43319,43372,53,wave_A,0,0
S4,yellow,43372,43375,3,wave_A,0,0
S4,red,43375,43459,84,wave_A,0,0
S4,green,43459,43512,53,wave_A,0,0
S4,yellow,43512,43515,3,wave_A,0,0
S4,red,43515,43599,84,wave_A,0,0
S4,green,43599,43652,53,wave_A,0,0
S4,yellow,43652,43655,3,wave_A,0,0
S4,red,43655,43739,84,wave_A,0,0
S4,green,43739,43792,53,wave_A,0,0
S4,yellow,43792,43795,3,wave_A,0,0
S4,red,43795,43879,84,wave_A,0,0
S4,green,43879,43932,53,wave_A,0,0
S4,yellow,43932,43935,3,wave_A,0,0
S4,red,43935,44019,84,wave_A,0,0
S4,green,44019,44072,53,wave_A,0,0
S4,yellow,44072,44075,3,wave_A,0,0
S4,red,44075,44159,84,wave_A,0,0
S4,green,44159,44212,53,wave_A,0,0
S4,yellow,44212,44215,3,wave_A,0,0
S4,red,44215,44299,84,wave_A,0,0
S4,green,44299,44352,53,wave_A,0,0
S4,yellow,44352,44355,3,wave_A,0,0
S4,red,44355,44439,84,wave_A,0,0
S4,green,44439,44492,53,wave_A,0,0
S4,yellow,44492,44495,3,wave_A,0,0
S4,red,44495,44579,84,wave_A,0,0
S4,green,44579,44632,53,wave_A,0,0
S4,yellow,44632,44635,3,wave_A,0,0
S4,red,44635,44719,84,wave_A,0,0
S4,green,44719,44772,53,wave_A,0,0
S4,yellow,44772,44775,3,wave_A,0,0
S4,red,44775,44859,84,wave_A,0,0
S4,green,44859,44912,53,wave_A,0,0
S4,yellow,44912,44915,3,wave_A,0,0
S4,red,44915,44999,84,wave_A,0,0
S4,green,44999,45052,53,wave_A,0,0
S4,yellow,45052,45055,3,wave_A,0,0
S4,red,45055,45139,84,wave_A,0,0
S4,green,45139,45192,53,wave_A,0,0
S4,yellow,45192,45195,3,wave_A,0,0
S4,red,45195,45279,84,wave_A,0,0
S4,green,45279,45332,53,wave_A,0,0
S4,yellow,45332,45335,3,wave_A,0,0
S4,red,45335,45419,84,wave_A,0,0
S4,green,45419,45472,53,wave_A,0,0
S4,yellow,45472,45475,3,wave_A,0,0
S4,red,45475,45559,84,wave_A,0,0
S4,green,45559,45612,53,wave_A,0,0
S4,yellow,45612,45615,3,wave_A,0,0
S4,red,45615,45699,84,wave_A,0,0
S4,green,45699,45752,53,wave_A,0,0
S4,yellow,45752,45755,3,wave_A,0,0
S4,red,45755,45839,84,wave_A,0,0
S4,green,45839,45892,53,wave_A,0,0
S4,yellow,45892,45895,3,wave_A,0,0
S4,red,45895,45979,84,wave_A,0,0
S4,green,45979,46032,53,wave_A,0,0
S4,yellow,46032,46035,3,wave_A,0,0
S4,red,46035,46119,84,wave_A,0,0
S4,green,46119,46172,53,wave_A,0,0
S4,yellow,46172,46175,3,wave_A,0,0
S4,red,46175,46259,84,wave_A,0,0
S4,green,46259,46312,53,wave_A,0,0
S4,yellow,46312,46315,3,wave_A,0,0
S4,red,46315,46399,84,wave_A,0,0
S4,green,46399,46452,53,wave_A,0,0
S4,yellow,46452,46455,3,wave_A,0,0
S4,red,46455,46539,84,wave_A,0,0
S4,green,46539,46592,53,wave_A,0,0
S4,yellow,46592,46595,3,wave_A,0,0
S4,red,46595,46679,84,wave_A,0,0
S4,green,46679,46732,53,wave_A,0,0
S4,yellow,46732,46735,3,wave_A,0,0
S4,red,46735,46819,84,wave_A,0,0
S4,green,46819,46872,53,wave_A,0,0
S4,yellow,46872,46875,3,wave_A,0,0
S4,red,46875,46959,84,wave_A,0,0
S4,green,46959,47012,53,wave_A,0,0
S4,yellow,47012,47015,3,wave_A,0,0
S4,red,47015,47099,84,wave_A,0,0
S4,green,47099,47152,53,wave_A,0,0
S4,yellow,47152,47155,3,wave_A,0,0
S4,red,47155,47239,84,wave_A,0,0
S4,green,47239,47292,53,wave_A,0,0
S4,yellow,47292,47295,3,wave_A,0,0
S4,red,47295,47379,84,wave_A,0,0
S4,green,47379,47432,53,wave_A,0,0
S4,yellow,47432,47435,3,wave_A,0,0
S4,red,47435,47519,84,wave_A,0,0
S4,green,47519,47572,53,wave_A,0,0
S4,yellow,47572,47575,3,wave_A,0,0
S4,red,47575,47659,84,wave_A,0,0
S4,green,47659,47712,53,wave_A,0,0
S4,yellow,47712,47715,3,wave_A,0,0
S4,red,47715,47799,84,wave_A,0,0
S4,green,47799,47852,53,wave_A,0,0
S4,yellow,47852,47855,3,wave_A,0,0
S4,red,47855,47939,84,wave_A,0,0
S4,green,47939,47992,53,wave_A,0,0
S4,yellow,47992,47995,3,wave_A,0,0
S4,red,47995,48079,84,wave_A,0,0
S4,green,48079,48132,53,wave_A,0,0
S4,yellow,48132,48135,3,wave_A,0,0
S4,red,48135,48219,84,wave_A,0,0
S4,green,48219,48272,53,wave_A,0,0
S4,yellow,48272,48275,3,wave_A,0,0
S4,red,48275,48359,84,wave_A,0,0
S4,green,48359,48412,53,wave_A,0,0
S4,yellow,48412,48415,3,wave_A,0,0
S4,red,48415,48499,84,wave_A,0,0
S4,green,48499,48552,53,wave_A,0,0
S4,yellow,48552,48555,3,wave_A,0,0
S4,red,48555,48639,84,wave_A,0,0
S4,green,48639,48692,53,wave_A,0,0
S4,yellow,48692,48695,3,wave_A,0,0
S4,red,48695,48779,84,wave_A,0,0
S4,green,48779,48832,53,wave_A,0,0
S4,yellow,48832,48835,3,wave_A,0,0
S4,red,48835,48919,84,wave_A,0,0
S4,green,48919,48972,53,wave_A,0,0
S4,yellow,48972,48975,3,wave_A,0,0
S4,red,48975,49059,84,wave_A,0,0
S4,green,49059,49112,53,wave_A,0,0
S4,yellow,49112,49115,3,wave_A,0,0
S4,red,49115,49199,84,wave_A,0,0
S4,green,49199,49252,53,wave_A,0,0
S4,yellow,49252,49255,3,wave_A,0,0
S4,red,49255,49339,84,wave_A,0,0
S4,green,49339,49392,53,wave_A,0,0
S4,yellow,49392,49395,3,wave_A,0,0
S4,red,49395,49479,84,wave_A,0,0
S4,green,49479,49532,53,wave_A,0,0
S4,yellow,49532,49535,3,wave_A,0,0
S4,red,49535,49619,84,wave_A,0,0
S4,green,49619,49672,53,wave_A,0,0
S4,yellow,49672,49675,3,wave_A,0,0
S4,red,49675,49759,84,wave_A,0,0
S4,green,49759,49812,53,wave_A,0,0
S4,yellow,49812,49815,3,wave_A,0,0
S4,red,49815,49899,84,wave_A,0,0
S4,green,49899,49952,53,wave_A,0,0
S4,yellow,49952,49955,3,wave_A,0,0
S4,red,49955,50039,84,wave_A,0,0
S4,green,50039,50092,53,wave_A,0,0
S4,yellow,50092,50095,3,wave_A,0,0
S4,red,50095,50179,84,wave_A,0,0
S4,green,50179,50232,53,wave_A,0,0
S4,yellow,50232,50235,3,wave_A,0,0
S4,red,50235,50319,84,wave_A,0,0
S4,green,50319,50372,53,wave_A,0,0
S4,yellow,50372,50375,3,wave_A,0,0
S4,red,50375,50459,84,wave_A,0,0
S4,green,50459,50512,53,wave_A,0,0
S4,yellow,50512,50515,3,wave_A,0,0
S4,red,50515,50599,84,wave_A,0,0
S4,green,50599,50652,53,wave_A,0,0
S4,yellow,50652,50655,3,wave_A,0,0
S4,red,50655,50739,84,wave_A,0,0
S4,green,50739,50792,53,wave_A,0,0
S4,yellow,50792,50795,3,wave_A,0,0
S4,red,50795,50879,84,wave_A,0,0
S4,green,50879,50932,53,wave_A,0,0
S4,yellow,50932,50935,3,wave_A,0,0
S4,red,50935,51019,84,wave_A,0,0
S4,green,51019,51072,53,wave_A,0,0
S4,yellow,51072,51075,3,wave_A,0,0
S4,red,51075,51159,84,wave_A,0,0
S4,green,51159,51212,53,wave_A,0,0
S4,yellow,51212,51215,3,wave_A,0,0
S4,red,51215,51299,84,wave_A,0,0
S4,green,51299,51352,53,wave_A,0,0
S4,yellow,51352,51355,3,wave_A,0,0
S4,red,51355,51439,84,wave_A,0,0
S4,green,51439,51492,53,wave_A,0,0
S4,yellow,51492,51495,3,wave_A,0,0
S4,red,51495,51579,84,wave_A,0,0
S4,green,51579,51632,53,wave_A,0,0
S4,yellow,51632,51635,3,wave_A,0,0
S4,red,51635,51719,84,wave_A,0,0
S4,green,51719,51772,53,wave_A,0,0
S4,yellow,51772,51775,3,wave_A,0,0
S4,red,51775,51859,84,wave_A,0,0
S4,green,51859,51912,53,wave_A,0,0
S4,yellow,51912,51915,3,wave_A,0,0
S4,red,51915,51999,84,wave_A,0,0
S4,green,51999,52052,53,wave_A,0,0
S4,yellow,52052,52055,3,wave_A,0,0
S4,red,52055,52139,84,wave_A,0,0
S4,green,52139,52192,53,wave_A,0,0
S4,yellow,52192,52195,3,wave_A,0,0
S4,red,52195,52279,84,wave_A,0,0
S4,green,52279,52332,53,wave_A,0,0
S4,yellow,52332,52335,3,wave_A,0,0
S4,red,52335,52419,84,wave_A,0,0
S4,green,52419,52472,53,wave_A,0,0
S4,yellow,52472,52475,3,wave_A,0,0
S4,red,52475,52559,84,wave_A,0,0
S4,green,52559,52612,53,wave_A,0,0
S4,yellow,52612,52615,3,wave_A,0,0
S4,red,52615,52699,84,wave_A,0,0
S4,green,52699,52752,53,wave_A,0,0
S4,yellow,52752,52755,3,wave_A,0,0
S4,red,52755,52839,84,wave_A,0,0
S4,green,52839,52892,53,wave_A,0,0
S4,yellow,52892,52895,3,wave_A,0,0
S4,red,52895,52979,84,wave_A,0,0
S4,green,52979,53032,53,wave_A,0,0
S4,yellow,53032,53035,3,wave_A,0,0
S4,red,53035,53119,84,wave_A,0,0
S4,green,53119,53172,53,wave_A,0,0
S4,yellow,53172,53175,3,wave_A,0,0
S4,red,53175,53259,84,wave_A,0,0
S4,green,53259,53312,53,wave_A,0,0
S4,yellow,53312,53315,3,wave_A,0,0
S4,red,53315,53399,84,wave_A,0,0
S4,green,53399,53452,53,wave_A,0,0
S4,yellow,53452,53455,3,wave_A,0,0
S4,red,53455,53539,84,wave_A,0,0
S4,green,53539,53592,53,wave_A,0,0
S4,yellow,53592,53595,3,wave_A,0,0
S4,red,53595,53679,84,wave_A,0,0
S4,green,53679,53732,53,wave_A,0,0
S4,yellow,53732,53735,3,wave_A,0,0
S4,red,53735,53819,84,wave_A,0,0
S4,green,53819,53872,53,wave_A,0,0
S4,yellow,53872,53875,3,wave_A,0,0
S4,red,53875,53959,84,wave_A,0,0
S4,green,53959,54012,53,wave_A,0,0
S4,yellow,54012,54015,3,wave_A,0,0
S4,red,54015,54099,84,wave_A,0,0
S4,green,54099,54152,53,wave_A,0,0
S4,yellow,54152,54155,3,wave_A,0,0
S4,red,54155,54239,84,wave_A,0,0
S4,green,54239,54292,53,wave_A,0,0
S4,yellow,54292,54295,3,wave_A,0,0
S4,red,54295,54379,84,wave_A,0,0
S4,green,54379,54432,53,wave_A,0,0
S4,yellow,54432,54435,3,wave_A,0,0
S4,red,54435,54519,84,wave_A,0,0
S4,green,54519,54572,53,wave_A,0,0
S4,yellow,54572,54575,3,wave_A,0,0
S4,red,54575,54659,84,wave_A,0,0
S4,green,54659,54712,53,wave_A,0,0
S4,yellow,54712,54715,3,wave_A,0,0
S4,red,54715,54799,84,wave_A,0,0
S4,green,54799,54852,53,wave_A,0,0
S4,yellow,54852,54855,3,wave_A,0,0
S4,red,54855,54939,84,wave_A,0,0
S4,green,54939,54992,53,wave_A,0,0
S4,yellow,54992,54995,3,wave_A,0,0
S4,red,54995,55079,84,wave_A,0,0
S4,green,55079,55132,53,wave_A,0,0
S4,yellow,55132,55135,3,wave_A,0,0
S4,red,55135,55219,84,wave_A,0,0
S4,green,55219,55272,53,wave_A,0,0
S4,yellow,55272,55275,3,wave_A,0,0
S4,red,55275,55359,84,wave_A,0,0
S4,green,55359,55412,53,wave_A,0,0
S4,yellow,55412,55415,3,wave_A,0,0
S4,red,55415,55499,84,wave_A,0,0
S4,green,55499,55552,53,wave_A,0,0
S4,yellow,55552,55555,3,wave_A,0,0
S4,red,55555,55639,84,wave_A,0,0
S4,green,55639,55692,53,wave_A,0,0
S4,yellow,55692,55695,3,wave_A,0,0
S4,red,55695,55779,84,wave_A,0,0
S4,green,55779,55832,53,wave_A,0,0
S4,yellow,55832,55835,3,wave_A,0,0
S4,red,55835,55919,84,wave_A,0,0
S4,green,55919,55972,53,wave_A,0,0
S4,yellow,55972,55975,3,wave_A,0,0
S4,red,55975,56059,84,wave_A,0,0
S4,green,56059,56112,53,wave_A,0,0
S4,yellow,56112,56115,3,wave_A,0,0
S4,red,56115,56199,84,wave_A,0,0
S4,green,56199,56252,53,wave_A,0,0
S4,yellow,56252,56255,3,wave_A,0,0
S4,red,56255,56339,84,wave_A,0,0
S4,green,56339,56392,53,wave_A,0,0
S4,yellow,56392,56395,3,wave_A,0,0
S4,red,56395,56479,84,wave_A,0,0
S4,green,56479,56532,53,wave_A,0,0
S4,yellow,56532,56535,3,wave_A,0,0
S4,red,56535,56619,84,wave_A,0,0
S4,green,56619,56672,53,wave_A,0,0
S4,yellow,56672,56675,3,wave_A,0,0
S4,red,56675,56759,84,wave_A,0,0
S4,green,56759,56812,53,wave_A,0,0
S4,yellow,56812,56815,3,wave_A,0,0
S4,red,56815,56899,84,wave_A,0,0
S4,green,56899,56952,53,wave_A,0,0
S4,yellow,56952,56955,3,wave_A,0,0
S4,red,56955,57039,84,wave_A,0,0
S4,green,57039,57092,53,wave_A,0,0
S4,yellow,57092,57095,3,wave_A,0,0
S4,red,57095,57179,84,wave_A,0,0
S4,green,57179,57232,53,wave_A,0,0
S4,yellow,57232,57235,3,wave_A,0,0
S4,red,57235,57319,84,wave_A,0,0
S4,green,57319,57372,53,wave_A,0,0
S4,yellow,57372,57375,3,wave_A,0,0
S4,red,57375,57459,84,wave_A,0,0
S4,green,57459,57512,53,wave_A,0,0
S4,yellow,57512,57515,3,wave_A,0,0
S4,red,57515,57599,84,wave_A,0,0
S4,green,57599,57652,53,wave_A,0,0
S4,yellow,57652,57655,3,wave_A,0,0
S4,red,57655,57680,25,wave_A,0,1
S5,red,0,91,91,wave_A,1,0
S5,green,91,134,43,wave_A,0,0
S5,yellow,134,137,3,wave_A,0,0
S5,red,137,231,94,wave_A,0,0
S5,green,231,274,43,wave_A,0,0
S5,yellow,274,277,3,wave_A,0,0
S5,red,277,371,94,wave_A,0,0
S5,green,371,414,43,wave_A,0,0
S5,yellow,414,417,3,wave_A,0,0
S5,red,417,511,94,wave_A,0,0
S5,green,511,554,43,wave_A,0,0
S5,yellow,554,557,3,wave_A,0,0
S5,red,557,651,94,wave_A,0,0
S5,green,651,694,43,wave_A,0,0
S5,yellow,694,697,3,wave_A,0,0
S5,red,697,791,94,wave_A,0,0
S5,green,791,834,43,wave_A,0,0
S5,yellow,834,837,3,wave_A,0,0
S5,red,837,931,94,wave_A,0,0
S5,green,931,974,43,wave_A,0,0
S5,yellow,974,977,3,wave_A,0,0
S5,red,977,1071,94,wave_A,0,0
S5,green,1071,1114,43,wave_A,0,0
S5,yellow,1114,1117,3,wave_A,0,0
S5,red,1117,1211,94,wave_A,0,0
S5,green,1211,1254,43,wave_A,0,0
S5,yellow,1254,1257,3,wave_A,0,0
S5,red,1257,1351,94,wave_A,0,0
S5,green,1351,1394,43,wave_A,0,0
S5,yellow,1394,1397,3,wave_A,0,0
S5,red,1397,1491,94,wave_A,0,0
S5,green,1491,1534,43,wave_A,0,0
S5,yellow,1534,1537,3,wave_A,0,0
S5,red,1537,1631,94,wave_A,0,0
S5,green,1631,1674,43,wave_A,0,0
S5,yellow,1674,1677,3,wave_A,0,0
S5,red,1677,1771,94,wave_A,0,0
S5,green,1771,1814,43,wave_A,0,0
S5,yellow,1814,1817,3,wave_A,0,0
S5,red,1817,1911,94,wave_A,0,0
S5,green,1911,1954,43,wave_A,0,0
S5,yellow,1954,1957,3,wave_A,0,0
S5,red,1957,2051,94,wave_A,0,0
S5,green,2051,2094,43,wave_A,0,0
S5,yellow,2094,2097,3,wave_A,0,0
S5,red,2097,2191,94,wave_A,0,0
S5,green,2191,2234,43,wave_A,0,0
S5,yellow,2234,2237,3,wave_A,0,0
S5,red,2237,2331,94,wave_A,0,0
S5,green,2331,2374,43,wave_A,0,0
S5,yellow,2374,2377,3,wave_A,0,0
S5,red,2377,2471,94,wave_A,0,0
S5,green,2471,2514,43,wave_A,0,0
S5,yellow,2514,2517,3,wave_A,0,0
S5,red,2517,2611,94,wave_A,0,0
S5,green,2611,2654,43,wave_A,0,0
S5,yellow,2654,2657,3,wave_A,0,0
S5,red,2657,2751,94,wave_A,0,0
S5,green,2751,2794,43,wave_A,0,0
S5,yellow,2794,2797,3,wave_A,0,0
S5,red,2797,2891,94,wave_A,0,0
S5,green,2891,2934,43,wave_A,0,0
S5,yellow,2934,2937,3,wave_A,0,0
S5,red,2937,3031,94,wave_A,0,0
S5,green,3031,3074,43,wave_A,0,0
S5,yellow,3074,3077,3,wave_A,0,0
S5,red,3077,3171,94,wave_A,0,0
S5,green,3171,3214,43,wave_A,0,0
S5,yellow,3214,3217,3,wave_A,0,0
S5,red,3217,3311,94,wave_A,0,0
S5,green,3311,3354,43,wave_A,0,0
S5,yellow,3354,3357,3,wave_A,0,0
S5,red,3357,3451,94,wave_A,0,0
S5,green,3451,3494,43,wave_A,0,0
S5,yellow,3494,3497,3,wave_A,0,0
S5,red,3497,3591,94,wave_A,0,0
S5,green,3591,3634,43,wave_A,0,0
S5,yellow,3634,3637,3,wave_A,0,0
S5,red,3637,3731,94,wave_A,0,0
S5,green,3731,3774,43,wave_A,0,0
S5,yellow,3774,3777,3,wave_A,0,0
S5,red,3777,3871,94,wave_A,0,0
S5,green,3871,3914,43,wave_A,0,0
S5,yellow,3914,3917,3,wave_A,0,0
S5,red,3917,4011,94,wave_A,0,0
S5,green,4011,4054,43,wave_A,0,0
S5,yellow,4054,4057,3,wave_A,0,0
S5,red,4057,4151,94,wave_A,0,0
S5,green,4151,4194,43,wave_A,0,0
S5,yellow,4194,4197,3,wave_A,0,0
S5,red,4197,4291,94,wave_A,0,0
S5,green,4291,4334,43,wave_A,0,0
S5,yellow,4334,4337,3,wave_A,0,0
S5,red,4337,4431,94,wave_A,0,0
S5,green,4431,4474,43,wave_A,0,0
S5,yellow,4474,4477,3,wave_A,0,0
S5,red,4477,4571,94,wave_A,0,0
S5,green,4571,4614,43,wave_A,0,0
S5,yellow,4614,4617,3,wave_A,0,0
S5,red,4617,4711,94,wave_A,0,0
S5,green,4711,4754,43,wave_A,0,0
S5,yellow,4754,4757,3,wave_A,0,0
S5,red,4757,4851,94,wave_A,0,0
S5,green,4851,4894,43,wave_A,0,0
S5,yellow,4894,4897,3,wave_A,0,0
S5,red,4897,4991,94,wave_A,0,0
S5,green,4991,5034,43,wave_A,0,0
S5,yellow,5034,5037,3,wave_A,0,0
S5,red,5037,5131,94,wave_A,0,0
S5,green,5131,5174,43,wave_A,0,0
S5,yellow,5174,5177,3,wave_A,0,0
S5,red,5177,5271,94,wave_A,0,0
S5,green,5271,5314,43,wave_A,0,0
S5,yellow,5314,5317,3,wave_A,0,0
S5,red,5317,5411,94,wave_A,0,0
S5,green,5411,5454,43,wave_A,0,0
S5,yellow,5454,5457,3,wave_A,0,0
S5,red,5457,5551,94,wave_A,0,0
S5,green,5551,5594,43,wave_A,0,0
S5,yellow,5594,5597,3,wave_A,0,0
S5,red,5597,5691,94,wave_A,0,0
S5,green,5691,5734,43,wave_A,0,0
S5,yellow,5734,5737,3,wave_A,0,0
S5,red,5737,5831,94,wave_A,0,0
S5,green,5831,5874,43,wave_A,0,0
S5,yellow,5874,5877,3,wave_A,0,0
S5,red,5877,5971,94,wave_A,0,0
S5,green,5971,6014,43,wave_A,0,0
S5,yellow,6014,6017,3,wave_A,0,0
S5,red,6017,6111,94,wave_A,0,0
S5,green,6111,6154,43,wave_A,0,0
S5,yellow,6154,6157,3,wave_A,0,0
S5,red,6157,6251,94,wave_A,0,0
S5,green,6251,6294,43,wave_A,0,0
S5,yellow,6294,6297,3,wave_A,0,0
S5,red,6297,6391,94,wave_A,0,0
S5,green,6391,6434,43,wave_A,0,0
S5,yellow,6434,6437,3,wave_A,0,0
S5,red,6437,6531,94,wave_A,0,0
S5,green,6531,6574,43,wave_A,0,0
S5,yellow,6574,6577,3,wave_A,0,0
S5,red,6577,6671,94,wave_A,0,0
S5,green,6671,6714,43,wave_A,0,0
S5,yellow,6714,6717,3,wave_A,0,0
S5,red,6717,6811,94,wave_A,0,0
S5,green,6811,6854,43,wave_A,0,0
S5,yellow,6854,6857,3,wave_A,0,0
S5,red,6857,6951,94,wave_A,0,0
S5,green,6951,6994,43,wave_A,0,0
S5,yellow,6994,6997,3,wave_A,0,0
S5,red,6997,7091,94,wave_A,0,0
S5,green,7091,7134,43,wave_A,0,0
S5,yellow,7134,7137,3,wave_A,0,0
S5,red,7137,7231,94,wave_A,0,0
S5,green,7231,7274,43,wave_A,0,0
S5,yellow,7274,7277,3,wave_A,0,0
S5,red,7277,7371,94,wave_A,0,0
S5,green,7371,7414,43,wave_A,0,0
S5,yellow,7414,7417,3,wave_A,0,0
S5,red,7417,7511,94,wave_A,0,0
S5,green,7511,7554,43,wave_A,0,0
S5,yellow,7554,7557,3,wave_A,0,0
S5,red,7557,7651,94,wave_A,0,0
S5,green,7651,7694,43,wave_A,0,0
S5,yellow,7694,7697,3,wave_A,0,0
S5,red,7697,7791,94,wave_A,0,0
S5,green,7791,7834,43,wave_A,0,0
S5,yellow,7834,7837,3,wave_A,0,0
S5,red,7837,7931,94,wave_A,0,0
S5,green,7931,7974,43,wave_A,0,0
S5,yellow,7974,7977,3,wave_A,0,0
S5,red,7977,8071,94,wave_A,0,0
S5,green,8071,8114,43,wave_A,0,0
S5,yellow,8114,8117,3,wave_A,0,0
S5,red,8117,8211,94,wave_A,0,0
S5,green,8211,8254,43,wave_A,0,0
S5,yellow,8254,8257,3,wave_A,0,0
S5,red,8257,8351,94,wave_A,0,0
S5,green,8351,8394,43,wave_A,0,0
S5,yellow,8394,8397,3,wave_A,0,0
S5,red,8397,8491,94,wave_A,0,0
S5,green,8491,8534,43,wave_A,0,0
S5,yellow,8534,8537,3,wave_A,0,0
S5,red,8537,8631,94,wave_A,0,0
S5,green,8631,8674,43,wave_A,0,0
S5,yellow,8674,8677,3,wave_A,0,0
S5,red,8677,8771,94,wave_A,0,0
S5,green,8771,8814,43,wave_A,0,0
S5,yellow,8814,8817,3,wave_A,0,0
S5,red,8817,8911,94,wave_A,0,0
S5,green,8911,8954,43,wave_A,0,0
S5,yellow,8954,8957,3,wave_A,0,0
S5,red,8957,9051,94,wave_A,0,0
S5,green,9051,9094,43,wave_A,0,0
S5,yellow,9094,9097,3,wave_A,0,0
S5,red,9097,9191,94,wave_A,0,0
S5,green,9191,9234,43,wave_A,0,0
S5,yellow,9234,9237,3,wave_A,0,0
S5,red,9237,9331,94,wave_A,0,0
S5,green,9331,9374,43,wave_A,0,0
S5,yellow,9374,9377,3,wave_A,0,0
S5,red,9377,9471,94,wave_A,0,0
S5,green,9471,9514,43,wave_A,0,0
S5,yellow,9514,9517,3,wave_A,0,0
S5,red,9517,9611,94,wave_A,0,0
S5,green,9611,9654,43,wave_A,0,0
S5,yellow,9654,9657,3,wave_A,0,0
S5,red,9657,9751,94,wave_A,0,0
S5,green,9751,9794,43,wave_A,0,0
S5,yellow,9794,9797,3,wave_A,0,0
S5,red,9797,9891,94,wave_A,0,0
S5,green,9891,9934,43,wave_A,0,0
S5,yellow,9934,9937,3,wave_A,0,0
S5,red,9937,10031,94,wave_A,0,0
S5,green,10031,10074,43,wave_A,0,0
S5,yellow,10074,10077,3,wave_A,0,0
S5,red,10077,10171,94,wave_A,0,0
S5,green,10171,10214,43,wave_A,0,0
S5,yellow,10214,10217,3,wave_A,0,0
S5,red,10217,10311,94,wave_A,0,0
S5,green,10311,10354,43,wave_A,0,0
S5,yellow,10354,10357,3,wave_A,0,0
S5,red,10357,10451,94,wave_A,0,0
S5,green,10451,10494,43,wave_A,0,0
S5,yellow,10494,10497,3,wave_A,0,0
S5,red,10497,10591,94,wave_A,0,0
S5,green,10591,10634,43,wave_A,0,0
S5,yellow,10634,10637,3,wave_A,0,0
S5,red,10637,10731,94,wave_A,0,0
S5,green,10731,10774,43,wave_A,0,0
S5,yellow,10774,10777,3,wave_A,0,0
S5,red,10777,10871,94,wave_A,0,0
S5,green,10871,10914,43,wave_A,0,0
S5,yellow,10914,10917,3,wave_A,0,0
S5,red,10917,11011,94,wave_A,0,0
S5,green,11011,11054,43,wave_A,0,0
S5,yellow,11054,11057,3,wave_A,0,0
S5,red,11057,11151,94,wave_A,0,0
S5,green,11151,11194,43,wave_A,0,0
S5,yellow,11194,11197,3,wave_A,0,0
S5,red,11197,11291,94,wave_A,0,0
S5,green,11291,11334,43,wave_A,0,0
S5,yellow,11334,11337,3,wave_A,0,0
S5,red,11337,11431,94,wave_A,0,0
S5,green,11431,11474,43,wave_A,0,0
S5,yellow,11474,11477,3,wave_A,0,0
S5,red,11477,11571,94,wave_A,0,0
S5,green,11571,11614,43,wave_A,0,0
S5,yellow,11614,11617,3,wave_A,0,0
S5,red,11617,11711,94,wave_A,0,0
S5,green,11711,11754,43,wave_A,0,0
S5,yellow,11754,11757,3,wave_A,0,0
S5,red,11757,11851,94,wave_A,0,0
S5,green,11851,11894,43,wave_A,0,0
S5,yellow,11894,11897,3,wave_A,0,0
S5,red,11897,11991,94,wave_A,0,0
S5,green,11991,12034,43,wave_A,0,0
S5,yellow,12034,12037,3,wave_A,0,0
S5,red,12037,12131,94,wave_A,0,0
S5,green,12131,12174,43,wave_A,0,0
S5,yellow,12174,12177,3,wave_A,0,0
S5,red,12177,12271,94,wave_A,0,0
S5,green,12271,12314,43,wave_A,0,0
S5,yellow,12314,12317,3,wave_A,0,0
S5,red,12317,12411,94,wave_A,0,0
S5,green,12411,12454,43,wave_A,0,0
S5,yellow,12454,12457,3,wave_A,0,0
S5,red,12457,12551,94,wave_A,0,0
S5,green,12551,12594,43,wave_A,0,0
S5,yellow,12594,12597,3,wave_A,0,0
S5,red,12597,12691,94,wave_A,0,0
S5,green,12691,12734,43,wave_A,0,0
S5,yellow,12734,12737,3,wave_A,0,0
S5,red,12737,12831,94,wave_A,0,0
S5,green,12831,12874,43,wave_A,0,0
S5,yellow,12874,12877,3,wave_A,0,0
S5,red,12877,12971,94,wave_A,0,0
S5,green,12971,13014,43,wave_A,0,0
S5,yellow,13014,13017,3,wave_A,0,0
S5,red,13017,13111,94,wave_A,0,0
S5,green,13111,13154,43,wave_A,0,0
S5,yellow,13154,13157,3,wave_A,0,0
S5,red,13157,13251,94,wave_A,0,0
S5,green,13251,13294,43,wave_A,0,0
S5,yellow,13294,13297,3,wave_A,0,0
S5,red,13297,13391,94,wave_A,0,0
S5,green,13391,13434,43,wave_A,0,0
S5,yellow,13434,13437,3,wave_A,0,0
S5,red,13437,13531,94,wave_A,0,0
S5,green,13531,13574,43,wave_A,0,0
S5,yellow,13574,13577,3,wave_A,0,0
S5,red,13577,13671,94,wave_A,0,0
S5,green,13671,13714,43,wave_A,0,0
S5,yellow,13714,13717,3,wave_A,0,0
S5,red,13717,13811,94,wave_A,0,0
S5,green,13811,13854,43,wave_A,0,0
S5,yellow,13854,13857,3,wave_A,0,0
S5,red,13857,13951,94,wave_A,0,0
S5,green,13951,13994,43,wave_A,0,0
S5,yellow,13994,13997,3,wave_A,0,0
S5,red,13997,14091,94,wave_A,0,0
S5,green,14091,14134,43,wave_A,0,0
S5,yellow,14134,14137,3,wave_A,0,0
S5,red,14137,14231,94,wave_A,0,0
S5,green,14231,14274,43,wave_A,0,0
S5,yellow,14274,14277,3,wave_A,0,0
S5,red,14277,14371,94,wave_A,0,0
S5,green,14371,14414,43,wave_A,0,0
S5,yellow,14414,14417,3,wave_A,0,0
S5,red,14417,14511,94,wave_A,0,0
S5,green,14511,14554,43,wave_A,0,0
S5,yellow,14554,14557,3,wave_A,0,0
S5,red,14557,14651,94,wave_A,0,0
S5,green,14651,14694,43,wave_A,0,0
S5,yellow,14694,14697,3,wave_A,0,0
S5,red,14697,14791,94,wave_A,0,0
S5,green,14791,14834,43,wave_A,0,0
S5,yellow,14834,14837,3,wave_A,0,0
S5,red,14837,14931,94,wave_A,0,0
S5,green,14931,14974,43,wave_A,0,0
S5,yellow,14974,14977,3,wave_A,0,0
S5,red,14977,15071,94,wave_A,0,0
S5,green,15071,15114,43,wave_A,0,0
S5,yellow,15114,15117,3,wave_A,0,0
S5,red,15117,15211,94,wave_A,0,0
S5,green,15211,15254,43,wave_A,0,0
S5,yellow,15254,15257,3,wave_A,0,0
S5,red,15257,15351,94,wave_A,0,0
S5,green,15351,15394,43,wave_A,0,0
S5,yellow,15394,15397,3,wave_A,0,0
S5,red,15397,15491,94,wave_A,0,0
S5,green,15491,15534,43,wave_A,0,0
S5,yellow,15534,15537,3,wave_A,0,0
S5,red,15537,15631,94,wave_A,0,0
S5,green,15631,15674,43,wave_A,0,0
S5,yellow,15674,15677,3,wave_A,0,0
S5,red,15677,15771,94,wave_A,0,0
S5,green,15771,15814,43,wave_A,0,0
S5,yellow,15814,15817,3,wave_A,0,0
S5,red,15817,15911,94,wave_A,0,0
S5,green,15911,15954,43,wave_A,0,0
S5,yellow,15954,15957,3,wave_A,0,0
S5,red,15957,16051,94,wave_A,0,0
S5,green,16051,16094,43,wave_A,0,0
S5,yellow,16094,16097,3,wave_A,0,0
S5,red,16097,16191,94,wave_A,0,0
S5,green,16191,16234,43,wave_A,0,0
S5,yellow,16234,16237,3,wave_A,0,0
S5,red,16237,16331,94,wave_A,0,0
S5,green,16331,16374,43,wave_A,0,0
S5,yellow,16374,16377,3,wave_A,0,0
S5,red,16377,16471,94,wave_A,0,0
S5,green,16471,16514,43,wave_A,0,0
S5,yellow,16514,16517,3,wave_A,0,0
S5,red,16517,16611,94,wave_A,0,0
S5,green,16611,16654,43,wave_A,0,0
S5,yellow,16654,16657,3,wave_A,0,0
S5,red,16657,16751,94,wave_A,0,0
S5,green,16751,16794,43,wave_A,0,0
S5,yellow,16794,16797,3,wave_A,0,0
S5,red,16797,16891,94,wave_A,0,0
S5,green,16891,16934,43,wave_A,0,0
S5,yellow,16934,16937,3,wave_A,0,0
S5,red,16937,17031,94,wave_A,0,0
S5,green,17031,17074,43,wave_A,0,0
S5,yellow,17074,17077,3,wave_A,0,0
S5,red,17077,17171,94,wave_A,0,0
S5,green,17171,17214,43,wave_A,0,0
S5,yellow,17214,17217,3,wave_A,0,0
S5,red,17217,17311,94,wave_A,0,0
S5,green,17311,17354,43,wave_A,0,0
S5,yellow,17354,17357,3,wave_A,0,0
S5,red,17357,17451,94,wave_A,0,0
S5,green,17451,17494,43,wave_A,0,0
S5,yellow,17494,17497,3,wave_A,0,0
S5,red,17497,17591,94,wave_A,0,0
S5,green,17591,17634,43,wave_A,0,0
S5,yellow,17634,17637,3,wave_A,0,0
S5,red,17637,17731,94,wave_A,0,0
S5,green,17731,17774,43,wave_A,0,0
S5,yellow,17774,17777,3,wave_A,0,0
S5,red,17777,17871,94,wave_A,0,0
S5,green,17871,17914,43,wave_A,0,0
S5,yellow,17914,17917,3,wave_A,0,0
S5,red,17917,18011,94,wave_A,0,0
S5,green,18011,18054,43,wave_A,0,0
S5,yellow,18054,18057,3,wave_A,0,0
S5,red,18057,18151,94,wave_A,0,0
S5,green,18151,18194,43,wave_A,0,0
S5,yellow,18194,18197,3,wave_A,0,0
S5,red,18197,18291,94,wave_A,0,0
S5,green,18291,18334,43,wave_A,0,0
S5,yellow,18334,18337,3,wave_A,0,0
S5,red,18337,18431,94,wave_A,0,0
S5,green,18431,18474,43,wave_A,0,0
S5,yellow,18474,18477,3,wave_A,0,0
S5,red,18477,18571,94,wave_A,0,0
S5,green,18571,18614,43,wave_A,0,0
S5,yellow,18614,18617,3,wave_A,0,0
S5,red,18617,18711,94,wave_A,0,0
S5,green,18711,18754,43,wave_A,0,0
S5,yellow,18754,18757,3,wave_A,0,0
S5,red,18757,18851,94,wave_A,0,0
S5,green,18851,18894,43,wave_A,0,0
S5,yellow,18894,18897,3,wave_A,0,0
S5,red,18897,18991,94,wave_A,0,0
S5,green,18991,19034,43,wave_A,0,0
S5,yellow,19034,19037,3,wave_A,0,0
S5,red,19037,19131,94,wave_A,0,0
S5,green,19131,19174,43,wave_A,0,0
S5,yellow,19174,19177,3,wave_A,0,0
S5,red,19177,19271,94,wave_A,0,0
S5,green,19271,19314,43,wave_A,0,0
S5,yellow,19314,19317,3,wave_A,0,0
S5,red,19317,19411,94,wave_A,0,0
S5,green,19411,19454,43,wave_A,0,0
S5,yellow,19454,19457,3,wave_A,0,0
S5,red,19457,19551,94,wave_A,0,0
S5,green,19551,19594,43,wave_A,0,0
S5,yellow,19594,19597,3,wave_A,0,0
S5,red,19597,19691,94,wave_A,0,0
S5,green,19691,19734,43,wave_A,0,0
S5,yellow,19734,19737,3,wave_A,0,0
S5,red,19737,19831,94,wave_A,0,0
S5,green,19831,19874,43,wave_A,0,0
S5,yellow,19874,19877,3,wave_A,0,0
S5,red,19877,19971,94,wave_A,0,0
S5,green,19971,20014,43,wave_A,0,0
S5,yellow,20014,20017,3,wave_A,0,0
S5,red,20017,20111,94,wave_A,0,0
S5,green,20111,20154,43,wave_A,0,0
S5,yellow,20154,20157,3,wave_A,0,0
S5,red,20157,20251,94,wave_A,0,0
S5,green,20251,20294,43,wave_A,0,0
S5,yellow,20294,20297,3,wave_A,0,0
S5,red,20297,20391,94,wave_A,0,0
S5,green,20391,20434,43,wave_A,0,0
S5,yellow,20434,20437,3,wave_A,0,0
S5,red,20437,20531,94,wave_A,0,0
S5,green,20531,20574,43,wave_A,0,0
S5,yellow,20574,20577,3,wave_A,0,0
S5,red,20577,20671,94,wave_A,0,0
S5,green,20671,20714,43,wave_A,0,0
S5,yellow,20714,20717,3,wave_A,0,0
S5,red,20717,20811,94,wave_A,0,0
S5,green,20811,20854,43,wave_A,0,0
S5,yellow,20854,20857,3,wave_A,0,0
S5,red,20857,20951,94,wave_A,0,0
S5,green,20951,20994,43,wave_A,0,0
S5,yellow,20994,20997,3,wave_A,0,0
S5,red,20997,21091,94,wave_A,0,0
S5,green,21091,21134,43,wave_A,0,0
S5,yellow,21134,21137,3,wave_A,0,0
S5,red,21137,21231,94,wave_A,0,0
S5,green,21231,21274,43,wave_A,0,0
S5,yellow,21274,21277,3,wave_A,0,0
S5,red,21277,21371,94,wave_A,0,0
S5,green,21371,21414,43,wave_A,0,0
S5,yellow,21414,21417,3,wave_A,0,0
S5,red,21417,21511,94,wave_A,0,0
S5,green,21511,21554,43,wave_A,0,0
S5,yellow,21554,21557,3,wave_A,0,0
S5,red,21557,21651,94,wave_A,0,0
S5,green,21651,21694,43,wave_A,0,0
S5,yellow,21694,21697,3,wave_A,0,0
S5,red,21697,21791,94,wave_A,0,0
S5,green,21791,21834,43,wave_A,0,0
S5,yellow,21834,21837,3,wave_A,0,0
S5,red,21837,21931,94,wave_A,0,0
S5,green,21931,21974,43,wave_A,0,0
S5,yellow,21974,21977,3,wave_A,0,0
S5,red,21977,22071,94,wave_A,0,0
S5,green,22071,22114,43,wave_A,0,0
S5,yellow,22114,22117,3,wave_A,0,0
S5,red,22117,22211,94,wave_A,0,0
S5,green,22211,22254,43,wave_A,0,0
S5,yellow,22254,22257,3,wave_A,0,0
S5,red,22257,22351,94,wave_A,0,0
S5,green,22351,22394,43,wave_A,0,0
S5,yellow,22394,22397,3,wave_A,0,0
S5,red,22397,22491,94,wave_A,0,0
S5,green,22491,22534,43,wave_A,0,0
S5,yellow,22534,22537,3,wave_A,0,0
S5,red,22537,22631,94,wave_A,0,0
S5,green,22631,22674,43,wave_A,0,0
S5,yellow,22674,22677,3,wave_A,0,0
S5,red,22677,22771,94,wave_A,0,0
S5,green,22771,22814,43,wave_A,0,0
S5,yellow,22814,22817,3,wave_A,0,0
S5,red,22817,22911,94,wave_A,0,0
S5,green,22911,22954,43,wave_A,0,0
S5,yellow,22954,22957,3,wave_A,0,0
S5,red,22957,23051,94,wave_A,0,0
S5,green,23051,23094,43,wave_A,0,0
S5,yellow,23094,23097,3,wave_A,0,0
S5,red,23097,23191,94,wave_A,0,0
S5,green,23191,23234,43,wave_A,0,0
S5,yellow,23234,23237,3,wave_A,0,0
S5,red,23237,23331,94,wave_A,0,0
S5,green,23331,23374,43,wave_A,0,0
S5,yellow,23374,23377,3,wave_A,0,0
S5,red,23377,23471,94,wave_A,0,0
S5,green,23471,23514,43,wave_A,0,0
S5,yellow,23514,23517,3,wave_A,0,0
S5,red,23517,23611,94,wave_A,0,0
S5,green,23611,23654,43,wave_A,0,0
S5,yellow,23654,23657,3,wave_A,0,0
S5,red,23657,23751,94,wave_A,0,0
S5,green,23751,23794,43,wave_A,0,0
S5,yellow,23794,23797,3,wave_A,0,0
S5,red,23797,23891,94,wave_A,0,0
S5,green,23891,23934,43,wave_A,0,0
S5,yellow,23934,23937,3,wave_A,0,0
S5,red,23937,24031,94,wave_A,0,0
S5,green,24031,24074,43,wave_A,0,0
S5,yellow,24074,24077,3,wave_A,0,0
S5,red,24077,24171,94,wave_A,0,0
S5,green,24171,24214,43,wave_A,0,0
S5,yellow,24214,24217,3,wave_A,0,0
S5,red,24217,24311,94,wave_A,0,0
S5,green,24311,24354,43,wave_A,0,0
S5,yellow,24354,24357,3,wave_A,0,0
S5,red,24357,24451,94,wave_A,0,0
S5,green,24451,24494,43,wave_A,0,0
S5,yellow,24494,24497,3,wave_A,0,0
S5,red,24497,24591,94,wave_A,0,0
S5,green,24591,24634,43,wave_A,0,0
S5,yellow,24634,24637,3,wave_A,0,0
S5,red,24637,24731,94,wave_A,0,0
S5,green,24731,24774,43,wave_A,0,0
S5,yellow,24774,24777,3,wave_A,0,0
S5,red,24777,24871,94,wave_A,0,0
S5,green,24871,24914,43,wave_A,0,0
S5,yellow,24914,24917,3,wave_A,0,0
S5,red,24917,25011,94,wave_A,0,0
S5,green,25011,25054,43,wave_A,0,0
S5,yellow,25054,25057,3,wave_A,0,0
S5,red,25057,25151,94,wave_A,0,0
S5,green,25151,25194,43,wave_A,0,0
S5,yellow,25194,25197,3,wave_A,0,0
S5,red,25197,25291,94,wave_A,0,0
S5,green,25291,25334,43,wave_A,0,0
S5,yellow,25334,25337,3,wave_A,0,0
S5,red,25337,25431,94,wave_A,0,0
S5,green,25431,25474,43,wave_A,0,0
S5,yellow,25474,25477,3,wave_A,0,0
S5,red,25477,25571,94,wave_A,0,0
S5,green,25571,25614,43,wave_A,0,0
S5,yellow,25614,25617,3,wave_A,0,0
S5,red,25617,25711,94,wave_A,0,0
S5,green,25711,25754,43,wave_A,0,0
S5,yellow,25754,25757,3,wave_A,0,0
S5,red,25757,25851,94,wave_A,0,0
S5,green,25851,25894,43,wave_A,0,0
S5,yellow,25894,25897,3,wave_A,0,0
S5,red,25897,25991,94,wave_A,0,0
S5,green,25991,26034,43,wave_A,0,0
S5,yellow,26034,26037,3,wave_A,0,0
S5,red,26037,26131,94,wave_A,0,0
S5,green,26131,26174,43,wave_A,0,0
S5,yellow,26174,26177,3,wave_A,0,0
S5,red,26177,26271,94,wave_A,0,0
S5,green,26271,26314,43,wave_A,0,0
S5,yellow,26314,26317,3,wave_A,0,0
S5,red,26317,26411,94,wave_A,0,0
S5,green,26411,26454,43,wave_A,0,0
S5,yellow,26454,26457,3,wave_A,0,0
S5,red,26457,26551,94,wave_A,0,0
S5,green,26551,26594,43,wave_A,0,0
S5,yellow,26594,26597,3,wave_A,0,0
S5,red,26597,26691,94,wave_A,0,0
S5,green,26691,26734,43,wave_A,0,0
S5,yellow,26734,26737,3,wave_A,0,0
S5,red,26737,26831,94,wave_A,0,0
S5,green,26831,26874,43,wave_A,0,0
S5,yellow,26874,26877,3,wave_A,0,0
S5,red,26877,26971,94,wave_A,0,0
S5,green,26971,27014,43,wave_A,0,0
S5,yellow,27014,27017,3,wave_A,0,0
S5,red,27017,27111,94,wave_A,0,0
S5,green,27111,27154,43,wave_A,0,0
S5,yellow,27154,27157,3,wave_A,0,0
S5,red,27157,27251,94,wave_A,0,0
S5,green,27251,27294,43,wave_A,0,0
S5,yellow,27294,27297,3,wave_A,0,0
S5,red,27297,27391,94,wave_A,0,0
S5,green,27391,27434,43,wave_A,0,0
S5,yellow,27434,27437,3,wave_A,0,0
S5,red,27437,27531,94,wave_A,0,0
S5,green,27531,27574,43,wave_A,0,0
S5,yellow,27574,27577,3,wave_A,0,0
S5,red,27577,27671,94,wave_A,0,0
S5,green,27671,27714,43,wave_A,0,0
S5,yellow,27714,27717,3,wave_A,0,0
S5,red,27717,27811,94,wave_A,0,0
S5,green,27811,27854,43,wave_A,0,0
S5,yellow,27854,27857,3,wave_A,0,0
S5,red,27857,27951,94,wave_A,0,0
S5,green,27951,27994,43,wave_A,0,0
S5,yellow,27994,27997,3,wave_A,0,0
S5,red,27997,28091,94,wave_A,0,0
S5,green,28091,28134,43,wave_A,0,0
S5,yellow,28134,28137,3,wave_A,0,0
S5,red,28137,28231,94,wave_A,0,0
S5,green,28231,28274,43,wave_A,0,0
S5,yellow,28274,28277,3,wave_A,0,0
S5,red,28277,28371,94,wave_A,0,0
S5,green,28371,28414,43,wave_A,0,0
S5,yellow,28414,28417,3,wave_A,0,0
S5,red,28417,28511,94,wave_A,0,0
S5,green,28511,28554,43,wave_A,0,0
S5,yellow,28554,28557,3,wave_A,0,0
S5,red,28557,28651,94,wave_A,0,0
S5,green,28651,28694,43,wave_A,0,0
S5,yellow,28694,28697,3,wave_A,0,0
S5,red,28697,28791,94,wave_A,0,0
S5,green,28791,28834,43,wave_A,0,0
S5,yellow,28834,28837,3,wave_A,0,0
S5,red,28837,28931,94,wave_A,0,0
S5,green,28931,28974,43,wave_A,0,0
S5,yellow,28974,28977,3,wave_A,0,0
S5,red,28977,29071,94,wave_A,0,0
S5,green,29071,29114,43,wave_A,0,0
S5,yellow,29114,29117,3,wave_A,0,0
S5,red,29117,29211,94,wave_A,0,0
S5,green,29211,29254,43,wave_A,0,0
S5,yellow,29254,29257,3,wave_A,0,0
S5,red,29257,29351,94,wave_A,0,0
S5,green,29351,29394,43,wave_A,0,0
S5,yellow,29394,29397,3,wave_A,0,0
S5,red,29397,29491,94,wave_A,0,0
S5,green,29491,29534,43,wave_A,0,0
S5,yellow,29534,29537,3,wave_A,0,0
S5,red,29537,29631,94,wave_A,0,0
S5,green,29631,29674,43,wave_A,0,0
S5,yellow,29674,29677,3,wave_A,0,0
S5,red,29677,29771,94,wave_A,0,0
S5,green,29771,29814,43,wave_A,0,0
S5,yellow,29814,29817,3,wave_A,0,0
S5,red,29817,29911,94,wave_A,0,0
S5,green,29911,29954,43,wave_A,0,0
S5,yellow,29954,29957,3,wave_A,0,0
S5,red,29957,30051,94,wave_A,0,0
S5,green,30051,30094,43,wave_A,0,0
S5,yellow,30094,30097,3,wave_A,0,0
S5,red,30097,30191,94,wave_A,0,0
S5,green,30191,30234,43,wave_A,0,0
S5,yellow,30234,30237,3,wave_A,0,0
S5,red,30237,30331,94,wave_A,0,0
S5,green,30331,30374,43,wave_A,0,0
S5,yellow,30374,30377,3,wave_A,0,0
S5,red,30377,30471,94,wave_A,0,0
S5,green,30471,30514,43,wave_A,0,0
S5,yellow,30514,30517,3,wave_A,0,0
S5,red,30517,30611,94,wave_A,0,0
S5,green,30611,30654,43,wave_A,0,0
S5,yellow,30654,30657,3,wave_A,0,0
S5,red,30657,30751,94,wave_A,0,0
S5,green,30751,30794,43,wave_A,0,0
S5,yellow,30794,30797,3,wave_A,0,0
S5,red,30797,30891,94,wave_A,0,0
S5,green,30891,30934,43,wave_A,0,0
S5,yellow,30934,30937,3,wave_A,0,0
S5,red,30937,31031,94,wave_A,0,0
S5,green,31031,31074,43,wave_A,0,0
S5,yellow,31074,31077,3,wave_A,0,0
S5,red,31077,31171,94,wave_A,0,0
S5,green,31171,31214,43,wave_A,0,0
S5,yellow,31214,31217,3,wave_A,0,0
S5,red,31217,31311,94,wave_A,0,0
S5,green,31311,31354,43,wave_A,0,0
S5,yellow,31354,31357,3,wave_A,0,0
S5,red,31357,31451,94,wave_A,0,0
S5,green,31451,31494,43,wave_A,0,0
S5,yellow,31494,31497,3,wave_A,0,0
S5,red,31497,31591,94,wave_A,0,0
S5,green,31591,31634,43,wave_A,0,0
S5,yellow,31634,31637,3,wave_A,0,0
S5,red,31637,31731,94,wave_A,0,0
S5,green,31731,31774,43,wave_A,0,0
S5,yellow,31774,31777,3,wave_A,0,0
S5,red,31777,31871,94,wave_A,0,0
S5,green,31871,31914,43,wave_A,0,0
S5,yellow,31914,31917,3,wave_A,0,0
S5,red,31917,32011,94,wave_A,0,0
S5,green,32011,32054,43,wave_A,0,0
S5,yellow,32054,32057,3,wave_A,0,0
S5,red,32057,32151,94,wave_A,0,0
S5,green,32151,32194,43,wave_A,0,0
S5,yellow,32194,32197,3,wave_A,0,0
S5,red,32197,32291,94,wave_A,0,0
S5,green,32291,32334,43,wave_A,0,0
S5,yellow,32334,32337,3,wave_A,0,0
S5,red,32337,32431,94,wave_A,0,0
S5,green,32431,32474,43,wave_A,0,0
S5,yellow,32474,32477,3,wave_A,0,0
S5,red,32477,32571,94,wave_A,0,0
S5,green,32571,32614,43,wave_A,0,0
S5,yellow,32614,32617,3,wave_A,0,0
S5,red,32617,32711,94,wave_A,0,0
S5,green,32711,32754,43,wave_A,0,0
S5,yellow,32754,32757,3,wave_A,0,0
S5,red,32757,32851,94,wave_A,0,0
S5,green,32851,32894,43,wave_A,0,0
S5,yellow,32894,32897,3,wave_A,0,0
S5,red,32897,32991,94,wave_A,0,0
S5,green,32991,33034,43,wave_A,0,0
S5,yellow,33034,33037,3,wave_A,0,0
S5,red,33037,33131,94,wave_A,0,0
S5,green,33131,33174,43,wave_A,0,0
S5,yellow,33174,33177,3,wave_A,0,0
S5,red,33177,33271,94,wave_A,0,0
S5,green,33271,33314,43,wave_A,0,0
S5,yellow,33314,33317,3,wave_A,0,0
S5,red,33317,33411,94,wave_A,0,0
S5,green,33411,33454,43,wave_A,0,0
S5,yellow,33454,33457,3,wave_A,0,0
S5,red,33457,33551,94,wave_A,0,0
S5,green,33551,33594,43,wave_A,0,0
S5,yellow,33594,33597,3,wave_A,0,0
S5,red,33597,33691,94,wave_A,0,0
S5,green,33691,33734,43,wave_A,0,0
S5,yellow,33734,33737,3,wave_A,0,0
S5,red,33737,33831,94,wave_A,0,0
S5,green,33831,33874,43,wave_A,0,0
S5,yellow,33874,33877,3,wave_A,0,0
S5,red,33877,33971,94,wave_A,0,0
S5,green,33971,34014,43,wave_A,0,0
S5,yellow,34014,34017,3,wave_A,0,0
S5,red,34017,34111,94,wave_A,0,0
S5,green,34111,34154,43,wave_A,0,0
S5,yellow,34154,34157,3,wave_A,0,0
S5,red,34157,34251,94,wave_A,0,0
S5,green,34251,34294,43,wave_A,0,0
S5,yellow,34294,34297,3,wave_A,0,0
S5,red,34297,34391,94,wave_A,0,0
S5,green,34391,34434,43,wave_A,0,0
S5,yellow,34434,34437,3,wave_A,0,0
S5,red,34437,34531,94,wave_A,0,0
S5,green,34531,34574,43,wave_A,0,0
S5,yellow,34574,34577,3,wave_A,0,0
S5,red,34577,34671,94,wave_A,0,0
S5,green,34671,34714,43,wave_A,0,0
S5,yellow,34714,34717,3,wave_A,0,0
S5,red,34717,34811,94,wave_A,0,0
S5,green,34811,34854,43,wave_A,0,0
S5,yellow,34854,34857,3,wave_A,0,0
S5,red,34857,34951,94,wave_A,0,0
S5,green,34951,34994,43,wave_A,0,0
S5,yellow,34994,34997,3,wave_A,0,0
S5,red,34997,35091,94,wave_A,0,0
S5,green,35091,35134,43,wave_A,0,0
S5,yellow,35134,35137,3,wave_A,0,0
S5,red,35137,35231,94,wave_A,0,0
S5,green,35231,35274,43,wave_A,0,0
S5,yellow,35274,35277,3,wave_A,0,0
S5,red,35277,35371,94,wave_A,0,0
S5,green,35371,35414,43,wave_A,0,0
S5,yellow,35414,35417,3,wave_A,0,0
S5,red,35417,35511,94,wave_A,0,0
S5,green,35511,35554,43,wave_A,0,0
S5,yellow,35554,35557,3,wave_A,0,0
S5,red,35557,35651,94,wave_A,0,0
S5,green,35651,35694,43,wave_A,0,0
S5,yellow,35694,35697,3,wave_A,0,0
S5,red,35697,35791,94,wave_A,0,0
S5,green,35791,35834,43,wave_A,0,0
S5,yellow,35834,35837,3,wave_A,0,0
S5,red,35837,35931,94,wave_A,0,0
S5,green,35931,35974,43,wave_A,0,0
S5,yellow,35974,35977,3,wave_A,0,0
S5,red,35977,36071,94,wave_A,0,0
S5,green,36071,36114,43,wave_A,0,0
S5,yellow,36114,36117,3,wave_A,0,0
S5,red,36117,36211,94,wave_A,0,0
S5,green,36211,36254,43,wave_A,0,0
S5,yellow,36254,36257,3,wave_A,0,0
S5,red,36257,36351,94,wave_A,0,0
S5,green,36351,36394,43,wave_A,0,0
S5,yellow,36394,36397,3,wave_A,0,0
S5,red,36397,36491,94,wave_A,0,0
S5,green,36491,36534,43,wave_A,0,0
S5,yellow,36534,36537,3,wave_A,0,0
S5,red,36537,36631,94,wave_A,0,0
S5,green,36631,36674,43,wave_A,0,0
S5,yellow,36674,36677,3,wave_A,0,0
S5,red,36677,36771,94,wave_A,0,0
S5,green,36771,36814,43,wave_A,0,0
S5,yellow,36814,36817,3,wave_A,0,0
S5,red,36817,36911,94,wave_A,0,0
S5,green,36911,36954,43,wave_A,0,0
S5,yellow,36954,36957,3,wave_A,0,0
S5,red,36957,37051,94,wave_A,0,0
S5,green,37051,37094,43,wave_A,0,0
S5,yellow,37094,37097,3,wave_A,0,0
S5,red,37097,37191,94,wave_A,0,0
S5,green,37191,37234,43,wave_A,0,0
S5,yellow,37234,37237,3,wave_A,0,0
S5,red,37237,37331,94,wave_A,0,0
S5,green,37331,37374,43,wave_A,0,0
S5,yellow,37374,37377,3,wave_A,0,0
S5,red,37377,37471,94,wave_A,0,0
S5,green,37471,37514,43,wave_A,0,0
S5,yellow,37514,37517,3,wave_A,0,0
S5,red,37517,37611,94,wave_A,0,0
S5,green,37611,37654,43,wave_A,0,0
S5,yellow,37654,37657,3,wave_A,0,0
S5,red,37657,37751,94,wave_A,0,0
S5,green,37751,37794,43,wave_A,0,0
S5,yellow,37794,37797,3,wave_A,0,0
S5,red,37797,37891,94,wave_A,0,0
S5,green,37891,37934,43,wave_A,0,0
S5,yellow,37934,37937,3,wave_A,0,0
S5,red,37937,38031,94,wave_A,0,0
S5,green,38031,38074,43,wave_A,0,0
S5,yellow,38074,38077,3,wave_A,0,0
S5,red,38077,38171,94,wave_A,0,0
S5,green,38171,38214,43,wave_A,0,0
S5,yellow,38214,38217,3,wave_A,0,0
S5,red,38217,38311,94,wave_A,0,0
S5,green,38311,38354,43,wave_A,0,0
S5,yellow,38354,38357,3,wave_A,0,0
S5,red,38357,38451,94,wave_A,0,0
S5,green,38451,38494,43,wave_A,0,0
S5,yellow,38494,38497,3,wave_A,0,0
S5,red,38497,38591,94,wave_A,0,0
S5,green,38591,38634,43,wave_A,0,0
S5,yellow,38634,38637,3,wave_A,0,0
S5,red,38637,38731,94,wave_A,0,0
S5,green,38731,38774,43,wave_A,0,0
S5,yellow,38774,38777,3,wave_A,0,0
S5,red,38777,38871,94,wave_A,0,0
S5,green,38871,38914,43,wave_A,0,0
S5,yellow,38914,38917,3,wave_A,0,0
S5,red,38917,39011,94,wave_A,0,0
S5,green,39011,39054,43,wave_A,0,0
S5,yellow,39054,39057,3,wave_A,0,0
S5,red,39057,39151,94,wave_A,0,0
S5,green,39151,39194,43,wave_A,0,0
S5,yellow,39194,39197,3,wave_A,0,0
S5,red,39197,39291,94,wave_A,0,0
S5,green,39291,39334,43,wave_A,0,0
S5,yellow,39334,39337,3,wave_A,0,0
S5,red,39337,39431,94,wave_A,0,0
S5,green,39431,39474,43,wave_A,0,0
S5,yellow,39474,39477,3,wave_A,0,0
S5,red,39477,39571,94,wave_A,0,0
S5,green,39571,39614,43,wave_A,0,0
S5,yellow,39614,39617,3,wave_A,0,0
S5,red,39617,39711,94,wave_A,0,0
S5,green,39711,39754,43,wave_A,0,0
S5,yellow,39754,39757,3,wave_A,0,0
S5,red,39757,39851,94,wave_A,0,0
S5,green,39851,39894,43,wave_A,0,0
S5,yellow,39894,39897,3,wave_A,0,0
S5,red,39897,39991,94,wave_A,0,0
S5,green,39991,40034,43,wave_A,0,0
S5,yellow,40034,40037,3,wave_A,0,0
S5,red,40037,40131,94,wave_A,0,0
S5,green,40131,40174,43,wave_A,0,0
S5,yellow,40174,40177,3,wave_A,0,0
S5,red,40177,40271,94,wave_A,0,0
S5,green,40271,40314,43,wave_A,0,0
S5,yellow,40314,40317,3,wave_A,0,0
S5,red,40317,40411,94,wave_A,0,0
S5,green,40411,40454,43,wave_A,0,0
S5,yellow,40454,40457,3,wave_A,0,0
S5,red,40457,40551,94,wave_A,0,0
S5,green,40551,40594,43,wave_A,0,0
S5,yellow,40594,40597,3,wave_A,0,0
S5,red,40597,40691,94,wave_A,0,0
S5,green,40691,40734,43,wave_A,0,0
S5,yellow,40734,40737,3,wave_A,0,0
S5,red,40737,40831,94,wave_A,0,0
S5,green,40831,40874,43,wave_A,0,0
S5,yellow,40874,40877,3,wave_A,0,0
S5,red,40877,40971,94,wave_A,0,0
S5,green,40971,41014,43,wave_A,0,0
S5,yellow,41014,41017,3,wave_A,0,0
S5,red,41017,41111,94,wave_A,0,0
S5,green,41111,41154,43,wave_A,0,0
S5,yellow,41154,41157,3,wave_A,0,0
S5,red,41157,41251,94,wave_A,0,0
S5,green,41251,41294,43,wave_A,0,0
S5,yellow,41294,41297,3,wave_A,0,0
S5,red,41297,41391,94,wave_A,0,0
S5,green,41391,41434,43,wave_A,0,0
S5,yellow,41434,41437,3,wave_A,0,0
S5,red,41437,41531,94,wave_A,0,0
S5,green,41531,41574,43,wave_A,0,0
S5,yellow,41574,41577,3,wave_A,0,0
S5,red,41577,41671,94,wave_A,0,0
S5,green,41671,41714,43,wave_A,0,0
S5,yellow,41714,41717,3,wave_A,0,0
S5,red,41717,41811,94,wave_A,0,0
S5,green,41811,41854,43,wave_A,0,0
S5,yellow,41854,41857,3,wave_A,0,0
S5,red,41857,41951,94,wave_A,0,0
S5,green,41951,41994,43,wave_A,0,0
S5,yellow,41994,41997,3,wave_A,0,0
S5,red,41997,42091,94,wave_A,0,0
S5,green,42091,42134,43,wave_A,0,0
S5,yellow,42134,42137,3,wave_A,0,0
S5,red,42137,42231,94,wave_A,0,0
S5,green,42231,42274,43,wave_A,0,0
S5,yellow,42274,42277,3,wave_A,0,0
S5,red,42277,42371,94,wave_A,0,0
S5,green,42371,42414,43,wave_A,0,0
S5,yellow,42414,42417,3,wave_A,0,0
S5,red,42417,42511,94,wave_A,0,0
S5,green,42511,42554,43,wave_A,0,0
S5,yellow,42554,42557,3,wave_A,0,0
S5,red,42557,42651,94,wave_A,0,0
S5,green,42651,42694,43,wave_A,0,0
S5,yellow,42694,42697,3,wave_A,0,0
S5,red,42697,42791,94,wave_A,0,0
S5,green,42791,42834,43,wave_A,0,0
S5,yellow,42834,42837,3,wave_A,0,0
S5,red,42837,42931,94,wave_A,0,0
S5,green,42931,42974,43,wave_A,0,0
S5,yellow,42974,42977,3,wave_A,0,0
S5,red,42977,43071,94,wave_A,0,0
S5,green,43071,43114,43,wave_A,0,0
S5,yellow,43114,43117,3,wave_A,0,0
S5,red,43117,43211,94,wave_A,0,0
S5,green,43211,43254,43,wave_A,0,0
S5,yellow,43254,43257,3,wave_A,0,0
S5,red,43257,43351,94,wave_A,0,0
S5,green,43351,43394,43,wave_A,0,0
S5,yellow,43394,43397,3,wave_A,0,0
S5,red,43397,43491,94,wave_A,0,0
S5,green,43491,43534,43,wave_A,0,0
S5,yellow,43534,43537,3,wave_A,0,0
S5,red,43537,43631,94,wave_A,0,0
S5,green,43631,43674,43,wave_A,0,0
S5,yellow,43674,43677,3,wave_A,0,0
S5,red,43677,43771,94,wave_A,0,0
S5,green,43771,43814,43,wave_A,0,0
S5,yellow,43814,43817,3,wave_A,0,0
S5,red,43817,43911,94,wave_A,0,0
S5,green,43911,43954,43,wave_A,0,0
S5,yellow,43954,43957,3,wave_A,0,0
S5,red,43957,44051,94,wave_A,0,0
S5,green,44051,44094,43,wave_A,0,0
S5,yellow,44094,44097,3,wave_A,0,0
S5,red,44097,44191,94,wave_A,0,0
S5,green,44191,44234,43,wave_A,0,0
S5,yellow,44234,44237,3,wave_A,0,0
S5,red,44237,44331,94,wave_A,0,0
S5,green,44331,44374,43,wave_A,0,0
S5,yellow,44374,44377,3,wave_A,0,0
S5,red,44377,44471,94,wave_A,0,0
S5,green,44471,44514,43,wave_A,0,0
S5,yellow,44514,44517,3,wave_A,0,0
S5,red,44517,44611,94,wave_A,0,0
S5,green,44611,44654,43,wave_A,0,0
S5,yellow,44654,44657,3,wave_A,0,0
S5,red,44657,44751,94,wave_A,0,0
S5,green,44751,44794,43,wave_A,0,0
S5,yellow,44794,44797,3,wave_A,0,0
S5,red,44797,44891,94,wave_A,0,0
S5,green,44891,44934,43,wave_A,0,0
S5,yellow,44934,44937,3,wave_A,0,0
S5,red,44937,45031,94,wave_A,0,0
S5,green,45031,45074,43,wave_A,0,0
S5,yellow,45074,45077,3,wave_A,0,0
S5,red,45077,45171,94,wave_A,0,0
S5,green,45171,45214,43,wave_A,0,0
S5,yellow,45214,45217,3,wave_A,0,0
S5,red,45217,45311,94,wave_A,0,0
S5,green,45311,45354,43,wave_A,0,0
S5,yellow,45354,45357,3,wave_A,0,0
S5,red,45357,45451,94,wave_A,0,0
S5,green,45451,45494,43,wave_A,0,0
S5,yellow,45494,45497,3,wave_A,0,0
S5,red,45497,45591,94,wave_A,0,0
S5,green,45591,45634,43,wave_A,0,0
S5,yellow,45634,45637,3,wave_A,0,0
S5,red,45637,45731,94,wave_A,0,0
S5,green,45731,45774,43,wave_A,0,0
S5,yellow,45774,45777,3,wave_A,0,0
S5,red,45777,45871,94,wave_A,0,0
S5,green,45871,45914,43,wave_A,0,0
S5,yellow,45914,45917,3,wave_A,0,0
S5,red,45917,46011,94,wave_A,0,0
S5,green,46011,46054,43,wave_A,0,0
S5,yellow,46054,46057,3,wave_A,0,0
S5,red,46057,46151,94,wave_A,0,0
S5,green,46151,46194,43,wave_A,0,0
S5,yellow,46194,46197,3,wave_A,0,0
S5,red,46197,46291,94,wave_A,0,0
S5,green,46291,46334,43,wave_A,0,0
S5,yellow,46334,46337,3,wave_A,0,0
S5,red,46337,46431,94,wave_A,0,0
S5,green,46431,46474,43,wave_A,0,0
S5,yellow,46474,46477,3,wave_A,0,0
S5,red,46477,46571,94,wave_A,0,0
S5,green,46571,46614,43,wave_A,0,0
S5,yellow,46614,46617,3,wave_A,0,0
S5,red,46617,46711,94,wave_A,0,0
S5,green,46711,46754,43,wave_A,0,0
S5,yellow,46754,46757,3,wave_A,0,0
S5,red,46757,46851,94,wave_A,0,0
S5,green,46851,46894,43,wave_A,0,0
S5,yellow,46894,46897,3,wave_A,0,0
S5,red,46897,46991,94,wave_A,0,0
S5,green,46991,47034,43,wave_A,0,0
S5,yellow,47034,47037,3,wave_A,0,0
S5,red,47037,47131,94,wave_A,0,0
S5,green,47131,47174,43,wave_A,0,0
S5,yellow,47174,47177,3,wave_A,0,0
S5,red,47177,47271,94,wave_A,0,0
S5,green,47271,47314,43,wave_A,0,0
S5,yellow,47314,47317,3,wave_A,0,0
S5,red,47317,47411,94,wave_A,0,0
S5,green,47411,47454,43,wave_A,0,0
S5,yellow,47454,47457,3,wave_A,0,0
S5,red,47457,47551,94,wave_A,0,0
S5,green,47551,47594,43,wave_A,0,0
S5,yellow,47594,47597,3,wave_A,0,0
S5,red,47597,47691,94,wave_A,0,0
S5,green,47691,47734,43,wave_A,0,0
S5,yellow,47734,47737,3,wave_A,0,0
S5,red,47737,47831,94,wave_A,0,0
S5,green,47831,47874,43,wave_A,0,0
S5,yellow,47874,47877,3,wave_A,0,0
S5,red,47877,47971,94,wave_A,0,0
S5,green,47971,48014,43,wave_A,0,0
S5,yellow,48014,48017,3,wave_A,0,0
S5,red,48017,48111,94,wave_A,0,0
S5,green,48111,48154,43,wave_A,0,0
S5,yellow,48154,48157,3,wave_A,0,0
S5,red,48157,48251,94,wave_A,0,0
S5,green,48251,48294,43,wave_A,0,0
S5,yellow,48294,48297,3,wave_A,0,0
S5,red,48297,48391,94,wave_A,0,0
S5,green,48391,48434,43,wave_A,0,0
S5,yellow,48434,48437,3,wave_A,0,0
S5,red,48437,48531,94,wave_A,0,0
S5,green,48531,48574,43,wave_A,0,0
S5,yellow,48574,48577,3,wave_A,0,0
S5,red,48577,48671,94,wave_A,0,0
S5,green,48671,48714,43,wave_A,0,0
S5,yellow,48714,48717,3,wave_A,0,0
S5,red,48717,48811,94,wave_A,0,0
S5,green,48811,48854,43,wave_A,0,0
S5,yellow,48854,48857,3,wave_A,0,0
S5,red,48857,48951,94,wave_A,0,0
S5,green,48951,48994,43,wave_A,0,0
S5,yellow,48994,48997,3,wave_A,0,0
S5,red,48997,49091,94,wave_A,0,0
S5,green,49091,49134,43,wave_A,0,0
S5,yellow,49134,49137,3,wave_A,0,0
S5,red,49137,49231,94,wave_A,0,0
S5,green,49231,49274,43,wave_A,0,0
S5,yellow,49274,49277,3,wave_A,0,0
S5,red,49277,49371,94,wave_A,0,0
S5,green,49371,49414,43,wave_A,0,0
S5,yellow,49414,49417,3,wave_A,0,0
S5,red,49417,49511,94,wave_A,0,0
S5,green,49511,49554,43,wave_A,0,0
S5,yellow,49554,49557,3,wave_A,0,0
S5,red,49557,49651,94,wave_A,0,0
S5,green,49651,49694,43,wave_A,0,0
S5,yellow,49694,49697,3,wave_A,0,0
S5,red,49697,49791,94,wave_A,0,0
S5,green,49791,49834,43,wave_A,0,0
S5,yellow,49834,49837,3,wave_A,0,0
S5,red,49837,49931,94,wave_A,0,0
S5,green,49931,49974,43,wave_A,0,0
S5,yellow,49974,49977,3,wave_A,0,0
S5,red,49977,50071,94,wave_A,0,0
S5,green,50071,50114,43,wave_A,0,0
S5,yellow,50114,50117,3,wave_A,0,0
S5,red,50117,50211,94,wave_A,0,0
S5,green,50211,50254,43,wave_A,0,0
S5,yellow,50254,50257,3,wave_A,0,0
S5,red,50257,50351,94,wave_A,0,0
S5,green,50351,50394,43,wave_A,0,0
S5,yellow,50394,50397,3,wave_A,0,0
S5,red,50397,50491,94,wave_A,0,0
S5,green,50491,50534,43,wave_A,0,0
S5,yellow,50534,50537,3,wave_A,0,0
S5,red,50537,50631,94,wave_A,0,0
S5,green,50631,50674,43,wave_A,0,0
S5,yellow,50674,50677,3,wave_A,0,0
S5,red,50677,50771,94,wave_A,0,0
S5,green,50771,50814,43,wave_A,0,0
S5,yellow,50814,50817,3,wave_A,0,0
S5,red,50817,50911,94,wave_A,0,0
S5,green,50911,50954,43,wave_A,0,0
S5,yellow,50954,50957,3,wave_A,0,0
S5,red,50957,51051,94,wave_A,0,0
S5,green,51051,51094,43,wave_A,0,0
S5,yellow,51094,51097,3,wave_A,0,0
S5,red,51097,51191,94,wave_A,0,0
S5,green,51191,51234,43,wave_A,0,0
S5,yellow,51234,51237,3,wave_A,0,0
S5,red,51237,51331,94,wave_A,0,0
S5,green,51331,51374,43,wave_A,0,0
S5,yellow,51374,51377,3,wave_A,0,0
S5,red,51377,51471,94,wave_A,0,0
S5,green,51471,51514,43,wave_A,0,0
S5,yellow,51514,51517,3,wave_A,0,0
S5,red,51517,51611,94,wave_A,0,0
S5,green,51611,51654,43,wave_A,0,0
S5,yellow,51654,51657,3,wave_A,0,0
S5,red,51657,51751,94,wave_A,0,0
S5,green,51751,51794,43,wave_A,0,0
S5,yellow,51794,51797,3,wave_A,0,0
S5,red,51797,51891,94,wave_A,0,0
S5,green,51891,51934,43,wave_A,0,0
S5,yellow,51934,51937,3,wave_A,0,0
S5,red,51937,52031,94,wave_A,0,0
S5,green,52031,52074,43,wave_A,0,0
S5,yellow,52074,52077,3,wave_A,0,0
S5,red,52077,52171,94,wave_A,0,0
S5,green,52171,52214,43,wave_A,0,0
S5,yellow,52214,52217,3,wave_A,0,0
S5,red,52217,52311,94,wave_A,0,0
S5,green,52311,52354,43,wave_A,0,0
S5,yellow,52354,52357,3,wave_A,0,0
S5,red,52357,52451,94,wave_A,0,0
S5,green,52451,52494,43,wave_A,0,0
S5,yellow,52494,52497,3,wave_A,0,0
S5,red,52497,52591,94,wave_A,0,0
S5,green,52591,52634,43,wave_A,0,0
S5,yellow,52634,52637,3,wave_A,0,0
S5,red,52637,52731,94,wave_A,0,0
S5,green,52731,52774,43,wave_A,0,0
S5,yellow,52774,52777,3,wave_A,0,0
S5,red,52777,52871,94,wave_A,0,0
S5,green,52871,52914,43,wave_A,0,0
S5,yellow,52914,52917,3,wave_A,0,0
S5,red,52917,53011,94,wave_A,0,0
S5,green,53011,53054,43,wave_A,0,0
S5,yellow,53054,53057,3,wave_A,0,0
S5,red,53057,53151,94,wave_A,0,0
S5,green,53151,53194,43,wave_A,0,0
S5,yellow,53194,53197,3,wave_A,0,0
S5,red,53197,53291,94,wave_A,0,0
S5,green,53291,53334,43,wave_A,0,0
S5,yellow,53334,53337,3,wave_A,0,0
S5,red,53337,53431,94,wave_A,0,0
S5,green,53431,53474,43,wave_A,0,0
S5,yellow,53474,53477,3,wave_A,0,0
S5,red,53477,53571,94,wave_A,0,0
S5,green,53571,53614,43,wave_A,0,0
S5,yellow,53614,53617,3,wave_A,0,0
S5,red,53617,53711,94,wave_A,0,0
S5,green,53711,53754,43,wave_A,0,0
S5,yellow,53754,53757,3,wave_A,0,0
S5,red,53757,53851,94,wave_A,0,0
S5,green,53851,53894,43,wave_A,0,0
S5,yellow,53894,53897,3,wave_A,0,0
S5,red,53897,53991,94,wave_A,0,0
S5,green,53991,54034,43,wave_A,0,0
S5,yellow,54034,54037,3,wave_A,0,0
S5,red,54037,54131,94,wave_A,0,0
S5,green,54131,54174,43,wave_A,0,0
S5,yellow,54174,54177,3,wave_A,0,0
S5,red,54177,54271,94,wave_A,0,0
S5,green,54271,54314,43,wave_A,0,0
S5,yellow,54314,54317,3,wave_A,0,0
S5,red,54317,54411,94,wave_A,0,0
S5,green,54411,54454,43,wave_A,0,0
S5,yellow,54454,54457,3,wave_A,0,0
S5,red,54457,54551,94,wave_A,0,0
S5,green,54551,54594,43,wave_A,0,0
S5,yellow,54594,54597,3,wave_A,0,0
S5,red,54597,54691,94,wave_A,0,0
S5,green,54691,54734,43,wave_A,0,0
S5,yellow,54734,54737,3,wave_A,0,0
S5,red,54737,54831,94,wave_A,0,0
S5,green,54831,54874,43,wave_A,0,0
S5,yellow,54874,54877,3,wave_A,0,0
S5,red,54877,54971,94,wave_A,0,0
S5,green,54971,55014,43,wave_A,0,0
S5,yellow,55014,55017,3,wave_A,0,0
S5,red,55017,55111,94,wave_A,0,0
S5,green,55111,55154,43,wave_A,0,0
S5,yellow,55154,55157,3,wave_A,0,0
S5,red,55157,55251,94,wave_A,0,0
S5,green,55251,55294,43,wave_A,0,0
S5,yellow,55294,55297,3,wave_A,0,0
S5,red,55297,55391,94,wave_A,0,0
S5,green,55391,55434,43,wave_A,0,0
S5,yellow,55434,55437,3,wave_A,0,0
S5,red,55437,55531,94,wave_A,0,0
S5,green,55531,55574,43,wave_A,0,0
S5,yellow,55574,55577,3,wave_A,0,0
S5,red,55577,55671,94,wave_A,0,0
S5,green,55671,55714,43,wave_A,0,0
S5,yellow,55714,55717,3,wave_A,0,0
S5,red,55717,55811,94,wave_A,0,0
S5,green,55811,55854,43,wave_A,0,0
S5,yellow,55854,55857,3,wave_A,0,0
S5,red,55857,55951,94,wave_A,0,0
S5,green,55951,55994,43,wave_A,0,0
S5,yellow,55994,55997,3,wave_A,0,0
S5,red,55997,56091,94,wave_A,0,0
S5,green,56091,56134,43,wave_A,0,0
S5,yellow,56134,56137,3,wave_A,0,0
S5,red,56137,56231,94,wave_A,0,0
S5,green,56231,56274,43,wave_A,0,0
S5,yellow,56274,56277,3,wave_A,0,0
S5,red,56277,56371,94,wave_A,0,0
S5,green,56371,56414,43,wave_A,0,0
S5,yellow,56414,56417,3,wave_A,0,0
S5,red,56417,56511,94,wave_A,0,0
S5,green,56511,56554,43,wave_A,0,0
S5,yellow,56554,56557,3,wave_A,0,0
S5,red,56557,56651,94,wave_A,0,0
S5,green,56651,56694,43,wave_A,0,0
S5,yellow,56694,56697,3,wave_A,0,0
S5,red,56697,56791,94,wave_A,0,0
S5,green,56791,56834,43,wave_A,0,0
S5,yellow,56834,56837,3,wave_A,0,0
S5,red,56837,56931,94,wave_A,0,0
S5,green,56931,56974,43,wave_A,0,0
S5,yellow,56974,56977,3,wave_A,0,0
S5,red,56977,57071,94,wave_A,0,0
S5,green,57071,57114,43,wave_A,0,0
S5,yellow,57114,57117,3,wave_A,0,0
S5,red,57117,57211,94,wave_A,0,0
S5,green,57211,57254,43,wave_A,0,0
S5,yellow,57254,57257,3,wave_A,0,0
S5,red,57257,57351,94,wave_A,0,0
S5,green,57351,57394,43,wave_A,0,0
S5,yellow,57394,57397,3,wave_A,0,0
S5,red,57397,57491,94,wave_A,0,0
S5,green,57491,57534,43,wave_A,0,0
S5,yellow,57534,57537,3,wave_A,0,0
S5,red,57537,57631,94,wave_A,0,0
S5,green,57631,57674,43,wave_A,0,0
S5,yellow,57674,57677,3,wave_A,0,0
S5,red,57677,57680,3,wave_A,0,1
S6,green,0,38,38,wave_A,1,0
S6,yellow,38,41,3,wave_A,0,0
S6,red,41,113,72,wave_A,0,0
S6,green,113,178,65,wave_A,0,0
S6,yellow,178,181,3,wave_A,0,0
S6,red,181,253,72,wave_A,0,0
S6,green,253,318,65,wave_A,0,0
S6,yellow,318,321,3,wave_A,0,0
S6,red,321,393,72,wave_A,0,0
S6,green,393,458,65,wave_A,0,0
S6,yellow,458,461,3,wave_A,0,0
S6,red,461,533,72,wave_A,0,0
S6,green,533,598,65,wave_A,0,0
S6,yellow,598,601,3,wave_A,0,0
S6,red,601,673,72,wave_A,0,0
S6,green,673,738,65,wave_A,0,0
S6,yellow,738,741,3,wave_A,0,0
S6,red,741,813,72,wave_A,0,0
S6,green,813,878,65,wave_A,0,0
S6,yellow,878,881,3,wave_A,0,0
S6,red,881,953,72,wave_A,0,0
S6,green,953,1018,65,wave_A,0,0
S6,yellow,1018,1021,3,wave_A,0,0
S6,red,1021,1093,72,wave_A,0,0
S6,green,1093,1158,65,wave_A,0,0
S6,yellow,1158,1161,3,wave_A,0,0
S6,red,1161,1233,72,wave_A,0,0
S6,green,1233,1298,65,wave_A,0,0
S6,yellow,1298,1301,3,wave_A,0,0
S6,red,1301,1373,72,wave_A,0,0
S6,green,1373,1438,65,wave_A,0,0
S6,yellow,1438,1441,3,wave_A,0,0
S6,red,1441,1513,72,wave_A,0,0
S6,green,1513,1578,65,wave_A,0,0
S6,yellow,1578,1581,3,wave_A,0,0
S6,red,1581,1653,72,wave_A,0,0
S6,green,1653,1718,65,wave_A,0,0
S6,yellow,1718,1721,3,wave_A,0,0
S6,red,1721,1793,72,wave_A,0,0
S6,green,1793,1858,65,wave_A,0,0
S6,yellow,1858,1861,3,wave_A,0,0
S6,red,1861,1933,72,wave_A,0,0
S6,green,1933,1998,65,wave_A,0,0
S6,yellow,1998,2001,3,wave_A,0,0
S6,red,2001,2073,72,wave_A,0,0
S6,green,2073,2138,65,wave_A,0,0
S6,yellow,2138,2141,3,wave_A,0,0
S6,red,2141,2213,72,wave_A,0,0
S6,green,2213,2278,65,wave_A,0,0
S6,yellow,2278,2281,3,wave_A,0,0
S6,red,2281,2353,72,wave_A,0,0
S6,green,2353,2418,65,wave_A,0,0
S6,yellow,2418,2421,3,wave_A,0,0
S6,red,2421,2493,72,wave_A,0,0
S6,green,2493,2558,65,wave_A,0,0
S6,yellow,2558,2561,3,wave_A,0,0
S6,red,2561,2633,72,wave_A,0,0
S6,green,2633,2698,65,wave_A,0,0
S6,yellow,2698,2701,3,wave_A,0,0
S6,red,2701,2773,72,wave_A,0,0
S6,green,2773,2838,65,wave_A,0,0
S6,yellow,2838,2841,3,wave_A,0,0
S6,red,2841,2913,72,wave_A,0,0
S6,green,2913,2978,65,wave_A,0,0
S6,yellow,2978,2981,3,wave_A,0,0
S6,red,2981,3053,72,wave_A,0,0
S6,green,3053,3118,65,wave_A,0,0
S6,yellow,3118,3121,3,wave_A,0,0
S6,red,3121,3193,72,wave_A,0,0
S6,green,3193,3258,65,wave_A,0,0
S6,yellow,3258,3261,3,wave_A,0,0
S6,red,3261,3333,72,wave_A,0,0
S6,green,3333,3398,65,wave_A,0,0
S6,yellow,3398,3401,3,wave_A,0,0
S6,red,3401,3473,72,wave_A,0,0
S6,green,3473,3538,65,wave_A,0,0
S6,yellow,3538,3541,3,wave_A,0,0
S6,red,3541,3613,72,wave_A,0,0
S6,green,3613,3678,65,wave_A,0,0
S6,yellow,3678,3681,3,wave_A,0,0
S6,red,3681,3753,72,wave_A,0,0
S6,green,3753,3818,65,wave_A,0,0
S6,yellow,3818,3821,3,wave_A,0,0
S6,red,3821,3893,72,wave_A,0,0
S6,green,3893,3958,65,wave_A,0,0
S6,yellow,3958,3961,3,wave_A,0,0
S6,red,3961,4033,72,wave_A,0,0
S6,green,4033,4098,65,wave_A,0,0
S6,yellow,4098,4101,3,wave_A,0,0
S6,red,4101,4173,72,wave_A,0,0
S6,green,4173,4238,65,wave_A,0,0
S6,yellow,4238,4241,3,wave_A,0,0
S6,red,4241,4313,72,wave_A,0,0
S6,green,4313,4378,65,wave_A,0,0
S6,yellow,4378,4381,3,wave_A,0,0
S6,red,4381,4453,72,wave_A,0,0
S6,green,4453,4518,65,wave_A,0,0
S6,yellow,4518,4521,3,wave_A,0,0
S6,red,4521,4593,72,wave_A,0,0
S6,green,4593,4658,65,wave_A,0,0
S6,yellow,4658,4661,3,wave_A,0,0
S6,red,4661,4733,72,wave_A,0,0
S6,green,4733,4798,65,wave_A,0,0
S6,yellow,4798,4801,3,wave_A,0,0
S6,red,4801,4873,72,wave_A,0,0
S6,green,4873,4938,65,wave_A,0,0
S6,yellow,4938,4941,3,wave_A,0,0
S6,red,4941,5013,72,wave_A,0,0
S6,green,5013,5078,65,wave_A,0,0
S6,yellow,5078,5081,3,wave_A,0,0
S6,red,5081,5153,72,wave_A,0,0
S6,green,5153,5218,65,wave_A,0,0
S6,yellow,5218,5221,3,wave_A,0,0
S6,red,5221,5293,72,wave_A,0,0
S6,green,5293,5358,65,wave_A,0,0
S6,yellow,5358,5361,3,wave_A,0,0
S6,red,5361,5433,72,wave_A,0,0
S6,green,5433,5498,65,wave_A,0,0
S6,yellow,5498,5501,3,wave_A,0,0
S6,red,5501,5573,72,wave_A,0,0
S6,green,5573,5638,65,wave_A,0,0
S6,yellow,5638,5641,3,wave_A,0,0
S6,red,5641,5713,72,wave_A,0,0
S6,green,5713,5778,65,wave_A,0,0
S6,yellow,5778,5781,3,wave_A,0,0
S6,red,5781,5853,72,wave_A,0,0
S6,green,5853,5918,65,wave_A,0,0
S6,yellow,5918,5921,3,wave_A,0,0
S6,red,5921,5993,72,wave_A,0,0
S6,green,5993,6058,65,wave_A,0,0
S6,yellow,6058,6061,3,wave_A,0,0
S6,red,6061,6133,72,wave_A,0,0
S6,green,6133,6198,65,wave_A,0,0
S6,yellow,6198,6201,3,wave_A,0,0
S6,red,6201,6273,72,wave_A,0,0
S6,green,6273,6338,65,wave_A,0,0
S6,yellow,6338,6341,3,wave_A,0,0
S6,red,6341,6413,72,wave_A,0,0
S6,green,6413,6478,65,wave_A,0,0
S6,yellow,6478,6481,3,wave_A,0,0
S6,red,6481,6553,72,wave_A,0,0
S6,green,6553,6618,65,wave_A,0,0
S6,yellow,6618,6621,3,wave_A,0,0
S6,red,6621,6693,72,wave_A,0,0
S6,green,6693,6758,65,wave_A,0,0
S6,yellow,6758,6761,3,wave_A,0,0
S6,red,6761,6833,72,wave_A,0,0
S6,green,6833,6898,65,wave_A,0,0
S6,yellow,6898,6901,3,wave_A,0,0
S6,red,6901,6973,72,wave_A,0,0
S6,green,6973,7038,65,wave_A,0,0
S6,yellow,7038,7041,3,wave_A,0,0
S6,red,7041,7113,72,wave_A,0,0
S6,green,7113,7178,65,wave_A,0,0
S6,yellow,7178,7181,3,wave_A,0,0
S6,red,7181,7253,72,wave_A,0,0
S6,green,7253,7318,65,wave_A,0,0
S6,yellow,7318,7321,3,wave_A,0,0
S6,red,7321,7393,72,wave_A,0,0
S6,green,7393,7458,65,wave_A,0,0
S6,yellow,7458,7461,3,wave_A,0,0
S6,red,7461,7533,72,wave_A,0,0
S6,green,7533,7598,65,wave_A,0,0
S6,yellow,7598,7601,3,wave_A,0,0
S6,red,7601,7673,72,wave_A,0,0
S6,green,7673,7738,65,wave_A,0,0
S6,yellow,7738,7741,3,wave_A,0,0
S6,red,7741,7813,72,wave_A,0,0
S6,green,7813,7878,65,wave_A,0,0
S6,yellow,7878,7881,3,wave_A,0,0
S6,red,7881,7953,72,wave_A,0,0
S6,green,7953,8018,65,wave_A,0,0
S6,yellow,8018,8021,3,wave_A,0,0
S6,red,8021,8093,72,wave_A,0,0
S6,green,8093,8158,65,wave_A,0,0
S6,yellow,8158,8161,3,wave_A,0,0
S6,red,8161,8233,72,wave_A,0,0
S6,green,8233,8298,65,wave_A,0,0
S6,yellow,8298,8301,3,wave_A,0,0
S6,red,8301,8373,72,wave_A,0,0
S6,green,8373,8438,65,wave_A,0,0
S6,yellow,8438,8441,3,wave_A,0,0
S6,red,8441,8513,72,wave_A,0,0
S6,green,8513,8578,65,wave_A,0,0
S6,yellow,8578,8581,3,wave_A,0,0
S6,red,8581,8653,72,wave_A,0,0
S6,green,8653,8718,65,wave_A,0,0
S6,yellow,8718,8721,3,wave_A,0,0
S6,red,8721,8793,72,wave_A,0,0
S6,green,8793,8858,65,wave_A,0,0
S6,yellow,8858,8861,3,wave_A,0,0
S6,red,8861,8933,72,wave_A,0,0
S6,green,8933,8998,65,wave_A,0,0
S6,yellow,8998,9001,3,wave_A,0,0
S6,red,9001,9073,72,wave_A,0,0
S6,green,9073,9138,65,wave_A,0,0
S6,yellow,9138,9141,3,wave_A,0,0
S6,red,9141,9213,72,wave_A,0,0
S6,green,9213,9278,65,wave_A,0,0
S6,yellow,9278,9281,3,wave_A,0,0
S6,red,9281,9353,72,wave_A,0,0
S6,green,9353,9418,65,wave_A,0,0
S6,yellow,9418,9421,3,wave_A,0,0
S6,red,9421,9493,72,wave_A,0,0
S6,green,9493,9558,65,wave_A,0,0
S6,yellow,9558,9561,3,wave_A,0,0
S6,red,9561,9633,72,wave_A,0,0
S6,green,9633,9698,65,wave_A,0,0
S6,yellow,9698,9701,3,wave_A,0,0
S6,red,9701,9773,72,wave_A,0,0
S6,green,9773,9838,65,wave_A,0,0
S6,yellow,9838,9841,3,wave_A,0,0
S6,red,9841,9913,72,wave_A,0,0
S6,green,9913,9978,65,wave_A,0,0
S6,yellow,9978,9981,3,wave_A,0,0
S6,red,9981,10053,72,wave_A,0,0
S6,green,10053,10118,65,wave_A,0,0
S6,yellow,10118,10121,3,wave_A,0,0
S6,red,10121,10193,72,wave_A,0,0
S6,green,10193,10258,65,wave_A,0,0
S6,yellow,10258,10261,3,wave_A,0,0
S6,red,10261,10333,72,wave_A,0,0
S6,green,10333,10398,65,wave_A,0,0
S6,yellow,10398,10401,3,wave_A,0,0
S6,red,10401,10473,72,wave_A,0,0
S6,green,10473,10538,65,wave_A,0,0
S6,yellow,10538,10541,3,wave_A,0,0
S6,red,10541,10613,72,wave_A,0,0
S6,green,10613,10678,65,wave_A,0,0
S6,yellow,10678,10681,3,wave_A,0,0
S6,red,10681,10753,72,wave_A,0,0
S6,green,10753,10818,65,wave_A,0,0
S6,yellow,10818,10821,3,wave_A,0,0
S6,red,10821,10893,72,wave_A,0,0
S6,green,10893,10958,65,wave_A,0,0
S6,yellow,10958,10961,3,wave_A,0,0
S6,red,10961,11033,72,wave_A,0,0
S6,green,11033,11098,65,wave_A,0,0
S6,yellow,11098,11101,3,wave_A,0,0
S6,red,11101,11173,72,wave_A,0,0
S6,green,11173,11238,65,wave_A,0,0
S6,yellow,11238,11241,3,wave_A,0,0
S6,red,11241,11313,72,wave_A,0,0
S6,green,11313,11378,65,wave_A,0,0
S6,yellow,11378,11381,3,wave_A,0,0
S6,red,11381,11453,72,wave_A,0,0
S6,green,11453,11518,65,wave_A,0,0
S6,yellow,11518,11521,3,wave_A,0,0
S6,red,11521,11593,72,wave_A,0,0
S6,green,11593,11658,65,wave_A,0,0
S6,yellow,11658,11661,3,wave_A,0,0
S6,red,11661,11733,72,wave_A,0,0
S6,green,11733,11798,65,wave_A,0,0
S6,yellow,11798,11801,3,wave_A,0,0
S6,red,11801,11873,72,wave_A,0,0
S6,green,11873,11938,65,wave_A,0,0
S6,yellow,11938,11941,3,wave_A,0,0
S6,red,11941,12013,72,wave_A,0,0
S6,green,12013,12078,65,wave_A,0,0
S6,yellow,12078,12081,3,wave_A,0,0
S6,red,12081,12153,72,wave_A,0,0
S6,green,12153,12218,65,wave_A,0,0
S6,yellow,12218,12221,3,wave_A,0,0
S6,red,12221,12293,72,wave_A,0,0
S6,green,12293,12358,65,wave_A,0,0
S6,yellow,12358,12361,3,wave_A,0,0
S6,red,12361,12433,72,wave_A,0,0
S6,green,12433,12498,65,wave_A,0,0
S6,yellow,12498,12501,3,wave_A,0,0
S6,red,12501,12573,72,wave_A,0,0
S6,green,12573,12638,65,wave_A,0,0
S6,yellow,12638,12641,3,wave_A,0,0
S6,red,12641,12713,72,wave_A,0,0
S6,green,12713,12778,65,wave_A,0,0
S6,yellow,12778,12781,3,wave_A,0,0
S6,red,12781,12853,72,wave_A,0,0
S6,green,12853,12918,65,wave_A,0,0
S6,yellow,12918,12921,3,wave_A,0,0
S6,red,12921,12993,72,wave_A,0,0
S6,green,12993,13058,65,wave_A,0,0
S6,yellow,13058,13061,3,wave_A,0,0
S6,red,13061,13133,72,wave_A,0,0
S6,green,13133,13198,65,wave_A,0,0
S6,yellow,13198,13201,3,wave_A,0,0
S6,red,13201,13273,72,wave_A,0,0
S6,green,13273,13338,65,wave_A,0,0
S6,yellow,13338,13341,3,wave_A,0,0
S6,red,13341,13413,72,wave_A,0,0
S6,green,13413,13478,65,wave_A,0,0
S6,yellow,13478,13481,3,wave_A,0,0
S6,red,13481,13553,72,wave_A,0,0
S6,green,13553,13618,65,wave_A,0,0
S6,yellow,13618,13621,3,wave_A,0,0
S6,red,13621,13693,72,wave_A,0,0
S6,green,13693,13758,65,wave_A,0,0
S6,yellow,13758,13761,3,wave_A,0,0
S6,red,13761,13833,72,wave_A,0,0
S6,green,13833,13898,65,wave_A,0,0
S6,yellow,13898,13901,3,wave_A,0,0
S6,red,13901,13973,72,wave_A,0,0
S6,green,13973,14038,65,wave_A,0,0
S6,yellow,14038,14041,3,wave_A,0,0
S6,red,14041,14113,72,wave_A,0,0
S6,green,14113,14178,65,wave_A,0,0
S6,yellow,14178,14181,3,wave_A,0,0
S6,red,14181,14253,72,wave_A,0,0
S6,green,14253,14318,65,wave_A,0,0
S6,yellow,14318,14321,3,wave_A,0,0
S6,red,14321,14393,72,wave_A,0,0
S6,green,14393,14458,65,wave_A,0,0
S6,yellow,14458,14461,3,wave_A,0,0
S6,red,14461,14533,72,wave_A,0,0
S6,green,14533,14598,65,wave_A,0,0
S6,yellow,14598,14601,3,wave_A,0,0
S6,red,14601,14673,72,wave_A,0,0
S6,green,14673,14738,65,wave_A,0,0
S6,yellow,14738,14741,3,wave_A,0,0
S6,red,14741,14813,72,wave_A,0,0
S6,green,14813,14878,65,wave_A,0,0
S6,yellow,14878,14881,3,wave_A,0,0
S6,red,14881,14953,72,wave_A,0,0
S6,green,14953,15018,65,wave_A,0,0
S6,yellow,15018,15021,3,wave_A,0,0
S6,red,15021,15093,72,wave_A,0,0
S6,green,15093,15158,65,wave_A,0,0
S6,yellow,15158,15161,3,wave_A,0,0
S6,red,15161,15233,72,wave_A,0,0
S6,green,15233,15298,65,wave_A,0,0
S6,yellow,15298,15301,3,wave_A,0,0
S6,red,15301,15373,72,wave_A,0,0
S6,green,15373,15438,65,wave_A,0,0
S6,yellow,15438,15441,3,wave_A,0,0
S6,red,15441,15513,72,wave_A,0,0
S6,green,15513,15578,65,wave_A,0,0
S6,yellow,15578,15581,3,wave_A,0,0
S6,red,15581,15653,72,wave_A,0,0
S6,green,15653,15718,65,wave_A,0,0
S6,yellow,15718,15721,3,wave_A,0,0
S6,red,15721,15793,72,wave_A,0,0
S6,green,15793,15858,65,wave_A,0,0
S6,yellow,15858,15861,3,wave_A,0,0
S6,red,15861,15933,72,wave_A,0,0
S6,green,15933,15998,65,wave_A,0,0
S6,yellow,15998,16001,3,wave_A,0,0
S6,red,16001,16073,72,wave_A,0,0
S6,green,16073,16138,65,wave_A,0,0
S6,yellow,16138,16141,3,wave_A,0,0
S6,red,16141,16213,72,wave_A,0,0
S6,green,16213,16278,65,wave_A,0,0
S6,yellow,16278,16281,3,wave_A,0,0
S6,red,16281,16353,72,wave_A,0,0
S6,green,16353,16418,65,wave_A,0,0
S6,yellow,16418,16421,3,wave_A,0,0
S6,red,16421,16493,72,wave_A,0,0
S6,green,16493,16558,65,wave_A,0,0
S6,yellow,16558,16561,3,wave_A,0,0
S6,red,16561,16633,72,wave_A,0,0
S6,green,16633,16698,65,wave_A,0,0
S6,yellow,16698,16701,3,wave_A,0,0
S6,red,16701,16773,72,wave_A,0,0
S6,green,16773,16838,65,wave_A,0,0
S6,yellow,16838,16841,3,wave_A,0,0
S6,red,16841,16913,72,wave_A,0,0
S6,green,16913,16978,65,wave_A,0,0
S6,yellow,16978,16981,3,wave_A,0,0
S6,red,16981,17053,72,wave_A,0,0
S6,green,17053,17118,65,wave_A,0,0
S6,yellow,17118,17121,3,wave_A,0,0
S6,red,17121,17193,72,wave_A,0,0
S6,green,17193,17258,65,wave_A,0,0
S6,yellow,17258,17261,3,wave_A,0,0
S6,red,17261,17333,72,wave_A,0,0
S6,green,17333,17398,65,wave_A,0,0
S6,yellow,17398,17401,3,wave_A,0,0
S6,red,17401,17473,72,wave_A,0,0
S6,green,17473,17538,65,wave_A,0,0
S6,yellow,17538,17541,3,wave_A,0,0
S6,red,17541,17613,72,wave_A,0,0
S6,green,17613,17678,65,wave_A,0,0
S6,yellow,17678,17681,3,wave_A,0,0
S6,red,17681,17753,72,wave_A,0,0
S6,green,17753,17818,65,wave_A,0,0
S6,yellow,17818,17821,3,wave_A,0,0
S6,red,17821,17893,72,wave_A,0,0
S6,green,17893,17958,65,wave_A,0,0
S6,yellow,17958,17961,3,wave_A,0,0
S6,red,17961,18033,72,wave_A,0,0
S6,green,18033,18098,65,wave_A,0,0
S6,yellow,18098,18101,3,wave_A,0,0
S6,red,18101,18173,72,wave_A,0,0
S6,green,18173,18238,65,wave_A,0,0
S6,yellow,18238,18241,3,wave_A,0,0
S6,red,18241,18313,72,wave_A,0,0
S6,green,18313,18378,65,wave_A,0,0
S6,yellow,18378,18381,3,wave_A,0,0
S6,red,18381,18453,72,wave_A,0,0
S6,green,18453,18518,65,wave_A,0,0
S6,yellow,18518,18521,3,wave_A,0,0
S6,red,18521,18593,72,wave_A,0,0
S6,green,18593,18658,65,wave_A,0,0
S6,yellow,18658,18661,3,wave_A,0,0
S6,red,18661,18733,72,wave_A,0,0
S6,green,18733,18798,65,wave_A,0,0
S6,yellow,18798,18801,3,wave_A,0,0
S6,red,18801,18873,72,wave_A,0,0
S6,green,18873,18938,65,wave_A,0,0
S6,yellow,18938,18941,3,wave_A,0,0
S6,red,18941,19013,72,wave_A,0,0
S6,green,19013,19078,65,wave_A,0,0
S6,yellow,19078,19081,3,wave_A,0,0
S6,red,19081,19153,72,wave_A,0,0
S6,green,19153,19218,65,wave_A,0,0
S6,yellow,19218,19221,3,wave_A,0,0
S6,red,19221,19293,72,wave_A,0,0
S6,green,19293,19358,65,wave_A,0,0
S6,yellow,19358,19361,3,wave_A,0,0
S6,red,19361,19433,72,wave_A,0,0
S6,green,19433,19498,65,wave_A,0,0
S6,yellow,19498,19501,3,wave_A,0,0
S6,red,19501,19573,72,wave_A,0,0
S6,green,19573,19638,65,wave_A,0,0
S6,yellow,19638,19641,3,wave_A,0,0
S6,red,19641,19713,72,wave_A,0,0
S6,green,19713,19778,65,wave_A,0,0
S6,yellow,19778,19781,3,wave_A,0,0
S6,red,19781,19853,72,wave_A,0,0
S6,green,19853,19918,65,wave_A,0,0
S6,yellow,19918,19921,3,wave_A,0,0
S6,red,19921,19993,72,wave_A,0,0
S6,green,19993,20058,65,wave_A,0,0
S6,yellow,20058,20061,3,wave_A,0,0
S6,red,20061,20133,72,wave_A,0,0
S6,green,20133,20198,65,wave_A,0,0
S6,yellow,20198,20201,3,wave_A,0,0
S6,red,20201,20273,72,wave_A,0,0
S6,green,20273,20338,65,wave_A,0,0
S6,yellow,20338,20341,3,wave_A,0,0
S6,red,20341,20413,72,wave_A,0,0
S6,green,20413,20478,65,wave_A,0,0
S6,yellow,20478,20481,3,wave_A,0,0
S6,red,20481,20553,72,wave_A,0,0
S6,green,20553,20618,65,wave_A,0,0
S6,yellow,20618,20621,3,wave_A,0,0
S6,red,20621,20693,72,wave_A,0,0
S6,green,20693,20758,65,wave_A,0,0
S6,yellow,20758,20761,3,wave_A,0,0
S6,red,20761,20833,72,wave_A,0,0
S6,green,20833,20898,65,wave_A,0,0
S6,yellow,20898,20901,3,wave_A,0,0
S6,red,20901,20973,72,wave_A,0,0
S6,green,20973,21038,65,wave_A,0,0
S6,yellow,21038,21041,3,wave_A,0,0
S6,red,21041,21113,72,wave_A,0,0
S6,green,21113,21178,65,wave_A,0,0
S6,yellow,21178,21181,3,wave_A,0,0
S6,red,21181,21253,72,wave_A,0,0
S6,green,21253,21318,65,wave_A,0,0
S6,yellow,21318,21321,3,wave_A,0,0
S6,red,21321,21393,72,wave_A,0,0
S6,green,21393,21458,65,wave_A,0,0
S6,yellow,21458,21461,3,wave_A,0,0
S6,red,21461,21533,72,wave_A,0,0
S6,green,21533,21598,65,wave_A,0,0
S6,yellow,21598,21601,3,wave_A,0,0
S6,red,21601,21673,72,wave_A,0,0
S6,green,21673,21738,65,wave_A,0,0
S6,yellow,21738,21741,3,wave_A,0,0
S6,red,21741,21813,72,wave_A,0,0
S6,green,21813,21878,65,wave_A,0,0
S6,yellow,21878,21881,3,wave_A,0,0
S6,red,21881,21953,72,wave_A,0,0
S6,green,21953,22018,65,wave_A,0,0
S6,yellow,22018,22021,3,wave_A,0,0
S6,red,22021,22093,72,wave_A,0,0
S6,green,22093,22158,65,wave_A,0,0
S6,yellow,22158,22161,3,wave_A,0,0
S6,red,22161,22233,72,wave_A,0,0
S6,green,22233,22298,65,wave_A,0,0
S6,yellow,22298,22301,3,wave_A,0,0
S6,red,22301,22373,72,wave_A,0,0
S6,green,22373,22438,65,wave_A,0,0
S6,yellow,22438,22441,3,wave_A,0,0
S6,red,22441,22513,72,wave_A,0,0
S6,green,22513,22578,65,wave_A,0,0
S6,yellow,22578,22581,3,wave_A,0,0
S6,red,22581,22653,72,wave_A,0,0
S6,green,22653,22718,65,wave_A,0,0
S6,yellow,22718,22721,3,wave_A,0,0
S6,red,22721,22793,72,wave_A,0,0
S6,green,22793,22858,65,wave_A,0,0
S6,yellow,22858,22861,3,wave_A,0,0
S6,red,22861,22933,72,wave_A,0,0
S6,green,22933,22998,65,wave_A,0,0
S6,yellow,22998,23001,3,wave_A,0,0
S6,red,23001,23073,72,wave_A,0,0
S6,green,23073,23138,65,wave_A,0,0
S6,yellow,23138,23141,3,wave_A,0,0
S6,red,23141,23213,72,wave_A,0,0
S6,green,23213,23278,65,wave_A,0,0
S6,yellow,23278,23281,3,wave_A,0,0
S6,red,23281,23353,72,wave_A,0,0
S6,green,23353,23418,65,wave_A,0,0
S6,yellow,23418,23421,3,wave_A,0,0
S6,red,23421,23493,72,wave_A,0,0
S6,green,23493,23558,65,wave_A,0,0
S6,yellow,23558,23561,3,wave_A,0,0
S6,red,23561,23633,72,wave_A,0,0
S6,green,23633,23698,65,wave_A,0,0
S6,yellow,23698,23701,3,wave_A,0,0
S6,red,23701,23773,72,wave_A,0,0
S6,green,23773,23838,65,wave_A,0,0
S6,yellow,23838,23841,3,wave_A,0,0
S6,red,23841,23913,72,wave_A,0,0
S6,green,23913,23978,65,wave_A,0,0
S6,yellow,23978,23981,3,wave_A,0,0
S6,red,23981,24053,72,wave_A,0,0
S6,green,24053,24118,65,wave_A,0,0
S6,yellow,24118,24121,3,wave_A,0,0
S6,red,24121,24193,72,wave_A,0,0
S6,green,24193,24258,65,wave_A,0,0
S6,yellow,24258,24261,3,wave_A,0,0
S6,red,24261,24333,72,wave_A,0,0
S6,green,24333,24398,65,wave_A,0,0
S6,yellow,24398,24401,3,wave_A,0,0
S6,red,24401,24473,72,wave_A,0,0
S6,green,24473,24538,65,wave_A,0,0
S6,yellow,24538,24541,3,wave_A,0,0
S6,red,24541,24613,72,wave_A,0,0
S6,green,24613,24678,65,wave_A,0,0
S6,yellow,24678,24681,3,wave_A,0,0
S6,red,24681,24753,72,wave_A,0,0
S6,green,24753,24818,65,wave_A,0,0
S6,yellow,24818,24821,3,wave_A,0,0
S6,red,24821,24893,72,wave_A,0,0
S6,green,24893,24958,65,wave_A,0,0
S6,yellow,24958,24961,3,wave_A,0,0
S6,red,24961,25033,72,wave_A,0,0
S6,green,25033,25098,65,wave_A,0,0
S6,yellow,25098,25101,3,wave_A,0,0
S6,red,25101,25173,72,wave_A,0,0
S6,green,25173,25238,65,wave_A,0,0
S6,yellow,25238,25241,3,wave_A,0,0
S6,red,25241,25313,72,wave_A,0,0
S6,green,25313,25378,65,wave_A,0,0
S6,yellow,25378,25381,3,wave_A,0,0
S6,red,25381,25453,72,wave_A,0,0
S6,green,25453,25518,65,wave_A,0,0
S6,yellow,25518,25521,3,wave_A,0,0
S6,red,25521,25593,72,wave_A,0,0
S6,green,25593,25658,65,wave_A,0,0
S6,yellow,25658,25661,3,wave_A,0,0
S6,red,25661,25733,72,wave_A,0,0
S6,green,25733,25798,65,wave_A,0,0
S6,yellow,25798,25801,3,wave_A,0,0
S6,red,25801,25873,72,wave_A,0,0
S6,green,25873,25938,65,wave_A,0,0
S6,yellow,25938,25941,3,wave_A,0,0
S6,red,25941,26013,72,wave_A,0,0
S6,green,26013,26078,65,wave_A,0,0
S6,yellow,26078,26081,3,wave_A,0,0
S6,red,26081,26153,72,wave_A,0,0
S6,green,26153,26218,65,wave_A,0,0
S6,yellow,26218,26221,3,wave_A,0,0
S6,red,26221,26293,72,wave_A,0,0
S6,green,26293,26358,65,wave_A,0,0
S6,yellow,26358,26361,3,wave_A,0,0
S6,red,26361,26433,72,wave_A,0,0
S6,green,26433,26498,65,wave_A,0,0
S6,yellow,26498,26501,3,wave_A,0,0
S6,red,26501,26573,72,wave_A,0,0
S6,green,26573,26638,65,wave_A,0,0
S6,yellow,26638,26641,3,wave_A,0,0
S6,red,26641,26713,72,wave_A,0,0
S6,green,26713,26778,65,wave_A,0,0
S6,yellow,26778,26781,3,wave_A,0,0
S6,red,26781,26853,72,wave_A,0,0
S6,green,26853,26918,65,wave_A,0,0
S6,yellow,26918,26921,3,wave_A,0,0
S6,red,26921,26993,72,wave_A,0,0
S6,green,26993,27058,65,wave_A,0,0
S6,yellow,27058,27061,3,wave_A,0,0
S6,red,27061,27133,72,wave_A,0,0
S6,green,27133,27198,65,wave_A,0,0
S6,yellow,27198,27201,3,wave_A,0,0
S6,red,27201,27273,72,wave_A,0,0
S6,green,27273,27338,65,wave_A,0,0
S6,yellow,27338,27341,3,wave_A,0,0
S6,red,27341,27413,72,wave_A,0,0
S6,green,27413,27478,65,wave_A,0,0
S6,yellow,27478,27481,3,wave_A,0,0
S6,red,27481,27553,72,wave_A,0,0
S6,green,27553,27618,65,wave_A,0,0
S6,yellow,27618,27621,3,wave_A,0,0
S6,red,27621,27693,72,wave_A,0,0
S6,green,27693,27758,65,wave_A,0,0
S6,yellow,27758,27761,3,wave_A,0,0
S6,red,27761,27833,72,wave_A,0,0
S6,green,27833,27898,65,wave_A,0,0
S6,yellow,27898,27901,3,wave_A,0,0
S6,red,27901,27973,72,wave_A,0,0
S6,green,27973,28038,65,wave_A,0,0
S6,yellow,28038,28041,3,wave_A,0,0
S6,red,28041,28113,72,wave_A,0,0
S6,green,28113,28178,65,wave_A,0,0
S6,yellow,28178,28181,3,wave_A,0,0
S6,red,28181,28253,72,wave_A,0,0
S6,green,28253,28318,65,wave_A,0,0
S6,yellow,28318,28321,3,wave_A,0,0
S6,red,28321,28393,72,wave_A,0,0
S6,green,28393,28458,65,wave_A,0,0
S6,yellow,28458,28461,3,wave_A,0,0
S6,red,28461,28533,72,wave_A,0,0
S6,green,28533,28598,65,wave_A,0,0
S6,yellow,28598,28601,3,wave_A,0,0
S6,red,28601,28673,72,wave_A,0,0
S6,green,28673,28738,65,wave_A,0,0
S6,yellow,28738,28741,3,wave_A,0,0
S6,red,28741,28813,72,wave_A,0,0
S6,green,28813,28878,65,wave_A,0,0
S6,yellow,28878,28881,3,wave_A,0,0
S6,red,28881,28953,72,wave_A,0,0
S6,green,28953,29018,65,wave_A,0,0
S6,yellow,29018,29021,3,wave_A,0,0
S6,red,29021,29093,72,wave_A,0,0
S6,green,29093,29158,65,wave_A,0,0
S6,yellow,29158,29161,3,wave_A,0,0
S6,red,29161,29233,72,wave_A,0,0
S6,green,29233,29298,65,wave_A,0,0
S6,yellow,29298,29301,3,wave_A,0,0
S6,red,29301,29373,72,wave_A,0,0
S6,green,29373,29438,65,wave_A,0,0
S6,yellow,29438,29441,3,wave_A,0,0
S6,red,29441,29513,72,wave_A,0,0
S6,green,29513,29578,65,wave_A,0,0
S6,yellow,29578,29581,3,wave_A,0,0
S6,red,29581,29653,72,wave_A,0,0
S6,green,29653,29718,65,wave_A,0,0
S6,yellow,29718,29721,3,wave_A,0,0
S6,red,29721,29793,72,wave_A,0,0
S6,green,29793,29858,65,wave_A,0,0
S6,yellow,29858,29861,3,wave_A,0,0
S6,red,29861,29933,72,wave_A,0,0
S6,green,29933,29998,65,wave_A,0,0
S6,yellow,29998,30001,3,wave_A,0,0
S6,red,30001,30073,72,wave_A,0,0
S6,green,30073,30138,65,wave_A,0,0
S6,yellow,30138,30141,3,wave_A,0,0
S6,red,30141,30213,72,wave_A,0,0
S6,green,30213,30278,65,wave_A,0,0
S6,yellow,30278,30281,3,wave_A,0,0
S6,red,30281,30353,72,wave_A,0,0
S6,green,30353,30418,65,wave_A,0,0
S6,yellow,30418,30421,3,wave_A,0,0
S6,red,30421,30493,72,wave_A,0,0
S6,green,30493,30558,65,wave_A,0,0
S6,yellow,30558,30561,3,wave_A,0,0
S6,red,30561,30633,72,wave_A,0,0
S6,green,30633,30698,65,wave_A,0,0
S6,yellow,30698,30701,3,wave_A,0,0
S6,red,30701,30773,72,wave_A,0,0
S6,green,30773,30838,65,wave_A,0,0
S6,yellow,30838,30841,3,wave_A,0,0
S6,red,30841,30913,72,wave_A,0,0
S6,green,30913,30978,65,wave_A,0,0
S6,yellow,30978,30981,3,wave_A,0,0
S6,red,30981,31053,72,wave_A,0,0
S6,green,31053,31118,65,wave_A,0,0
S6,yellow,31118,31121,3,wave_A,0,0
S6,red,31121,31193,72,wave_A,0,0
S6,green,31193,31258,65,wave_A,0,0
S6,yellow,31258,31261,3,wave_A,0,0
S6,red,31261,31333,72,wave_A,0,0
S6,green,31333,31398,65,wave_A,0,0
S6,yellow,31398,31401,3,wave_A,0,0
S6,red,31401,31473,72,wave_A,0,0
S6,green,31473,31538,65,wave_A,0,0
S6,yellow,31538,31541,3,wave_A,0,0
S6,red,31541,31613,72,wave_A,0,0
S6,green,31613,31678,65,wave_A,0,0
S6,yellow,31678,31681,3,wave_A,0,0
S6,red,31681,31753,72,wave_A,0,0
S6,green,31753,31818,65,wave_A,0,0
S6,yellow,31818,31821,3,wave_A,0,0
S6,red,31821,31893,72,wave_A,0,0
S6,green,31893,31958,65,wave_A,0,0
S6,yellow,31958,31961,3,wave_A,0,0
S6,red,31961,32033,72,wave_A,0,0
S6,green,32033,32098,65,wave_A,0,0
S6,yellow,32098,32101,3,wave_A,0,0
S6,red,32101,32173,72,wave_A,0,0
S6,green,32173,32238,65,wave_A,0,0
S6,yellow,32238,32241,3,wave_A,0,0
S6,red,32241,32313,72,wave_A,0,0
S6,green,32313,32378,65,wave_A,0,0
S6,yellow,32378,32381,3,wave_A,0,0
S6,red,32381,32453,72,wave_A,0,0
S6,green,32453,32518,65,wave_A,0,0
S6,yellow,32518,32521,3,wave_A,0,0
S6,red,32521,32593,72,wave_A,0,0
S6,green,32593,32658,65,wave_A,0,0
S6,yellow,32658,32661,3,wave_A,0,0
S6,red,32661,32733,72,wave_A,0,0
S6,green,32733,32798,65,wave_A,0,0
S6,yellow,32798,32801,3,wave_A,0,0
S6,red,32801,32873,72,wave_A,0,0
S6,green,32873,32938,65,wave_A,0,0
S6,yellow,32938,32941,3,wave_A,0,0
S6,red,32941,33013,72,wave_A,0,0
S6,green,33013,33078,65,wave_A,0,0
S6,yellow,33078,33081,3,wave_A,0,0
S6,red,33081,33153,72,wave_A,0,0
S6,green,33153,33218,65,wave_A,0,0
S6,yellow,33218,33221,3,wave_A,0,0
S6,red,33221,33293,72,wave_A,0,0
S6,green,33293,33358,65,wave_A,0,0
S6,yellow,33358,33361,3,wave_A,0,0
S6,red,33361,33433,72,wave_A,0,0
S6,green,33433,33498,65,wave_A,0,0
S6,yellow,33498,33501,3,wave_A,0,0
S6,red,33501,33573,72,wave_A,0,0
S6,green,33573,33638,65,wave_A,0,0
S6,yellow,33638,33641,3,wave_A,0,0
S6,red,33641,33713,72,wave_A,0,0
S6,green,33713,33778,65,wave_A,0,0
S6,yellow,33778,33781,3,wave_A,0,0
S6,red,33781,33853,72,wave_A,0,0
S6,green,33853,33918,65,wave_A,0,0
S6,yellow,33918,33921,3,wave_A,0,0
S6,red,33921,33993,72,wave_A,0,0
S6,green,33993,34058,65,wave_A,0,0
S6,yellow,34058,34061,3,wave_A,0,0
S6,red,34061,34133,72,wave_A,0,0
S6,green,34133,34198,65,wave_A,0,0
S6,yellow,34198,34201,3,wave_A,0,0
S6,red,34201,34273,72,wave_A,0,0
S6,green,34273,34338,65,wave_A,0,0
S6,yellow,34338,34341,3,wave_A,0,0
S6,red,34341,34413,72,wave_A,0,0
S6,green,34413,34478,65,wave_A,0,0
S6,yellow,34478,34481,3,wave_A,0,0
S6,red,34481,34553,72,wave_A,0,0
S6,green,34553,34618,65,wave_A,0,0
S6,yellow,34618,34621,3,wave_A,0,0
S6,red,34621,34693,72,wave_A,0,0
S6,green,34693,34758,65,wave_A,0,0
S6,yellow,34758,34761,3,wave_A,0,0
S6,red,34761,34833,72,wave_A,0,0
S6,green,34833,34898,65,wave_A,0,0
S6,yellow,34898,34901,3,wave_A,0,0
S6,red,34901,34973,72,wave_A,0,0
S6,green,34973,35038,65,wave_A,0,0
S6,yellow,35038,35041,3,wave_A,0,0
S6,red,35041,35113,72,wave_A,0,0
S6,green,35113,35178,65,wave_A,0,0
S6,yellow,35178,35181,3,wave_A,0,0
S6,red,35181,35253,72,wave_A,0,0
S6,green,35253,35318,65,wave_A,0,0
S6,yellow,35318,35321,3,wave_A,0,0
S6,red,35321,35393,72,wave_A,0,0
S6,green,35393,35458,65,wave_A,0,0
S6,yellow,35458,35461,3,wave_A,0,0
S6,red,35461,35533,72,wave_A,0,0
S6,green,35533,35598,65,wave_A,0,0
S6,yellow,35598,35601,3,wave_A,0,0
S6,red,35601,35673,72,wave_A,0,0
S6,green,35673,35738,65,wave_A,0,0
S6,yellow,35738,35741,3,wave_A,0,0
S6,red,35741,35813,72,wave_A,0,0
S6,green,35813,35878,65,wave_A,0,0
S6,yellow,35878,35881,3,wave_A,0,0
S6,red,35881,35953,72,wave_A,0,0
S6,green,35953,36018,65,wave_A,0,0
S6,yellow,36018,36021,3,wave_A,0,0
S6,red,36021,36093,72,wave_A,0,0
S6,green,36093,36158,65,wave_A,0,0
S6,yellow,36158,36161,3,wave_A,0,0
S6,red,36161,36233,72,wave_A,0,0
S6,green,36233,36298,65,wave_A,0,0
S6,yellow,36298,36301,3,wave_A,0,0
S6,red,36301,36373,72,wave_A,0,0
S6,green,36373,36438,65,wave_A,0,0
S6,yellow,36438,36441,3,wave_A,0,0
S6,red,36441,36513,72,wave_A,0,0
S6,green,36513,36578,65,wave_A,0,0
S6,yellow,36578,36581,3,wave_A,0,0
S6,red,36581,36653,72,wave_A,0,0
S6,green,36653,36718,65,wave_A,0,0
S6,yellow,36718,36721,3,wave_A,0,0
S6,red,36721,36793,72,wave_A,0,0
S6,green,36793,36858,65,wave_A,0,0
S6,yellow,36858,36861,3,wave_A,0,0
S6,red,36861,36933,72,wave_A,0,0
S6,green,36933,36998,65,wave_A,0,0
S6,yellow,36998,37001,3,wave_A,0,0
S6,red,37001,37073,72,wave_A,0,0
S6,green,37073,37138,65,wave_A,0,0
S6,yellow,37138,37141,3,wave_A,0,0
S6,red,37141,37213,72,wave_A,0,0
S6,green,37213,37278,65,wave_A,0,0
S6,yellow,37278,37281,3,wave_A,0,0
S6,red,37281,37353,72,wave_A,0,0
S6,green,37353,37418,65,wave_A,0,0
S6,yellow,37418,37421,3,wave_A,0,0
S6,red,37421,37493,72,wave_A,0,0
S6,green,37493,37558,65,wave_A,0,0
S6,yellow,37558,37561,3,wave_A,0,0
S6,red,37561,37633,72,wave_A,0,0
S6,green,37633,37698,65,wave_A,0,0
S6,yellow,37698,37701,3,wave_A,0,0
S6,red,37701,37773,72,wave_A,0,0
S6,green,37773,37838,65,wave_A,0,0
S6,yellow,37838,37841,3,wave_A,0,0
S6,red,37841,37913,72,wave_A,0,0
S6,green,37913,37978,65,wave_A,0,0
S6,yellow,37978,37981,3,wave_A,0,0
S6,red,37981,38053,72,wave_A,0,0
S6,green,38053,38118,65,wave_A,0,0
S6,yellow,38118,38121,3,wave_A,0,0
S6,red,38121,38193,72,wave_A,0,0
S6,green,38193,38258,65,wave_A,0,0
S6,yellow,38258,38261,3,wave_A,0,0
S6,red,38261,38333,72,wave_A,0,0
S6,green,38333,38398,65,wave_A,0,0
S6,yellow,38398,38401,3,wave_A,0,0
S6,red,38401,38473,72,wave_A,0,0
S6,green,38473,38538,65,wave_A,0,0
S6,yellow,38538,38541,3,wave_A,0,0
S6,red,38541,38613,72,wave_A,0,0
S6,green,38613,38678,65,wave_A,0,0
S6,yellow,38678,38681,3,wave_A,0,0
S6,red,38681,38753,72,wave_A,0,0
S6,green,38753,38818,65,wave_A,0,0
S6,yellow,38818,38821,3,wave_A,0,0
S6,red,38821,38893,72,wave_A,0,0
S6,green,38893,38958,65,wave_A,0,0
S6,yellow,38958,38961,3,wave_A,0,0
S6,red,38961,39033,72,wave_A,0,0
S6,green,39033,39098,65,wave_A,0,0
S6,yellow,39098,39101,3,wave_A,0,0
S6,red,39101,39173,72,wave_A,0,0
S6,green,39173,39238,65,wave_A,0,0
S6,yellow,39238,39241,3,wave_A,0,0
S6,red,39241,39313,72,wave_A,0,0
S6,green,39313,39378,65,wave_A,0,0
S6,yellow,39378,39381,3,wave_A,0,0
S6,red,39381,39453,72,wave_A,0,0
S6,green,39453,39518,65,wave_A,0,0
S6,yellow,39518,39521,3,wave_A,0,0
S6,red,39521,39593,72,wave_A,0,0
S6,green,39593,39658,65,wave_A,0,0
S6,yellow,39658,39661,3,wave_A,0,0
S6,red,39661,39733,72,wave_A,0,0
S6,green,39733,39798,65,wave_A,0,0
S6,yellow,39798,39801,3,wave_A,0,0
S6,red,39801,39873,72,wave_A,0,0
S6,green,39873,39938,65,wave_A,0,0
S6,yellow,39938,39941,3,wave_A,0,0
S6,red,39941,40013,72,wave_A,0,0
S6,green,40013,40078,65,wave_A,0,0
S6,yellow,40078,40081,3,wave_A,0,0
S6,red,40081,40153,72,wave_A,0,0
S6,green,40153,40218,65,wave_A,0,0
S6,yellow,40218,40221,3,wave_A,0,0
S6,red,40221,40293,72,wave_A,0,0
S6,green,40293,40358,65,wave_A,0,0
S6,yellow,40358,40361,3,wave_A,0,0
S6,red,40361,40433,72,wave_A,0,0
S6,green,40433,40498,65,wave_A,0,0
S6,yellow,40498,40501,3,wave_A,0,0
S6,red,40501,40573,72,wave_A,0,0
S6,green,40573,40638,65,wave_A,0,0
S6,yellow,40638,40641,3,wave_A,0,0
S6,red,40641,40713,72,wave_A,0,0
S6,green,40713,40778,65,wave_A,0,0
S6,yellow,40778,40781,3,wave_A,0,0
S6,red,40781,40853,72,wave_A,0,0
S6,green,40853,40918,65,wave_A,0,0
S6,yellow,40918,40921,3,wave_A,0,0
S6,red,40921,40993,72,wave_A,0,0
S6,green,40993,41058,65,wave_A,0,0
S6,yellow,41058,41061,3,wave_A,0,0
S6,red,41061,41133,72,wave_A,0,0
S6,green,41133,41198,65,wave_A,0,0
S6,yellow,41198,41201,3,wave_A,0,0
S6,red,41201,41273,72,wave_A,0,0
S6,green,41273,41338,65,wave_A,0,0
S6,yellow,41338,41341,3,wave_A,0,0
S6,red,41341,41413,72,wave_A,0,0
S6,green,41413,41478,65,wave_A,0,0
S6,yellow,41478,41481,3,wave_A,0,0
S6,red,41481,41553,72,wave_A,0,0
S6,green,41553,41618,65,wave_A,0,0
S6,yellow,41618,41621,3,wave_A,0,0
S6,red,41621,41693,72,wave_A,0,0
S6,green,41693,41758,65,wave_A,0,0
S6,yellow,41758,41761,3,wave_A,0,0
S6,red,41761,41833,72,wave_A,0,0
S6,green,41833,41898,65,wave_A,0,0
S6,yellow,41898,41901,3,wave_A,0,0
S6,red,41901,41973,72,wave_A,0,0
S6,green,41973,42038,65,wave_A,0,0
S6,yellow,42038,42041,3,wave_A,0,0
S6,red,42041,42113,72,wave_A,0,0
S6,green,42113,42178,65,wave_A,0,0
S6,yellow,42178,42181,3,wave_A,0,0
S6,red,42181,42253,72,wave_A,0,0
S6,green,42253,42318,65,wave_A,0,0
S6,yellow,42318,42321,3,wave_A,0,0
S6,red,42321,42393,72,wave_A,0,0
S6,green,42393,42458,65,wave_A,0,0
S6,yellow,42458,42461,3,wave_A,0,0
S6,red,42461,42533,72,wave_A,0,0
S6,green,42533,42598,65,wave_A,0,0
S6,yellow,42598,42601,3,wave_A,0,0
S6,red,42601,42673,72,wave_A,0,0
S6,green,42673,42738,65,wave_A,0,0
S6,yellow,42738,42741,3,wave_A,0,0
S6,red,42741,42813,72,wave_A,0,0
S6,green,42813,42878,65,wave_A,0,0
S6,yellow,42878,42881,3,wave_A,0,0
S6,red,42881,42953,72,wave_A,0,0
S6,green,42953,43018,65,wave_A,0,0
S6,yellow,43018,43021,3,wave_A,0,0
S6,red,43021,43093,72,wave_A,0,0
S6,green,43093,43158,65,wave_A,0,0
S6,yellow,43158,43161,3,wave_A,0,0
S6,red,43161,43233,72,wave_A,0,0
S6,green,43233,43298,65,wave_A,0,0
S6,yellow,43298,43301,3,wave_A,0,0
S6,red,43301,43373,72,wave_A,0,0
S6,green,43373,43438,65,wave_A,0,0
S6,yellow,43438,43441,3,wave_A,0,0
S6,red,43441,43513,72,wave_A,0,0
S6,green,43513,43578,65,wave_A,0,0
S6,yellow,43578,43581,3,wave_A,0,0
S6,red,43581,43653,72,wave_A,0,0
S6,green,43653,43718,65,wave_A,0,0
S6,yellow,43718,43721,3,wave_A,0,0
S6,red,43721,43793,72,wave_A,0,0
S6,green,43793,43858,65,wave_A,0,0
S6,yellow,43858,43861,3,wave_A,0,0
S6,red,43861,43933,72,wave_A,0,0
S6,green,43933,43998,65,wave_A,0,0
S6,yellow,43998,44001,3,wave_A,0,0
S6,red,44001,44073,72,wave_A,0,0
S6,green,44073,44138,65,wave_A,0,0
S6,yellow,44138,44141,3,wave_A,0,0
S6,red,44141,44213,72,wave_A,0,0
S6,green,44213,44278,65,wave_A,0,0
S6,yellow,44278,44281,3,wave_A,0,0
S6,red,44281,44353,72,wave_A,0,0
S6,green,44353,44418,65,wave_A,0,0
S6,yellow,44418,44421,3,wave_A,0,0
S6,red,44421,44493,72,wave_A,0,0
S6,green,44493,44558,65,wave_A,0,0
S6,yellow,44558,44561,3,wave_A,0,0
S6,red,44561,44633,72,wave_A,0,0
S6,green,44633,44698,65,wave_A,0,0
S6,yellow,44698,44701,3,wave_A,0,0
S6,red,44701,44773,72,wave_A,0,0
S6,green,44773,44838,65,wave_A,0,0
S6,yellow,44838,44841,3,wave_A,0,0
S6,red,44841,44913,72,wave_A,0,0
S6,green,44913,44978,65,wave_A,0,0
S6,yellow,44978,44981,3,wave_A,0,0
S6,red,44981,45053,72,wave_A,0,0
S6,green,45053,45118,65,wave_A,0,0
S6,yellow,45118,45121,3,wave_A,0,0
S6,red,45121,45193,72,wave_A,0,0
S6,green,45193,45258,65,wave_A,0,0
S6,yellow,45258,45261,3,wave_A,0,0
S6,red,45261,45333,72,wave_A,0,0
S6,green,45333,45398,65,wave_A,0,0
S6,yellow,45398,45401,3,wave_A,0,0
S6,red,45401,45473,72,wave_A,0,0
S6,green,45473,45538,65,wave_A,0,0
S6,yellow,45538,45541,3,wave_A,0,0
S6,red,45541,45613,72,wave_A,0,0
S6,green,45613,45678,65,wave_A,0,0
S6,yellow,45678,45681,3,wave_A,0,0
S6,red,45681,45753,72,wave_A,0,0
S6,green,45753,45818,65,wave_A,0,0
S6,yellow,45818,45821,3,wave_A,0,0
S6,red,45821,45893,72,wave_A,0,0
S6,green,45893,45958,65,wave_A,0,0
S6,yellow,45958,45961,3,wave_A,0,0
S6,red,45961,46033,72,wave_A,0,0
S6,green,46033,46098,65,wave_A,0,0
S6,yellow,46098,46101,3,wave_A,0,0
S6,red,46101,46173,72,wave_A,0,0
S6,green,46173,46238,65,wave_A,0,0
S6,yellow,46238,46241,3,wave_A,0,0
S6,red,46241,46313,72,wave_A,0,0
S6,green,46313,46378,65,wave_A,0,0
S6,yellow,46378,46381,3,wave_A,0,0
S6,red,46381,46453,72,wave_A,0,0
S6,green,46453,46518,65,wave_A,0,0
S6,yellow,46518,46521,3,wave_A,0,0
S6,red,46521,46593,72,wave_A,0,0
S6,green,46593,46658,65,wave_A,0,0
S6,yellow,46658,46661,3,wave_A,0,0
S6,red,46661,46733,72,wave_A,0,0
S6,green,46733,46798,65,wave_A,0,0
S6,yellow,46798,46801,3,wave_A,0,0
S6,red,46801,46873,72,wave_A,0,0
S6,green,46873,46938,65,wave_A,0,0
S6,yellow,46938,46941,3,wave_A,0,0
S6,red,46941,47013,72,wave_A,0,0
S6,green,47013,47078,65,wave_A,0,0
S6,yellow,47078,47081,3,wave_A,0,0
S6,red,47081,47153,72,wave_A,0,0
S6,green,47153,47218,65,wave_A,0,0
S6,yellow,47218,47221,3,wave_A,0,0
S6,red,47221,47293,72,wave_A,0,0
S6,green,47293,47358,65,wave_A,0,0
S6,yellow,47358,47361,3,wave_A,0,0
S6,red,47361,47433,72,wave_A,0,0
S6,green,47433,47498,65,wave_A,0,0
S6,yellow,47498,47501,3,wave_A,0,0
S6,red,47501,47573,72,wave_A,0,0
S6,green,47573,47638,65,wave_A,0,0
S6,yellow,47638,47641,3,wave_A,0,0
S6,red,47641,47713,72,wave_A,0,0
S6,green,47713,47778,65,wave_A,0,0
S6,yellow,47778,47781,3,wave_A,0,0
S6,red,47781,47853,72,wave_A,0,0
S6,green,47853,47918,65,wave_A,0,0
S6,yellow,47918,47921,3,wave_A,0,0
S6,red,47921,47993,72,wave_A,0,0
S6,green,47993,48058,65,wave_A,0,0
S6,yellow,48058,48061,3,wave_A,0,0
S6,red,48061,48133,72,wave_A,0,0
S6,green,48133,48198,65,wave_A,0,0
S6,yellow,48198,48201,3,wave_A,0,0
S6,red,48201,48273,72,wave_A,0,0
S6,green,48273,48338,65,wave_A,0,0
S6,yellow,48338,48341,3,wave_A,0,0
S6,red,48341,48413,72,wave_A,0,0
S6,green,48413,48478,65,wave_A,0,0
S6,yellow,48478,48481,3,wave_A,0,0
S6,red,48481,48553,72,wave_A,0,0
S6,green,48553,48618,65,wave_A,0,0
S6,yellow,48618,48621,3,wave_A,0,0
S6,red,48621,48693,72,wave_A,0,0
S6,green,48693,48758,65,wave_A,0,0
S6,yellow,48758,48761,3,wave_A,0,0
S6,red,48761,48833,72,wave_A,0,0
S6,green,48833,48898,65,wave_A,0,0
S6,yellow,48898,48901,3,wave_A,0,0
S6,red,48901,48973,72,wave_A,0,0
S6,green,48973,49038,65,wave_A,0,0
S6,yellow,49038,49041,3,wave_A,0,0
S6,red,49041,49113,72,wave_A,0,0
S6,green,49113,49178,65,wave_A,0,0
S6,yellow,49178,49181,3,wave_A,0,0
S6,red,49181,49253,72,wave_A,0,0
S6,green,49253,49318,65,wave_A,0,0
S6,yellow,49318,49321,3,wave_A,0,0
S6,red,49321,49393,72,wave_A,0,0
S6,green,49393,49458,65,wave_A,0,0
S6,yellow,49458,49461,3,wave_A,0,0
S6,red,49461,49533,72,wave_A,0,0
S6,green,49533,49598,65,wave_A,0,0
S6,yellow,49598,49601,3,wave_A,0,0
S6,red,49601,49673,72,wave_A,0,0
S6,green,49673,49738,65,wave_A,0,0
S6,yellow,49738,49741,3,wave_A,0,0
S6,red,49741,49813,72,wave_A,0,0
S6,green,49813,49878,65,wave_A,0,0
S6,yellow,49878,49881,3,wave_A,0,0
S6,red,49881,49953,72,wave_A,0,0
S6,green,49953,50018,65,wave_A,0,0
S6,yellow,50018,50021,3,wave_A,0,0
S6,red,50021,50093,72,wave_A,0,0
S6,green,50093,50158,65,wave_A,0,0
S6,yellow,50158,50161,3,wave_A,0,0
S6,red,50161,50233,72,wave_A,0,0
S6,green,50233,50298,65,wave_A,0,0
S6,yellow,50298,50301,3,wave_A,0,0
S6,red,50301,50373,72,wave_A,0,0
S6,green,50373,50438,65,wave_A,0,0
S6,yellow,50438,50441,3,wave_A,0,0
S6,red,50441,50513,72,wave_A,0,0
S6,green,50513,50578,65,wave_A,0,0
S6,yellow,50578,50581,3,wave_A,0,0
S6,red,50581,50653,72,wave_A,0,0
S6,green,50653,50718,65,wave_A,0,0
S6,yellow,50718,50721,3,wave_A,0,0
S6,red,50721,50793,72,wave_A,0,0
S6,green,50793,50858,65,wave_A,0,0
S6,yellow,50858,50861,3,wave_A,0,0
S6,red,50861,50933,72,wave_A,0,0
S6,green,50933,50998,65,wave_A,0,0
S6,yellow,50998,51001,3,wave_A,0,0
S6,red,51001,51073,72,wave_A,0,0
S6,green,51073,51138,65,wave_A,0,0
S6,yellow,51138,51141,3,wave_A,0,0
S6,red,51141,51213,72,wave_A,0,0
S6,green,51213,51278,65,wave_A,0,0
S6,yellow,51278,51281,3,wave_A,0,0
S6,red,51281,51353,72,wave_A,0,0
S6,green,51353,51418,65,wave_A,0,0
S6,yellow,51418,51421,3,wave_A,0,0
S6,red,51421,51493,72,wave_A,0,0
S6,green,51493,51558,65,wave_A,0,0
S6,yellow,51558,51561,3,wave_A,0,0
S6,red,51561,51633,72,wave_A,0,0
S6,green,51633,51698,65,wave_A,0,0
S6,yellow,51698,51701,3,wave_A,0,0
S6,red,51701,51773,72,wave_A,0,0
S6,green,51773,51838,65,wave_A,0,0
S6,yellow,51838,51841,3,wave_A,0,0
S6,red,51841,51913,72,wave_A,0,0
S6,green,51913,51978,65,wave_A,0,0
S6,yellow,51978,51981,3,wave_A,0,0
S6,red,51981,52053,72,wave_A,0,0
S6,green,52053,52118,65,wave_A,0,0
S6,yellow,52118,52121,3,wave_A,0,0
S6,red,52121,52193,72,wave_A,0,0
S6,green,52193,52258,65,wave_A,0,0
S6,yellow,52258,52261,3,wave_A,0,0
S6,red,52261,52333,72,wave_A,0,0
S6,green,52333,52398,65,wave_A,0,0
S6,yellow,52398,52401,3,wave_A,0,0
S6,red,52401,52473,72,wave_A,0,0
S6,green,52473,52538,65,wave_A,0,0
S6,yellow,52538,52541,3,wave_A,0,0
S6,red,52541,52613,72,wave_A,0,0
S6,green,52613,52678,65,wave_A,0,0
S6,yellow,52678,52681,3,wave_A,0,0
S6,red,52681,52753,72,wave_A,0,0
S6,green,52753,52818,65,wave_A,0,0
S6,yellow,52818,52821,3,wave_A,0,0
S6,red,52821,52893,72,wave_A,0,0
S6,green,52893,52958,65,wave_A,0,0
S6,yellow,52958,52961,3,wave_A,0,0
S6,red,52961,53033,72,wave_A,0,0
S6,green,53033,53098,65,wave_A,0,0
S6,yellow,53098,53101,3,wave_A,0,0
S6,red,53101,53173,72,wave_A,0,0
S6,green,53173,53238,65,wave_A,0,0
S6,yellow,53238,53241,3,wave_A,0,0
S6,red,53241,53313,72,wave_A,0,0
S6,green,53313,53378,65,wave_A,0,0
S6,yellow,53378,53381,3,wave_A,0,0
S6,red,53381,53453,72,wave_A,0,0
S6,green,53453,53518,65,wave_A,0,0
S6,yellow,53518,53521,3,wave_A,0,0
S6,red,53521,53593,72,wave_A,0,0
S6,green,53593,53658,65,wave_A,0,0
S6,yellow,53658,53661,3,wave_A,0,0
S6,red,53661,53733,72,wave_A,0,0
S6,green,53733,53798,65,wave_A,0,0
S6,yellow,53798,53801,3,wave_A,0,0
S6,red,53801,53873,72,wave_A,0,0
S6,green,53873,53938,65,wave_A,0,0
S6,yellow,53938,53941,3,wave_A,0,0
S6,red,53941,54013,72,wave_A,0,0
S6,green,54013,54078,65,wave_A,0,0
S6,yellow,54078,54081,3,wave_A,0,0
S6,red,54081,54153,72,wave_A,0,0
S6,green,54153,54218,65,wave_A,0,0
S6,yellow,54218,54221,3,wave_A,0,0
S6,red,54221,54293,72,wave_A,0,0
S6,green,54293,54358,65,wave_A,0,0
S6,yellow,54358,54361,3,wave_A,0,0
S6,red,54361,54433,72,wave_A,0,0
S6,green,54433,54498,65,wave_A,0,0
S6,yellow,54498,54501,3,wave_A,0,0
S6,red,54501,54573,72,wave_A,0,0
S6,green,54573,54638,65,wave_A,0,0
S6,yellow,54638,54641,3,wave_A,0,0
S6,red,54641,54713,72,wave_A,0,0
S6,green,54713,54778,65,wave_A,0,0
S6,yellow,54778,54781,3,wave_A,0,0
S6,red,54781,54853,72,wave_A,0,0
S6,green,54853,54918,65,wave_A,0,0
S6,yellow,54918,54921,3,wave_A,0,0
S6,red,54921,54993,72,wave_A,0,0
S6,green,54993,55058,65,wave_A,0,0
S6,yellow,55058,55061,3,wave_A,0,0
S6,red,55061,55133,72,wave_A,0,0
S6,green,55133,55198,65,wave_A,0,0
S6,yellow,55198,55201,3,wave_A,0,0
S6,red,55201,55273,72,wave_A,0,0
S6,green,55273,55338,65,wave_A,0,0
S6,yellow,55338,55341,3,wave_A,0,0
S6,red,55341,55413,72,wave_A,0,0
S6,green,55413,55478,65,wave_A,0,0
S6,yellow,55478,55481,3,wave_A,0,0
S6,red,55481,55553,72,wave_A,0,0
S6,green,55553,55618,65,wave_A,0,0
S6,yellow,55618,55621,3,wave_A,0,0
S6,red,55621,55693,72,wave_A,0,0
S6,green,55693,55758,65,wave_A,0,0
S6,yellow,55758,55761,3,wave_A,0,0
S6,red,55761,55833,72,wave_A,0,0
S6,green,55833,55898,65,wave_A,0,0
S6,yellow,55898,55901,3,wave_A,0,0
S6,red,55901,55973,72,wave_A,0,0
S6,green,55973,56038,65,wave_A,0,0
S6,yellow,56038,56041,3,wave_A,0,0
S6,red,56041,56113,72,wave_A,0,0
S6,green,56113,56178,65,wave_A,0,0
S6,yellow,56178,56181,3,wave_A,0,0
S6,red,56181,56253,72,wave_A,0,0
S6,green,56253,56318,65,wave_A,0,0
S6,yellow,56318,56321,3,wave_A,0,0
S6,red,56321,56393,72,wave_A,0,0
S6,green,56393,56458,65,wave_A,0,0
S6,yellow,56458,56461,3,wave_A,0,0
S6,red,56461,56533,72,wave_A,0,0
S6,green,56533,56598,65,wave_A,0,0
S6,yellow,56598,56601,3,wave_A,0,0
S6,red,56601,56673,72,wave_A,0,0
S6,green,56673,56738,65,wave_A,0,0
S6,yellow,56738,56741,3,wave_A,0,0
S6,red,56741,56813,72,wave_A,0,0
S6,green,56813,56878,65,wave_A,0,0
S6,yellow,56878,56881,3,wave_A,0,0
S6,red,56881,56953,72,wave_A,0,0
S6,green,56953,57018,65,wave_A,0,0
S6,yellow,57018,57021,3,wave_A,0,0
S6,red,57021,57093,72,wave_A,0,0
S6,green,57093,57158,65,wave_A,0,0
S6,yellow,57158,57161,3,wave_A,0,0
S6,red,57161,57233,72,wave_A,0,0
S6,green,57233,57298,65,wave_A,0,0
S6,yellow,57298,57301,3,wave_A,0,0
S6,red,57301,57373,72,wave_A,0,0
S6,green,57373,57438,65,wave_A,0,0
S6,yellow,57438,57441,3,wave_A,0,0
S6,red,57441,57513,72,wave_A,0,0
S6,green,57513,57578,65,wave_A,0,0
S6,yellow,57578,57581,3,wave_A,0,0
S6,red,57581,57653,72,wave_A,0,0
S6,green,57653,57680,27,wave_A,0,1
