intersection_id,state,start_s,end_s,duration_s,stages,left_censored,right_censored
S1,green,0,60,60,wave_A,0,0
S1,yellow,60,63,3,wave_A,0,0
S1,red,63,140,77,wave_A,0,0
S1,green,140,200,60,wave_A,0,0
S1,yellow,200,203,3,wave_A,0,0
S1,red,203,280,77,wave_A,0,0
S1,green,280,340,60,wave_A,0,0
S1,yellow,340,343,3,wave_A,0,0
S1,red,343,420,77,wave_A,0,0
S1,green,420,480,60,wave_A,0,0
S1,yellow,480,483,3,wave_A,0,0
S1,red,483,560,77,wave_A,0,0
S1,green,560,620,60,wave_A,0,0
S1,yellow,620,623,3,wave_A,0,0
S1,red,623,700,77,wave_A,0,0
S1,green,700,760,60,wave_A,0,0
S1,yellow,760,763,3,wave_A,0,0
S1,red,763,840,77,wave_A,0,0
S1,green,840,900,60,wave_A,0,0
S1,yellow,900,903,3,wave_A,0,0
S1,red,903,980,77,wave_A,0,0
S1,green,980,1040,60,wave_A,0,0
S1,yellow,1040,1043,3,wave_A,0,0
S1,red,1043,1120,77,wave_A,0,0
S1,green,1120,1180,60,wave_A,0,0
S1,yellow,1180,1183,3,wave_A,0,0
S1,red,1183,1260,77,wave_A,0,0
S1,green,1260,1320,60,wave_A,0,0
S1,yellow,1320,1323,3,wave_A,0,0
S1,red,1323,1400,77,wave_A,0,0
S1,green,1400,1460,60,wave_A,0,0
S1,yellow,1460,1463,3,wave_A,0,0
S1,red,1463,1540,77,wave_A,0,0
S1,green,1540,1600,60,wave_A,0,0
S1,yellow,1600,1603,3,wave_A,0,0
S1,red,1603,1680,77,wave_A,0,0
S1,green,1680,1740,60,wave_A,0,0
S1,yellow,1740,1743,3,wave_A,0,0
S1,red,1743,1820,77,wave_A,0,0
S1,green,1820,1880,60,wave_A,0,0
S1,yellow,1880,1883,3,wave_A,0,0
S1,red,1883,1960,77,wave_A,0,0
S1,green,1960,2020,60,wave_A,0,0
S1,yellow,2020,2023,3,wave_A,0,0
S1,red,2023,2100,77,wave_A,0,0
S1,green,2100,2160,60,wave_A,0,0
S1,yellow,2160,2163,3,wave_A,0,0
S1,red,2163,2240,77,wave_A,0,0
S1,green,2240,2300,60,wave_A,0,0
S1,yellow,2300,2303,3,wave_A,0,0
S1,red,2303,2380,77,wave_A,0,0
S1,green,2380,2440,60,wave_A,0,0
S1,yellow,2440,2443,3,wave_A,0,0
S1,red,2443,2520,77,wave_A,0,0
S1,green,2520,2580,60,wave_A,0,0
S1,yellow,2580,2583,3,wave_A,0,0
S1,red,2583,2660,77,wave_A,0,0
S1,green,2660,2720,60,wave_A,0,0
S1,yellow,2720,2723,3,wave_A,0,0
S1,red,2723,2800,77,wave_A,0,0
S1,green,2800,2860,60,wave_A,0,0
S1,yellow,2860,2863,3,wave_A,0,0
S1,red,2863,2940,77,wave_A,0,0
S1,green,2940,3000,60,wave_A,0,0
S1,yellow,3000,3003,3,wave_A,0,0
S1,red,3003,3080,77,wave_A,0,0
S1,green,3080,3140,60,wave_A,0,0
S1,yellow,3140,3143,3,wave_A,0,0
S1,red,3143,3220,77,wave_A,0,0
S1,green,3220,3280,60,wave_A,0,0
S1,yellow,3280,3283,3,wave_A,0,0
S1,red,3283,3360,77,wave_A,0,0
S1,green,3360,3420,60,wave_A,0,0
S1,yellow,3420,3423,3,wave_A,0,0
S1,red,3423,3500,77,wave_A,0,0
S1,green,3500,3560,60,wave_A,0,0
S1,yellow,3560,3563,3,wave_A,0,0
S1,red,3563,3640,77,wave_A,0,0
S1,green,3640,3700,60,wave_A,0,0
S1,yellow,3700,3703,3,wave_A,0,0
S1,red,3703,3780,77,wave_A,0,0
S1,green,3780,3840,60,wave_A,0,0
S1,yellow,3840,3843,3,wave_A,0,0
S1,red,3843,3920,77,wave_A,0,0
S1,green,3920,3980,60,wave_A,0,0
S1,yellow,3980,3983,3,wave_A,0,0
S1,red,3983,4060,77,wave_A,0,0
S1,green,4060,4120,60,wave_A,0,0
S1,yellow,4120,4123,3,wave_A,0,0
S1,red,4123,4200,77,wave_A,0,0
S1,green,4200,4260,60,wave_A,0,0
S1,yellow,4260,4263,3,wave_A,0,0
S1,red,4263,4340,77,wave_A,0,0
S1,green,4340,4400,60,wave_A,0,0
S1,yellow,4400,4403,3,wave_A,0,0
S1,red,4403,4480,77,wave_A,0,0
S1,green,4480,4540,60,wave_A,0,0
S1,yellow,4540,4543,3,wave_A,0,0
S1,red,4543,4620,77,wave_A,0,0
S1,green,4620,4680,60,wave_A,0,0
S1,yellow,4680,4683,3,wave_A,0,0
S1,red,4683,4760,77,wave_A,0,0
S1,green,4760,4820,60,wave_A,0,0
S1,yellow,4820,4823,3,wave_A,0,0
S1,red,4823,4900,77,wave_A,0,0
S1,green,4900,4960,60,wave_A,0,0
S1,yellow,4960,4963,3,wave_A,0,0
S1,red,4963,5040,77,wave_A,0,0
S1,green,5040,5100,60,wave_A,0,0
S1,yellow,5100,5103,3,wave_A,0,0
S1,red,5103,5180,77,wave_A,0,0
S1,green,5180,5240,60,wave_A,0,0
S1,yellow,5240,5243,3,wave_A,0,0
S1,red,5243,5320,77,wave_A,0,0
S1,green,5320,5380,60,wave_A,0,0
S1,yellow,5380,5383,3,wave_A,0,0
S1,red,5383,5460,77,wave_A,0,0
S1,green,5460,5520,60,wave_A,0,0
S1,yellow,5520,5523,3,wave_A,0,0
S1,red,5523,5600,77,wave_A,0,0
S1,green,5600,5660,60,wave_A,0,0
S1,yellow,5660,5663,3,wave_A,0,0
S1,red,5663,5740,77,wave_A,0,0
S1,green,5740,5800,60,wave_A,0,0
S1,yellow,5800,5803,3,wave_A,0,0
S1,red,5803,5880,77,wave_A,0,0
S1,green,5880,5940,60,wave_A,0,0
S1,yellow,5940,5943,3,wave_A,0,0
S1,red,5943,6020,77,wave_A,0,0
S1,green,6020,6080,60,wave_A,0,0
S1,yellow,6080,6083,3,wave_A,0,0
S1,red,6083,6160,77,wave_A,0,0
S1,green,6160,6220,60,wave_A,0,0
S1,yellow,6220,6223,3,wave_A,0,0
S1,red,6223,6300,77,wave_A,0,0
S1,green,6300,6360,60,wave_A,0,0
S1,yellow,6360,6363,3,wave_A,0,0
S1,red,6363,6440,77,wave_A,0,0
S1,green,6440,6500,60,wave_A,0,0
S1,yellow,6500,6503,3,wave_A,0,0
S1,red,6503,6580,77,wave_A,0,0
S1,green,6580,6640,60,wave_A,0,0
S1,yellow,6640,6643,3,wave_A,0,0
S1,red,6643,6720,77,wave_A,0,0
S1,green,6720,6780,60,wave_A,0,0
S1,yellow,6780,6783,3,wave_A,0,0
S1,red,6783,6860,77,wave_A,0,0
S1,green,6860,6920,60,wave_A,0,0
S1,yellow,6920,6923,3,wave_A,0,0
S1,red,6923,7000,77,wave_A,0,0
S1,green,7000,7060,60,wave_A,0,0
S1,yellow,7060,7063,3,wave_A,0,0
S1,red,7063,7140,77,wave_A,0,0
S1,green,7140,7200,60,wave_A,0,0
S1,yellow,7200,7203,3,wave_A,0,0
S1,red,7203,7280,77,wave_A,0,0
S1,green,7280,7340,60,wave_A,0,0
S1,yellow,7340,7343,3,wave_A,0,0
S1,red,7343,7420,77,wave_A,0,0
S1,green,7420,7480,60,wave_A,0,0
S1,yellow,7480,7483,3,wave_A,0,0
S1,red,7483,7560,77,wave_A,0,0
S1,green,7560,7620,60,wave_A,0,0
S1,yellow,7620,7623,3,wave_A,0,0
S1,red,7623,7700,77,wave_A,0,0
S1,green,7700,7760,60,wave_A,0,0
S1,yellow,7760,7763,3,wave_A,0,0
S1,red,7763,7840,77,wave_A,0,0
S1,green,7840,7900,60,wave_A,0,0
S1,yellow,7900,7903,3,wave_A,0,0
S1,red,7903,7980,77,wave_A,0,0
S1,green,7980,8040,60,wave_A,0,0
S1,yellow,8040,8043,3,wave_A,0,0
S1,red,8043,8120,77,wave_A,0,0
S1,green,8120,8180,60,wave_A,0,0
S1,yellow,8180,8183,3,wave_A,0,0
S1,red,8183,8260,77,wave_A,0,0
S1,green,8260,8320,60,wave_A,0,0
S1,yellow,8320,8323,3,wave_A,0,0
S1,red,8323,8400,77,wave_A,0,0
S1,green,8400,8460,60,wave_A,0,0
S1,yellow,8460,8463,3,wave_A,0,0
S1,red,8463,8540,77,wave_A,0,0
S1,green,8540,8600,60,wave_A,0,0
S1,yellow,8600,8603,3,wave_A,0,0
S1,red,8603,8680,77,wave_A,0,0
S1,green,8680,8740,60,wave_A,0,0
S1,yellow,8740,8743,3,wave_A,0,0
S1,red,8743,8820,77,wave_A,0,0
S1,green,8820,8880,60,wave_A,0,0
S1,yellow,8880,8883,3,wave_A,0,0
S1,red,8883,8960,77,wave_A,0,0
S1,green,8960,9020,60,wave_A,0,0
S1,yellow,9020,9023,3,wave_A,0,0
S1,red,9023,9100,77,wave_A,0,0
S1,green,9100,9160,60,wave_A,0,0
S1,yellow,9160,9163,3,wave_A,0,0
S1,red,9163,9240,77,wave_A,0,0
S1,green,9240,9300,60,wave_A,0,0
S1,yellow,9300,9303,3,wave_A,0,0
S1,red,9303,9380,77,wave_A,0,0
S1,green,9380,9440,60,wave_A,0,0
S1,yellow,9440,9443,3,wave_A,0,0
S1,red,9443,9520,77,wave_A,0,0
S1,green,9520,9580,60,wave_A,0,0
S1,yellow,9580,9583,3,wave_A,0,0
S1,red,9583,9660,77,wave_A,0,0
S1,green,9660,9720,60,wave_A,0,0
S1,yellow,9720,9723,3,wave_A,0,0
S1,red,9723,9800,77,wave_A,0,0
S1,green,9800,9860,60,wave_A,0,0
S1,yellow,9860,9863,3,wave_A,0,0
S1,red,9863,9940,77,wave_A,0,0
S1,green,9940,10000,60,wave_A,0,0
S1,yellow,10000,10003,3,wave_A,0,0
S1,red,10003,10080,77,wave_A,0,0
S1,green,10080,10140,60,wave_A,0,0
S1,yellow,10140,10143,3,wave_A,0,0
S1,red,10143,10220,77,wave_A,0,0
S1,green,10220,10280,60,wave_A,0,0
S1,yellow,10280,10283,3,wave_A,0,0
S1,red,10283,10360,77,wave_A,0,0
S1,green,10360,10420,60,wave_A,0,0
S1,yellow,10420,10423,3,wave_A,0,0
S1,red,10423,10500,77,wave_A,0,0
S1,green,10500,10560,60,wave_A,0,0
S1,yellow,10560,10563,3,wave_A,0,0
S1,red,10563,10640,77,wave_A,0,0
S1,green,10640,10700,60,wave_A,0,0
S1,yellow,10700,10703,3,wave_A,0,0
S1,red,10703,10780,77,wave_A,0,0
S1,green,10780,10840,60,wave_A,0,0
S1,yellow,10840,10843,3,wave_A,0,0
S1,red,10843,10920,77,wave_A,0,0
S1,green,10920,10980,60,wave_A,0,0
S1,yellow,10980,10983,3,wave_A,0,0
S1,red,10983,11060,77,wave_A,0,0
S1,green,11060,11120,60,wave_A,0,0
S1,yellow,11120,11123,3,wave_A,0,0
S1,red,11123,11200,77,wave_A,0,0
S1,green,11200,11260,60,wave_A,0,0
S1,yellow,11260,11263,3,wave_A,0,0
S1,red,11263,11340,77,wave_A,0,0
S1,green,11340,11400,60,wave_A,0,0
S1,yellow,11400,11403,3,wave_A,0,0
S1,red,11403,11480,77,wave_A,0,0
S1,green,11480,11540,60,wave_A,0,0
S1,yellow,11540,11543,3,wave_A,0,0
S1,red,11543,11620,77,wave_A,0,0
S1,green,11620,11680,60,wave_A,0,0
S1,yellow,11680,11683,3,wave_A,0,0
S1,red,11683,11760,77,wave_A,0,0
S1,green,11760,11820,60,wave_A,0,0
S1,yellow,11820,11823,3,wave_A,0,0
S1,red,11823,11900,77,wave_A,0,0
S1,green,11900,11960,60,wave_A,0,0
S1,yellow,11960,11963,3,wave_A,0,0
S1,red,11963,12040,77,wave_A,0,0
S1,green,12040,12100,60,wave_A,0,0
S1,yellow,12100,12103,3,wave_A,0,0
S1,red,12103,12180,77,wave_A,0,0
S1,green,12180,12240,60,wave_A,0,0
S1,yellow,12240,12243,3,wave_A,0,0
S1,red,12243,12320,77,wave_A,0,0
S1,green,12320,12380,60,wave_A,0,0
S1,yellow,12380,12383,3,wave_A,0,0
S1,red,12383,12460,77,wave_A,0,0
S1,green,12460,12520,60,wave_A,0,0
S1,yellow,12520,12523,3,wave_A,0,0
S1,red,12523,12600,77,wave_A,0,0
S1,green,12600,12660,60,wave_A,0,0
S1,yellow,12660,12663,3,wave_A,0,0
S1,red,12663,12740,77,wave_A,0,0
S1,green,12740,12800,60,wave_A,0,0
S1,yellow,12800,12803,3,wave_A,0,0
S1,red,12803,12880,77,wave_A,0,0
S1,green,12880,12940,60,wave_A,0,0
S1,yellow,12940,12943,3,wave_A,0,0
S1,red,12943,13020,77,wave_A,0,0
S1,green,13020,13080,60,wave_A,0,0
S1,yellow,13080,13083,3,wave_A,0,0
S1,red,13083,13160,77,wave_A,0,0
S1,green,13160,13220,60,wave_A,0,0
S1,yellow,13220,13223,3,wave_A,0,0
S1,red,13223,13300,77,wave_A,0,0
S1,green,13300,13360,60,wave_A,0,0
S1,yellow,13360,13363,3,wave_A,0,0
S1,red,13363,13440,77,wave_A,0,0
S1,green,13440,13500,60,wave_A,0,0
S1,yellow,13500,13503,3,wave_A,0,0
S1,red,13503,13580,77,wave_A,0,0
S1,green,13580,13640,60,wave_A,0,0
S1,yellow,13640,13643,3,wave_A,0,0
S1,red,13643,13720,77,wave_A,0,0
S1,green,13720,13780,60,wave_A,0,0
S1,yellow,13780,13783,3,wave_A,0,0
S1,red,13783,13860,77,wave_A,0,0
S1,green,13860,13920,60,wave_A,0,0
S1,yellow,13920,13923,3,wave_A,0,0
S1,red,13923,14000,77,wave_A,0,0
S1,green,14000,14060,60,wave_A,0,0
S1,yellow,14060,14063,3,wave_A,0,0
S1,red,14063,14140,77,wave_A,0,0
S1,green,14140,14200,60,wave_A,0,0
S1,yellow,14200,14203,3,wave_A,0,0
S1,red,14203,14280,77,wave_A,0,0
S1,green,14280,14340,60,wave_A,0,0
S1,yellow,14340,14343,3,wave_A,0,0
S1,red,14343,14420,77,wave_A,0,0
S1,green,14420,14480,60,wave_A,0,0
S1,yellow,14480,14483,3,wave_A,0,0
S1,red,14483,14560,77,wave_A,0,0
S1,green,14560,14620,60,wave_A,0,0
S1,yellow,14620,14623,3,wave_A,0,0
S1,red,14623,14700,77,wave_A,0,0
S1,green,14700,14760,60,wave_A,0,0
S1,yellow,14760,14763,3,wave_A,0,0
S1,red,14763,14840,77,wave_A,0,0
S1,green,14840,14900,60,wave_A,0,0
S1,yellow,14900,14903,3,wave_A,0,0
S1,red,14903,14980,77,wave_A,0,0
S1,green,14980,15040,60,wave_A,0,0
S1,yellow,15040,15043,3,wave_A,0,0
S1,red,15043,15120,77,wave_A,0,0
S1,green,15120,15180,60,wave_A,0,0
S1,yellow,15180,15183,3,wave_A,0,0
S1,red,15183,15260,77,wave_A,0,0
S1,green,15260,15320,60,wave_A,0,0
S1,yellow,15320,15323,3,wave_A,0,0
S1,red,15323,15400,77,wave_A,0,0
S1,green,15400,15460,60,wave_A,0,0
S1,yellow,15460,15463,3,wave_A,0,0
S1,red,15463,15540,77,wave_A,0,0
S1,green,15540,15600,60,wave_A,0,0
S1,yellow,15600,15603,3,wave_A,0,0
S1,red,15603,15680,77,wave_A,0,0
S1,green,15680,15740,60,wave_A,0,0
S1,yellow,15740,15743,3,wave_A,0,0
S1,red,15743,15820,77,wave_A,0,0
S1,green,15820,15880,60,wave_A,0,0
S1,yellow,15880,15883,3,wave_A,0,0
S1,red,15883,15960,77,wave_A,0,0
S1,green,15960,16020,60,wave_A,0,0
S1,yellow,16020,16023,3,wave_A,0,0
S1,red,16023,16100,77,wave_A,0,0
S1,green,16100,16160,60,wave_A,0,0
S1,yellow,16160,16163,3,wave_A,0,0
S1,red,16163,16240,77,wave_A,0,0
S1,green,16240,16300,60,wave_A,0,0
S1,yellow,16300,16303,3,wave_A,0,0
S1,red,16303,16380,77,wave_A,0,0
S1,green,16380,16440,60,wave_A,0,0
S1,yellow,16440,16443,3,wave_A,0,0
S1,red,16443,16520,77,wave_A,0,0
S1,green,16520,16580,60,wave_A,0,0
S1,yellow,16580,16583,3,wave_A,0,0
S1,red,16583,16660,77,wave_A,0,0
S1,green,16660,16720,60,wave_A,0,0
S1,yellow,16720,16723,3,wave_A,0,0
S1,red,16723,16800,77,wave_A,0,0
S1,green,16800,16860,60,wave_A,0,0
S1,yellow,16860,16863,3,wave_A,0,0
S1,red,16863,16940,77,wave_A,0,0
S1,green,16940,17000,60,wave_A,0,0
S1,yellow,17000,17003,3,wave_A,0,0
S1,red,17003,17080,77,wave_A,0,0
S1,green,17080,17140,60,wave_A,0,0
S1,yellow,17140,17143,3,wave_A,0,0
S1,red,17143,17220,77,wave_A,0,0
S1,green,17220,17280,60,wave_A,0,0
S1,yellow,17280,17283,3,wave_A,0,0
S1,red,17283,17360,77,wave_A,0,0
S1,green,17360,17420,60,wave_A,0,0
S1,yellow,17420,17423,3,wave_A,0,0
S1,red,17423,17500,77,wave_A,0,0
S1,green,17500,17560,60,wave_A,0,0
S1,yellow,17560,17563,3,wave_A,0,0
S1,red,17563,17640,77,wave_A,0,0
S1,green,17640,17700,60,wave_A,0,0
S1,yellow,17700,17703,3,wave_A,0,0
S1,red,17703,17780,77,wave_A,0,0
S1,green,17780,17840,60,wave_A,0,0
S1,yellow,17840,17843,3,wave_A,0,0
S1,red,17843,17920,77,wave_A,0,0
S1,green,17920,17980,60,wave_A,0,0
S1,yellow,17980,17983,3,wave_A,0,0
S1,red,17983,18060,77,wave_A,0,0
S1,green,18060,18120,60,wave_A,0,0
S1,yellow,18120,18123,3,wave_A,0,0
S1,red,18123,18200,77,wave_A,0,0
S1,green,18200,18260,60,wave_A,0,0
S1,yellow,18260,18263,3,wave_A,0,0
S1,red,18263,18340,77,wave_A,0,0
S1,green,18340,18400,60,wave_A,0,0
S1,yellow,18400,18403,3,wave_A,0,0
S1,red,18403,18480,77,wave_A,0,0
S1,green,18480,18540,60,wave_A,0,0
S1,yellow,18540,18543,3,wave_A,0,0
S1,red,18543,18620,77,wave_A,0,0
S1,green,18620,18680,60,wave_A,0,0
S1,yellow,18680,18683,3,wave_A,0,0
S1,red,18683,18760,77,wave_A,0,0
S1,green,18760,18820,60,wave_A,0,0
S1,yellow,18820,18823,3,wave_A,0,0
S1,red,18823,18900,77,wave_A,0,0
S1,green,18900,18960,60,wave_A,0,0
S1,yellow,18960,18963,3,wave_A,0,0
S1,red,18963,19040,77,wave_A,0,0
S1,green,19040,19100,60,wave_A,0,0
S1,yellow,19100,19103,3,wave_A,0,0
S1,red,19103,19180,77,wave_A,0,0
S1,green,19180,19240,60,wave_A,0,0
S1,yellow,19240,19243,3,wave_A,0,0
S1,red,19243,19320,77,wave_A,0,0
S1,green,19320,19380,60,wave_A,0,0
S1,yellow,19380,19383,3,wave_A,0,0
S1,red,19383,19460,77,wave_A,0,0
S1,green,19460,19520,60,wave_A,0,0
S1,yellow,19520,19523,3,wave_A,0,0
S1,red,19523,19600,77,wave_A,0,0
S1,green,19600,19660,60,wave_A,0,0
S1,yellow,19660,19663,3,wave_A,0,0
S1,red,19663,19740,77,wave_A,0,0
S1,green,19740,19800,60,wave_A,0,0
S1,yellow,19800,19803,3,wave_A,0,0
S1,red,19803,19880,77,wave_A,0,0
S1,green,19880,19940,60,wave_A,0,0
S1,yellow,19940,19943,3,wave_A,0,0
S1,red,19943,20020,77,wave_A,0,0
S1,green,20020,20080,60,wave_A,0,0
S1,yellow,20080,20083,3,wave_A,0,0
S1,red,20083,20160,77,wave_A,0,0
S1,green,20160,20220,60,wave_A,0,0
S1,yellow,20220,20223,3,wave_A,0,0
S1,red,20223,20300,77,wave_A,0,0
S1,green,20300,20360,60,wave_A,0,0
S1,yellow,20360,20363,3,wave_A,0,0
S1,red,20363,20440,77,wave_A,0,0
S1,green,20440,20500,60,wave_A,0,0
S1,yellow,20500,20503,3,wave_A,0,0
S1,red,20503,20580,77,wave_A,0,0
S1,green,20580,20640,60,wave_A,0,0
S1,yellow,20640,20643,3,wave_A,0,0
S1,red,20643,20720,77,wave_A,0,0
S1,green,20720,20780,60,wave_A,0,0
S1,yellow,20780,20783,3,wave_A,0,0
S1,red,20783,20860,77,wave_A,0,0
S1,green,20860,20920,60,wave_A,0,0
S1,yellow,20920,20923,3,wave_A,0,0
S1,red,20923,21000,77,wave_A,0,0
S1,green,21000,21060,60,wave_A,0,0
S1,yellow,21060,21063,3,wave_A,0,0
S1,red,21063,21140,77,wave_A,0,0
S1,green,21140,21200,60,wave_A,0,0
S1,yellow,21200,21203,3,wave_A,0,0
S1,red,21203,21280,77,wave_A,0,0
S1,green,21280,21340,60,wave_A,0,0
S1,yellow,21340,21343,3,wave_A,0,0
S1,red,21343,21420,77,wave_A,0,0
S1,green,21420,21480,60,wave_A,0,0
S1,yellow,21480,21483,3,wave_A,0,0
S1,red,21483,21560,77,wave_A,0,0
S1,green,21560,21620,60,wave_A,0,0
S1,yellow,21620,21623,3,wave_A,0,0
S1,red,21623,21700,77,wave_A,0,0
S1,green,21700,21760,60,wave_A,0,0
S1,yellow,21760,21763,3,wave_A,0,0
S1,red,21763,21840,77,wave_A,0,0
S1,green,21840,21900,60,wave_A,0,0
S1,yellow,21900,21903,3,wave_A,0,0
S1,red,21903,21980,77,wave_A,0,0
S1,green,21980,22040,60,wave_A,0,0
S1,yellow,22040,22043,3,wave_A,0,0
S1,red,22043,22120,77,wave_A,0,0
S1,green,22120,22180,60,wave_A,0,0
S1,yellow,22180,22183,3,wave_A,0,0
S1,red,22183,22260,77,wave_A,0,0
S1,green,22260,22320,60,wave_A,0,0
S1,yellow,22320,22323,3,wave_A,0,0
S1,red,22323,22400,77,wave_A,0,0
S1,green,22400,22460,60,wave_A,0,0
S1,yellow,22460,22463,3,wave_A,0,0
S1,red,22463,22540,77,wave_A,0,0
S1,green,22540,22600,60,wave_A,0,0
S1,yellow,22600,22603,3,wave_A,0,0
S1,red,22603,22680,77,wave_A,0,0
S1,green,22680,22740,60,wave_A,0,0
S1,yellow,22740,22743,3,wave_A,0,0
S1,red,22743,22820,77,wave_A,0,0
S1,green,22820,22880,60,wave_A,0,0
S1,yellow,22880,22883,3,wave_A,0,0
S1,red,22883,22960,77,wave_A,0,0
S1,green,22960,23020,60,wave_A,0,0
S1,yellow,23020,23023,3,wave_A,0,0
S1,red,23023,23100,77,wave_A,0,0
S1,green,23100,23160,60,wave_A,0,0
S1,yellow,23160,23163,3,wave_A,0,0
S1,red,23163,23240,77,wave_A,0,0
S1,green,23240,23300,60,wave_A,0,0
S1,yellow,23300,23303,3,wave_A,0,0
S1,red,23303,23380,77,wave_A,0,0
S1,green,23380,23440,60,wave_A,0,0
S1,yellow,23440,23443,3,wave_A,0,0
S1,red,23443,23520,77,wave_A,0,0
S1,green,23520,23580,60,wave_A,0,0
S1,yellow,23580,23583,3,wave_A,0,0
S1,red,23583,23660,77,wave_A,0,0
S1,green,23660,23720,60,wave_A,0,0
S1,yellow,23720,23723,3,wave_A,0,0
S1,red,23723,23800,77,wave_A,0,0
S1,green,23800,23860,60,wave_A,0,0
S1,yellow,23860,23863,3,wave_A,0,0
S1,red,23863,23940,77,wave_A,0,0
S1,green,23940,24000,60,wave_A,0,0
S1,yellow,24000,24003,3,wave_A,0,0
S1,red,24003,24080,77,wave_A,0,0
S1,green,24080,24140,60,wave_A,0,0
S1,yellow,24140,24143,3,wave_A,0,0
S1,red,24143,24220,77,wave_A,0,0
S1,green,24220,24280,60,wave_A,0,0
S1,yellow,24280,24283,3,wave_A,0,0
S1,red,24283,24360,77,wave_A,0,0
S1,green,24360,24420,60,wave_A,0,0
S1,yellow,24420,24423,3,wave_A,0,0
S1,red,24423,24500,77,wave_A,0,0
S1,green,24500,24560,60,wave_A,0,0
S1,yellow,24560,24563,3,wave_A,0,0
S1,red,24563,24640,77,wave_A,0,0
S1,green,24640,24700,60,wave_A,0,0
S1,yellow,24700,24703,3,wave_A,0,0
S1,red,24703,24780,77,wave_A,0,0
S1,green,24780,24840,60,wave_A,0,0
S1,yellow,24840,24843,3,wave_A,0,0
S1,red,24843,24920,77,wave_A,0,0
S1,green,24920,24980,60,wave_A,0,0
S1,yellow,24980,24983,3,wave_A,0,0
S1,red,24983,25060,77,wave_A,0,0
S1,green,25060,25120,60,wave_A,0,0
S1,yellow,25120,25123,3,wave_A,0,0
S1,red,25123,25200,77,wave_A,0,0
S1,green,25200,25260,60,wave_A,0,0
S1,yellow,25260,25263,3,wave_A,0,0
S1,red,25263,25340,77,wave_A,0,0
S1,green,25340,25400,60,wave_A,0,0
S1,yellow,25400,25403,3,wave_A,0,0
S1,red,25403,25480,77,wave_A,0,0
S1,green,25480,25540,60,wave_A,0,0
S1,yellow,25540,25543,3,wave_A,0,0
S1,red,25543,25620,77,wave_A,0,0
S1,green,25620,25680,60,wave_A,0,0
S1,yellow,25680,25683,3,wave_A,0,0
S1,red,25683,25760,77,wave_A,0,0
S1,green,25760,25820,60,wave_A,0,0
S1,yellow,25820,25823,3,wave_A,0,0
S1,red,25823,25900,77,wave_A,0,0
S1,green,25900,25960,60,wave_A,0,0
S1,yellow,25960,25963,3,wave_A,0,0
S1,red,25963,26040,77,wave_A,0,0
S1,green,26040,26100,60,wave_A,0,0
S1,yellow,26100,26103,3,wave_A,0,0
S1,red,26103,26180,77,wave_A,0,0
S1,green,26180,26240,60,wave_A,0,0
S1,yellow,26240,26243,3,wave_A,0,0
S1,red,26243,26320,77,wave_A,0,0
S1,green,26320,26380,60,wave_A,0,0
S1,yellow,26380,26383,3,wave_A,0,0
S1,red,26383,26460,77,wave_A,0,0
S1,green,26460,26520,60,wave_A,0,0
S1,yellow,26520,26523,3,wave_A,0,0
S1,red,26523,26600,77,wave_A,0,0
S1,green,26600,26660,60,wave_A,0,0
S1,yellow,26660,26663,3,wave_A,0,0
S1,red,26663,26740,77,wave_A,0,0
S1,green,26740,26800,60,wave_A,0,0
S1,yellow,26800,26803,3,wave_A,0,0
S1,red,26803,26880,77,wave_A,0,0
S1,green,26880,26940,60,wave_A,0,0
S1,yellow,26940,26943,3,wave_A,0,0
S1,red,26943,27020,77,wave_A,0,0
S1,green,27020,27080,60,wave_A,0,0
S1,yellow,27080,27083,3,wave_A,0,0
S1,red,27083,27160,77,wave_A,0,0
S1,green,27160,27220,60,wave_A,0,0
S1,yellow,27220,27223,3,wave_A,0,0
S1,red,27223,27300,77,wave_A,0,0
S1,green,27300,27360,60,wave_A,0,0
S1,yellow,27360,27363,3,wave_A,0,0
S1,red,27363,27440,77,wave_A,0,0
S1,green,27440,27500,60,wave_A,0,0
S1,yellow,27500,27503,3,wave_A,0,0
S1,red,27503,27580,77,wave_A,0,0
S1,green,27580,27640,60,wave_A,0,0
S1,yellow,27640,27643,3,wave_A,0,0
S1,red,27643,27720,77,wave_A,0,0
S1,green,27720,27780,60,wave_A,0,0
S1,yellow,27780,27783,3,wave_A,0,0
S1,red,27783,27860,77,wave_A,0,0
S1,green,27860,27920,60,wave_A,0,0
S1,yellow,27920,27923,3,wave_A,0,0
S1,red,27923,28000,77,wave_A,0,0
S1,green,28000,28060,60,wave_A,0,0
S1,yellow,28060,28063,3,wave_A,0,0
S1,red,28063,28140,77,wave_A,0,0
S1,green,28140,28200,60,wave_A,0,0
S1,yellow,28200,28203,3,wave_A,0,0
S1,red,28203,28280,77,wave_A,0,0
S1,green,28280,28340,60,wave_A,0,0
S1,yellow,28340,28343,3,wave_A,0,0
S1,red,28343,28420,77,wave_A,0,0
S1,green,28420,28480,60,wave_A,0,0
S1,yellow,28480,28483,3,wave_A,0,0
S1,red,28483,28560,77,wave_A,0,0
S1,green,28560,28620,60,wave_A,0,0
S1,yellow,28620,28623,3,wave_A,0,0
S1,red,28623,28700,77,wave_A,0,0
S1,green,28700,28760,60,wave_A,0,0
S1,yellow,28760,28763,3,wave_A,0,0
S1,red,28763,28840,77,wave_A,0,0
S1,green,28840,28900,60,wave_A,0,0
S1,yellow,28900,28903,3,wave_A,0,0
S1,red,28903,28980,77,wave_A,0,0
S1,green,28980,29040,60,wave_A,0,0
S1,yellow,29040,29043,3,wave_A,0,0
S1,red,29043,29120,77,wave_A,0,0
S1,green,29120,29180,60,wave_A,0,0
S1,yellow,29180,29183,3,wave_A,0,0
S1,red,29183,29260,77,wave_A,0,0
S1,green,29260,29320,60,wave_A,0,0
S1,yellow,29320,29323,3,wave_A,0,0
S1,red,29323,29400,77,wave_A,0,0
S1,green,29400,29460,60,wave_A,0,0
S1,yellow,29460,29463,3,wave_A,0,0
S1,red,29463,29540,77,wave_A,0,0
S1,green,29540,29600,60,wave_A,0,0
S1,yellow,29600,29603,3,wave_A,0,0
S1,red,29603,29680,77,wave_A,0,0
S1,green,29680,29740,60,wave_A,0,0
S1,yellow,29740,29743,3,wave_A,0,0
S1,red,29743,29820,77,wave_A,0,0
S1,green,29820,29880,60,wave_A,0,0
S1,yellow,29880,29883,3,wave_A,0,0
S1,red,29883,29960,77,wave_A,0,0
S1,green,29960,30020,60,wave_A,0,0
S1,yellow,30020,30023,3,wave_A,0,0
S1,red,30023,30100,77,wave_A,0,0
S1,green,30100,30160,60,wave_A,0,0
S1,yellow,30160,30163,3,wave_A,0,0
S1,red,30163,30240,77,wave_A,0,0
S1,green,30240,30300,60,wave_A,0,0
S1,yellow,30300,30303,3,wave_A,0,0
S1,red,30303,30380,77,wave_A,0,0
S1,green,30380,30440,60,wave_A,0,0
S1,yellow,30440,30443,3,wave_A,0,0
S1,red,30443,30520,77,wave_A,0,0
S1,green,30520,30580,60,wave_A,0,0
S1,yellow,30580,30583,3,wave_A,0,0
S1,red,30583,30660,77,wave_A,0,0
S1,green,30660,30720,60,wave_A,0,0
S1,yellow,30720,30723,3,wave_A,0,0
S1,red,30723,30800,77,wave_A,0,0
S1,green,30800,30860,60,wave_A,0,0
S1,yellow,30860,30863,3,wave_A,0,0
S1,red,30863,30940,77,wave_A,0,0
S1,green,30940,31000,60,wave_A,0,0
S1,yellow,31000,31003,3,wave_A,0,0
S1,red,31003,31080,77,wave_A,0,0
S1,green,31080,31140,60,wave_A,0,0
S1,yellow,31140,31143,3,wave_A,0,0
S1,red,31143,31220,77,wave_A,0,0
S1,green,31220,31280,60,wave_A,0,0
S1,yellow,31280,31283,3,wave_A,0,0
S1,red,31283,31360,77,wave_A,0,0
S1,green,31360,31420,60,wave_A,0,0
S1,yellow,31420,31423,3,wave_A,0,0
S1,red,31423,31500,77,wave_A,0,0
S1,green,31500,31560,60,wave_A,0,0
S1,yellow,31560,31563,3,wave_A,0,0
S1,red,31563,31640,77,wave_A,0,0
S1,green,31640,31700,60,wave_A,0,0
S1,yellow,31700,31703,3,wave_A,0,0
S1,red,31703,31780,77,wave_A,0,0
S1,green,31780,31840,60,wave_A,0,0
S1,yellow,31840,31843,3,wave_A,0,0
S1,red,31843,31920,77,wave_A,0,0
S1,green,31920,31980,60,wave_A,0,0
S1,yellow,31980,31983,3,wave_A,0,0
S1,red,31983,32060,77,wave_A,0,0
S1,green,32060,32120,60,wave_A,0,0
S1,yellow,32120,32123,3,wave_A,0,0
S1,red,32123,32200,77,wave_A,0,0
S1,green,32200,32260,60,wave_A,0,0
S1,yellow,32260,32263,3,wave_A,0,0
S1,red,32263,32340,77,wave_A,0,0
S1,green,32340,32400,60,wave_A,0,0
S1,yellow,32400,32403,3,wave_A,0,0
S1,red,32403,32480,77,wave_A,0,0
S1,green,32480,32540,60,wave_A,0,0
S1,yellow,32540,32543,3,wave_A,0,0
S1,red,32543,32620,77,wave_A,0,0
S1,green,32620,32680,60,wave_A,0,0
S1,yellow,32680,32683,3,wave_A,0,0
S1,red,32683,32760,77,wave_A,0,0
S1,green,32760,32820,60,wave_A,0,0
S1,yellow,32820,32823,3,wave_A,0,0
S1,red,32823,32900,77,wave_A,0,0
S1,green,32900,32960,60,wave_A,0,0
S1,yellow,32960,32963,3,wave_A,0,0
S1,red,32963,33040,77,wave_A,0,0
S1,green,33040,33100,60,wave_A,0,0
S1,yellow,33100,33103,3,wave_A,0,0
S1,red,33103,33180,77,wave_A,0,0
S1,green,33180,33240,60,wave_A,0,0
S1,yellow,33240,33243,3,wave_A,0,0
S1,red,33243,33320,77,wave_A,0,0
S1,green,33320,33380,60,wave_A,0,0
S1,yellow,33380,33383,3,wave_A,0,0
S1,red,33383,33460,77,wave_A,0,0
S1,green,33460,33520,60,wave_A,0,0
S1,yellow,33520,33523,3,wave_A,0,0
S1,red,33523,33600,77,wave_A,0,0
S1,green,33600,33660,60,wave_A,0,0
S1,yellow,33660,33663,3,wave_A,0,0
S1,red,33663,33740,77,wave_A,0,0
S1,green,33740,33800,60,wave_A,0,0
S1,yellow,33800,33803,3,wave_A,0,0
S1,red,33803,33880,77,wave_A,0,0
S1,green,33880,33940,60,wave_A,0,0
S1,yellow,33940,33943,3,wave_A,0,0
S1,red,33943,34020,77,wave_A,0,0
S1,green,34020,34080,60,wave_A,0,0
S1,yellow,34080,34083,3,wave_A,0,0
S1,red,34083,34160,77,wave_A,0,0
S1,green,34160,34220,60,wave_A,0,0
S1,yellow,34220,34223,3,wave_A,0,0
S1,red,34223,34300,77,wave_A,0,0
S1,green,34300,34360,60,wave_A,0,0
S1,yellow,34360,34363,3,wave_A,0,0
S1,red,34363,34440,77,wave_A,0,0
S1,green,34440,34500,60,wave_A,0,0
S1,yellow,34500,34503,3,wave_A,0,0
S1,red,34503,34580,77,wave_A,0,0
S1,green,34580,34640,60,wave_A,0,0
S1,yellow,34640,34643,3,wave_A,0,0
S1,red,34643,34720,77,wave_A,0,0
S1,green,34720,34780,60,wave_A,0,0
S1,yellow,34780,34783,3,wave_A,0,0
S1,red,34783,34860,77,wave_A,0,0
S1,green,34860,34920,60,wave_A,0,0
S1,yellow,34920,34923,3,wave_A,0,0
S1,red,34923,35000,77,wave_A,0,0
S1,green,35000,35060,60,wave_A,0,0
S1,yellow,35060,35063,3,wave_A,0,0
S1,red,35063,35140,77,wave_A,0,0
S1,green,35140,35200,60,wave_A,0,0
S1,yellow,35200,35203,3,wave_A,0,0
S1,red,35203,35280,77,wave_A,0,0
S1,green,35280,35340,60,wave_A,0,0
S1,yellow,35340,35343,3,wave_A,0,0
S1,red,35343,35420,77,wave_A,0,0
S1,green,35420,35480,60,wave_A,0,0
S1,yellow,35480,35483,3,wave_A,0,0
S1,red,35483,35560,77,wave_A,0,0
S1,green,35560,35620,60,wave_A,0,0
S1,yellow,35620,35623,3,wave_A,0,0
S1,red,35623,35700,77,wave_A,0,0
S1,green,35700,35760,60,wave_A,0,0
S1,yellow,35760,35763,3,wave_A,0,0
S1,red,35763,35840,77,wave_A,0,0
S1,green,35840,35900,60,wave_A,0,0
S1,yellow,35900,35903,3,wave_A,0,0
S1,red,35903,35980,77,wave_A,0,0
S1,green,35980,36040,60,wave_A,0,0
S1,yellow,36040,36043,3,wave_A,0,0
S1,red,36043,36120,77,wave_A,0,0
S1,green,36120,36180,60,wave_A,0,0
S1,yellow,36180,36183,3,wave_A,0,0
S1,red,36183,36260,77,wave_A,0,0
S1,green,36260,36320,60,wave_A,0,0
S1,yellow,36320,36323,3,wave_A,0,0
S1,red,36323,36400,77,wave_A,0,0
S1,green,36400,36460,60,wave_A,0,0
S1,yellow,36460,36463,3,wave_A,0,0
S1,red,36463,36540,77,wave_A,0,0
S1,green,36540,36600,60,wave_A,0,0
S1,yellow,36600,36603,3,wave_A,0,0
S1,red,36603,36680,77,wave_A,0,0
S1,green,36680,36740,60,wave_A,0,0
S1,yellow,36740,36743,3,wave_A,0,0
S1,red,36743,36820,77,wave_A,0,0
S1,green,36820,36880,60,wave_A,0,0
S1,yellow,36880,36883,3,wave_A,0,0
S1,red,36883,36960,77,wave_A,0,0
S1,green,36960,37020,60,wave_A,0,0
S1,yellow,37020,37023,3,wave_A,0,0
S1,red,37023,37100,77,wave_A,0,0
S1,green,37100,37160,60,wave_A,0,0
S1,yellow,37160,37163,3,wave_A,0,0
S1,red,37163,37240,77,wave_A,0,0
S1,green,37240,37300,60,wave_A,0,0
S1,yellow,37300,37303,3,wave_A,0,0
S1,red,37303,37380,77,wave_A,0,0
S1,green,37380,37440,60,wave_A,0,0
S1,yellow,37440,37443,3,wave_A,0,0
S1,red,37443,37520,77,wave_A,0,0
S1,green,37520,37580,60,wave_A,0,0
S1,yellow,37580,37583,3,wave_A,0,0
S1,red,37583,37660,77,wave_A,0,0
S1,green,37660,37720,60,wave_A,0,0
S1,yellow,37720,37723,3,wave_A,0,0
S1,red,37723,37800,77,wave_A,0,0
S1,green,37800,37860,60,wave_A,0,0
S1,yellow,37860,37863,3,wave_A,0,0
S1,red,37863,37940,77,wave_A,0,0
S1,green,37940,38000,60,wave_A,0,0
S1,yellow,38000,38003,3,wave_A,0,0
S1,red,38003,38080,77,wave_A,0,0
S1,green,38080,38140,60,wave_A,0,0
S1,yellow,38140,38143,3,wave_A,0,0
S1,red,38143,38220,77,wave_A,0,0
S1,green,38220,38280,60,wave_A,0,0
S1,yellow,38280,38283,3,wave_A,0,0
S1,red,38283,38360,77,wave_A,0,0
S1,green,38360,38420,60,wave_A,0,0
S1,yellow,38420,38423,3,wave_A,0,0
S1,red,38423,38500,77,wave_A,0,0
S1,green,38500,38560,60,wave_A,0,0
S1,yellow,38560,38563,3,wave_A,0,0
S1,red,38563,38640,77,wave_A,0,0
S1,green,38640,38700,60,wave_A,0,0
S1,yellow,38700,38703,3,wave_A,0,0
S1,red,38703,38780,77,wave_A,0,0
S1,green,38780,38840,60,wave_A,0,0
S1,yellow,38840,38843,3,wave_A,0,0
S1,red,38843,38920,77,wave_A,0,0
S1,green,38920,38980,60,wave_A,0,0
S1,yellow,38980,38983,3,wave_A,0,0
S1,red,38983,39060,77,wave_A,0,0
S1,green,39060,39120,60,wave_A,0,0
S1,yellow,39120,39123,3,wave_A,0,0
S1,red,39123,39200,77,wave_A,0,0
S1,green,39200,39260,60,wave_A,0,0
S1,yellow,39260,39263,3,wave_A,0,0
S1,red,39263,39340,77,wave_A,0,0
S1,green,39340,39400,60,wave_A,0,0
S1,yellow,39400,39403,3,wave_A,0,0
S1,red,39403,39480,77,wave_A,0,0
S1,green,39480,39540,60,wave_A,0,0
S1,yellow,39540,39543,3,wave_A,0,0
S1,red,39543,39620,77,wave_A,0,0
S1,green,39620,39680,60,wave_A,0,0
S1,yellow,39680,39683,3,wave_A,0,0
S1,red,39683,39760,77,wave_A,0,0
S1,green,39760,39820,60,wave_A,0,0
S1,yellow,39820,39823,3,wave_A,0,0
S1,red,39823,39900,77,wave_A,0,0
S1,green,39900,39960,60,wave_A,0,0
S1,yellow,39960,39963,3,wave_A,0,0
S1,red,39963,40040,77,wave_A,0,0
S1,green,40040,40100,60,wave_A,0,0
S1,yellow,40100,40103,3,wave_A,0,0
S1,red,40103,40180,77,wave_A,0,0
S1,green,40180,40240,60,wave_A,0,0
S1,yellow,40240,40243,3,wave_A,0,0
S1,red,40243,40320,77,wave_A,0,0
S1,green,40320,40380,60,wave_A,0,0
S1,yellow,40380,40383,3,wave_A,0,0
S1,red,40383,40460,77,wave_A,0,0
S1,green,40460,40520,60,wave_A,0,0
S1,yellow,40520,40523,3,wave_A,0,0
S1,red,40523,40600,77,wave_A,0,0
S1,green,40600,40660,60,wave_A,0,0
S1,yellow,40660,40663,3,wave_A,0,0
S1,red,40663,40740,77,wave_A,0,0
S1,green,40740,40800,60,wave_A,0,0
S1,yellow,40800,40803,3,wave_A,0,0
S1,red,40803,40880,77,wave_A,0,0
S1,green,40880,40940,60,wave_A,0,0
S1,yellow,40940,40943,3,wave_A,0,0
S1,red,40943,41020,77,wave_A,0,0
S1,green,41020,41080,60,wave_A,0,0
S1,yellow,41080,41083,3,wave_A,0,0
S1,red,41083,41160,77,wave_A,0,0
S1,green,41160,41220,60,wave_A,0,0
S1,yellow,41220,41223,3,wave_A,0,0
S1,red,41223,41300,77,wave_A,0,0
S1,green,41300,41360,60,wave_A,0,0
S1,yellow,41360,41363,3,wave_A,0,0
S1,red,41363,41440,77,wave_A,0,0
S1,green,41440,41500,60,wave_A,0,0
S1,yellow,41500,41503,3,wave_A,0,0
S1,red,41503,41580,77,wave_A,0,0
S1,green,41580,41640,60,wave_A,0,0
S1,yellow,41640,41643,3,wave_A,0,0
S1,red,41643,41720,77,wave_A,0,0
S1,green,41720,41780,60,wave_A,0,0
S1,yellow,41780,41783,3,wave_A,0,0
S1,red,41783,41860,77,wave_A,0,0
S1,green,41860,41920,60,wave_A,0,0
S1,yellow,41920,41923,3,wave_A,0,0
S1,red,41923,42000,77,wave_A,0,0
S1,green,42000,42060,60,wave_A,0,0
S1,yellow,42060,42063,3,wave_A,0,0
S1,red,42063,42140,77,wave_A,0,0
S1,green,42140,42200,60,wave_A,0,0
S1,yellow,42200,42203,3,wave_A,0,0
S1,red,42203,42280,77,wave_A,0,0
S1,green,42280,42340,60,wave_A,0,0
S1,yellow,42340,42343,3,wave_A,0,0
S1,red,42343,42420,77,wave_A,0,0
S1,green,42420,42480,60,wave_A,0,0
S1,yellow,42480,42483,3,wave_A,0,0
S1,red,42483,42560,77,wave_A,0,0
S1,green,42560,42620,60,wave_A,0,0
S1,yellow,42620,42623,3,wave_A,0,0
S1,red,42623,42700,77,wave_A,0,0
S1,green,42700,42760,60,wave_A,0,0
S1,yellow,42760,42763,3,wave_A,0,0
S1,red,42763,42840,77,wave_A,0,0
S1,green,42840,42900,60,wave_A,0,0
S1,yellow,42900,42903,3,wave_A,0,0
S1,red,42903,42980,77,wave_A,0,0
S1,green,42980,43040,60,wave_A,0,0
S1,yellow,43040,43043,3,wave_A,0,0
S1,red,43043,43120,77,wave_A,0,0
S1,green,43120,43180,60,wave_A,0,0
S1,yellow,43180,43183,3,wave_A,0,0
S1,red,43183,43260,77,wave_A,0,0
S1,green,43260,43320,60,wave_A,0,0
S1,yellow,43320,43323,3,wave_A,0,0
S1,red,43323,43400,77,wave_A,0,0
S1,green,43400,43460,60,wave_A,0,0
S1,yellow,43460,43463,3,wave_A,0,0
S1,red,43463,43540,77,wave_A,0,0
S1,green,43540,43600,60,wave_A,0,0
S1,yellow,43600,43603,3,wave_A,0,0
S1,red,43603,43680,77,wave_A,0,0
S1,green,43680,43740,60,wave_A,0,0
S1,yellow,43740,43743,3,wave_A,0,0
S1,red,43743,43820,77,wave_A,0,0
S1,green,43820,43880,60,wave_A,0,0
S1,yellow,43880,43883,3,wave_A,0,0
S1,red,43883,43960,77,wave_A,0,0
S1,green,43960,44020,60,wave_A,0,0
S1,yellow,44020,44023,3,wave_A,0,0
S1,red,44023,44100,77,wave_A,0,0
S1,green,44100,44160,60,wave_A,0,0
S1,yellow,44160,44163,3,wave_A,0,0
S1,red,44163,44240,77,wave_A,0,0
S1,green,44240,44300,60,wave_A,0,0
S1,yellow,44300,44303,3,wave_A,0,0
S1,red,44303,44380,77,wave_A,0,0
S1,green,44380,44440,60,wave_A,0,0
S1,yellow,44440,44443,3,wave_A,0,0
S1,red,44443,44520,77,wave_A,0,0
S1,green,44520,44580,60,wave_A,0,0
S1,yellow,44580,44583,3,wave_A,0,0
S1,red,44583,44660,77,wave_A,0,0
S1,green,44660,44720,60,wave_A,0,0
S1,yellow,44720,44723,3,wave_A,0,0
S1,red,44723,44800,77,wave_A,0,0
S1,green,44800,44860,60,wave_A,0,0
S1,yellow,44860,44863,3,wave_A,0,0
S1,red,44863,44940,77,wave_A,0,0
S1,green,44940,45000,60,wave_A,0,0
S1,yellow,45000,45003,3,wave_A,0,0
S1,red,45003,45080,77,wave_A,0,0
S1,green,45080,45140,60,wave_A,0,0
S1,yellow,45140,45143,3,wave_A,0,0
S1,red,45143,45220,77,wave_A,0,0
S1,green,45220,45280,60,wave_A,0,0
S1,yellow,45280,45283,3,wave_A,0,0
S1,red,45283,45360,77,wave_A,0,0
S1,green,45360,45420,60,wave_A,0,0
S1,yellow,45420,45423,3,wave_A,0,0
S1,red,45423,45500,77,wave_A,0,0
S1,green,45500,45560,60,wave_A,0,0
S1,yellow,45560,45563,3,wave_A,0,0
S1,red,45563,45640,77,wave_A,0,0
S1,green,45640,45700,60,wave_A,0,0
S1,yellow,45700,45703,3,wave_A,0,0
S1,red,45703,45780,77,wave_A,0,0
S1,green,45780,45840,60,wave_A,0,0
S1,yellow,45840,45843,3,wave_A,0,0
S1,red,45843,45920,77,wave_A,0,0
S1,green,45920,45980,60,wave_A,0,0
S1,yellow,45980,45983,3,wave_A,0,0
S1,red,45983,46060,77,wave_A,0,0
S1,green,46060,46120,60,wave_A,0,0
S1,yellow,46120,46123,3,wave_A,0,0
S1,red,46123,46200,77,wave_A,0,0
S1,green,46200,46260,60,wave_A,0,0
S1,yellow,46260,46263,3,wave_A,0,0
S1,red,46263,46340,77,wave_A,0,0
S1,green,46340,46400,60,wave_A,0,0
S1,yellow,46400,46403,3,wave_A,0,0
S1,red,46403,46480,77,wave_A,0,0
S1,green,46480,46540,60,wave_A,0,0
S1,yellow,46540,46543,3,wave_A,0,0
S1,red,46543,46620,77,wave_A,0,0
S1,green,46620,46680,60,wave_A,0,0
S1,yellow,46680,46683,3,wave_A,0,0
S1,red,46683,46760,77,wave_A,0,0
S1,green,46760,46820,60,wave_A,0,0
S1,yellow,46820,46823,3,wave_A,0,0
S1,red,46823,46900,77,wave_A,0,0
S1,green,46900,46960,60,wave_A,0,0
S1,yellow,46960,46963,3,wave_A,0,0
S1,red,46963,47040,77,wave_A,0,0
S1,green,47040,47100,60,wave_A,0,0
S1,yellow,47100,47103,3,wave_A,0,0
S1,red,47103,47180,77,wave_A,0,0
S1,green,47180,47240,60,wave_A,0,0
S1,yellow,47240,47243,3,wave_A,0,0
S1,red,47243,47320,77,wave_A,0,0
S1,green,47320,47380,60,wave_A,0,0
S1,yellow,47380,47383,3,wave_A,0,0
S1,red,47383,47460,77,wave_A,0,0
S1,green,47460,47520,60,wave_A,0,0
S1,yellow,47520,47523,3,wave_A,0,0
S1,red,47523,47600,77,wave_A,0,0
S1,green,47600,47660,60,wave_A,0,0
S1,yellow,47660,47663,3,wave_A,0,0
S1,red,47663,47740,77,wave_A,0,0
S1,green,47740,47800,60,wave_A,0,0
S1,yellow,47800,47803,3,wave_A,0,0
S1,red,47803,47880,77,wave_A,0,0
S1,green,47880,47940,60,wave_A,0,0
S1,yellow,47940,47943,3,wave_A,0,0
S1,red,47943,48020,77,wave_A,0,0
S1,green,48020,48080,60,wave_A,0,0
S1,yellow,48080,48083,3,wave_A,0,0
S1,red,48083,48160,77,wave_A,0,0
S1,green,48160,48220,60,wave_A,0,0
S1,yellow,48220,48223,3,wave_A,0,0
S1,red,48223,48300,77,wave_A,0,0
S1,green,48300,48360,60,wave_A,0,0
S1,yellow,48360,48363,3,wave_A,0,0
S1,red,48363,48440,77,wave_A,0,0
S1,green,48440,48500,60,wave_A,0,0
S1,yellow,48500,48503,3,wave_A,0,0
S1,red,48503,48580,77,wave_A,0,0
S1,green,48580,48640,60,wave_A,0,0
S1,yellow,48640,48643,3,wave_A,0,0
S1,red,48643,48720,77,wave_A,0,0
S1,green,48720,48780,60,wave_A,0,0
S1,yellow,48780,48783,3,wave_A,0,0
S1,red,48783,48860,77,wave_A,0,0
S1,green,48860,48920,60,wave_A,0,0
S1,yellow,48920,48923,3,wave_A,0,0
S1,red,48923,49000,77,wave_A,0,0
S1,green,49000,49060,60,wave_A,0,0
S1,yellow,49060,49063,3,wave_A,0,0
S1,red,49063,49140,77,wave_A,0,0
S1,green,49140,49200,60,wave_A,0,0
S1,yellow,49200,49203,3,wave_A,0,0
S1,red,49203,49280,77,wave_A,0,0
S1,green,49280,49340,60,wave_A,0,0
S1,yellow,49340,49343,3,wave_A,0,0
S1,red,49343,49420,77,wave_A,0,0
S1,green,49420,49480,60,wave_A,0,0
S1,yellow,49480,49483,3,wave_A,0,0
S1,red,49483,49560,77,wave_A,0,0
S1,green,49560,49620,60,wave_A,0,0
S1,yellow,49620,49623,3,wave_A,0,0
S1,red,49623,49700,77,wave_A,0,0
S1,green,49700,49760,60,wave_A,0,0
S1,yellow,49760,49763,3,wave_A,0,0
S1,red,49763,49840,77,wave_A,0,0
S1,green,49840,49900,60,wave_A,0,0
S1,yellow,49900,49903,3,wave_A,0,0
S1,red,49903,49980,77,wave_A,0,0
S1,green,49980,50040,60,wave_A,0,0
S1,yellow,50040,50043,3,wave_A,0,0
S1,red,50043,50120,77,wave_A,0,0
S1,green,50120,50180,60,wave_A,0,0
S1,yellow,50180,50183,3,wave_A,0,0
S1,red,50183,50260,77,wave_A,0,0
S1,green,50260,50320,60,wave_A,0,0
S1,yellow,50320,50323,3,wave_A,0,0
S1,red,50323,50400,77,wave_A,0,0
S1,green,50400,50460,60,wave_A,0,0
S1,yellow,50460,50463,3,wave_A,0,0
S1,red,50463,50540,77,wave_A,0,0
S1,green,50540,50600,60,wave_A,0,0
S1,yellow,50600,50603,3,wave_A,0,0
S1,red,50603,50680,77,wave_A,0,0
S1,green,50680,50740,60,wave_A,0,0
S1,yellow,50740,50743,3,wave_A,0,0
S1,red,50743,50820,77,wave_A,0,0
S1,green,50820,50880,60,wave_A,0,0
S1,yellow,50880,50883,3,wave_A,0,0
S1,red,50883,50960,77,wave_A,0,0
S1,green,50960,51020,60,wave_A,0,0
S1,yellow,51020,51023,3,wave_A,0,0
S1,red,51023,51100,77,wave_A,0,0
S1,green,51100,51160,60,wave_A,0,0
S1,yellow,51160,51163,3,wave_A,0,0
S1,red,51163,51240,77,wave_A,0,0
S1,green,51240,51300,60,wave_A,0,0
S1,yellow,51300,51303,3,wave_A,0,0
S1,red,51303,51380,77,wave_A,0,0
S1,green,51380,51440,60,wave_A,0,0
S1,yellow,51440,51443,3,wave_A,0,0
S1,red,51443,51520,77,wave_A,0,0
S1,green,51520,51580,60,wave_A,0,0
S1,yellow,51580,51583,3,wave_A,0,0
S1,red,51583,51660,77,wave_A,0,0
S1,green,51660,51720,60,wave_A,0,0
S1,yellow,51720,51723,3,wave_A,0,0
S1,red,51723,51800,77,wave_A,0,0
S1,green,51800,51860,60,wave_A,0,0
S1,yellow,51860,51863,3,wave_A,0,0
S1,red,51863,51940,77,wave_A,0,0
S1,green,51940,52000,60,wave_A,0,0
S1,yellow,52000,52003,3,wave_A,0,0
S1,red,52003,52080,77,wave_A,0,0
S1,green,52080,52140,60,wave_A,0,0
S1,yellow,52140,52143,3,wave_A,0,0
S1,red,52143,52220,77,wave_A,0,0
S1,green,52220,52280,60,wave_A,0,0
S1,yellow,52280,52283,3,wave_A,0,0
S1,red,52283,52360,77,wave_A,0,0
S1,green,52360,52420,60,wave_A,0,0
S1,yellow,52420,52423,3,wave_A,0,0
S1,red,52423,52500,77,wave_A,0,0
S1,green,52500,52560,60,wave_A,0,0
S1,yellow,52560,52563,3,wave_A,0,0
S1,red,52563,52640,77,wave_A,0,0
S1,green,52640,52700,60,wave_A,0,0
S1,yellow,52700,52703,3,wave_A,0,0
S1,red,52703,52780,77,wave_A,0,0
S1,green,52780,52840,60,wave_A,0,0
S1,yellow,52840,52843,3,wave_A,0,0
S1,red,52843,52920,77,wave_A,0,0
S1,green,52920,52980,60,wave_A,0,0
S1,yellow,52980,52983,3,wave_A,0,0
S1,red,52983,53060,77,wave_A,0,0
S1,green,53060,53120,60,wave_A,0,0
S1,yellow,53120,53123,3,wave_A,0,0
S1,red,53123,53200,77,wave_A,0,0
S1,green,53200,53260,60,wave_A,0,0
S1,yellow,53260,53263,3,wave_A,0,0
S1,red,53263,53340,77,wave_A,0,0
S1,green,53340,53400,60,wave_A,0,0
S1,yellow,53400,53403,3,wave_A,0,0
S1,red,53403,53480,77,wave_A,0,0
S1,green,53480,53540,60,wave_A,0,0
S1,yellow,53540,53543,3,wave_A,0,0
S1,red,53543,53620,77,wave_A,0,0
S1,green,53620,53680,60,wave_A,0,0
S1,yellow,53680,53683,3,wave_A,0,0
S1,red,53683,53760,77,wave_A,0,0
S1,green,53760,53820,60,wave_A,0,0
S1,yellow,53820,53823,3,wave_A,0,0
S1,red,53823,53900,77,wave_A,0,0
S1,green,53900,53960,60,wave_A,0,0
S1,yellow,53960,53963,3,wave_A,0,0
S1,red,53963,54040,77,wave_A,0,0
S1,green,54040,54100,60,wave_A,0,0
S1,yellow,54100,54103,3,wave_A,0,0
S1,red,54103,54180,77,wave_A,0,0
S1,green,54180,54240,60,wave_A,0,0
S1,yellow,54240,54243,3,wave_A,0,0
S1,red,54243,54320,77,wave_A,0,0
S1,green,54320,54380,60,wave_A,0,0
S1,yellow,54380,54383,3,wave_A,0,0
S1,red,54383,54460,77,wave_A,0,0
S1,green,54460,54520,60,wave_A,0,0
S1,yellow,54520,54523,3,wave_A,0,0
S1,red,54523,54600,77,wave_A,0,0
S1,green,54600,54660,60,wave_A,0,0
S1,yellow,54660,54663,3,wave_A,0,0
S1,red,54663,54740,77,wave_A,0,0
S1,green,54740,54800,60,wave_A,0,0
S1,yellow,54800,54803,3,wave_A,0,0
S1,red,54803,54880,77,wave_A,0,0
S1,green,54880,54940,60,wave_A,0,0
S1,yellow,54940,54943,3,wave_A,0,0
S1,red,54943,55020,77,wave_A,0,0
S1,green,55020,55080,60,wave_A,0,0
S1,yellow,55080,55083,3,wave_A,0,0
S1,red,55083,55160,77,wave_A,0,0
S1,green,55160,55220,60,wave_A,0,0
S1,yellow,55220,55223,3,wave_A,0,0
S1,red,55223,55300,77,wave_A,0,0
S1,green,55300,55360,60,wave_A,0,0
S1,yellow,55360,55363,3,wave_A,0,0
S1,red,55363,55440,77,wave_A,0,0
S1,green,55440,55500,60,wave_A,0,0
S1,yellow,55500,55503,3,wave_A,0,0
S1,red,55503,55580,77,wave_A,0,0
S1,green,55580,55640,60,wave_A,0,0
S1,yellow,55640,55643,3,wave_A,0,0
S1,red,55643,55720,77,wave_A,0,0
S1,green,55720,55780,60,wave_A,0,0
S1,yellow,55780,55783,3,wave_A,0,0
S1,red,55783,55860,77,wave_A,0,0
S1,green,55860,55920,60,wave_A,0,0
S1,yellow,55920,55923,3,wave_A,0,0
S1,red,55923,56000,77,wave_A,0,0
S1,green,56000,56060,60,wave_A,0,0
S1,yellow,56060,56063,3,wave_A,0,0
S1,red,56063,56140,77,wave_A,0,0
S1,green,56140,56200,60,wave_A,0,0
S1,yellow,56200,56203,3,wave_A,0,0
S1,red,56203,56280,77,wave_A,0,0
S1,green,56280,56340,60,wave_A,0,0
S1,yellow,56340,56343,3,wave_A,0,0
S1,red,56343,56420,77,wave_A,0,0
S1,green,56420,56480,60,wave_A,0,0
S1,yellow,56480,56483,3,wave_A,0,0
S1,red,56483,56560,77,wave_A,0,0
S1,green,56560,56620,60,wave_A,0,0
S1,yellow,56620,56623,3,wave_A,0,0
S1,red,56623,56700,77,wave_A,0,0
S1,green,56700,56760,60,wave_A,0,0
S1,yellow,56760,56763,3,wave_A,0,0
S1,red,56763,56840,77,wave_A,0,0
S1,green,56840,56900,60,wave_A,0,0
S1,yellow,56900,56903,3,wave_A,0,0
S1,red,56903,56980,77,wave_A,0,0
S1,green,56980,57040,60,wave_A,0,0
S1,yellow,57040,57043,3,wave_A,0,0
S1,red,57043,57120,77,wave_A,0,0
S1,green,57120,57180,60,wave_A,0,0
S1,yellow,57180,57183,3,wave_A,0,0
S1,red,57183,57260,77,wave_A,0,0
S1,green,57260,57320,60,wave_A,0,0
S1,yellow,57320,57323,3,wave_A,0,0
S1,red,57323,57400,77,wave_A,0,0
S1,green,57400,57460,60,wave_A,0,0
S1,yellow,57460,57463,3,wave_A,0,0
S1,red,57463,57540,77,wave_A,0,0
S1,green,57540,57600,60,wave_A,0,0
S1,yellow,57600,57603,3,wave_A,0,0
S1,red,57603,57680,77,wave_A,0,0
S2,red,0,32,32,wave_A,1,0
S2,green,32,72,40,wave_A,0,0
S2,yellow,72,75,3,wave_A,0,0
S2,red,75,172,97,wave_A,0,0
S2,green,172,212,40,wave_A,0,0
S2,yellow,212,215,3,wave_A,0,0
S2,red,215,312,97,wave_A,0,0
S2,green,312,352,40,wave_A,0,0
S2,yellow,352,355,3,wave_A,0,0
S2,red,355,452,97,wave_A,0,0
S2,green,452,492,40,wave_A,0,0
S2,yellow,492,495,3,wave_A,0,0
S2,red,495,592,97,wave_A,0,0
S2,green,592,632,40,wave_A,0,0
S2,yellow,632,635,3,wave_A,0,0
S2,red,635,732,97,wave_A,0,0
S2,green,732,772,40,wave_A,0,0
S2,yellow,772,775,3,wave_A,0,0
S2,red,775,872,97,wave_A,0,0
S2,green,872,912,40,wave_A,0,0
S2,yellow,912,915,3,wave_A,0,0
S2,red,915,1012,97,wave_A,0,0
S2,green,1012,1052,40,wave_A,0,0
S2,yellow,1052,1055,3,wave_A,0,0
S2,red,1055,1152,97,wave_A,0,0
S2,green,1152,1192,40,wave_A,0,0
S2,yellow,1192,1195,3,wave_A,0,0
S2,red,1195,1292,97,wave_A,0,0
S2,green,1292,1332,40,wave_A,0,0
S2,yellow,1332,1335,3,wave_A,0,0
S2,red,1335,1432,97,wave_A,0,0
S2,green,1432,1472,40,wave_A,0,0
S2,yellow,1472,1475,3,wave_A,0,0
S2,red,1475,1572,97,wave_A,0,0
S2,green,1572,1612,40,wave_A,0,0
S2,yellow,1612,1615,3,wave_A,0,0
S2,red,1615,1712,97,wave_A,0,0
S2,green,1712,1752,40,wave_A,0,0
S2,yellow,1752,1755,3,wave_A,0,0
S2,red,1755,1852,97,wave_A,0,0
S2,green,1852,1892,40,wave_A,0,0
S2,yellow,1892,1895,3,wave_A,0,0
S2,red,1895,1992,97,wave_A,0,0
S2,green,1992,2032,40,wave_A,0,0
S2,yellow,2032,2035,3,wave_A,0,0
S2,red,2035,2132,97,wave_A,0,0
S2,green,2132,2172,40,wave_A,0,0
S2,yellow,2172,2175,3,wave_A,0,0
S2,red,2175,2272,97,wave_A,0,0
S2,green,2272,2312,40,wave_A,0,0
S2,yellow,2312,2315,3,wave_A,0,0
S2,red,2315,2412,97,wave_A,0,0
S2,green,2412,2452,40,wave_A,0,0
S2,yellow,2452,2455,3,wave_A,0,0
S2,red,2455,2552,97,wave_A,0,0
S2,green,2552,2592,40,wave_A,0,0
S2,yellow,2592,2595,3,wave_A,0,0
S2,red,2595,2692,97,wave_A,0,0
S2,green,2692,2732,40,wave_A,0,0
S2,yellow,2732,2735,3,wave_A,0,0
S2,red,2735,2832,97,wave_A,0,0
S2,green,2832,2872,40,wave_A,0,0
S2,yellow,2872,2875,3,wave_A,0,0
S2,red,2875,2972,97,wave_A,0,0
S2,green,2972,3012,40,wave_A,0,0
S2,yellow,3012,3015,3,wave_A,0,0
S2,red,3015,3112,97,wave_A,0,0
S2,green,3112,3152,40,wave_A,0,0
S2,yellow,3152,3155,3,wave_A,0,0
S2,red,3155,3252,97,wave_A,0,0
S2,green,3252,3292,40,wave_A,0,0
S2,yellow,3292,3295,3,wave_A,0,0
S2,red,3295,3392,97,wave_A,0,0
S2,green,3392,3432,40,wave_A,0,0
S2,yellow,3432,3435,3,wave_A,0,0
S2,red,3435,3532,97,wave_A,0,0
S2,green,3532,3572,40,wave_A,0,0
S2,yellow,3572,3575,3,wave_A,0,0
S2,red,3575,3672,97,wave_A,0,0
S2,green,3672,3712,40,wave_A,0,0
S2,yellow,3712,3715,3,wave_A,0,0
S2,red,3715,3812,97,wave_A,0,0
S2,green,3812,3852,40,wave_A,0,0
S2,yellow,3852,3855,3,wave_A,0,0
S2,red,3855,3952,97,wave_A,0,0
S2,green,3952,3992,40,wave_A,0,0
S2,yellow,3992,3995,3,wave_A,0,0
S2,red,3995,4092,97,wave_A,0,0
S2,green,4092,4132,40,wave_A,0,0
S2,yellow,4132,4135,3,wave_A,0,0
S2,red,4135,4232,97,wave_A,0,0
S2,green,4232,4272,40,wave_A,0,0
S2,yellow,4272,4275,3,wave_A,0,0
S2,red,4275,4372,97,wave_A,0,0
S2,green,4372,4412,40,wave_A,0,0
S2,yellow,4412,4415,3,wave_A,0,0
S2,red,4415,4512,97,wave_A,0,0
S2,green,4512,4552,40,wave_A,0,0
S2,yellow,4552,4555,3,wave_A,0,0
S2,red,4555,4652,97,wave_A,0,0
S2,green,4652,4692,40,wave_A,0,0
S2,yellow,4692,4695,3,wave_A,0,0
S2,red,4695,4792,97,wave_A,0,0
S2,green,4792,4832,40,wave_A,0,0
S2,yellow,4832,4835,3,wave_A,0,0
S2,red,4835,4932,97,wave_A,0,0
S2,green,4932,4972,40,wave_A,0,0
S2,yellow,4972,4975,3,wave_A,0,0
S2,red,4975,5072,97,wave_A,0,0
S2,green,5072,5112,40,wave_A,0,0
S2,yellow,5112,5115,3,wave_A,0,0
S2,red,5115,5212,97,wave_A,0,0
S2,green,5212,5252,40,wave_A,0,0
S2,yellow,5252,5255,3,wave_A,0,0
S2,red,5255,5352,97,wave_A,0,0
S2,green,5352,5392,40,wave_A,0,0
S2,yellow,5392,5395,3,wave_A,0,0
S2,red,5395,5492,97,wave_A,0,0
S2,green,5492,5532,40,wave_A,0,0
S2,yellow,5532,5535,3,wave_A,0,0
S2,red,5535,5632,97,wave_A,0,0
S2,green,5632,5672,40,wave_A,0,0
S2,yellow,5672,5675,3,wave_A,0,0
S2,red,5675,5772,97,wave_A,0,0
S2,green,5772,5812,40,wave_A,0,0
S2,yellow,5812,5815,3,wave_A,0,0
S2,red,5815,5912,97,wave_A,0,0
S2,green,5912,5952,40,wave_A,0,0
S2,yellow,5952,5955,3,wave_A,0,0
S2,red,5955,6052,97,wave_A,0,0
S2,green,6052,6092,40,wave_A,0,0
S2,yellow,6092,6095,3,wave_A,0,0
S2,red,6095,6192,97,wave_A,0,0
S2,green,6192,6232,40,wave_A,0,0
S2,yellow,6232,6235,3,wave_A,0,0
S2,red,6235,6332,97,wave_A,0,0
S2,green,6332,6372,40,wave_A,0,0
S2,yellow,6372,6375,3,wave_A,0,0
S2,red,6375,6472,97,wave_A,0,0
S2,green,6472,6512,40,wave_A,0,0
S2,yellow,6512,6515,3,wave_A,0,0
S2,red,6515,6612,97,wave_A,0,0
S2,green,6612,6652,40,wave_A,0,0
S2,yellow,6652,6655,3,wave_A,0,0
S2,red,6655,6752,97,wave_A,0,0
S2,green,6752,6792,40,wave_A,0,0
S2,yellow,6792,6795,3,wave_A,0,0
S2,red,6795,6892,97,wave_A,0,0
S2,green,6892,6932,40,wave_A,0,0
S2,yellow,6932,6935,3,wave_A,0,0
S2,red,6935,7032,97,wave_A,0,0
S2,green,7032,7072,40,wave_A,0,0
S2,yellow,7072,7075,3,wave_A,0,0
S2,red,7075,7172,97,wave_A,0,0
S2,green,7172,7212,40,wave_A,0,0
S2,yellow,7212,7215,3,wave_A,0,0
S2,red,7215,7312,97,wave_A,0,0
S2,green,7312,7352,40,wave_A,0,0
S2,yellow,7352,7355,3,wave_A,0,0
S2,red,7355,7452,97,wave_A,0,0
S2,green,7452,7492,40,wave_A,0,0
S2,yellow,7492,7495,3,wave_A,0,0
S2,red,7495,7592,97,wave_A,0,0
S2,green,7592,7632,40,wave_A,0,0
S2,yellow,7632,7635,3,wave_A,0,0
S2,red,7635,7732,97,wave_A,0,0
S2,green,7732,7772,40,wave_A,0,0
S2,yellow,7772,7775,3,wave_A,0,0
S2,red,7775,7872,97,wave_A,0,0
S2,green,7872,7912,40,wave_A,0,0
S2,yellow,7912,7915,3,wave_A,0,0
S2,red,7915,8012,97,wave_A,0,0
S2,green,8012,8052,40,wave_A,0,0
S2,yellow,8052,8055,3,wave_A,0,0
S2,red,8055,8152,97,wave_A,0,0
S2,green,8152,8192,40,wave_A,0,0
S2,yellow,8192,8195,3,wave_A,0,0
S2,red,8195,8292,97,wave_A,0,0
S2,green,8292,8332,40,wave_A,0,0
S2,yellow,8332,8335,3,wave_A,0,0
S2,red,8335,8432,97,wave_A,0,0
S2,green,8432,8472,40,wave_A,0,0
S2,yellow,8472,8475,3,wave_A,0,0
S2,red,8475,8572,97,wave_A,0,0
S2,green,8572,8612,40,wave_A,0,0
S2,yellow,8612,8615,3,wave_A,0,0
S2,red,8615,8712,97,wave_A,0,0
S2,green,8712,8752,40,wave_A,0,0
S2,yellow,8752,8755,3,wave_A,0,0
S2,red,8755,8852,97,wave_A,0,0
S2,green,8852,8892,40,wave_A,0,0
S2,yellow,8892,8895,3,wave_A,0,0
S2,red,8895,8992,97,wave_A,0,0
S2,green,8992,9032,40,wave_A,0,0
S2,yellow,9032,9035,3,wave_A,0,0
S2,red,9035,9132,97,wave_A,0,0
S2,green,9132,9172,40,wave_A,0,0
S2,yellow,9172,9175,3,wave_A,0,0
S2,red,9175,9272,97,wave_A,0,0
S2,green,9272,9312,40,wave_A,0,0
S2,yellow,9312,9315,3,wave_A,0,0
S2,red,9315,9412,97,wave_A,0,0
S2,green,9412,9452,40,wave_A,0,0
S2,yellow,9452,9455,3,wave_A,0,0
S2,red,9455,9552,97,wave_A,0,0
S2,green,9552,9592,40,wave_A,0,0
S2,yellow,9592,9595,3,wave_A,0,0
S2,red,9595,9692,97,wave_A,0,0
S2,green,9692,9732,40,wave_A,0,0
S2,yellow,9732,9735,3,wave_A,0,0
S2,red,9735,9832,97,wave_A,0,0
S2,green,9832,9872,40,wave_A,0,0
S2,yellow,9872,9875,3,wave_A,0,0
S2,red,9875,9972,97,wave_A,0,0
S2,green,9972,10012,40,wave_A,0,0
S2,yellow,10012,10015,3,wave_A,0,0
S2,red,10015,10112,97,wave_A,0,0
S2,green,10112,10152,40,wave_A,0,0
S2,yellow,10152,10155,3,wave_A,0,0
S2,red,10155,10252,97,wave_A,0,0
S2,green,10252,10292,40,wave_A,0,0
S2,yellow,10292,10295,3,wave_A,0,0
S2,red,10295,10392,97,wave_A,0,0
S2,green,10392,10432,40,wave_A,0,0
S2,yellow,10432,10435,3,wave_A,0,0
S2,red,10435,10532,97,wave_A,0,0
S2,green,10532,10572,40,wave_A,0,0
S2,yellow,10572,10575,3,wave_A,0,0
S2,red,10575,10672,97,wave_A,0,0
S2,green,10672,10712,40,wave_A,0,0
S2,yellow,10712,10715,3,wave_A,0,0
S2,red,10715,10812,97,wave_A,0,0
S2,green,10812,10852,40,wave_A,0,0
S2,yellow,10852,10855,3,wave_A,0,0
S2,red,10855,10952,97,wave_A,0,0
S2,green,10952,10992,40,wave_A,0,0
S2,yellow,10992,10995,3,wave_A,0,0
S2,red,10995,11092,97,wave_A,0,0
S2,green,11092,11132,40,wave_A,0,0
S2,yellow,11132,11135,3,wave_A,0,0
S2,red,11135,11232,97,wave_A,0,0
S2,green,11232,11272,40,wave_A,0,0
S2,yellow,11272,11275,3,wave_A,0,0
S2,red,11275,11372,97,wave_A,0,0
S2,green,11372,11412,40,wave_A,0,0
S2,yellow,11412,11415,3,wave_A,0,0
S2,red,11415,11512,97,wave_A,0,0
S2,green,11512,11552,40,wave_A,0,0
S2,yellow,11552,11555,3,wave_A,0,0
S2,red,11555,11652,97,wave_A,0,0
S2,green,11652,11692,40,wave_A,0,0
S2,yellow,11692,11695,3,wave_A,0,0
S2,red,11695,11792,97,wave_A,0,0
S2,green,11792,11832,40,wave_A,0,0
S2,yellow,11832,11835,3,wave_A,0,0
S2,red,11835,11932,97,wave_A,0,0
S2,green,11932,11972,40,wave_A,0,0
S2,yellow,11972,11975,3,wave_A,0,0
S2,red,11975,12072,97,wave_A,0,0
S2,green,12072,12112,40,wave_A,0,0
S2,yellow,12112,12115,3,wave_A,0,0
S2,red,12115,12212,97,wave_A,0,0
S2,green,12212,12252,40,wave_A,0,0
S2,yellow,12252,12255,3,wave_A,0,0
S2,red,12255,12352,97,wave_A,0,0
S2,green,12352,12392,40,wave_A,0,0
S2,yellow,12392,12395,3,wave_A,0,0
S2,red,12395,12492,97,wave_A,0,0
S2,green,12492,12532,40,wave_A,0,0
S2,yellow,12532,12535,3,wave_A,0,0
S2,red,12535,12632,97,wave_A,0,0
S2,green,12632,12672,40,wave_A,0,0
S2,yellow,12672,12675,3,wave_A,0,0
S2,red,12675,12772,97,wave_A,0,0
S2,green,12772,12812,40,wave_A,0,0
S2,yellow,12812,12815,3,wave_A,0,0
S2,red,12815,12912,97,wave_A,0,0
S2,green,12912,12952,40,wave_A,0,0
S2,yellow,12952,12955,3,wave_A,0,0
S2,red,12955,13052,97,wave_A,0,0
S2,green,13052,13092,40,wave_A,0,0
S2,yellow,13092,13095,3,wave_A,0,0
S2,red,13095,13192,97,wave_A,0,0
S2,green,13192,13232,40,wave_A,0,0
S2,yellow,13232,13235,3,wave_A,0,0
S2,red,13235,13332,97,wave_A,0,0
S2,green,13332,13372,40,wave_A,0,0
S2,yellow,13372,13375,3,wave_A,0,0
S2,red,13375,13472,97,wave_A,0,0
S2,green,13472,13512,40,wave_A,0,0
S2,yellow,13512,13515,3,wave_A,0,0
S2,red,13515,13612,97,wave_A,0,0
S2,green,13612,13652,40,wave_A,0,0
S2,yellow,13652,13655,3,wave_A,0,0
S2,red,13655,13752,97,wave_A,0,0
S2,green,13752,13792,40,wave_A,0,0
S2,yellow,13792,13795,3,wave_A,0,0
S2,red,13795,13892,97,wave_A,0,0
S2,green,13892,13932,40,wave_A,0,0
S2,yellow,13932,13935,3,wave_A,0,0
S2,red,13935,14032,97,wave_A,0,0
S2,green,14032,14072,40,wave_A,0,0
S2,yellow,14072,14075,3,wave_A,0,0
S2,red,14075,14172,97,wave_A,0,0
S2,green,14172,14212,40,wave_A,0,0
S2,yellow,14212,14215,3,wave_A,0,0
S2,red,14215,14312,97,wave_A,0,0
S2,green,14312,14352,40,wave_A,0,0
S2,yellow,14352,14355,3,wave_A,0,0
S2,red,14355,14452,97,wave_A,0,0
S2,green,14452,14492,40,wave_A,0,0
S2,yellow,14492,14495,3,wave_A,0,0
S2,red,14495,14592,97,wave_A,0,0
S2,green,14592,14632,40,wave_A,0,0
S2,yellow,14632,14635,3,wave_A,0,0
S2,red,14635,14732,97,wave_A,0,0
S2,green,14732,14772,40,wave_A,0,0
S2,yellow,14772,14775,3,wave_A,0,0
S2,red,14775,14872,97,wave_A,0,0
S2,green,14872,14912,40,wave_A,0,0
S2,yellow,14912,14915,3,wave_A,0,0
S2,red,14915,15012,97,wave_A,0,0
S2,green,15012,15052,40,wave_A,0,0
S2,yellow,15052,15055,3,wave_A,0,0
S2,red,15055,15152,97,wave_A,0,0
S2,green,15152,15192,40,wave_A,0,0
S2,yellow,15192,15195,3,wave_A,0,0
S2,red,15195,15292,97,wave_A,0,0
S2,green,15292,15332,40,wave_A,0,0
S2,yellow,15332,15335,3,wave_A,0,0
S2,red,15335,15432,97,wave_A,0,0
S2,green,15432,15472,40,wave_A,0,0
S2,yellow,15472,15475,3,wave_A,0,0
S2,red,15475,15572,97,wave_A,0,0
S2,green,15572,15612,40,wave_A,0,0
S2,yellow,15612,15615,3,wave_A,0,0
S2,red,15615,15712,97,wave_A,0,0
S2,green,15712,15752,40,wave_A,0,0
S2,yellow,15752,15755,3,wave_A,0,0
S2,red,15755,15852,97,wave_A,0,0
S2,green,15852,15892,40,wave_A,0,0
S2,yellow,15892,15895,3,wave_A,0,0
S2,red,15895,15992,97,wave_A,0,0
S2,green,15992,16032,40,wave_A,0,0
S2,yellow,16032,16035,3,wave_A,0,0
S2,red,16035,16132,97,wave_A,0,0
S2,green,16132,16172,40,wave_A,0,0
S2,yellow,16172,16175,3,wave_A,0,0
S2,red,16175,16272,97,wave_A,0,0
S2,green,16272,16312,40,wave_A,0,0
S2,yellow,16312,16315,3,wave_A,0,0
S2,red,16315,16412,97,wave_A,0,0
S2,green,16412,16452,40,wave_A,0,0
S2,yellow,16452,16455,3,wave_A,0,0
S2,red,16455,16552,97,wave_A,0,0
S2,green,16552,16592,40,wave_A,0,0
S2,yellow,16592,16595,3,wave_A,0,0
S2,red,16595,16692,97,wave_A,0,0
S2,green,16692,16732,40,wave_A,0,0
S2,yellow,16732,16735,3,wave_A,0,0
S2,red,16735,16832,97,wave_A,0,0
S2,green,16832,16872,40,wave_A,0,0
S2,yellow,16872,16875,3,wave_A,0,0
S2,red,16875,16972,97,wave_A,0,0
S2,green,16972,17012,40,wave_A,0,0
S2,yellow,17012,17015,3,wave_A,0,0
S2,red,17015,17112,97,wave_A,0,0
S2,green,17112,17152,40,wave_A,0,0
S2,yellow,17152,17155,3,wave_A,0,0
S2,red,17155,17252,97,wave_A,0,0
S2,green,17252,17292,40,wave_A,0,0
S2,yellow,17292,17295,3,wave_A,0,0
S2,red,17295,17392,97,wave_A,0,0
S2,green,17392,17432,40,wave_A,0,0
S2,yellow,17432,17435,3,wave_A,0,0
S2,red,17435,17532,97,wave_A,0,0
S2,green,17532,17572,40,wave_A,0,0
S2,yellow,17572,17575,3,wave_A,0,0
S2,red,17575,17672,97,wave_A,0,0
S2,green,17672,17712,40,wave_A,0,0
S2,yellow,17712,17715,3,wave_A,0,0
S2,red,17715,17812,97,wave_A,0,0
S2,green,17812,17852,40,wave_A,0,0
S2,yellow,17852,17855,3,wave_A,0,0
S2,red,17855,17952,97,wave_A,0,0
S2,green,17952,17992,40,wave_A,0,0
S2,yellow,17992,17995,3,wave_A,0,0
S2,red,17995,18092,97,wave_A,0,0
S2,green,18092,18132,40,wave_A,0,0
S2,yellow,18132,18135,3,wave_A,0,0
S2,red,18135,18232,97,wave_A,0,0
S2,green,18232,18272,40,wave_A,0,0
S2,yellow,18272,18275,3,wave_A,0,0
S2,red,18275,18372,97,wave_A,0,0
S2,green,18372,18412,40,wave_A,0,0
S2,yellow,18412,18415,3,wave_A,0,0
S2,red,18415,18512,97,wave_A,0,0
S2,green,18512,18552,40,wave_A,0,0
S2,yellow,18552,18555,3,wave_A,0,0
S2,red,18555,18652,97,wave_A,0,0
S2,green,18652,18692,40,wave_A,0,0
S2,yellow,18692,18695,3,wave_A,0,0
S2,red,18695,18792,97,wave_A,0,0
S2,green,18792,18832,40,wave_A,0,0
S2,yellow,18832,18835,3,wave_A,0,0
S2,red,18835,18932,97,wave_A,0,0
S2,green,18932,18972,40,wave_A,0,0
S2,yellow,18972,18975,3,wave_A,0,0
S2,red,18975,19072,97,wave_A,0,0
S2,green,19072,19112,40,wave_A,0,0
S2,yellow,19112,19115,3,wave_A,0,0
S2,red,19115,19212,97,wave_A,0,0
S2,green,19212,19252,40,wave_A,0,0
S2,yellow,19252,19255,3,wave_A,0,0
S2,red,19255,19352,97,wave_A,0,0
S2,green,19352,19392,40,wave_A,0,0
S2,yellow,19392,19395,3,wave_A,0,0
S2,red,19395,19492,97,wave_A,0,0
S2,green,19492,19532,40,wave_A,0,0
S2,yellow,19532,19535,3,wave_A,0,0
S2,red,19535,19632,97,wave_A,0,0
S2,green,19632,19672,40,wave_A,0,0
S2,yellow,19672,19675,3,wave_A,0,0
S2,red,19675,19772,97,wave_A,0,0
S2,green,19772,19812,40,wave_A,0,0
S2,yellow,19812,19815,3,wave_A,0,0
S2,red,19815,19912,97,wave_A,0,0
S2,green,19912,19952,40,wave_A,0,0
S2,yellow,19952,19955,3,wave_A,0,0
S2,red,19955,20052,97,wave_A,0,0
S2,green,20052,20092,40,wave_A,0,0
S2,yellow,20092,20095,3,wave_A,0,0
S2,red,20095,20192,97,wave_A,0,0
S2,green,20192,20232,40,wave_A,0,0
S2,yellow,20232,20235,3,wave_A,0,0
S2,red,20235,20332,97,wave_A,0,0
S2,green,20332,20372,40,wave_A,0,0
S2,yellow,20372,20375,3,wave_A,0,0
S2,red,20375,20472,97,wave_A,0,0
S2,green,20472,20512,40,wave_A,0,0
S2,yellow,20512,20515,3,wave_A,0,0
S2,red,20515,20612,97,wave_A,0,0
S2,green,20612,20652,40,wave_A,0,0
S2,yellow,20652,20655,3,wave_A,0,0
S2,red,20655,20752,97,wave_A,0,0
S2,green,20752,20792,40,wave_A,0,0
S2,yellow,20792,20795,3,wave_A,0,0
S2,red,20795,20892,97,wave_A,0,0
S2,green,20892,20932,40,wave_A,0,0
S2,yellow,20932,20935,3,wave_A,0,0
S2,red,20935,21032,97,wave_A,0,0
S2,green,21032,21072,40,wave_A,0,0
S2,yellow,21072,21075,3,wave_A,0,0
S2,red,21075,21172,97,wave_A,0,0
S2,green,21172,21212,40,wave_A,0,0
S2,yellow,21212,21215,3,wave_A,0,0
S2,red,21215,21312,97,wave_A,0,0
S2,green,21312,21352,40,wave_A,0,0
S2,yellow,21352,21355,3,wave_A,0,0
S2,red,21355,21452,97,wave_A,0,0
S2,green,21452,21492,40,wave_A,0,0
S2,yellow,21492,21495,3,wave_A,0,0
S2,red,21495,21592,97,wave_A,0,0
S2,green,21592,21632,40,wave_A,0,0
S2,yellow,21632,21635,3,wave_A,0,0
S2,red,21635,21732,97,wave_A,0,0
S2,green,21732,21772,40,wave_A,0,0
S2,yellow,21772,21775,3,wave_A,0,0
S2,red,21775,21872,97,wave_A,0,0
S2,green,21872,21912,40,wave_A,0,0
S2,yellow,21912,21915,3,wave_A,0,0
S2,red,21915,22012,97,wave_A,0,0
S2,green,22012,22052,40,wave_A,0,0
S2,yellow,22052,22055,3,wave_A,0,0
S2,red,22055,22152,97,wave_A,0,0
S2,green,22152,22192,40,wave_A,0,0
S2,yellow,22192,22195,3,wave_A,0,0
S2,red,22195,22292,97,wave_A,0,0
S2,green,22292,22332,40,wave_A,0,0
S2,yellow,22332,22335,3,wave_A,0,0
S2,red,22335,22432,97,wave_A,0,0
S2,green,22432,22472,40,wave_A,0,0
S2,yellow,22472,22475,3,wave_A,0,0
S2,red,22475,22572,97,wave_A,0,0
S2,green,22572,22612,40,wave_A,0,0
S2,yellow,22612,22615,3,wave_A,0,0
S2,red,22615,22712,97,wave_A,0,0
S2,green,22712,22752,40,wave_A,0,0
S2,yellow,22752,22755,3,wave_A,0,0
S2,red,22755,22852,97,wave_A,0,0
S2,green,22852,22892,40,wave_A,0,0
S2,yellow,22892,22895,3,wave_A,0,0
S2,red,22895,22992,97,wave_A,0,0
S2,green,22992,23032,40,wave_A,0,0
S2,yellow,23032,23035,3,wave_A,0,0
S2,red,23035,23132,97,wave_A,0,0
S2,green,23132,23172,40,wave_A,0,0
S2,yellow,23172,23175,3,wave_A,0,0
S2,red,23175,23272,97,wave_A,0,0
S2,green,23272,23312,40,wave_A,0,0
S2,yellow,23312,23315,3,wave_A,0,0
S2,red,23315,23412,97,wave_A,0,0
S2,green,23412,23452,40,wave_A,0,0
S2,yellow,23452,23455,3,wave_A,0,0
S2,red,23455,23552,97,wave_A,0,0
S2,green,23552,23592,40,wave_A,0,0
S2,yellow,23592,23595,3,wave_A,0,0
S2,red,23595,23692,97,wave_A,0,0
S2,green,23692,23732,40,wave_A,0,0
S2,yellow,23732,23735,3,wave_A,0,0
S2,red,23735,23832,97,wave_A,0,0
S2,green,23832,23872,40,wave_A,0,0
S2,yellow,23872,23875,3,wave_A,0,0
S2,red,23875,23972,97,wave_A,0,0
S2,green,23972,24012,40,wave_A,0,0
S2,yellow,24012,24015,3,wave_A,0,0
S2,red,24015,24112,97,wave_A,0,0
S2,green,24112,24152,40,wave_A,0,0
S2,yellow,24152,24155,3,wave_A,0,0
S2,red,24155,24252,97,wave_A,0,0
S2,green,24252,24292,40,wave_A,0,0
S2,yellow,24292,24295,3,wave_A,0,0
S2,red,24295,24392,97,wave_A,0,0
S2,green,24392,24432,40,wave_A,0,0
S2,yellow,24432,24435,3,wave_A,0,0
S2,red,24435,24532,97,wave_A,0,0
S2,green,24532,24572,40,wave_A,0,0
S2,yellow,24572,24575,3,wave_A,0,0
S2,red,24575,24672,97,wave_A,0,0
S2,green,24672,24712,40,wave_A,0,0
S2,yellow,24712,24715,3,wave_A,0,0
S2,red,24715,24812,97,wave_A,0,0
S2,green,24812,24852,40,wave_A,0,0
S2,yellow,24852,24855,3,wave_A,0,0
S2,red,24855,24952,97,wave_A,0,0
S2,green,24952,24992,40,wave_A,0,0
S2,yellow,24992,24995,3,wave_A,0,0
S2,red,24995,25092,97,wave_A,0,0
S2,green,25092,25132,40,wave_A,0,0
S2,yellow,25132,25135,3,wave_A,0,0
S2,red,25135,25232,97,wave_A,0,0
S2,green,25232,25272,40,wave_A,0,0
S2,yellow,25272,25275,3,wave_A,0,0
S2,red,25275,25372,97,wave_A,0,0
S2,green,25372,25412,40,wave_A,0,0
S2,yellow,25412,25415,3,wave_A,0,0
S2,red,25415,25512,97,wave_A,0,0
S2,green,25512,25552,40,wave_A,0,0
S2,yellow,25552,25555,3,wave_A,0,0
S2,red,25555,25652,97,wave_A,0,0
S2,green,25652,25692,40,wave_A,0,0
S2,yellow,25692,25695,3,wave_A,0,0
S2,red,25695,25792,97,wave_A,0,0
S2,green,25792,25832,40,wave_A,0,0
S2,yellow,25832,25835,3,wave_A,0,0
S2,red,25835,25932,97,wave_A,0,0
S2,green,25932,25972,40,wave_A,0,0
S2,yellow,25972,25975,3,wave_A,0,0
S2,red,25975,26072,97,wave_A,0,0
S2,green,26072,26112,40,wave_A,0,0
S2,yellow,26112,26115,3,wave_A,0,0
S2,red,26115,26212,97,wave_A,0,0
S2,green,26212,26252,40,wave_A,0,0
S2,yellow,26252,26255,3,wave_A,0,0
S2,red,26255,26352,97,wave_A,0,0
S2,green,26352,26392,40,wave_A,0,0
S2,yellow,26392,26395,3,wave_A,0,0
S2,red,26395,26492,97,wave_A,0,0
S2,green,26492,26532,40,wave_A,0,0
S2,yellow,26532,26535,3,wave_A,0,0
S2,red,26535,26632,97,wave_A,0,0
S2,green,26632,26672,40,wave_A,0,0
S2,yellow,26672,26675,3,wave_A,0,0
S2,red,26675,26772,97,wave_A,0,0
S2,green,26772,26812,40,wave_A,0,0
S2,yellow,26812,26815,3,wave_A,0,0
S2,red,26815,26912,97,wave_A,0,0
S2,green,26912,26952,40,wave_A,0,0
S2,yellow,26952,26955,3,wave_A,0,0
S2,red,26955,27052,97,wave_A,0,0
S2,green,27052,27092,40,wave_A,0,0
S2,yellow,27092,27095,3,wave_A,0,0
S2,red,27095,27192,97,wave_A,0,0
S2,green,27192,27232,40,wave_A,0,0
S2,yellow,27232,27235,3,wave_A,0,0
S2,red,27235,27332,97,wave_A,0,0
S2,green,27332,27372,40,wave_A,0,0
S2,yellow,27372,27375,3,wave_A,0,0
S2,red,27375,27472,97,wave_A,0,0
S2,green,27472,27512,40,wave_A,0,0
S2,yellow,27512,27515,3,wave_A,0,0
S2,red,27515,27612,97,wave_A,0,0
S2,green,27612,27652,40,wave_A,0,0
S2,yellow,27652,27655,3,wave_A,0,0
S2,red,27655,27752,97,wave_A,0,0
S2,green,27752,27792,40,wave_A,0,0
S2,yellow,27792,27795,3,wave_A,0,0
S2,red,27795,27892,97,wave_A,0,0
S2,green,27892,27932,40,wave_A,0,0
S2,yellow,27932,27935,3,wave_A,0,0
S2,red,27935,28032,97,wave_A,0,0
S2,green,28032,28072,40,wave_A,0,0
S2,yellow,28072,28075,3,wave_A,0,0
S2,red,28075,28172,97,wave_A,0,0
S2,green,28172,28212,40,wave_A,0,0
S2,yellow,28212,28215,3,wave_A,0,0
S2,red,28215,28312,97,wave_A,0,0
S2,green,28312,28352,40,wave_A,0,0
S2,yellow,28352,28355,3,wave_A,0,0
S2,red,28355,28452,97,wave_A,0,0
S2,green,28452,28492,40,wave_A,0,0
S2,yellow,28492,28495,3,wave_A,0,0
S2,red,28495,28592,97,wave_A,0,0
S2,green,28592,28632,40,wave_A,0,0
S2,yellow,28632,28635,3,wave_A,0,0
S2,red,28635,28732,97,wave_A,0,0
S2,green,28732,28772,40,wave_A,0,0
S2,yellow,28772,28775,3,wave_A,0,0
S2,red,28775,28872,97,wave_A,0,0
S2,green,28872,28912,40,wave_A,0,0
S2,yellow,28912,28915,3,wave_A,0,0
S2,red,28915,29012,97,wave_A,0,0
S2,green,29012,29052,40,wave_A,0,0
S2,yellow,29052,29055,3,wave_A,0,0
S2,red,29055,29152,97,wave_A,0,0
S2,green,29152,29192,40,wave_A,0,0
S2,yellow,29192,29195,3,wave_A,0,0
S2,red,29195,29292,97,wave_A,0,0
S2,green,29292,29332,40,wave_A,0,0
S2,yellow,29332,29335,3,wave_A,0,0
S2,red,29335,29432,97,wave_A,0,0
S2,green,29432,29472,40,wave_A,0,0
S2,yellow,29472,29475,3,wave_A,0,0
S2,red,29475,29572,97,wave_A,0,0
S2,green,29572,29612,40,wave_A,0,0
S2,yellow,29612,29615,3,wave_A,0,0
S2,red,29615,29712,97,wave_A,0,0
S2,green,29712,29752,40,wave_A,0,0
S2,yellow,29752,29755,3,wave_A,0,0
S2,red,29755,29852,97,wave_A,0,0
S2,green,29852,29892,40,wave_A,0,0
S2,yellow,29892,29895,3,wave_A,0,0
S2,red,29895,29992,97,wave_A,0,0
S2,green,29992,30032,40,wave_A,0,0
S2,yellow,30032,30035,3,wave_A,0,0
S2,red,30035,30132,97,wave_A,0,0
S2,green,30132,30172,40,wave_A,0,0
S2,yellow,30172,30175,3,wave_A,0,0
S2,red,30175,30272,97,wave_A,0,0
S2,green,30272,30312,40,wave_A,0,0
S2,yellow,30312,30315,3,wave_A,0,0
S2,red,30315,30412,97,wave_A,0,0
S2,green,30412,30452,40,wave_A,0,0
S2,yellow,30452,30455,3,wave_A,0,0
S2,red,30455,30552,97,wave_A,0,0
S2,green,30552,30592,40,wave_A,0,0
S2,yellow,30592,30595,3,wave_A,0,0
S2,red,30595,30692,97,wave_A,0,0
S2,green,30692,30732,40,wave_A,0,0
S2,yellow,30732,30735,3,wave_A,0,0
S2,red,30735,30832,97,wave_A,0,0
S2,green,30832,30872,40,wave_A,0,0
S2,yellow,30872,30875,3,wave_A,0,0
S2,red,30875,30972,97,wave_A,0,0
S2,green,30972,31012,40,wave_A,0,0
S2,yellow,31012,31015,3,wave_A,0,0
S2,red,31015,31112,97,wave_A,0,0
S2,green,31112,31152,40,wave_A,0,0
S2,yellow,31152,31155,3,wave_A,0,0
S2,red,31155,31252,97,wave_A,0,0
S2,green,31252,31292,40,wave_A,0,0
S2,yellow,31292,31295,3,wave_A,0,0
S2,red,31295,31392,97,wave_A,0,0
S2,green,31392,31432,40,wave_A,0,0
S2,yellow,31432,31435,3,wave_A,0,0
S2,red,31435,31532,97,wave_A,0,0
S2,green,31532,31572,40,wave_A,0,0
S2,yellow,31572,31575,3,wave_A,0,0
S2,red,31575,31672,97,wave_A,0,0
S2,green,31672,31712,40,wave_A,0,0
S2,yellow,31712,31715,3,wave_A,0,0
S2,red,31715,31812,97,wave_A,0,0
S2,green,31812,31852,40,wave_A,0,0
S2,yellow,31852,31855,3,wave_A,0,0
S2,red,31855,31952,97,wave_A,0,0
S2,green,31952,31992,40,wave_A,0,0
S2,yellow,31992,31995,3,wave_A,0,0
S2,red,31995,32092,97,wave_A,0,0
S2,green,32092,32132,40,wave_A,0,0
S2,yellow,32132,32135,3,wave_A,0,0
S2,red,32135,32232,97,wave_A,0,0
S2,green,32232,32272,40,wave_A,0,0
S2,yellow,32272,32275,3,wave_A,0,0
S2,red,32275,32372,97,wave_A,0,0
S2,green,32372,32412,40,wave_A,0,0
S2,yellow,32412,32415,3,wave_A,0,0
S2,red,32415,32512,97,wave_A,0,0
S2,green,32512,32552,40,wave_A,0,0
S2,yellow,32552,32555,3,wave_A,0,0
S2,red,32555,32652,97,wave_A,0,0
S2,green,32652,32692,40,wave_A,0,0
S2,yellow,32692,32695,3,wave_A,0,0
S2,red,32695,32792,97,wave_A,0,0
S2,green,32792,32832,40,wave_A,0,0
S2,yellow,32832,32835,3,wave_A,0,0
S2,red,32835,32932,97,wave_A,0,0
S2,green,32932,32972,40,wave_A,0,0
S2,yellow,32972,32975,3,wave_A,0,0
S2,red,32975,33072,97,wave_A,0,0
S2,green,33072,33112,40,wave_A,0,0
S2,yellow,33112,33115,3,wave_A,0,0
S2,red,33115,33212,97,wave_A,0,0
S2,green,33212,33252,40,wave_A,0,0
S2,yellow,33252,33255,3,wave_A,0,0
S2,red,33255,33352,97,wave_A,0,0
S2,green,33352,33392,40,wave_A,0,0
S2,yellow,33392,33395,3,wave_A,0,0
S2,red,33395,33492,97,wave_A,0,0
S2,green,33492,33532,40,wave_A,0,0
S2,yellow,33532,33535,3,wave_A,0,0
S2,red,33535,33632,97,wave_A,0,0
S2,green,33632,33672,40,wave_A,0,0
S2,yellow,33672,33675,3,wave_A,0,0
S2,red,33675,33772,97,wave_A,0,0
S2,green,33772,33812,40,wave_A,0,0
S2,yellow,33812,33815,3,wave_A,0,0
S2,red,33815,33912,97,wave_A,0,0
S2,green,33912,33952,40,wave_A,0,0
S2,yellow,33952,33955,3,wave_A,0,0
S2,red,33955,34052,97,wave_A,0,0
S2,green,34052,34092,40,wave_A,0,0
S2,yellow,34092,34095,3,wave_A,0,0
S2,red,34095,34192,97,wave_A,0,0
S2,green,34192,34232,40,wave_A,0,0
S2,yellow,34232,34235,3,wave_A,0,0
S2,red,34235,34332,97,wave_A,0,0
S2,green,34332,34372,40,wave_A,0,0
S2,yellow,34372,34375,3,wave_A,0,0
S2,red,34375,34472,97,wave_A,0,0
S2,green,34472,34512,40,wave_A,0,0
S2,yellow,34512,34515,3,wave_A,0,0
S2,red,34515,34612,97,wave_A,0,0
S2,green,34612,34652,40,wave_A,0,0
S2,yellow,34652,34655,3,wave_A,0,0
S2,red,34655,34752,97,wave_A,0,0
S2,green,34752,34792,40,wave_A,0,0
S2,yellow,34792,34795,3,wave_A,0,0
S2,red,34795,34892,97,wave_A,0,0
S2,green,34892,34932,40,wave_A,0,0
S2,yellow,34932,34935,3,wave_A,0,0
S2,red,34935,35032,97,wave_A,0,0
S2,green,35032,35072,40,wave_A,0,0
S2,yellow,35072,35075,3,wave_A,0,0
S2,red,35075,35172,97,wave_A,0,0
S2,green,35172,35212,40,wave_A,0,0
S2,yellow,35212,35215,3,wave_A,0,0
S2,red,35215,35312,97,wave_A,0,0
S2,green,35312,35352,40,wave_A,0,0
S2,yellow,35352,35355,3,wave_A,0,0
S2,red,35355,35452,97,wave_A,0,0
S2,green,35452,35492,40,wave_A,0,0
S2,yellow,35492,35495,3,wave_A,0,0
S2,red,35495,35592,97,wave_A,0,0
S2,green,35592,35632,40,wave_A,0,0
S2,yellow,35632,35635,3,wave_A,0,0
S2,red,35635,35732,97,wave_A,0,0
S2,green,35732,35772,40,wave_A,0,0
S2,yellow,35772,35775,3,wave_A,0,0
S2,red,35775,35872,97,wave_A,0,0
S2,green,35872,35912,40,wave_A,0,0
S2,yellow,35912,35915,3,wave_A,0,0
S2,red,35915,36012,97,wave_A,0,0
S2,green,36012,36052,40,wave_A,0,0
S2,yellow,36052,36055,3,wave_A,0,0
S2,red,36055,36152,97,wave_A,0,0
S2,green,36152,36192,40,wave_A,0,0
S2,yellow,36192,36195,3,wave_A,0,0
S2,red,36195,36292,97,wave_A,0,0
S2,green,36292,36332,40,wave_A,0,0
S2,yellow,36332,36335,3,wave_A,0,0
S2,red,36335,36432,97,wave_A,0,0
S2,green,36432,36472,40,wave_A,0,0
S2,yellow,36472,36475,3,wave_A,0,0
S2,red,36475,36572,97,wave_A,0,0
S2,green,36572,36612,40,wave_A,0,0
S2,yellow,36612,36615,3,wave_A,0,0
S2,red,36615,36712,97,wave_A,0,0
S2,green,36712,36752,40,wave_A,0,0
S2,yellow,36752,36755,3,wave_A,0,0
S2,red,36755,36852,97,wave_A,0,0
S2,green,36852,36892,40,wave_A,0,0
S2,yellow,36892,36895,3,wave_A,0,0
S2,red,36895,36992,97,wave_A,0,0
S2,green,36992,37032,40,wave_A,0,0
S2,yellow,37032,37035,3,wave_A,0,0
S2,red,37035,37132,97,wave_A,0,0
S2,green,37132,37172,40,wave_A,0,0
S2,yellow,37172,37175,3,wave_A,0,0
S2,red,37175,37272,97,wave_A,0,0
S2,green,37272,37312,40,wave_A,0,0
S2,yellow,37312,37315,3,wave_A,0,0
S2,red,37315,37412,97,wave_A,0,0
S2,green,37412,37452,40,wave_A,0,0
S2,yellow,37452,37455,3,wave_A,0,0
S2,red,37455,37552,97,wave_A,0,0
S2,green,37552,37592,40,wave_A,0,0
S2,yellow,37592,37595,3,wave_A,0,0
S2,red,37595,37692,97,wave_A,0,0
S2,green,37692,37732,40,wave_A,0,0
S2,yellow,37732,37735,3,wave_A,0,0
S2,red,37735,37832,97,wave_A,0,0
S2,green,37832,37872,40,wave_A,0,0
S2,yellow,37872,37875,3,wave_A,0,0
S2,red,37875,37972,97,wave_A,0,0
S2,green,37972,38012,40,wave_A,0,0
S2,yellow,38012,38015,3,wave_A,0,0
S2,red,38015,38112,97,wave_A,0,0
S2,green,38112,38152,40,wave_A,0,0
S2,yellow,38152,38155,3,wave_A,0,0
S2,red,38155,38252,97,wave_A,0,0
S2,green,38252,38292,40,wave_A,0,0
S2,yellow,38292,38295,3,wave_A,0,0
S2,red,38295,38392,97,wave_A,0,0
S2,green,38392,38432,40,wave_A,0,0
S2,yellow,38432,38435,3,wave_A,0,0
S2,red,38435,38532,97,wave_A,0,0
S2,green,38532,38572,40,wave_A,0,0
S2,yellow,38572,38575,3,wave_A,0,0
S2,red,38575,38672,97,wave_A,0,0
S2,green,38672,38712,40,wave_A,0,0
S2,yellow,38712,38715,3,wave_A,0,0
S2,red,38715,38812,97,wave_A,0,0
S2,green,38812,38852,40,wave_A,0,0
S2,yellow,38852,38855,3,wave_A,0,0
S2,red,38855,38952,97,wave_A,0,0
S2,green,38952,38992,40,wave_A,0,0
S2,yellow,38992,38995,3,wave_A,0,0
S2,red,38995,39092,97,wave_A,0,0
S2,green,39092,39132,40,wave_A,0,0
S2,yellow,39132,39135,3,wave_A,0,0
S2,red,39135,39232,97,wave_A,0,0
S2,green,39232,39272,40,wave_A,0,0
S2,yellow,39272,39275,3,wave_A,0,0
S2,red,39275,39372,97,wave_A,0,0
S2,green,39372,39412,40,wave_A,0,0
S2,yellow,39412,39415,3,wave_A,0,0
S2,red,39415,39512,97,wave_A,0,0
S2,green,39512,39552,40,wave_A,0,0
S2,yellow,39552,39555,3,wave_A,0,0
S2,red,39555,39652,97,wave_A,0,0
S2,green,39652,39692,40,wave_A,0,0
S2,yellow,39692,39695,3,wave_A,0,0
S2,red,39695,39792,97,wave_A,0,0
S2,green,39792,39832,40,wave_A,0,0
S2,yellow,39832,39835,3,wave_A,0,0
S2,red,39835,39932,97,wave_A,0,0
S2,green,39932,39972,40,wave_A,0,0
S2,yellow,39972,39975,3,wave_A,0,0
S2,red,39975,40072,97,wave_A,0,0
S2,green,40072,40112,40,wave_A,0,0
S2,yellow,40112,40115,3,wave_A,0,0
S2,red,40115,40212,97,wave_A,0,0
S2,green,40212,40252,40,wave_A,0,0
S2,yellow,40252,40255,3,wave_A,0,0
S2,red,40255,40352,97,wave_A,0,0
S2,green,40352,40392,40,wave_A,0,0
S2,yellow,40392,40395,3,wave_A,0,0
S2,red,40395,40492,97,wave_A,0,0
S2,green,40492,40532,40,wave_A,0,0
S2,yellow,40532,40535,3,wave_A,0,0
S2,red,40535,40632,97,wave_A,0,0
S2,green,40632,40672,40,wave_A,0,0
S2,yellow,40672,40675,3,wave_A,0,0
S2,red,40675,40772,97,wave_A,0,0
S2,green,40772,40812,40,wave_A,0,0
S2,yellow,40812,40815,3,wave_A,0,0
S2,red,40815,40912,97,wave_A,0,0
S2,green,40912,40952,40,wave_A,0,0
S2,yellow,40952,40955,3,wave_A,0,0
S2,red,40955,41052,97,wave_A,0,0
S2,green,41052,41092,40,wave_A,0,0
S2,yellow,41092,41095,3,wave_A,0,0
S2,red,41095,41192,97,wave_A,0,0
S2,green,41192,41232,40,wave_A,0,0
S2,yellow,41232,41235,3,wave_A,0,0
S2,red,41235,41332,97,wave_A,0,0
S2,green,41332,41372,40,wave_A,0,0
S2,yellow,41372,41375,3,wave_A,0,0
S2,red,41375,41472,97,wave_A,0,0
S2,green,41472,41512,40,wave_A,0,0
S2,yellow,41512,41515,3,wave_A,0,0
S2,red,41515,41612,97,wave_A,0,0
S2,green,41612,41652,40,wave_A,0,0
S2,yellow,41652,41655,3,wave_A,0,0
S2,red,41655,41752,97,wave_A,0,0
S2,green,41752,41792,40,wave_A,0,0
S2,yellow,41792,41795,3,wave_A,0,0
S2,red,41795,41892,97,wave_A,0,0
S2,green,41892,41932,40,wave_A,0,0
S2,yellow,41932,41935,3,wave_A,0,0
S2,red,41935,42032,97,wave_A,0,0
S2,green,42032,42072,40,wave_A,0,0
S2,yellow,42072,42075,3,wave_A,0,0
S2,red,42075,42172,97,wave_A,0,0
S2,green,42172,42212,40,wave_A,0,0
S2,yellow,42212,42215,3,wave_A,0,0
S2,red,42215,42312,97,wave_A,0,0
S2,green,42312,42352,40,wave_A,0,0
S2,yellow,42352,42355,3,wave_A,0,0
S2,red,42355,42452,97,wave_A,0,0
S2,green,42452,42492,40,wave_A,0,0
S2,yellow,42492,42495,3,wave_A,0,0
S2,red,42495,42592,97,wave_A,0,0
S2,green,42592,42632,40,wave_A,0,0
S2,yellow,42632,42635,3,wave_A,0,0
S2,red,42635,42732,97,wave_A,0,0
S2,green,42732,42772,40,wave_A,0,0
S2,yellow,42772,42775,3,wave_A,0,0
S2,red,42775,42872,97,wave_A,0,0
S2,green,42872,42912,40,wave_A,0,0
S2,yellow,42912,42915,3,wave_A,0,0
S2,red,42915,43012,97,wave_A,0,0
S2,green,43012,43052,40,wave_A,0,0
S2,yellow,43052,43055,3,wave_A,0,0
S2,red,43055,43152,97,wave_A,0,0
S2,green,43152,43192,40,wave_A,0,0
S2,yellow,43192,43195,3,wave_A,0,0
S2,red,43195,43292,97,wave_A,0,0
S2,green,43292,43332,40,wave_A,0,0
S2,yellow,43332,43335,3,wave_A,0,0
S2,red,43335,43432,97,wave_A,0,0
S2,green,43432,43472,40,wave_A,0,0
S2,yellow,43472,43475,3,wave_A,0,0
S2,red,43475,43572,97,wave_A,0,0
S2,green,43572,43612,40,wave_A,0,0
S2,yellow,43612,43615,3,wave_A,0,0
S2,red,43615,43712,97,wave_A,0,0
S2,green,43712,43752,40,wave_A,0,0
S2,yellow,43752,43755,3,wave_A,0,0
S2,red,43755,43852,97,wave_A,0,0
S2,green,43852,43892,40,wave_A,0,0
S2,yellow,43892,43895,3,wave_A,0,0
S2,red,43895,43992,97,wave_A,0,0
S2,green,43992,44032,40,wave_A,0,0
S2,yellow,44032,44035,3,wave_A,0,0
S2,red,44035,44132,97,wave_A,0,0
S2,green,44132,44172,40,wave_A,0,0
S2,yellow,44172,44175,3,wave_A,0,0
S2,red,44175,44272,97,wave_A,0,0
S2,green,44272,44312,40,wave_A,0,0
S2,yellow,44312,44315,3,wave_A,0,0
S2,red,44315,44412,97,wave_A,0,0
S2,green,44412,44452,40,wave_A,0,0
S2,yellow,44452,44455,3,wave_A,0,0
S2,red,44455,44552,97,wave_A,0,0
S2,green,44552,44592,40,wave_A,0,0
S2,yellow,44592,44595,3,wave_A,0,0
S2,red,44595,44692,97,wave_A,0,0
S2,green,44692,44732,40,wave_A,0,0
S2,yellow,44732,44735,3,wave_A,0,0
S2,red,44735,44832,97,wave_A,0,0
S2,green,44832,44872,40,wave_A,0,0
S2,yellow,44872,44875,3,wave_A,0,0
S2,red,44875,44972,97,wave_A,0,0
S2,green,44972,45012,40,wave_A,0,0
S2,yellow,45012,45015,3,wave_A,0,0
S2,red,45015,45112,97,wave_A,0,0
S2,green,45112,45152,40,wave_A,0,0
S2,yellow,45152,45155,3,wave_A,0,0
S2,red,45155,45252,97,wave_A,0,0
S2,green,45252,45292,40,wave_A,0,0
S2,yellow,45292,45295,3,wave_A,0,0
S2,red,45295,45392,97,wave_A,0,0
S2,green,45392,45432,40,wave_A,0,0
S2,yellow,45432,45435,3,wave_A,0,0
S2,red,45435,45532,97,wave_A,0,0
S2,green,45532,45572,40,wave_A,0,0
S2,yellow,45572,45575,3,wave_A,0,0
S2,red,45575,45672,97,wave_A,0,0
S2,green,45672,45712,40,wave_A,0,0
S2,yellow,45712,45715,3,wave_A,0,0
S2,red,45715,45812,97,wave_A,0,0
S2,green,45812,45852,40,wave_A,0,0
S2,yellow,45852,45855,3,wave_A,0,0
S2,red,45855,45952,97,wave_A,0,0
S2,green,45952,45992,40,wave_A,0,0
S2,yellow,45992,45995,3,wave_A,0,0
S2,red,45995,46092,97,wave_A,0,0
S2,green,46092,46132,40,wave_A,0,0
S2,yellow,46132,46135,3,wave_A,0,0
S2,red,46135,46232,97,wave_A,0,0
S2,green,46232,46272,40,wave_A,0,0
S2,yellow,46272,46275,3,wave_A,0,0
S2,red,46275,46372,97,wave_A,0,0
S2,green,46372,46412,40,wave_A,0,0
S2,yellow,46412,46415,3,wave_A,0,0
S2,red,46415,46512,97,wave_A,0,0
S2,green,46512,46552,40,wave_A,0,0
S2,yellow,46552,46555,3,wave_A,0,0
S2,red,46555,46652,97,wave_A,0,0
S2,green,46652,46692,40,wave_A,0,0
S2,yellow,46692,46695,3,wave_A,0,0
S2,red,46695,46792,97,wave_A,0,0
S2,green,46792,46832,40,wave_A,0,0
S2,yellow,46832,46835,3,wave_A,0,0
S2,red,46835,46932,97,wave_A,0,0
S2,green,46932,46972,40,wave_A,0,0
S2,yellow,46972,46975,3,wave_A,0,0
S2,red,46975,47072,97,wave_A,0,0
S2,green,47072,47112,40,wave_A,0,0
S2,yellow,47112,47115,3,wave_A,0,0
S2,red,47115,47212,97,wave_A,0,0
S2,green,47212,47252,40,wave_A,0,0
S2,yellow,47252,47255,3,wave_A,0,0
S2,red,47255,47352,97,wave_A,0,0
S2,green,47352,47392,40,wave_A,0,0
S2,yellow,47392,47395,3,wave_A,0,0
S2,red,47395,47492,97,wave_A,0,0
S2,green,47492,47532,40,wave_A,0,0
S2,yellow,47532,47535,3,wave_A,0,0
S2,red,47535,47632,97,wave_A,0,0
S2,green,47632,47672,40,wave_A,0,0
S2,yellow,47672,47675,3,wave_A,0,0
S2,red,47675,47772,97,wave_A,0,0
S2,green,47772,47812,40,wave_A,0,0
S2,yellow,47812,47815,3,wave_A,0,0
S2,red,47815,47912,97,wave_A,0,0
S2,green,47912,47952,40,wave_A,0,0
S2,yellow,47952,47955,3,wave_A,0,0
S2,red,47955,48052,97,wave_A,0,0
S2,green,48052,48092,40,wave_A,0,0
S2,yellow,48092,48095,3,wave_A,0,0
S2,red,48095,48192,97,wave_A,0,0
S2,green,48192,48232,40,wave_A,0,0
S2,yellow,48232,48235,3,wave_A,0,0
S2,red,48235,48332,97,wave_A,0,0
S2,green,48332,48372,40,wave_A,0,0
S2,yellow,48372,48375,3,wave_A,0,0
S2,red,48375,48472,97,wave_A,0,0
S2,green,48472,48512,40,wave_A,0,0
S2,yellow,48512,48515,3,wave_A,0,0
S2,red,48515,48612,97,wave_A,0,0
S2,green,48612,48652,40,wave_A,0,0
S2,yellow,48652,48655,3,wave_A,0,0
S2,red,48655,48752,97,wave_A,0,0
S2,green,48752,48792,40,wave_A,0,0
S2,yellow,48792,48795,3,wave_A,0,0
S2,red,48795,48892,97,wave_A,0,0
S2,green,48892,48932,40,wave_A,0,0
S2,yellow,48932,48935,3,wave_A,0,0
S2,red,48935,49032,97,wave_A,0,0
S2,green,49032,49072,40,wave_A,0,0
S2,yellow,49072,49075,3,wave_A,0,0
S2,red,49075,49172,97,wave_A,0,0
S2,green,49172,49212,40,wave_A,0,0
S2,yellow,49212,49215,3,wave_A,0,0
S2,red,49215,49312,97,wave_A,0,0
S2,green,49312,49352,40,wave_A,0,0
S2,yellow,49352,49355,3,wave_A,0,0
S2,red,49355,49452,97,wave_A,0,0
S2,green,49452,49492,40,wave_A,0,0
S2,yellow,49492,49495,3,wave_A,0,0
S2,red,49495,49592,97,wave_A,0,0
S2,green,49592,49632,40,wave_A,0,0
S2,yellow,49632,49635,3,wave_A,0,0
S2,red,49635,49732,97,wave_A,0,0
S2,green,49732,49772,40,wave_A,0,0
S2,yellow,49772,49775,3,wave_A,0,0
S2,red,49775,49872,97,wave_A,0,0
S2,green,49872,49912,40,wave_A,0,0
S2,yellow,49912,49915,3,wave_A,0,0
S2,red,49915,50012,97,wave_A,0,0
S2,green,50012,50052,40,wave_A,0,0
S2,yellow,50052,50055,3,wave_A,0,0
S2,red,50055,50152,97,wave_A,0,0
S2,green,50152,50192,40,wave_A,0,0
S2,yellow,50192,50195,3,wave_A,0,0
S2,red,50195,50292,97,wave_A,0,0
S2,green,50292,50332,40,wave_A,0,0
S2,yellow,50332,50335,3,wave_A,0,0
S2,red,50335,50432,97,wave_A,0,0
S2,green,50432,50472,40,wave_A,0,0
S2,yellow,50472,50475,3,wave_A,0,0
S2,red,50475,50572,97,wave_A,0,0
S2,green,50572,50612,40,wave_A,0,0
S2,yellow,50612,50615,3,wave_A,0,0
S2,red,50615,50712,97,wave_A,0,0
S2,green,50712,50752,40,wave_A,0,0
S2,yellow,50752,50755,3,wave_A,0,0
S2,red,50755,50852,97,wave_A,0,0
S2,green,50852,50892,40,wave_A,0,0
S2,yellow,50892,50895,3,wave_A,0,0
S2,red,50895,50992,97,wave_A,0,0
S2,green,50992,51032,40,wave_A,0,0
S2,yellow,51032,51035,3,wave_A,0,0
S2,red,51035,51132,97,wave_A,0,0
S2,green,51132,51172,40,wave_A,0,0
S2,yellow,51172,51175,3,wave_A,0,0
S2,red,51175,51272,97,wave_A,0,0
S2,green,51272,51312,40,wave_A,0,0
S2,yellow,51312,51315,3,wave_A,0,0
S2,red,51315,51412,97,wave_A,0,0
S2,green,51412,51452,40,wave_A,0,0
S2,yellow,51452,51455,3,wave_A,0,0
S2,red,51455,51552,97,wave_A,0,0
S2,green,51552,51592,40,wave_A,0,0
S2,yellow,51592,51595,3,wave_A,0,0
S2,red,51595,51692,97,wave_A,0,0
S2,green,51692,51732,40,wave_A,0,0
S2,yellow,51732,51735,3,wave_A,0,0
S2,red,51735,51832,97,wave_A,0,0
S2,green,51832,51872,40,wave_A,0,0
S2,yellow,51872,51875,3,wave_A,0,0
S2,red,51875,51972,97,wave_A,0,0
S2,green,51972,52012,40,wave_A,0,0
S2,yellow,52012,52015,3,wave_A,0,0
S2,red,52015,52112,97,wave_A,0,0
S2,green,52112,52152,40,wave_A,0,0
S2,yellow,52152,52155,3,wave_A,0,0
S2,red,52155,52252,97,wave_A,0,0
S2,green,52252,52292,40,wave_A,0,0
S2,yellow,52292,52295,3,wave_A,0,0
S2,red,52295,52392,97,wave_A,0,0
S2,green,52392,52432,40,wave_A,0,0
S2,yellow,52432,52435,3,wave_A,0,0
S2,red,52435,52532,97,wave_A,0,0
S2,green,52532,52572,40,wave_A,0,0
S2,yellow,52572,52575,3,wave_A,0,0
S2,red,52575,52672,97,wave_A,0,0
S2,green,52672,52712,40,wave_A,0,0
S2,yellow,52712,52715,3,wave_A,0,0
S2,red,52715,52812,97,wave_A,0,0
S2,green,52812,52852,40,wave_A,0,0
S2,yellow,52852,52855,3,wave_A,0,0
S2,red,52855,52952,97,wave_A,0,0
S2,green,52952,52992,40,wave_A,0,0
S2,yellow,52992,52995,3,wave_A,0,0
S2,red,52995,53092,97,wave_A,0,0
S2,green,53092,53132,40,wave_A,0,0
S2,yellow,53132,53135,3,wave_A,0,0
S2,red,53135,53232,97,wave_A,0,0
S2,green,53232,53272,40,wave_A,0,0
S2,yellow,53272,53275,3,wave_A,0,0
S2,red,53275,53372,97,wave_A,0,0
S2,green,53372,53412,40,wave_A,0,0
S2,yellow,53412,53415,3,wave_A,0,0
S2,red,53415,53512,97,wave_A,0,0
S2,green,53512,53552,40,wave_A,0,0
S2,yellow,53552,53555,3,wave_A,0,0
S2,red,53555,53652,97,wave_A,0,0
S2,green,53652,53692,40,wave_A,0,0
S2,yellow,53692,53695,3,wave_A,0,0
S2,red,53695,53792,97,wave_A,0,0
S2,green,53792,53832,40,wave_A,0,0
S2,yellow,53832,53835,3,wave_A,0,0
S2,red,53835,53932,97,wave_A,0,0
S2,green,53932,53972,40,wave_A,0,0
S2,yellow,53972,53975,3,wave_A,0,0
S2,red,53975,54072,97,wave_A,0,0
S2,green,54072,54112,40,wave_A,0,0
S2,yellow,54112,54115,3,wave_A,0,0
S2,red,54115,54212,97,wave_A,0,0
S2,green,54212,54252,40,wave_A,0,0
S2,yellow,54252,54255,3,wave_A,0,0
S2,red,54255,54352,97,wave_A,0,0
S2,green,54352,54392,40,wave_A,0,0
S2,yellow,54392,54395,3,wave_A,0,0
S2,red,54395,54492,97,wave_A,0,0
S2,green,54492,54532,40,wave_A,0,0
S2,yellow,54532,54535,3,wave_A,0,0
S2,red,54535,54632,97,wave_A,0,0
S2,green,54632,54672,40,wave_A,0,0
S2,yellow,54672,54675,3,wave_A,0,0
S2,red,54675,54772,97,wave_A,0,0
S2,green,54772,54812,40,wave_A,0,0
S2,yellow,54812,54815,3,wave_A,0,0
S2,red,54815,54912,97,wave_A,0,0
S2,green,54912,54952,40,wave_A,0,0
S2,yellow,54952,54955,3,wave_A,0,0
S2,red,54955,55052,97,wave_A,0,0
S2,green,55052,55092,40,wave_A,0,0
S2,yellow,55092,55095,3,wave_A,0,0
S2,red,55095,55192,97,wave_A,0,0
S2,green,55192,55232,40,wave_A,0,0
S2,yellow,55232,55235,3,wave_A,0,0
S2,red,55235,55332,97,wave_A,0,0
S2,green,55332,55372,40,wave_A,0,0
S2,yellow,55372,55375,3,wave_A,0,0
S2,red,55375,55472,97,wave_A,0,0
S2,green,55472,55512,40,wave_A,0,0
S2,yellow,55512,55515,3,wave_A,0,0
S2,red,55515,55612,97,wave_A,0,0
S2,green,55612,55652,40,wave_A,0,0
S2,yellow,55652,55655,3,wave_A,0,0
S2,red,55655,55752,97,wave_A,0,0
S2,green,55752,55792,40,wave_A,0,0
S2,yellow,55792,55795,3,wave_A,0,0
S2,red,55795,55892,97,wave_A,0,0
S2,green,55892,55932,40,wave_A,0,0
S2,yellow,55932,55935,3,wave_A,0,0
S2,red,55935,56032,97,wave_A,0,0
S2,green,56032,56072,40,wave_A,0,0
S2,yellow,56072,56075,3,wave_A,0,0
S2,red,56075,56172,97,wave_A,0,0
S2,green,56172,56212,40,wave_A,0,0
S2,yellow,56212,56215,3,wave_A,0,0
S2,red,56215,56312,97,wave_A,0,0
S2,green,56312,56352,40,wave_A,0,0
S2,yellow,56352,56355,3,wave_A,0,0
S2,red,56355,56452,97,wave_A,0,0
S2,green,56452,56492,40,wave_A,0,0
S2,yellow,56492,56495,3,wave_A,0,0
S2,red,56495,56592,97,wave_A,0,0
S2,green,56592,56632,40,wave_A,0,0
S2,yellow,56632,56635,3,wave_A,0,0
S2,red,56635,56732,97,wave_A,0,0
S2,green,56732,56772,40,wave_A,0,0
S2,yellow,56772,56775,3,wave_A,0,0
S2,red,56775,56872,97,wave_A,0,0
S2,green,56872,56912,40,wave_A,0,0
S2,yellow,56912,56915,3,wave_A,0,0
S2,red,56915,57012,97,wave_A,0,0
S2,green,57012,57052,40,wave_A,0,0
S2,yellow,57052,57055,3,wave_A,0,0
S2,red,57055,57152,97,wave_A,0,0
S2,green,57152,57192,40,wave_A,0,0
S2,yellow,57192,57195,3,wave_A,0,0
S2,red,57195,57292,97,wave_A,0,0
S2,green,57292,57332,40,wave_A,0,0
S2,yellow,57332,57335,3,wave_A,0,0
S2,red,57335,57432,97,wave_A,0,0
S2,green,57432,57472,40,wave_A,0,0
S2,yellow,57472,57475,3,wave_A,0,0
S2,red,57475,57572,97,wave_A,0,0
S2,green,57572,57612,40,wave_A,0,0
S2,yellow,57612,57615,3,wave_A,0,0
S2,red,57615,57680,65,wave_A,0,1
S3,red,0,78,78,wave_A,1,0
S3,green,78,133,55,wave_A,0,0
S3,yellow,133,136,3,wave_A,0,0
S3,red,136,218,82,wave_A,0,0
S3,green,218,273,55,wave_A,0,0
S3,yellow,273,276,3,wave_A,0,0
S3,red,276,358,82,wave_A,0,0
S3,green,358,413,55,wave_A,0,0
S3,yellow,413,416,3,wave_A,0,0
S3,red,416,498,82,wave_A,0,0
S3,green,498,553,55,wave_A,0,0
S3,yellow,553,556,3,wave_A,0,0
S3,red,556,638,82,wave_A,0,0
S3,green,638,693,55,wave_A,0,0
S3,yellow,693,696,3,wave_A,0,0
S3,red,696,778,82,wave_A,0,0
S3,green,778,833,55,wave_A,0,0
S3,yellow,833,836,3,wave_A,0,0
S3,red,836,918,82,wave_A,0,0
S3,green,918,973,55,wave_A,0,0
S3,yellow,973,976,3,wave_A,0,0
S3,red,976,1058,82,wave_A,0,0
S3,green,1058,1113,55,wave_A,0,0
S3,yellow,1113,1116,3,wave_A,0,0
S3,red,1116,1198,82,wave_A,0,0
S3,green,1198,1253,55,wave_A,0,0
S3,yellow,1253,1256,3,wave_A,0,0
S3,red,1256,1338,82,wave_A,0,0
S3,green,1338,1393,55,wave_A,0,0
S3,yellow,1393,1396,3,wave_A,0,0
S3,red,1396,1478,82,wave_A,0,0
S3,green,1478,1533,55,wave_A,0,0
S3,yellow,1533,1536,3,wave_A,0,0
S3,red,1536,1618,82,wave_A,0,0
S3,green,1618,1673,55,wave_A,0,0
S3,yellow,1673,1676,3,wave_A,0,0
S3,red,1676,1758,82,wave_A,0,0
S3,green,1758,1813,55,wave_A,0,0
S3,yellow,1813,1816,3,wave_A,0,0
S3,red,1816,1898,82,wave_A,0,0
S3,green,1898,1953,55,wave_A,0,0
S3,yellow,1953,1956,3,wave_A,0,0
S3,red,1956,2038,82,wave_A,0,0
S3,green,2038,2093,55,wave_A,0,0
S3,yellow,2093,2096,3,wave_A,0,0
S3,red,2096,2178,82,wave_A,0,0
S3,green,2178,2233,55,wave_A,0,0
S3,yellow,2233,2236,3,wave_A,0,0
S3,red,2236,2318,82,wave_A,0,0
S3,green,2318,2373,55,wave_A,0,0
S3,yellow,2373,2376,3,wave_A,0,0
S3,red,2376,2458,82,wave_A,0,0
S3,green,2458,2513,55,wave_A,0,0
S3,yellow,2513,2516,3,wave_A,0,0
S3,red,2516,2598,82,wave_A,0,0
S3,green,2598,2653,55,wave_A,0,0
S3,yellow,2653,2656,3,wave_A,0,0
S3,red,2656,2738,82,wave_A,0,0
S3,green,2738,2793,55,wave_A,0,0
S3,yellow,2793,2796,3,wave_A,0,0
S3,red,2796,2878,82,wave_A,0,0
S3,green,2878,2933,55,wave_A,0,0
S3,yellow,2933,2936,3,wave_A,0,0
S3,red,2936,3018,82,wave_A,0,0
S3,green,3018,3073,55,wave_A,0,0
S3,yellow,3073,3076,3,wave_A,0,0
S3,red,3076,3158,82,wave_A,0,0
S3,green,3158,3213,55,wave_A,0,0
S3,yellow,3213,3216,3,wave_A,0,0
S3,red,3216,3298,82,wave_A,0,0
S3,green,3298,3353,55,wave_A,0,0
S3,yellow,3353,3356,3,wave_A,0,0
S3,red,3356,3438,82,wave_A,0,0
S3,green,3438,3493,55,wave_A,0,0
S3,yellow,3493,3496,3,wave_A,0,0
S3,red,3496,3578,82,wave_A,0,0
S3,green,3578,3633,55,wave_A,0,0
S3,yellow,3633,3636,3,wave_A,0,0
S3,red,3636,3718,82,wave_A,0,0
S3,green,3718,3773,55,wave_A,0,0
S3,yellow,3773,3776,3,wave_A,0,0
S3,red,3776,3858,82,wave_A,0,0
S3,green,3858,3913,55,wave_A,0,0
S3,yellow,3913,3916,3,wave_A,0,0
S3,red,3916,3998,82,wave_A,0,0
S3,green,3998,4053,55,wave_A,0,0
S3,yellow,4053,4056,3,wave_A,0,0
S3,red,4056,4138,82,wave_A,0,0
S3,green,4138,4193,55,wave_A,0,0
S3,yellow,4193,4196,3,wave_A,0,0
S3,red,4196,4278,82,wave_A,0,0
S3,green,4278,4333,55,wave_A,0,0
S3,yellow,4333,4336,3,wave_A,0,0
S3,red,4336,4418,82,wave_A,0,0
S3,green,4418,4473,55,wave_A,0,0
S3,yellow,4473,4476,3,wave_A,0,0
S3,red,4476,4558,82,wave_A,0,0
S3,green,4558,4613,55,wave_A,0,0
S3,yellow,4613,4616,3,wave_A,0,0
S3,red,4616,4698,82,wave_A,0,0
S3,green,4698,4753,55,wave_A,0,0
S3,yellow,4753,4756,3,wave_A,0,0
S3,red,4756,4838,82,wave_A,0,0
S3,green,4838,4893,55,wave_A,0,0
S3,yellow,4893,4896,3,wave_A,0,0
S3,red,4896,4978,82,wave_A,0,0
S3,green,4978,5033,55,wave_A,0,0
S3,yellow,5033,5036,3,wave_A,0,0
S3,red,5036,5118,82,wave_A,0,0
S3,green,5118,5173,55,wave_A,0,0
S3,yellow,5173,5176,3,wave_A,0,0
S3,red,5176,5258,82,wave_A,0,0
S3,green,5258,5313,55,wave_A,0,0
S3,yellow,5313,5316,3,wave_A,0,0
S3,red,5316,5398,82,wave_A,0,0
S3,green,5398,5453,55,wave_A,0,0
S3,yellow,5453,5456,3,wave_A,0,0
S3,red,5456,5538,82,wave_A,0,0
S3,green,5538,5593,55,wave_A,0,0
S3,yellow,5593,5596,3,wave_A,0,0
S3,red,5596,5678,82,wave_A,0,0
S3,green,5678,5733,55,wave_A,0,0
S3,yellow,5733,5736,3,wave_A,0,0
S3,red,5736,5818,82,wave_A,0,0
S3,green,5818,5873,55,wave_A,0,0
S3,yellow,5873,5876,3,wave_A,0,0
S3,red,5876,5958,82,wave_A,0,0
S3,green,5958,6013,55,wave_A,0,0
S3,yellow,6013,6016,3,wave_A,0,0
S3,red,6016,6098,82,wave_A,0,0
S3,green,6098,6153,55,wave_A,0,0
S3,yellow,6153,6156,3,wave_A,0,0
S3,red,6156,6238,82,wave_A,0,0
S3,green,6238,6293,55,wave_A,0,0
S3,yellow,6293,6296,3,wave_A,0,0
S3,red,6296,6378,82,wave_A,0,0
S3,green,6378,6433,55,wave_A,0,0
S3,yellow,6433,6436,3,wave_A,0,0
S3,red,6436,6518,82,wave_A,0,0
S3,green,6518,6573,55,wave_A,0,0
S3,yellow,6573,6576,3,wave_A,0,0
S3,red,6576,6658,82,wave_A,0,0
S3,green,6658,6713,55,wave_A,0,0
S3,yellow,6713,6716,3,wave_A,0,0
S3,red,6716,6798,82,wave_A,0,0
S3,green,6798,6853,55,wave_A,0,0
S3,yellow,6853,6856,3,wave_A,0,0
S3,red,6856,6938,82,wave_A,0,0
S3,green,6938,6993,55,wave_A,0,0
S3,yellow,6993,6996,3,wave_A,0,0
S3,red,6996,7078,82,wave_A,0,0
S3,green,7078,7133,55,wave_A,0,0
S3,yellow,7133,7136,3,wave_A,0,0
S3,red,7136,7218,82,wave_A,0,0
S3,green,7218,7273,55,wave_A,0,0
S3,yellow,7273,7276,3,wave_A,0,0
S3,red,7276,7358,82,wave_A,0,0
S3,green,7358,7413,55,wave_A,0,0
S3,yellow,7413,7416,3,wave_A,0,0
S3,red,7416,7498,82,wave_A,0,0
S3,green,7498,7553,55,wave_A,0,0
S3,yellow,7553,7556,3,wave_A,0,0
S3,red,7556,7638,82,wave_A,0,0
S3,green,7638,7693,55,wave_A,0,0
S3,yellow,7693,7696,3,wave_A,0,0
S3,red,7696,7778,82,wave_A,0,0
S3,green,7778,7833,55,wave_A,0,0
S3,yellow,7833,7836,3,wave_A,0,0
S3,red,7836,7918,82,wave_A,0,0
S3,green,7918,7973,55,wave_A,0,0
S3,yellow,7973,7976,3,wave_A,0,0
S3,red,7976,8058,82,wave_A,0,0
S3,green,8058,8113,55,wave_A,0,0
S3,yellow,8113,8116,3,wave_A,0,0
S3,red,8116,8198,82,wave_A,0,0
S3,green,8198,8253,55,wave_A,0,0
S3,yellow,8253,8256,3,wave_A,0,0
S3,red,8256,8338,82,wave_A,0,0
S3,green,8338,8393,55,wave_A,0,0
S3,yellow,8393,8396,3,wave_A,0,0
S3,red,8396,8478,82,wave_A,0,0
S3,green,8478,8533,55,wave_A,0,0
S3,yellow,8533,8536,3,wave_A,0,0
S3,red,8536,8618,82,wave_A,0,0
S3,green,8618,8673,55,wave_A,0,0
S3,yellow,8673,8676,3,wave_A,0,0
S3,red,8676,8758,82,wave_A,0,0
S3,green,8758,8813,55,wave_A,0,0
S3,yellow,8813,8816,3,wave_A,0,0
S3,red,8816,8898,82,wave_A,0,0
S3,green,8898,8953,55,wave_A,0,0
S3,yellow,8953,8956,3,wave_A,0,0
S3,red,8956,9038,82,wave_A,0,0
S3,green,9038,9093,55,wave_A,0,0
S3,yellow,9093,9096,3,wave_A,0,0
S3,red,9096,9178,82,wave_A,0,0
S3,green,9178,9233,55,wave_A,0,0
S3,yellow,9233,9236,3,wave_A,0,0
S3,red,9236,9318,82,wave_A,0,0
S3,green,9318,9373,55,wave_A,0,0
S3,yellow,9373,9376,3,wave_A,0,0
S3,red,9376,9458,82,wave_A,0,0
S3,green,9458,9513,55,wave_A,0,0
S3,yellow,9513,9516,3,wave_A,0,0
S3,red,9516,9598,82,wave_A,0,0
S3,green,9598,9653,55,wave_A,0,0
S3,yellow,9653,9656,3,wave_A,0,0
S3,red,9656,9738,82,wave_A,0,0
S3,green,9738,9793,55,wave_A,0,0
S3,yellow,9793,9796,3,wave_A,0,0
S3,red,9796,9878,82,wave_A,0,0
S3,green,9878,9933,55,wave_A,0,0
S3,yellow,9933,9936,3,wave_A,0,0
S3,red,9936,10018,82,wave_A,0,0
S3,green,10018,10073,55,wave_A,0,0
S3,yellow,10073,10076,3,wave_A,0,0
S3,red,10076,10158,82,wave_A,0,0
S3,green,10158,10213,55,wave_A,0,0
S3,yellow,10213,10216,3,wave_A,0,0
S3,red,10216,10298,82,wave_A,0,0
S3,green,10298,10353,55,wave_A,0,0
S3,yellow,10353,10356,3,wave_A,0,0
S3,red,10356,10438,82,wave_A,0,0
S3,green,10438,10493,55,wave_A,0,0
S3,yellow,10493,10496,3,wave_A,0,0
S3,red,10496,10578,82,wave_A,0,0
S3,green,10578,10633,55,wave_A,0,0
S3,yellow,10633,10636,3,wave_A,0,0
S3,red,10636,10718,82,wave_A,0,0
S3,green,10718,10773,55,wave_A,0,0
S3,yellow,10773,10776,3,wave_A,0,0
S3,red,10776,10858,82,wave_A,0,0
S3,green,10858,10913,55,wave_A,0,0
S3,yellow,10913,10916,3,wave_A,0,0
S3,red,10916,10998,82,wave_A,0,0
S3,green,10998,11053,55,wave_A,0,0
S3,yellow,11053,11056,3,wave_A,0,0
S3,red,11056,11138,82,wave_A,0,0
S3,green,11138,11193,55,wave_A,0,0
S3,yellow,11193,11196,3,wave_A,0,0
S3,red,11196,11278,82,wave_A,0,0
S3,green,11278,11333,55,wave_A,0,0
S3,yellow,11333,11336,3,wave_A,0,0
S3,red,11336,11418,82,wave_A,0,0
S3,green,11418,11473,55,wave_A,0,0
S3,yellow,11473,11476,3,wave_A,0,0
S3,red,11476,11558,82,wave_A,0,0
S3,green,11558,11613,55,wave_A,0,0
S3,yellow,11613,11616,3,wave_A,0,0
S3,red,11616,11698,82,wave_A,0,0
S3,green,11698,11753,55,wave_A,0,0
S3,yellow,11753,11756,3,wave_A,0,0
S3,red,11756,11838,82,wave_A,0,0
S3,green,11838,11893,55,wave_A,0,0
S3,yellow,11893,11896,3,wave_A,0,0
S3,red,11896,11978,82,wave_A,0,0
S3,green,11978,12033,55,wave_A,0,0
S3,yellow,12033,12036,3,wave_A,0,0
S3,red,12036,12118,82,wave_A,0,0
S3,green,12118,12173,55,wave_A,0,0
S3,yellow,12173,12176,3,wave_A,0,0
S3,red,12176,12258,82,wave_A,0,0
S3,green,12258,12313,55,wave_A,0,0
S3,yellow,12313,12316,3,wave_A,0,0
S3,red,12316,12398,82,wave_A,0,0
S3,green,12398,12453,55,wave_A,0,0
S3,yellow,12453,12456,3,wave_A,0,0
S3,red,12456,12538,82,wave_A,0,0
S3,green,12538,12593,55,wave_A,0,0
S3,yellow,12593,12596,3,wave_A,0,0
S3,red,12596,12678,82,wave_A,0,0
S3,green,12678,12733,55,wave_A,0,0
S3,yellow,12733,12736,3,wave_A,0,0
S3,red,12736,12818,82,wave_A,0,0
S3,green,12818,12873,55,wave_A,0,0
S3,yellow,12873,12876,3,wave_A,0,0
S3,red,12876,12958,82,wave_A,0,0
S3,green,12958,13013,55,wave_A,0,0
S3,yellow,13013,13016,3,wave_A,0,0
S3,red,13016,13098,82,wave_A,0,0
S3,green,13098,13153,55,wave_A,0,0
S3,yellow,13153,13156,3,wave_A,0,0
S3,red,13156,13238,82,wave_A,0,0
S3,green,13238,13293,55,wave_A,0,0
S3,yellow,13293,13296,3,wave_A,0,0
S3,red,13296,13378,82,wave_A,0,0
S3,green,13378,13433,55,wave_A,0,0
S3,yellow,13433,13436,3,wave_A,0,0
S3,red,13436,13518,82,wave_A,0,0
S3,green,13518,13573,55,wave_A,0,0
S3,yellow,13573,13576,3,wave_A,0,0
S3,red,13576,13658,82,wave_A,0,0
S3,green,13658,13713,55,wave_A,0,0
S3,yellow,13713,13716,3,wave_A,0,0
S3,red,13716,13798,82,wave_A,0,0
S3,green,13798,13853,55,wave_A,0,0
S3,yellow,13853,13856,3,wave_A,0,0
S3,red,13856,13938,82,wave_A,0,0
S3,green,13938,13993,55,wave_A,0,0
S3,yellow,13993,13996,3,wave_A,0,0
S3,red,13996,14078,82,wave_A,0,0
S3,green,14078,14133,55,wave_A,0,0
S3,yellow,14133,14136,3,wave_A,0,0
S3,red,14136,14218,82,wave_A,0,0
S3,green,14218,14273,55,wave_A,0,0
S3,yellow,14273,14276,3,wave_A,0,0
S3,red,14276,14358,82,wave_A,0,0
S3,green,14358,14413,55,wave_A,0,0
S3,yellow,14413,14416,3,wave_A,0,0
S3,red,14416,14498,82,wave_A,0,0
S3,green,14498,14553,55,wave_A,0,0
S3,yellow,14553,14556,3,wave_A,0,0
S3,red,14556,14638,82,wave_A,0,0
S3,green,14638,14693,55,wave_A,0,0
S3,yellow,14693,14696,3,wave_A,0,0
S3,red,14696,14778,82,wave_A,0,0
S3,green,14778,14833,55,wave_A,0,0
S3,yellow,14833,14836,3,wave_A,0,0
S3,red,14836,14918,82,wave_A,0,0
S3,green,14918,14973,55,wave_A,0,0
S3,yellow,14973,14976,3,wave_A,0,0
S3,red,14976,15058,82,wave_A,0,0
S3,green,15058,15113,55,wave_A,0,0
S3,yellow,15113,15116,3,wave_A,0,0
S3,red,15116,15198,82,wave_A,0,0
S3,green,15198,15253,55,wave_A,0,0
S3,yellow,15253,15256,3,wave_A,0,0
S3,red,15256,15338,82,wave_A,0,0
S3,green,15338,15393,55,wave_A,0,0
S3,yellow,15393,15396,3,wave_A,0,0
S3,red,15396,15478,82,wave_A,0,0
S3,green,15478,15533,55,wave_A,0,0
S3,yellow,15533,15536,3,wave_A,0,0
S3,red,15536,15618,82,wave_A,0,0
S3,green,15618,15673,55,wave_A,0,0
S3,yellow,15673,15676,3,wave_A,0,0
S3,red,15676,15758,82,wave_A,0,0
S3,green,15758,15813,55,wave_A,0,0
S3,yellow,15813,15816,3,wave_A,0,0
S3,red,15816,15898,82,wave_A,0,0
S3,green,15898,15953,55,wave_A,0,0
S3,yellow,15953,15956,3,wave_A,0,0
S3,red,15956,16038,82,wave_A,0,0
S3,green,16038,16093,55,wave_A,0,0
S3,yellow,16093,16096,3,wave_A,0,0
S3,red,16096,16178,82,wave_A,0,0
S3,green,16178,16233,55,wave_A,0,0
S3,yellow,16233,16236,3,wave_A,0,0
S3,red,16236,16318,82,wave_A,0,0
S3,green,16318,16373,55,wave_A,0,0
S3,yellow,16373,16376,3,wave_A,0,0
S3,red,16376,16458,82,wave_A,0,0
S3,green,16458,16513,55,wave_A,0,0
S3,yellow,16513,16516,3,wave_A,0,0
S3,red,16516,16598,82,wave_A,0,0
S3,green,16598,16653,55,wave_A,0,0
S3,yellow,16653,16656,3,wave_A,0,0
S3,red,16656,16738,82,wave_A,0,0
S3,green,16738,16793,55,wave_A,0,0
S3,yellow,16793,16796,3,wave_A,0,0
S3,red,16796,16878,82,wave_A,0,0
S3,green,16878,16933,55,wave_A,0,0
S3,yellow,16933,16936,3,wave_A,0,0
S3,red,16936,17018,82,wave_A,0,0
S3,green,17018,17073,55,wave_A,0,0
S3,yellow,17073,17076,3,wave_A,0,0
S3,red,17076,17158,82,wave_A,0,0
S3,green,17158,17213,55,wave_A,0,0
S3,yellow,17213,17216,3,wave_A,0,0
S3,red,17216,17298,82,wave_A,0,0
S3,green,17298,17353,55,wave_A,0,0
S3,yellow,17353,17356,3,wave_A,0,0
S3,red,17356,17438,82,wave_A,0,0
S3,green,17438,17493,55,wave_A,0,0
S3,yellow,17493,17496,3,wave_A,0,0
S3,red,17496,17578,82,wave_A,0,0
S3,green,17578,17633,55,wave_A,0,0
S3,yellow,17633,17636,3,wave_A,0,0
S3,red,17636,17718,82,wave_A,0,0
S3,green,17718,17773,55,wave_A,0,0
S3,yellow,17773,17776,3,wave_A,0,0
S3,red,17776,17858,82,wave_A,0,0
S3,green,17858,17913,55,wave_A,0,0
S3,yellow,17913,17916,3,wave_A,0,0
S3,red,17916,17998,82,wave_A,0,0
S3,green,17998,18053,55,wave_A,0,0
S3,yellow,18053,18056,3,wave_A,0,0
S3,red,18056,18138,82,wave_A,0,0
S3,green,18138,18193,55,wave_A,0,0
S3,yellow,18193,18196,3,wave_A,0,0
S3,red,18196,18278,82,wave_A,0,0
S3,green,18278,18333,55,wave_A,0,0
S3,yellow,18333,18336,3,wave_A,0,0
S3,red,18336,18418,82,wave_A,0,0
S3,green,18418,18473,55,wave_A,0,0
S3,yellow,18473,18476,3,wave_A,0,0
S3,red,18476,18558,82,wave_A,0,0
S3,green,18558,18613,55,wave_A,0,0
S3,yellow,18613,18616,3,wave_A,0,0
S3,red,18616,18698,82,wave_A,0,0
S3,green,18698,18753,55,wave_A,0,0
S3,yellow,18753,18756,3,wave_A,0,0
S3,red,18756,18838,82,wave_A,0,0
S3,green,18838,18893,55,wave_A,0,0
S3,yellow,18893,18896,3,wave_A,0,0
S3,red,18896,18978,82,wave_A,0,0
S3,green,18978,19033,55,wave_A,0,0
S3,yellow,19033,19036,3,wave_A,0,0
S3,red,19036,19118,82,wave_A,0,0
S3,green,19118,19173,55,wave_A,0,0
S3,yellow,19173,19176,3,wave_A,0,0
S3,red,19176,19258,82,wave_A,0,0
S3,green,19258,19313,55,wave_A,0,0
S3,yellow,19313,19316,3,wave_A,0,0
S3,red,19316,19398,82,wave_A,0,0
S3,green,19398,19453,55,wave_A,0,0
S3,yellow,19453,19456,3,wave_A,0,0
S3,red,19456,19538,82,wave_A,0,0
S3,green,19538,19593,55,wave_A,0,0
S3,yellow,19593,19596,3,wave_A,0,0
S3,red,19596,19678,82,wave_A,0,0
S3,green,19678,19733,55,wave_A,0,0
S3,yellow,19733,19736,3,wave_A,0,0
S3,red,19736,19818,82,wave_A,0,0
S3,green,19818,19873,55,wave_A,0,0
S3,yellow,19873,19876,3,wave_A,0,0
S3,red,19876,19958,82,wave_A,0,0
S3,green,19958,20013,55,wave_A,0,0
S3,yellow,20013,20016,3,wave_A,0,0
S3,red,20016,20098,82,wave_A,0,0
S3,green,20098,20153,55,wave_A,0,0
S3,yellow,20153,20156,3,wave_A,0,0
S3,red,20156,20238,82,wave_A,0,0
S3,green,20238,20293,55,wave_A,0,0
S3,yellow,20293,20296,3,wave_A,0,0
S3,red,20296,20378,82,wave_A,0,0
S3,green,20378,20433,55,wave_A,0,0
S3,yellow,20433,20436,3,wave_A,0,0
S3,red,20436,20518,82,wave_A,0,0
S3,green,20518,20573,55,wave_A,0,0
S3,yellow,20573,20576,3,wave_A,0,0
S3,red,20576,20658,82,wave_A,0,0
S3,green,20658,20713,55,wave_A,0,0
S3,yellow,20713,20716,3,wave_A,0,0
S3,red,20716,20798,82,wave_A,0,0
S3,green,20798,20853,55,wave_A,0,0
S3,yellow,20853,20856,3,wave_A,0,0
S3,red,20856,20938,82,wave_A,0,0
S3,green,20938,20993,55,wave_A,0,0
S3,yellow,20993,20996,3,wave_A,0,0
S3,red,20996,21078,82,wave_A,0,0
S3,green,21078,21133,55,wave_A,0,0
S3,yellow,21133,21136,3,wave_A,0,0
S3,red,21136,21218,82,wave_A,0,0
S3,green,21218,21273,55,wave_A,0,0
S3,yellow,21273,21276,3,wave_A,0,0
S3,red,21276,21358,82,wave_A,0,0
S3,green,21358,21413,55,wave_A,0,0
S3,yellow,21413,21416,3,wave_A,0,0
S3,red,21416,21498,82,wave_A,0,0
S3,green,21498,21553,55,wave_A,0,0
S3,yellow,21553,21556,3,wave_A,0,0
S3,red,21556,21638,82,wave_A,0,0
S3,green,21638,21693,55,wave_A,0,0
S3,yellow,21693,21696,3,wave_A,0,0
S3,red,21696,21778,82,wave_A,0,0
S3,green,21778,21833,55,wave_A,0,0
S3,yellow,21833,21836,3,wave_A,0,0
S3,red,21836,21918,82,wave_A,0,0
S3,green,21918,21973,55,wave_A,0,0
S3,yellow,21973,21976,3,wave_A,0,0
S3,red,21976,22058,82,wave_A,0,0
S3,green,22058,22113,55,wave_A,0,0
S3,yellow,22113,22116,3,wave_A,0,0
S3,red,22116,22198,82,wave_A,0,0
S3,green,22198,22253,55,wave_A,0,0
S3,yellow,22253,22256,3,wave_A,0,0
S3,red,22256,22338,82,wave_A,0,0
S3,green,22338,22393,55,wave_A,0,0
S3,yellow,22393,22396,3,wave_A,0,0
S3,red,22396,22478,82,wave_A,0,0
S3,green,22478,22533,55,wave_A,0,0
S3,yellow,22533,22536,3,wave_A,0,0
S3,red,22536,22618,82,wave_A,0,0
S3,green,22618,22673,55,wave_A,0,0
S3,yellow,22673,22676,3,wave_A,0,0
S3,red,22676,22758,82,wave_A,0,0
S3,green,22758,22813,55,wave_A,0,0
S3,yellow,22813,22816,3,wave_A,0,0
S3,red,22816,22898,82,wave_A,0,0
S3,green,22898,22953,55,wave_A,0,0
S3,yellow,22953,22956,3,wave_A,0,0
S3,red,22956,23038,82,wave_A,0,0
S3,green,23038,23093,55,wave_A,0,0
S3,yellow,23093,23096,3,wave_A,0,0
S3,red,23096,23178,82,wave_A,0,0
S3,green,23178,23233,55,wave_A,0,0
S3,yellow,23233,23236,3,wave_A,0,0
S3,red,23236,23318,82,wave_A,0,0
S3,green,23318,23373,55,wave_A,0,0
S3,yellow,23373,23376,3,wave_A,0,0
S3,red,23376,23458,82,wave_A,0,0
S3,green,23458,23513,55,wave_A,0,0
S3,yellow,23513,23516,3,wave_A,0,0
S3,red,23516,23598,82,wave_A,0,0
S3,green,23598,23653,55,wave_A,0,0
S3,yellow,23653,23656,3,wave_A,0,0
S3,red,23656,23738,82,wave_A,0,0
S3,green,23738,23793,55,wave_A,0,0
S3,yellow,23793,23796,3,wave_A,0,0
S3,red,23796,23878,82,wave_A,0,0
S3,green,23878,23933,55,wave_A,0,0
S3,yellow,23933,23936,3,wave_A,0,0
S3,red,23936,24018,82,wave_A,0,0
S3,green,24018,24073,55,wave_A,0,0
S3,yellow,24073,24076,3,wave_A,0,0
S3,red,24076,24158,82,wave_A,0,0
S3,green,24158,24213,55,wave_A,0,0
S3,yellow,24213,24216,3,wave_A,0,0
S3,red,24216,24298,82,wave_A,0,0
S3,green,24298,24353,55,wave_A,0,0
S3,yellow,24353,24356,3,wave_A,0,0
S3,red,24356,24438,82,wave_A,0,0
S3,green,24438,24493,55,wave_A,0,0
S3,yellow,24493,24496,3,wave_A,0,0
S3,red,24496,24578,82,wave_A,0,0
S3,green,24578,24633,55,wave_A,0,0
S3,yellow,24633,24636,3,wave_A,0,0
S3,red,24636,24718,82,wave_A,0,0
S3,green,24718,24773,55,wave_A,0,0
S3,yellow,24773,24776,3,wave_A,0,0
S3,red,24776,24858,82,wave_A,0,0
S3,green,24858,24913,55,wave_A,0,0
S3,yellow,24913,24916,3,wave_A,0,0
S3,red,24916,24998,82,wave_A,0,0
S3,green,24998,25053,55,wave_A,0,0
S3,yellow,25053,25056,3,wave_A,0,0
S3,red,25056,25138,82,wave_A,0,0
S3,green,25138,25193,55,wave_A,0,0
S3,yellow,25193,25196,3,wave_A,0,0
S3,red,25196,25278,82,wave_A,0,0
S3,green,25278,25333,55,wave_A,0,0
S3,yellow,25333,25336,3,wave_A,0,0
S3,red,25336,25418,82,wave_A,0,0
S3,green,25418,25473,55,wave_A,0,0
S3,yellow,25473,25476,3,wave_A,0,0
S3,red,25476,25558,82,wave_A,0,0
S3,green,25558,25613,55,wave_A,0,0
S3,yellow,25613,25616,3,wave_A,0,0
S3,red,25616,25698,82,wave_A,0,0
S3,green,25698,25753,55,wave_A,0,0
S3,yellow,25753,25756,3,wave_A,0,0
S3,red,25756,25838,82,wave_A,0,0
S3,green,25838,25893,55,wave_A,0,0
S3,yellow,25893,25896,3,wave_A,0,0
S3,red,25896,25978,82,wave_A,0,0
S3,green,25978,26033,55,wave_A,0,0
S3,yellow,26033,26036,3,wave_A,0,0
S3,red,26036,26118,82,wave_A,0,0
S3,green,26118,26173,55,wave_A,0,0
S3,yellow,26173,26176,3,wave_A,0,0
S3,red,26176,26258,82,wave_A,0,0
S3,green,26258,26313,55,wave_A,0,0
S3,yellow,26313,26316,3,wave_A,0,0
S3,red,26316,26398,82,wave_A,0,0
S3,green,26398,26453,55,wave_A,0,0
S3,yellow,26453,26456,3,wave_A,0,0
S3,red,26456,26538,82,wave_A,0,0
S3,green,26538,26593,55,wave_A,0,0
S3,yellow,26593,26596,3,wave_A,0,0
S3,red,26596,26678,82,wave_A,0,0
S3,green,26678,26733,55,wave_A,0,0
S3,yellow,26733,26736,3,wave_A,0,0
S3,red,26736,26818,82,wave_A,0,0
S3,green,26818,26873,55,wave_A,0,0
S3,yellow,26873,26876,3,wave_A,0,0
S3,red,26876,26958,82,wave_A,0,0
S3,green,26958,27013,55,wave_A,0,0
S3,yellow,27013,27016,3,wave_A,0,0
S3,red,27016,27098,82,wave_A,0,0
S3,green,27098,27153,55,wave_A,0,0
S3,yellow,27153,27156,3,wave_A,0,0
S3,red,27156,27238,82,wave_A,0,0
S3,green,27238,27293,55,wave_A,0,0
S3,yellow,27293,27296,3,wave_A,0,0
S3,red,27296,27378,82,wave_A,0,0
S3,green,27378,27433,55,wave_A,0,0
S3,yellow,27433,27436,3,wave_A,0,0
S3,red,27436,27518,82,wave_A,0,0
S3,green,27518,27573,55,wave_A,0,0
S3,yellow,27573,27576,3,wave_A,0,0
S3,red,27576,27658,82,wave_A,0,0
S3,green,27658,27713,55,wave_A,0,0
S3,yellow,27713,27716,3,wave_A,0,0
S3,red,27716,27798,82,wave_A,0,0
S3,green,27798,27853,55,wave_A,0,0
S3,yellow,27853,27856,3,wave_A,0,0
S3,red,27856,27938,82,wave_A,0,0
S3,green,27938,27993,55,wave_A,0,0
S3,yellow,27993,27996,3,wave_A,0,0
S3,red,27996,28078,82,wave_A,0,0
S3,green,28078,28133,55,wave_A,0,0
S3,yellow,28133,28136,3,wave_A,0,0
S3,red,28136,28218,82,wave_A,0,0
S3,green,28218,28273,55,wave_A,0,0
S3,yellow,28273,28276,3,wave_A,0,0
S3,red,28276,28358,82,wave_A,0,0
S3,green,28358,28413,55,wave_A,0,0
S3,yellow,28413,28416,3,wave_A,0,0
S3,red,28416,28498,82,wave_A,0,0
S3,green,28498,28553,55,wave_A,0,0
S3,yellow,28553,28556,3,wave_A,0,0
S3,red,28556,28638,82,wave_A,0,0
S3,green,28638,28693,55,wave_A,0,0
S3,yellow,28693,28696,3,wave_A,0,0
S3,red,28696,28778,82,wave_A,0,0
S3,green,28778,28833,55,wave_A,0,0
S3,yellow,28833,28836,3,wave_A,0,0
S3,red,28836,28918,82,wave_A,0,0
S3,green,28918,28973,55,wave_A,0,0
S3,yellow,28973,28976,3,wave_A,0,0
S3,red,28976,29058,82,wave_A,0,0
S3,green,29058,29113,55,wave_A,0,0
S3,yellow,29113,29116,3,wave_A,0,0
S3,red,29116,29198,82,wave_A,0,0
S3,green,29198,29253,55,wave_A,0,0
S3,yellow,29253,29256,3,wave_A,0,0
S3,red,29256,29338,82,wave_A,0,0
S3,green,29338,29393,55,wave_A,0,0
S3,yellow,29393,29396,3,wave_A,0,0
S3,red,29396,29478,82,wave_A,0,0
S3,green,29478,29533,55,wave_A,0,0
S3,yellow,29533,29536,3,wave_A,0,0
S3,red,29536,29618,82,wave_A,0,0
S3,green,29618,29673,55,wave_A,0,0
S3,yellow,29673,29676,3,wave_A,0,0
S3,red,29676,29758,82,wave_A,0,0
S3,green,29758,29813,55,wave_A,0,0
S3,yellow,29813,29816,3,wave_A,0,0
S3,red,29816,29898,82,wave_A,0,0
S3,green,29898,29953,55,wave_A,0,0
S3,yellow,29953,29956,3,wave_A,0,0
S3,red,29956,30038,82,wave_A,0,0
S3,green,30038,30093,55,wave_A,0,0
S3,yellow,30093,30096,3,wave_A,0,0
S3,red,30096,30178,82,wave_A,0,0
S3,green,30178,30233,55,wave_A,0,0
S3,yellow,30233,30236,3,wave_A,0,0
S3,red,30236,30318,82,wave_A,0,0
S3,green,30318,30373,55,wave_A,0,0
S3,yellow,30373,30376,3,wave_A,0,0
S3,red,30376,30458,82,wave_A,0,0
S3,green,30458,30513,55,wave_A,0,0
S3,yellow,30513,30516,3,wave_A,0,0
S3,red,30516,30598,82,wave_A,0,0
S3,green,30598,30653,55,wave_A,0,0
S3,yellow,30653,30656,3,wave_A,0,0
S3,red,30656,30738,82,wave_A,0,0
S3,green,30738,30793,55,wave_A,0,0
S3,yellow,30793,30796,3,wave_A,0,0
S3,red,30796,30878,82,wave_A,0,0
S3,green,30878,30933,55,wave_A,0,0
S3,yellow,30933,30936,3,wave_A,0,0
S3,red,30936,31018,82,wave_A,0,0
S3,green,31018,31073,55,wave_A,0,0
S3,yellow,31073,31076,3,wave_A,0,0
S3,red,31076,31158,82,wave_A,0,0
S3,green,31158,31213,55,wave_A,0,0
S3,yellow,31213,31216,3,wave_A,0,0
S3,red,31216,31298,82,wave_A,0,0
S3,green,31298,31353,55,wave_A,0,0
S3,yellow,31353,31356,3,wave_A,0,0
S3,red,31356,31438,82,wave_A,0,0
S3,green,31438,31493,55,wave_A,0,0
S3,yellow,31493,31496,3,wave_A,0,0
S3,red,31496,31578,82,wave_A,0,0
S3,green,31578,31633,55,wave_A,0,0
S3,yellow,31633,31636,3,wave_A,0,0
S3,red,31636,31718,82,wave_A,0,0
S3,green,31718,31773,55,wave_A,0,0
S3,yellow,31773,31776,3,wave_A,0,0
S3,red,31776,31858,82,wave_A,0,0
S3,green,31858,31913,55,wave_A,0,0
S3,yellow,31913,31916,3,wave_A,0,0
S3,red,31916,31998,82,wave_A,0,0
S3,green,31998,32053,55,wave_A,0,0
S3,yellow,32053,32056,3,wave_A,0,0
S3,red,32056,32138,82,wave_A,0,0
S3,green,32138,32193,55,wave_A,0,0
S3,yellow,32193,32196,3,wave_A,0,0
S3,red,32196,32278,82,wave_A,0,0
S3,green,32278,32333,55,wave_A,0,0
S3,yellow,32333,32336,3,wave_A,0,0
S3,red,32336,32418,82,wave_A,0,0
S3,green,32418,32473,55,wave_A,0,0
S3,yellow,32473,32476,3,wave_A,0,0
S3,red,32476,32558,82,wave_A,0,0
S3,green,32558,32613,55,wave_A,0,0
S3,yellow,32613,32616,3,wave_A,0,0
S3,red,32616,32698,82,wave_A,0,0
S3,green,32698,32753,55,wave_A,0,0
S3,yellow,32753,32756,3,wave_A,0,0
S3,red,32756,32838,82,wave_A,0,0
S3,green,32838,32893,55,wave_A,0,0
S3,yellow,32893,32896,3,wave_A,0,0
S3,red,32896,32978,82,wave_A,0,0
S3,green,32978,33033,55,wave_A,0,0
S3,yellow,33033,33036,3,wave_A,0,0
S3,red,33036,33118,82,wave_A,0,0
S3,green,33118,33173,55,wave_A,0,0
S3,yellow,33173,33176,3,wave_A,0,0
S3,red,33176,33258,82,wave_A,0,0
S3,green,33258,33313,55,wave_A,0,0
S3,yellow,33313,33316,3,wave_A,0,0
S3,red,33316,33398,82,wave_A,0,0
S3,green,33398,33453,55,wave_A,0,0
S3,yellow,33453,33456,3,wave_A,0,0
S3,red,33456,33538,82,wave_A,0,0
S3,green,33538,33593,55,wave_A,0,0
S3,yellow,33593,33596,3,wave_A,0,0
S3,red,33596,33678,82,wave_A,0,0
S3,green,33678,33733,55,wave_A,0,0
S3,yellow,33733,33736,3,wave_A,0,0
S3,red,33736,33818,82,wave_A,0,0
S3,green,33818,33873,55,wave_A,0,0
S3,yellow,33873,33876,3,wave_A,0,0
S3,red,33876,33958,82,wave_A,0,0
S3,green,33958,34013,55,wave_A,0,0
S3,yellow,34013,34016,3,wave_A,0,0
S3,red,34016,34098,82,wave_A,0,0
S3,green,34098,34153,55,wave_A,0,0
S3,yellow,34153,34156,3,wave_A,0,0
S3,red,34156,34238,82,wave_A,0,0
S3,green,34238,34293,55,wave_A,0,0
S3,yellow,34293,34296,3,wave_A,0,0
S3,red,34296,34378,82,wave_A,0,0
S3,green,34378,34433,55,wave_A,0,0
S3,yellow,34433,34436,3,wave_A,0,0
S3,red,34436,34518,82,wave_A,0,0
S3,green,34518,34573,55,wave_A,0,0
S3,yellow,34573,34576,3,wave_A,0,0
S3,red,34576,34658,82,wave_A,0,0
S3,green,34658,34713,55,wave_A,0,0
S3,yellow,34713,34716,3,wave_A,0,0
S3,red,34716,34798,82,wave_A,0,0
S3,green,34798,34853,55,wave_A,0,0
S3,yellow,34853,34856,3,wave_A,0,0
S3,red,34856,34938,82,wave_A,0,0
S3,green,34938,34993,55,wave_A,0,0
S3,yellow,34993,34996,3,wave_A,0,0
S3,red,34996,35078,82,wave_A,0,0
S3,green,35078,35133,55,wave_A,0,0
S3,yellow,35133,35136,3,wave_A,0,0
S3,red,35136,35218,82,wave_A,0,0
S3,green,35218,35273,55,wave_A,0,0
S3,yellow,35273,35276,3,wave_A,0,0
S3,red,35276,35358,82,wave_A,0,0
S3,green,35358,35413,55,wave_A,0,0
S3,yellow,35413,35416,3,wave_A,0,0
S3,red,35416,35498,82,wave_A,0,0
S3,green,35498,35553,55,wave_A,0,0
S3,yellow,35553,35556,3,wave_A,0,0
S3,red,35556,35638,82,wave_A,0,0
S3,green,35638,35693,55,wave_A,0,0
S3,yellow,35693,35696,3,wave_A,0,0
S3,red,35696,35778,82,wave_A,0,0
S3,green,35778,35833,55,wave_A,0,0
S3,yellow,35833,35836,3,wave_A,0,0
S3,red,35836,35918,82,wave_A,0,0
S3,green,35918,35973,55,wave_A,0,0
S3,yellow,35973,35976,3,wave_A,0,0
S3,red,35976,36058,82,wave_A,0,0
S3,green,36058,36113,55,wave_A,0,0
S3,yellow,36113,36116,3,wave_A,0,0
S3,red,36116,36198,82,wave_A,0,0
S3,green,36198,36253,55,wave_A,0,0
S3,yellow,36253,36256,3,wave_A,0,0
S3,red,36256,36338,82,wave_A,0,0
S3,green,36338,36393,55,wave_A,0,0
S3,yellow,36393,36396,3,wave_A,0,0
S3,red,36396,36478,82,wave_A,0,0
S3,green,36478,36533,55,wave_A,0,0
S3,yellow,36533,36536,3,wave_A,0,0
S3,red,36536,36618,82,wave_A,0,0
S3,green,36618,36673,55,wave_A,0,0
S3,yellow,36673,36676,3,wave_A,0,0
S3,red,36676,36758,82,wave_A,0,0
S3,green,36758,36813,55,wave_A,0,0
S3,yellow,36813,36816,3,wave_A,0,0
S3,red,36816,36898,82,wave_A,0,0
S3,green,36898,36953,55,wave_A,0,0
S3,yellow,36953,36956,3,wave_A,0,0
S3,red,36956,37038,82,wave_A,0,0
S3,green,37038,37093,55,wave_A,0,0
S3,yellow,37093,37096,3,wave_A,0,0
S3,red,37096,37178,82,wave_A,0,0
S3,green,37178,37233,55,wave_A,0,0
S3,yellow,37233,37236,3,wave_A,0,0
S3,red,37236,37318,82,wave_A,0,0
S3,green,37318,37373,55,wave_A,0,0
S3,yellow,37373,37376,3,wave_A,0,0
S3,red,37376,37458,82,wave_A,0,0
S3,green,37458,37513,55,wave_A,0,0
S3,yellow,37513,37516,3,wave_A,0,0
S3,red,37516,37598,82,wave_A,0,0
S3,green,37598,37653,55,wave_A,0,0
S3,yellow,37653,37656,3,wave_A,0,0
S3,red,37656,37738,82,wave_A,0,0
S3,green,37738,37793,55,wave_A,0,0
S3,yellow,37793,37796,3,wave_A,0,0
S3,red,37796,37878,82,wave_A,0,0
S3,green,37878,37933,55,wave_A,0,0
S3,yellow,37933,37936,3,wave_A,0,0
S3,red,37936,38018,82,wave_A,0,0
S3,green,38018,38073,55,wave_A,0,0
S3,yellow,38073,38076,3,wave_A,0,0
S3,red,38076,38158,82,wave_A,0,0
S3,green,38158,38213,55,wave_A,0,0
S3,yellow,38213,38216,3,wave_A,0,0
S3,red,38216,38298,82,wave_A,0,0
S3,green,38298,38353,55,wave_A,0,0
S3,yellow,38353,38356,3,wave_A,0,0
S3,red,38356,38438,82,wave_A,0,0
S3,green,38438,38493,55,wave_A,0,0
S3,yellow,38493,38496,3,wave_A,0,0
S3,red,38496,38578,82,wave_A,0,0
S3,green,38578,38633,55,wave_A,0,0
S3,yellow,38633,38636,3,wave_A,0,0
S3,red,38636,38718,82,wave_A,0,0
S3,green,38718,38773,55,wave_A,0,0
S3,yellow,38773,38776,3,wave_A,0,0
S3,red,38776,38858,82,wave_A,0,0
S3,green,38858,38913,55,wave_A,0,0
S3,yellow,38913,38916,3,wave_A,0,0
S3,red,38916,38998,82,wave_A,0,0
S3,green,38998,39053,55,wave_A,0,0
S3,yellow,39053,39056,3,wave_A,0,0
S3,red,39056,39138,82,wave_A,0,0
S3,green,39138,39193,55,wave_A,0,0
S3,yellow,39193,39196,3,wave_A,0,0
S3,red,39196,39278,82,wave_A,0,0
S3,green,39278,39333,55,wave_A,0,0
S3,yellow,39333,39336,3,wave_A,0,0
S3,red,39336,39418,82,wave_A,0,0
S3,green,39418,39473,55,wave_A,0,0
S3,yellow,39473,39476,3,wave_A,0,0
S3,red,39476,39558,82,wave_A,0,0
S3,green,39558,39613,55,wave_A,0,0
S3,yellow,39613,39616,3,wave_A,0,0
S3,red,39616,39698,82,wave_A,0,0
S3,green,39698,39753,55,wave_A,0,0
S3,yellow,39753,39756,3,wave_A,0,0
S3,red,39756,39838,82,wave_A,0,0
S3,green,39838,39893,55,wave_A,0,0
S3,yellow,39893,39896,3,wave_A,0,0
S3,red,39896,39978,82,wave_A,0,0
S3,green,39978,40033,55,wave_A,0,0
S3,yellow,40033,40036,3,wave_A,0,0
S3,red,40036,40118,82,wave_A,0,0
S3,green,40118,40173,55,wave_A,0,0
S3,yellow,40173,40176,3,wave_A,0,0
S3,red,40176,40258,82,wave_A,0,0
S3,green,40258,40313,55,wave_A,0,0
S3,yellow,40313,40316,3,wave_A,0,0
S3,red,40316,40398,82,wave_A,0,0
S3,green,40398,40453,55,wave_A,0,0
S3,yellow,40453,40456,3,wave_A,0,0
S3,red,40456,40538,82,wave_A,0,0
S3,green,40538,40593,55,wave_A,0,0
S3,yellow,40593,40596,3,wave_A,0,0
S3,red,40596,40678,82,wave_A,0,0
S3,green,40678,40733,55,wave_A,0,0
S3,yellow,40733,40736,3,wave_A,0,0
S3,red,40736,40818,82,wave_A,0,0
S3,green,40818,40873,55,wave_A,0,0
S3,yellow,40873,40876,3,wave_A,0,0
S3,red,40876,40958,82,wave_A,0,0
S3,green,40958,41013,55,wave_A,0,0
S3,yellow,41013,41016,3,wave_A,0,0
S3,red,41016,41098,82,wave_A,0,0
S3,green,41098,41153,55,wave_A,0,0
S3,yellow,41153,41156,3,wave_A,0,0
S3,red,41156,41238,82,wave_A,0,0
S3,green,41238,41293,55,wave_A,0,0
S3,yellow,41293,41296,3,wave_A,0,0
S3,red,41296,41378,82,wave_A,0,0
S3,green,41378,41433,55,wave_A,0,0
S3,yellow,41433,41436,3,wave_A,0,0
S3,red,41436,41518,82,wave_A,0,0
S3,green,41518,41573,55,wave_A,0,0
S3,yellow,41573,41576,3,wave_A,0,0
S3,red,41576,41658,82,wave_A,0,0
S3,green,41658,41713,55,wave_A,0,0
S3,yellow,41713,41716,3,wave_A,0,0
S3,red,41716,41798,82,wave_A,0,0
S3,green,41798,41853,55,wave_A,0,0
S3,yellow,41853,41856,3,wave_A,0,0
S3,red,41856,41938,82,wave_A,0,0
S3,green,41938,41993,55,wave_A,0,0
S3,yellow,41993,41996,3,wave_A,0,0
S3,red,41996,42078,82,wave_A,0,0
S3,green,42078,42133,55,wave_A,0,0
S3,yellow,42133,42136,3,wave_A,0,0
S3,red,42136,42218,82,wave_A,0,0
S3,green,42218,42273,55,wave_A,0,0
S3,yellow,42273,42276,3,wave_A,0,0
S3,red,42276,42358,82,wave_A,0,0
S3,green,42358,42413,55,wave_A,0,0
S3,yellow,42413,42416,3,wave_A,0,0
S3,red,42416,42498,82,wave_A,0,0
S3,green,42498,42553,55,wave_A,0,0
S3,yellow,42553,42556,3,wave_A,0,0
S3,red,42556,42638,82,wave_A,0,0
S3,green,42638,42693,55,wave_A,0,0
S3,yellow,42693,42696,3,wave_A,0,0
S3,red,42696,42778,82,wave_A,0,0
S3,green,42778,42833,55,wave_A,0,0
S3,yellow,42833,42836,3,wave_A,0,0
S3,red,42836,42918,82,wave_A,0,0
S3,green,42918,42973,55,wave_A,0,0
S3,yellow,42973,42976,3,wave_A,0,0
S3,red,42976,43058,82,wave_A,0,0
S3,green,43058,43113,55,wave_A,0,0
S3,yellow,43113,43116,3,wave_A,0,0
S3,red,43116,43198,82,wave_A,0,0
S3,green,43198,43253,55,wave_A,0,0
S3,yellow,43253,43256,3,wave_A,0,0
S3,red,43256,43338,82,wave_A,0,0
S3,green,43338,43393,55,wave_A,0,0
S3,yellow,43393,43396,3,wave_A,0,0
S3,red,43396,43478,82,wave_A,0,0
S3,green,43478,43533,55,wave_A,0,0
S3,yellow,43533,43536,3,wave_A,0,0
S3,red,43536,43618,82,wave_A,0,0
S3,green,43618,43673,55,wave_A,0,0
S3,yellow,43673,43676,3,wave_A,0,0
S3,red,43676,43758,82,wave_A,0,0
S3,green,43758,43813,55,wave_A,0,0
S3,yellow,43813,43816,3,wave_A,0,0
S3,red,43816,43898,82,wave_A,0,0
S3,green,43898,43953,55,wave_A,0,0
S3,yellow,43953,43956,3,wave_A,0,0
S3,red,43956,44038,82,wave_A,0,0
S3,green,44038,44093,55,wave_A,0,0
S3,yellow,44093,44096,3,wave_A,0,0
S3,red,44096,44178,82,wave_A,0,0
S3,green,44178,44233,55,wave_A,0,0
S3,yellow,44233,44236,3,wave_A,0,0
S3,red,44236,44318,82,wave_A,0,0
S3,green,44318,44373,55,wave_A,0,0
S3,yellow,44373,44376,3,wave_A,0,0
S3,red,44376,44458,82,wave_A,0,0
S3,green,44458,44513,55,wave_A,0,0
S3,yellow,44513,44516,3,wave_A,0,0
S3,red,44516,44598,82,wave_A,0,0
S3,green,44598,44653,55,wave_A,0,0
S3,yellow,44653,44656,3,wave_A,0,0
S3,red,44656,44738,82,wave_A,0,0
S3,green,44738,44793,55,wave_A,0,0
S3,yellow,44793,44796,3,wave_A,0,0
S3,red,44796,44878,82,wave_A,0,0
S3,green,44878,44933,55,wave_A,0,0
S3,yellow,44933,44936,3,wave_A,0,0
S3,red,44936,45018,82,wave_A,0,0
S3,green,45018,45073,55,wave_A,0,0
S3,yellow,45073,45076,3,wave_A,0,0
S3,red,45076,45158,82,wave_A,0,0
S3,green,45158,45213,55,wave_A,0,0
S3,yellow,45213,45216,3,wave_A,0,0
S3,red,45216,45298,82,wave_A,0,0
S3,green,45298,45353,55,wave_A,0,0
S3,yellow,45353,45356,3,wave_A,0,0
S3,red,45356,45438,82,wave_A,0,0
S3,green,45438,45493,55,wave_A,0,0
S3,yellow,45493,45496,3,wave_A,0,0
S3,red,45496,45578,82,wave_A,0,0
S3,green,45578,45633,55,wave_A,0,0
S3,yellow,45633,45636,3,wave_A,0,0
S3,red,45636,45718,82,wave_A,0,0
S3,green,45718,45773,55,wave_A,0,0
S3,yellow,45773,45776,3,wave_A,0,0
S3,red,45776,45858,82,wave_A,0,0
S3,green,45858,45913,55,wave_A,0,0
S3,yellow,45913,45916,3,wave_A,0,0
S3,red,45916,45998,82,wave_A,0,0
S3,green,45998,46053,55,wave_A,0,0
S3,yellow,46053,46056,3,wave_A,0,0
S3,red,46056,46138,82,wave_A,0,0
S3,green,46138,46193,55,wave_A,0,0
S3,yellow,46193,46196,3,wave_A,0,0
S3,red,46196,46278,82,wave_A,0,0
S3,green,46278,46333,55,wave_A,0,0
S3,yellow,46333,46336,3,wave_A,0,0
S3,red,46336,46418,82,wave_A,0,0
S3,green,46418,46473,55,wave_A,0,0
S3,yellow,46473,46476,3,wave_A,0,0
S3,red,46476,46558,82,wave_A,0,0
S3,green,46558,46613,55,wave_A,0,0
S3,yellow,46613,46616,3,wave_A,0,0
S3,red,46616,46698,82,wave_A,0,0
S3,green,46698,46753,55,wave_A,0,0
S3,yellow,46753,46756,3,wave_A,0,0
S3,red,46756,46838,82,wave_A,0,0
S3,green,46838,46893,55,wave_A,0,0
S3,yellow,46893,46896,3,wave_A,0,0
S3,red,46896,46978,82,wave_A,0,0
S3,green,46978,47033,55,wave_A,0,0
S3,yellow,47033,47036,3,wave_A,0,0
S3,red,47036,47118,82,wave_A,0,0
S3,green,47118,47173,55,wave_A,0,0
S3,yellow,47173,47176,3,wave_A,0,0
S3,red,47176,47258,82,wave_A,0,0
S3,green,47258,47313,55,wave_A,0,0
S3,yellow,47313,47316,3,wave_A,0,0
S3,red,47316,47398,82,wave_A,0,0
S3,green,47398,47453,55,wave_A,0,0
S3,yellow,47453,47456,3,wave_A,0,0
S3,red,47456,47538,82,wave_A,0,0
S3,green,47538,47593,55,wave_A,0,0
S3,yellow,47593,47596,3,wave_A,0,0
S3,red,47596,47678,82,wave_A,0,0
S3,green,47678,47733,55,wave_A,0,0
S3,yellow,47733,47736,3,wave_A,0,0
S3,red,47736,47818,82,wave_A,0,0
S3,green,47818,47873,55,wave_A,0,0
S3,yellow,47873,47876,3,wave_A,0,0
S3,red,47876,47958,82,wave_A,0,0
S3,green,47958,48013,55,wave_A,0,0
S3,yellow,48013,48016,3,wave_A,0,0
S3,red,48016,48098,82,wave_A,0,0
S3,green,48098,48153,55,wave_A,0,0
S3,yellow,48153,48156,3,wave_A,0,0
S3,red,48156,48238,82,wave_A,0,0
S3,green,48238,48293,55,wave_A,0,0
S3,yellow,48293,48296,3,wave_A,0,0
S3,red,48296,48378,82,wave_A,0,0
S3,green,48378,48433,55,wave_A,0,0
S3,yellow,48433,48436,3,wave_A,0,0
S3,red,48436,48518,82,wave_A,0,0
S3,green,48518,48573,55,wave_A,0,0
S3,yellow,48573,48576,3,wave_A,0,0
S3,red,48576,48658,82,wave_A,0,0
S3,green,48658,48713,55,wave_A,0,0
S3,yellow,48713,48716,3,wave_A,0,0
S3,red,48716,48798,82,wave_A,0,0
S3,green,48798,48853,55,wave_A,0,0
S3,yellow,48853,48856,3,wave_A,0,0
S3,red,48856,48938,82,wave_A,0,0
S3,green,48938,48993,55,wave_A,0,0
S3,yellow,48993,48996,3,wave_A,0,0
S3,red,48996,49078,82,wave_A,0,0
S3,green,49078,49133,55,wave_A,0,0
S3,yellow,49133,49136,3,wave_A,0,0
S3,red,49136,49218,82,wave_A,0,0
S3,green,49218,49273,55,wave_A,0,0
S3,yellow,49273,49276,3,wave_A,0,0
S3,red,49276,49358,82,wave_A,0,0
S3,green,49358,49413,55,wave_A,0,0
S3,yellow,49413,49416,3,wave_A,0,0
S3,red,49416,49498,82,wave_A,0,0
S3,green,49498,49553,55,wave_A,0,0
S3,yellow,49553,49556,3,wave_A,0,0
S3,red,49556,49638,82,wave_A,0,0
S3,green,49638,49693,55,wave_A,0,0
S3,yellow,49693,49696,3,wave_A,0,0
S3,red,49696,49778,82,wave_A,0,0
S3,green,49778,49833,55,wave_A,0,0
S3,yellow,49833,49836,3,wave_A,0,0
S3,red,49836,49918,82,wave_A,0,0
S3,green,49918,49973,55,wave_A,0,0
S3,yellow,49973,49976,3,wave_A,0,0
S3,red,49976,50058,82,wave_A,0,0
S3,green,50058,50113,55,wave_A,0,0
S3,yellow,50113,50116,3,wave_A,0,0
S3,red,50116,50198,82,wave_A,0,0
S3,green,50198,50253,55,wave_A,0,0
S3,yellow,50253,50256,3,wave_A,0,0
S3,red,50256,50338,82,wave_A,0,0
S3,green,50338,50393,55,wave_A,0,0
S3,yellow,50393,50396,3,wave_A,0,0
S3,red,50396,50478,82,wave_A,0,0
S3,green,50478,50533,55,wave_A,0,0
S3,yellow,50533,50536,3,wave_A,0,0
S3,red,50536,50618,82,wave_A,0,0
S3,green,50618,50673,55,wave_A,0,0
S3,yellow,50673,50676,3,wave_A,0,0
S3,red,50676,50758,82,wave_A,0,0
S3,green,50758,50813,55,wave_A,0,0
S3,yellow,50813,50816,3,wave_A,0,0
S3,red,50816,50898,82,wave_A,0,0
S3,green,50898,50953,55,wave_A,0,0
S3,yellow,50953,50956,3,wave_A,0,0
S3,red,50956,51038,82,wave_A,0,0
S3,green,51038,51093,55,wave_A,0,0
S3,yellow,51093,51096,3,wave_A,0,0
S3,red,51096,51178,82,wave_A,0,0
S3,green,51178,51233,55,wave_A,0,0
S3,yellow,51233,51236,3,wave_A,0,0
S3,red,51236,51318,82,wave_A,0,0
S3,green,51318,51373,55,wave_A,0,0
S3,yellow,51373,51376,3,wave_A,0,0
S3,red,51376,51458,82,wave_A,0,0
S3,green,51458,51513,55,wave_A,0,0
S3,yellow,51513,51516,3,wave_A,0,0
S3,red,51516,51598,82,wave_A,0,0
S3,green,51598,51653,55,wave_A,0,0
S3,yellow,51653,51656,3,wave_A,0,0
S3,red,51656,51738,82,wave_A,0,0
S3,green,51738,51793,55,wave_A,0,0
S3,yellow,51793,51796,3,wave_A,0,0
S3,red,51796,51878,82,wave_A,0,0
S3,green,51878,51933,55,wave_A,0,0
S3,yellow,51933,51936,3,wave_A,0,0
S3,red,51936,52018,82,wave_A,0,0
S3,green,52018,52073,55,wave_A,0,0
S3,yellow,52073,52076,3,wave_A,0,0
S3,red,52076,52158,82,wave_A,0,0
S3,green,52158,52213,55,wave_A,0,0
S3,yellow,52213,52216,3,wave_A,0,0
S3,red,52216,52298,82,wave_A,0,0
S3,green,52298,52353,55,wave_A,0,0
S3,yellow,52353,52356,3,wave_A,0,0
S3,red,52356,52438,82,wave_A,0,0
S3,green,52438,52493,55,wave_A,0,0
S3,yellow,52493,52496,3,wave_A,0,0
S3,red,52496,52578,82,wave_A,0,0
S3,green,52578,52633,55,wave_A,0,0
S3,yellow,52633,52636,3,wave_A,0,0
S3,red,52636,52718,82,wave_A,0,0
S3,green,52718,52773,55,wave_A,0,0
S3,yellow,52773,52776,3,wave_A,0,0
S3,red,52776,52858,82,wave_A,0,0
S3,green,52858,52913,55,wave_A,0,0
S3,yellow,52913,52916,3,wave_A,0,0
S3,red,52916,52998,82,wave_A,0,0
S3,green,52998,53053,55,wave_A,0,0
S3,yellow,53053,53056,3,wave_A,0,0
S3,red,53056,53138,82,wave_A,0,0
S3,green,53138,53193,55,wave_A,0,0
S3,yellow,53193,53196,3,wave_A,0,0
S3,red,53196,53278,82,wave_A,0,0
S3,green,53278,53333,55,wave_A,0,0
S3,yellow,53333,53336,3,wave_A,0,0
S3,red,53336,53418,82,wave_A,0,0
S3,green,53418,53473,55,wave_A,0,0
S3,yellow,53473,53476,3,wave_A,0,0
S3,red,53476,53558,82,wave_A,0,0
S3,green,53558,53613,55,wave_A,0,0
S3,yellow,53613,53616,3,wave_A,0,0
S3,red,53616,53698,82,wave_A,0,0
S3,green,53698,53753,55,wave_A,0,0
S3,yellow,53753,53756,3,wave_A,0,0
S3,red,53756,53838,82,wave_A,0,0
S3,green,53838,53893,55,wave_A,0,0
S3,yellow,53893,53896,3,wave_A,0,0
S3,red,53896,53978,82,wave_A,0,0
S3,green,53978,54033,55,wave_A,0,0
S3,yellow,54033,54036,3,wave_A,0,0
S3,red,54036,54118,82,wave_A,0,0
S3,green,54118,54173,55,wave_A,0,0
S3,yellow,54173,54176,3,wave_A,0,0
S3,red,54176,54258,82,wave_A,0,0
S3,green,54258,54313,55,wave_A,0,0
S3,yellow,54313,54316,3,wave_A,0,0
S3,red,54316,54398,82,wave_A,0,0
S3,green,54398,54453,55,wave_A,0,0
S3,yellow,54453,54456,3,wave_A,0,0
S3,red,54456,54538,82,wave_A,0,0
S3,green,54538,54593,55,wave_A,0,0
S3,yellow,54593,54596,3,wave_A,0,0
S3,red,54596,54678,82,wave_A,0,0
S3,green,54678,54733,55,wave_A,0,0
S3,yellow,54733,54736,3,wave_A,0,0
S3,red,54736,54818,82,wave_A,0,0
S3,green,54818,54873,55,wave_A,0,0
S3,yellow,54873,54876,3,wave_A,0,0
S3,red,54876,54958,82,wave_A,0,0
S3,green,54958,55013,55,wave_A,0,0
S3,yellow,55013,55016,3,wave_A,0,0
S3,red,55016,55098,82,wave_A,0,0
S3,green,55098,55153,55,wave_A,0,0
S3,yellow,55153,55156,3,wave_A,0,0
S3,red,55156,55238,82,wave_A,0,0
S3,green,55238,55293,55,wave_A,0,0
S3,yellow,55293,55296,3,wave_A,0,0
S3,red,55296,55378,82,wave_A,0,0
S3,green,55378,55433,55,wave_A,0,0
S3,yellow,55433,55436,3,wave_A,0,0
S3,red,55436,55518,82,wave_A,0,0
S3,green,55518,55573,55,wave_A,0,0
S3,yellow,55573,55576,3,wave_A,0,0
S3,red,55576,55658,82,wave_A,0,0
S3,green,55658,55713,55,wave_A,0,0
S3,yellow,55713,55716,3,wave_A,0,0
S3,red,55716,55798,82,wave_A,0,0
S3,green,55798,55853,55,wave_A,0,0
S3,yellow,55853,55856,3,wave_A,0,0
S3,red,55856,55938,82,wave_A,0,0
S3,green,55938,55993,55,wave_A,0,0
S3,yellow,55993,55996,3,wave_A,0,0
S3,red,55996,56078,82,wave_A,0,0
S3,green,56078,56133,55,wave_A,0,0
S3,yellow,56133,56136,3,wave_A,0,0
S3,red,56136,56218,82,wave_A,0,0
S3,green,56218,56273,55,wave_A,0,0
S3,yellow,56273,56276,3,wave_A,0,0
S3,red,56276,56358,82,wave_A,0,0
S3,green,56358,56413,55,wave_A,0,0
S3,yellow,56413,56416,3,wave_A,0,0
S3,red,56416,56498,82,wave_A,0,0
S3,green,56498,56553,55,wave_A,0,0
S3,yellow,56553,56556,3,wave_A,0,0
S3,red,56556,56638,82,wave_A,0,0
S3,green,56638,56693,55,wave_A,0,0
S3,yellow,56693,56696,3,wave_A,0,0
S3,red,56696,56778,82,wave_A,0,0
S3,green,56778,56833,55,wave_A,0,0
S3,yellow,56833,56836,3,wave_A,0,0
S3,red,56836,56918,82,wave_A,0,0
S3,green,56918,56973,55,wave_A,0,0
S3,yellow,56973,56976,3,wave_A,0,0
S3,red,56976,57058,82,wave_A,0,0
S3,green,57058,57113,55,wave_A,0,0
S3,yellow,57113,57116,3,wave_A,0,0
S3,red,57116,57198,82,wave_A,0,0
S3,green,57198,57253,55,wave_A,0,0
S3,yellow,57253,57256,3,wave_A,0,0
S3,red,57256,57338,82,wave_A,0,0
S3,green,57338,57393,55,wave_A,0,0
S3,yellow,57393,57396,3,wave_A,0,0
S3,red,57396,57478,82,wave_A,0,0
S3,green,57478,57533,55,wave_A,0,0
S3,yellow,57533,57536,3,wave_A,0,0
S3,red,57536,57618,82,wave_A,0,0
S3,green,57618,57673,55,wave_A,0,0
S3,yellow,57673,57676,3,wave_A,0,0
S3,red,57676,57680,4,wave_A,0,1
S4,green,0,17,17,wave_A,1,0
S4,yellow,17,20,3,wave_A,0,0
S4,red,20,104,84,wave_A,0,0
S4,green,104,157,53,wave_A,0,0
S4,yellow,157,160,3,wave_A,0,0
S4,red,160,244,84,wave_A,0,0
S4,green,244,297,53,wave_A,0,0
S4,yellow,297,300,3,wave_A,0,0
S4,red,300,384,84,wave_A,0,0
S4,green,384,437,53,wave_A,0,0
S4,yellow,437,440,3,wave_A,0,0
S4,red,440,524,84,wave_A,0,0
S4,green,524,577,53,wave_A,0,0
S4,yellow,577,580,3,wave_A,0,0
S4,red,580,664,84,wave_A,0,0
S4,green,664,717,53,wave_A,0,0
S4,yellow,717,720,3,wave_A,0,0
S4,red,720,804,84,wave_A,0,0
S4,green,804,857,53,wave_A,0,0
S4,yellow,857,860,3,wave_A,0,0
S4,red,860,944,84,wave_A,0,0
S4,green,944,997,53,wave_A,0,0
S4,yellow,997,1000,3,wave_A,0,0
S4,red,1000,1084,84,wave_A,0,0
S4,green,1084,1137,53,wave_A,0,0
S4,yellow,1137,1140,3,wave_A,0,0
S4,red,1140,1224,84,wave_A,0,0
S4,green,1224,1277,53,wave_A,0,0
S4,yellow,1277,1280,3,wave_A,0,0
S4,red,1280,1364,84,wave_A,0,0
S4,green,1364,1417,53,wave_A,0,0
S4,yellow,1417,1420,3,wave_A,0,0
S4,red,1420,1504,84,wave_A,0,0
S4,green,1504,1557,53,wave_A,0,0
S4,yellow,1557,1560,3,wave_A,0,0
S4,red,1560,1644,84,wave_A,0,0
S4,green,1644,1697,53,wave_A,0,0
S4,yellow,1697,1700,3,wave_A,0,0
S4,red,1700,1784,84,wave_A,0,0
S4,green,1784,1837,53,wave_A,0,0
S4,yellow,1837,1840,3,wave_A,0,0
S4,red,1840,1924,84,wave_A,0,0
S4,green,1924,1977,53,wave_A,0,0
S4,yellow,1977,1980,3,wave_A,0,0
S4,red,1980,2064,84,wave_A,0,0
S4,green,2064,2117,53,wave_A,0,0
S4,yellow,2117,2120,3,wave_A,0,0
S4,red,2120,2204,84,wave_A,0,0
S4,green,2204,2257,53,wave_A,0,0
S4,yellow,2257,2260,3,wave_A,0,0
S4,red,2260,2344,84,wave_A,0,0
S4,green,2344,2397,53,wave_A,0,0
S4,yellow,2397,2400,3,wave_A,0,0
S4,red,2400,2484,84,wave_A,0,0
S4,green,2484,2537,53,wave_A,0,0
S4,yellow,2537,2540,3,wave_A,0,0
S4,red,2540,2624,84,wave_A,0,0
S4,green,2624,2677,53,wave_A,0,0
S4,yellow,2677,2680,3,wave_A,0,0
S4,red,2680,2764,84,wave_A,0,0
S4,green,2764,2817,53,wave_A,0,0
S4,yellow,2817,2820,3,wave_A,0,0
S4,red,2820,2904,84,wave_A,0,0
S4,green,2904,2957,53,wave_A,0,0
S4,yellow,2957,2960,3,wave_A,0,0
S4,red,2960,3044,84,wave_A,0,0
S4,green,3044,3097,53,wave_A,0,0
S4,yellow,3097,3100,3,wave_A,0,0
S4,red,3100,3184,84,wave_A,0,0
S4,green,3184,3237,53,wave_A,0,0
S4,yellow,3237,3240,3,wave_A,0,0
S4,red,3240,3324,84,wave_A,0,0
S4,green,3324,3377,53,wave_A,0,0
S4,yellow,3377,3380,3,wave_A,0,0
S4,red,3380,3464,84,wave_A,0,0
S4,green,3464,3517,53,wave_A,0,0
S4,yellow,3517,3520,3,wave_A,0,0
S4,red,3520,3604,84,wave_A,0,0
S4,green,3604,3657,53,wave_A,0,0
S4,yellow,3657,3660,3,wave_A,0,0
S4,red,3660,3744,84,wave_A,0,0
S4,green,3744,3797,53,wave_A,0,0
S4,yellow,3797,3800,3,wave_A,0,0
S4,red,3800,3884,84,wave_A,0,0
S4,green,3884,3937,53,wave_A,0,0
S4,yellow,3937,3940,3,wave_A,0,0
S4,red,3940,4024,84,wave_A,0,0
S4,green,4024,4077,53,wave_A,0,0
S4,yellow,4077,4080,3,wave_A,0,0
S4,red,4080,4164,84,wave_A,0,0
S4,green,4164,4217,53,wave_A,0,0
S4,yellow,4217,4220,3,wave_A,0,0
S4,red,4220,4304,84,wave_A,0,0
S4,green,4304,4357,53,wave_A,0,0
S4,yellow,4357,4360,3,wave_A,0,0
S4,red,4360,4444,84,wave_A,0,0
S4,green,4444,4497,53,wave_A,0,0
S4,yellow,4497,4500,3,wave_A,0,0
S4,red,4500,4584,84,wave_A,0,0
S4,green,4584,4637,53,wave_A,0,0
S4,yellow,4637,4640,3,wave_A,0,0
S4,red,4640,4724,84,wave_A,0,0
S4,green,4724,4777,53,wave_A,0,0
S4,yellow,4777,4780,3,wave_A,0,0
S4,red,4780,4864,84,wave_A,0,0
S4,green,4864,4917,53,wave_A,0,0
S4,yellow,4917,4920,3,wave_A,0,0
S4,red,4920,5004,84,wave_A,0,0
S4,green,5004,5057,53,wave_A,0,0
S4,yellow,5057,5060,3,wave_A,0,0
S4,red,5060,5144,84,wave_A,0,0
S4,green,5144,5197,53,wave_A,0,0
S4,yellow,5197,5200,3,wave_A,0,0
S4,red,5200,5284,84,wave_A,0,0
S4,green,5284,5337,53,wave_A,0,0
S4,yellow,5337,5340,3,wave_A,0,0
S4,red,5340,5424,84,wave_A,0,0
S4,green,5424,5477,53,wave_A,0,0
S4,yellow,5477,5480,3,wave_A,0,0
S4,red,5480,5564,84,wave_A,0,0
S4,green,5564,5617,53,wave_A,0,0
S4,yellow,5617,5620,3,wave_A,0,0
S4,red,5620,5704,84,wave_A,0,0
S4,green,5704,5757,53,wave_A,0,0
S4,yellow,5757,5760,3,wave_A,0,0
S4,red,5760,5844,84,wave_A,0,0
S4,green,5844,5897,53,wave_A,0,0
S4,yellow,5897,5900,3,wave_A,0,0
S4,red,5900,5984,84,wave_A,0,0
S4,green,5984,6037,53,wave_A,0,0
S4,yellow,6037,6040,3,wave_A,0,0
S4,red,6040,6124,84,wave_A,0,0
S4,green,6124,6177,53,wave_A,0,0
S4,yellow,6177,6180,3,wave_A,0,0
S4,red,6180,6264,84,wave_A,0,0
S4,green,6264,6317,53,wave_A,0,0
S4,yellow,6317,6320,3,wave_A,0,0
S4,red,6320,6404,84,wave_A,0,0
S4,green,6404,6457,53,wave_A,0,0
S4,yellow,6457,6460,3,wave_A,0,0
S4,red,6460,6544,84,wave_A,0,0
S4,green,6544,6597,53,wave_A,0,0
S4,yellow,6597,6600,3,wave_A,0,0
S4,red,6600,6684,84,wave_A,0,0
S4,green,6684,6737,53,wave_A,0,0
S4,yellow,6737,6740,3,wave_A,0,0
S4,red,6740,6824,84,wave_A,0,0
S4,green,6824,6877,53,wave_A,0,0
S4,yellow,6877,6880,3,wave_A,0,0
S4,red,6880,6964,84,wave_A,0,0
S4,green,6964,7017,53,wave_A,0,0
S4,yellow,7017,7020,3,wave_A,0,0
S4,red,7020,7104,84,wave_A,0,0
S4,green,7104,7157,53,wave_A,0,0
S4,yellow,7157,7160,3,wave_A,0,0
S4,red,7160,7244,84,wave_A,0,0
S4,green,7244,7297,53,wave_A,0,0
S4,yellow,7297,7300,3,wave_A,0,0
S4,red,7300,7384,84,wave_A,0,0
S4,green,7384,7437,53,wave_A,0,0
S4,yellow,7437,7440,3,wave_A,0,0
S4,red,7440,7524,84,wave_A,0,0
S4,green,7524,7577,53,wave_A,0,0
S4,yellow,7577,7580,3,wave_A,0,0
S4,red,7580,7664,84,wave_A,0,0
S4,green,7664,7717,53,wave_A,0,0
S4,yellow,7717,7720,3,wave_A,0,0
S4,red,7720,7804,84,wave_A,0,0
S4,green,7804,7857,53,wave_A,0,0
S4,yellow,7857,7860,3,wave_A,0,0
S4,red,7860,7944,84,wave_A,0,0
S4,green,7944,7997,53,wave_A,0,0
S4,yellow,7997,8000,3,wave_A,0,0
S4,red,8000,8084,84,wave_A,0,0
S4,green,8084,8137,53,wave_A,0,0
S4,yellow,8137,8140,3,wave_A,0,0
S4,red,8140,8224,84,wave_A,0,0
S4,green,8224,8277,53,wave_A,0,0
S4,yellow,8277,8280,3,wave_A,0,0
S4,red,8280,8364,84,wave_A,0,0
S4,green,8364,8417,53,wave_A,0,0
S4,yellow,8417,8420,3,wave_A,0,0
S4,red,8420,8504,84,wave_A,0,0
S4,green,8504,8557,53,wave_A,0,0
S4,yellow,8557,8560,3,wave_A,0,0
S4,red,8560,8644,84,wave_A,0,0
S4,green,8644,8697,53,wave_A,0,0
S4,yellow,8697,8700,3,wave_A,0,0
S4,red,8700,8784,84,wave_A,0,0
S4,green,8784,8837,53,wave_A,0,0
S4,yellow,8837,8840,3,wave_A,0,0
S4,red,8840,8924,84,wave_A,0,0
S4,green,8924,8977,53,wave_A,0,0
S4,yellow,8977,8980,3,wave_A,0,0
S4,red,8980,9064,84,wave_A,0,0
S4,green,9064,9117,53,wave_A,0,0
S4,yellow,9117,9120,3,wave_A,0,0
S4,red,9120,9204,84,wave_A,0,0
S4,green,9204,9257,53,wave_A,0,0
S4,yellow,9257,9260,3,wave_A,0,0
S4,red,9260,9344,84,wave_A,0,0
S4,green,9344,9397,53,wave_A,0,0
S4,yellow,9397,9400,3,wave_A,0,0
S4,red,9400,9484,84,wave_A,0,0
S4,green,9484,9537,53,wave_A,0,0
S4,yellow,9537,9540,3,wave_A,0,0
S4,red,9540,9624,84,wave_A,0,0
S4,green,9624,9677,53,wave_A,0,0
S4,yellow,9677,9680,3,wave_A,0,0
S4,red,9680,9764,84,wave_A,0,0
S4,green,9764,9817,53,wave_A,0,0
S4,yellow,9817,9820,3,wave_A,0,0
S4,red,9820,9904,84,wave_A,0,0
S4,green,9904,9957,53,wave_A,0,0
S4,yellow,9957,9960,3,wave_A,0,0
S4,red,9960,10044,84,wave_A,0,0
S4,green,10044,10097,53,wave_A,0,0
S4,yellow,10097,10100,3,wave_A,0,0
S4,red,10100,10184,84,wave_A,0,0
S4,green,10184,10237,53,wave_A,0,0
S4,yellow,10237,10240,3,wave_A,0,0
S4,red,10240,10324,84,wave_A,0,0
S4,green,10324,10377,53,wave_A,0,0
S4,yellow,10377,10380,3,wave_A,0,0
S4,red,10380,10464,84,wave_A,0,0
S4,green,10464,10517,53,wave_A,0,0
S4,yellow,10517,10520,3,wave_A,0,0
S4,red,10520,10604,84,wave_A,0,0
S4,green,10604,10657,53,wave_A,0,0
S4,yellow,10657,10660,3,wave_A,0,0
S4,red,10660,10744,84,wave_A,0,0
S4,green,10744,10797,53,wave_A,0,0
S4,yellow,10797,10800,3,wave_A,0,0
S4,red,10800,10884,84,wave_A,0,0
S4,green,10884,10937,53,wave_A,0,0
S4,yellow,10937,10940,3,wave_A,0,0
S4,red,10940,11024,84,wave_A,0,0
S4,green,11024,11077,53,wave_A,0,0
S4,yellow,11077,11080,3,wave_A,0,0
S4,red,11080,11164,84,wave_A,0,0
S4,green,11164,11217,53,wave_A,0,0
S4,yellow,11217,11220,3,wave_A,0,0
S4,red,11220,11304,84,wave_A,0,0
S4,green,11304,11357,53,wave_A,0,0
S4,yellow,11357,11360,3,wave_A,0,0
S4,red,11360,11444,84,wave_A,0,0
S4,green,11444,11497,53,wave_A,0,0
S4,yellow,11497,11500,3,wave_A,0,0
S4,red,11500,11584,84,wave_A,0,0
S4,green,11584,11637,53,wave_A,0,0
S4,yellow,11637,11640,3,wave_A,0,0
S4,red,11640,11724,84,wave_A,0,0
S4,green,11724,11777,53,wave_A,0,0
S4,yellow,11777,11780,3,wave_A,0,0
S4,red,11780,11864,84,wave_A,0,0
S4,green,11864,11917,53,wave_A,0,0
S4,yellow,11917,11920,3,wave_A,0,0
S4,red,11920,12004,84,wave_A,0,0
S4,green,12004,12057,53,wave_A,0,0
S4,yellow,12057,12060,3,wave_A,0,0
S4,red,12060,12144,84,wave_A,0,0
S4,green,12144,12197,53,wave_A,0,0
S4,yellow,12197,12200,3,wave_A,0,0
S4,red,12200,12284,84,wave_A,0,0
S4,green,12284,12337,53,wave_A,0,0
S4,yellow,12337,12340,3,wave_A,0,0
S4,red,12340,12424,84,wave_A,0,0
S4,green,12424,12477,53,wave_A,0,0
S4,yellow,12477,12480,3,wave_A,0,0
S4,red,12480,12564,84,wave_A,0,0
S4,green,12564,12617,53,wave_A,0,0
S4,yellow,12617,12620,3,wave_A,0,0
S4,red,12620,12704,84,wave_A,0,0
S4,green,12704,12757,53,wave_A,0,0
S4,yellow,12757,12760,3,wave_A,0,0
S4,red,12760,12844,84,wave_A,0,0
S4,green,12844,12897,53,wave_A,0,0
S4,yellow,12897,12900,3,wave_A,0,0
S4,red,12900,12984,84,wave_A,0,0
S4,green,12984,13037,53,wave_A,0,0
S4,yellow,13037,13040,3,wave_A,0,0
S4,red,13040,13124,84,wave_A,0,0
S4,green,13124,13177,53,wave_A,0,0
S4,yellow,13177,13180,3,wave_A,0,0
S4,red,13180,13264,84,wave_A,0,0
S4,green,13264,13317,53,wave_A,0,0
S4,yellow,13317,13320,3,wave_A,0,0
S4,red,13320,13404,84,wave_A,0,0
S4,green,13404,13457,53,wave_A,0,0
S4,yellow,13457,13460,3,wave_A,0,0
S4,red,13460,13544,84,wave_A,0,0
S4,green,13544,13597,53,wave_A,0,0
S4,yellow,13597,13600,3,wave_A,0,0
S4,red,13600,13684,84,wave_A,0,0
S4,green,13684,13737,53,wave_A,0,0
S4,yellow,13737,13740,3,wave_A,0,0
S4,red,13740,13824,84,wave_A,0,0
S4,green,13824,13877,53,wave_A,0,0
S4,yellow,13877,13880,3,wave_A,0,0
S4,red,13880,13964,84,wave_A,0,0
S4,green,13964,14017,53,wave_A,0,0
S4,yellow,14017,14020,3,wave_A,0,0
S4,red,14020,14104,84,wave_A,0,0
S4,green,14104,14157,53,wave_A,0,0
S4,yellow,14157,14160,3,wave_A,0,0
S4,red,14160,14244,84,wave_A,0,0
S4,green,14244,14297,53,wave_A,0,0
S4,yellow,14297,14300,3,wave_A,0,0
S4,red,14300,14384,84,wave_A,0,0
S4,green,14384,14437,53,wave_A,0,0
S4,yellow,14437,14440,3,wave_A,0,0
S4,red,14440,14524,84,wave_A,0,0
S4,green,14524,14577,53,wave_A,0,0
S4,yellow,14577,14580,3,wave_A,0,0
S4,red,14580,14664,84,wave_A,0,0
S4,green,14664,14717,53,wave_A,0,0
S4,yellow,14717,14720,3,wave_A,0,0
S4,red,14720,14804,84,wave_A,0,0
S4,green,14804,14857,53,wave_A,0,0
S4,yellow,14857,14860,3,wave_A,0,0
S4,red,14860,14944,84,wave_A,0,0
S4,green,14944,14997,53,wave_A,0,0
S4,yellow,14997,15000,3,wave_A,0,0
S4,red,15000,15084,84,wave_A,0,0
S4,green,15084,15137,53,wave_A,0,0
S4,yellow,15137,15140,3,wave_A,0,0
S4,red,15140,15224,84,wave_A,0,0
S4,green,15224,15277,53,wave_A,0,0
S4,yellow,15277,15280,3,wave_A,0,0
S4,red,15280,15364,84,wave_A,0,0
S4,green,15364,15417,53,wave_A,0,0
S4,yellow,15417,15420,3,wave_A,0,0
S4,red,15420,15504,84,wave_A,0,0
S4,green,15504,15557,53,wave_A,0,0
S4,yellow,15557,15560,3,wave_A,0,0
S4,red,15560,15644,84,wave_A,0,0
S4,green,15644,15697,53,wave_A,0,0
S4,yellow,15697,15700,3,wave_A,0,0
S4,red,15700,15784,84,wave_A,0,0
S4,green,15784,15837,53,wave_A,0,0
S4,yellow,15837,15840,3,wave_A,0,0
S4,red,15840,15924,84,wave_A,0,0
S4,green,15924,15977,53,wave_A,0,0
S4,yellow,15977,15980,3,wave_A,0,0
S4,red,15980,16064,84,wave_A,0,0
S4,green,16064,16117,53,wave_A,0,0
S4,yellow,16117,16120,3,wave_A,0,0
S4,red,16120,16204,84,wave_A,0,0
S4,green,16204,16257,53,wave_A,0,0
S4,yellow,16257,16260,3,wave_A,0,0
S4,red,16260,16344,84,wave_A,0,0
S4,green,16344,16397,53,wave_A,0,0
S4,yellow,16397,16400,3,wave_A,0,0
S4,red,16400,16484,84,wave_A,0,0
S4,green,16484,16537,53,wave_A,0,0
S4,yellow,16537,16540,3,wave_A,0,0
S4,red,16540,16624,84,wave_A,0,0
S4,green,16624,16677,53,wave_A,0,0
S4,yellow,16677,16680,3,wave_A,0,0
S4,red,16680,16764,84,wave_A,0,0
S4,green,16764,16817,53,wave_A,0,0
S4,yellow,16817,16820,3,wave_A,0,0
S4,red,16820,16904,84,wave_A,0,0
S4,green,16904,16957,53,wave_A,0,0
S4,yellow,16957,16960,3,wave_A,0,0
S4,red,16960,17044,84,wave_A,0,0
S4,green,17044,17097,53,wave_A,0,0
S4,yellow,17097,17100,3,wave_A,0,0
S4,red,17100,17184,84,wave_A,0,0
S4,green,17184,17237,53,wave_A,0,0
S4,yellow,17237,17240,3,wave_A,0,0
S4,red,17240,17324,84,wave_A,0,0
S4,green,17324,17377,53,wave_A,0,0
S4,yellow,17377,17380,3,wave_A,0,0
S4,red,17380,17464,84,wave_A,0,0
S4,green,17464,17517,53,wave_A,0,0
S4,yellow,17517,17520,3,wave_A,0,0
S4,red,17520,17604,84,wave_A,0,0
S4,green,17604,17657,53,wave_A,0,0
S4,yellow,17657,17660,3,wave_A,0,0
S4,red,17660,17744,84,wave_A,0,0
S4,green,17744,17797,53,wave_A,0,0
S4,yellow,17797,17800,3,wave_A,0,0
S4,red,17800,17884,84,wave_A,0,0
S4,green,17884,17937,53,wave_A,0,0
S4,yellow,17937,17940,3,wave_A,0,0
S4,red,17940,18024,84,wave_A,0,0
S4,green,18024,18077,53,wave_A,0,0
S4,yellow,18077,18080,3,wave_A,0,0
S4,red,18080,18164,84,wave_A,0,0
S4,green,18164,18217,53,wave_A,0,0
S4,yellow,18217,18220,3,wave_A,0,0
S4,red,18220,18304,84,wave_A,0,0
S4,green,18304,18357,53,wave_A,0,0
S4,yellow,18357,18360,3,wave_A,0,0
S4,red,18360,18444,84,wave_A,0,0
S4,green,18444,18497,53,wave_A,0,0
S4,yellow,18497,18500,3,wave_A,0,0
S4,red,18500,18584,84,wave_A,0,0
S4,green,18584,18637,53,wave_A,0,0
S4,yellow,18637,18640,3,wave_A,0,0
S4,red,18640,18724,84,wave_A,0,0
S4,green,18724,18777,53,wave_A,0,0
S4,yellow,18777,18780,3,wave_A,0,0
S4,red,18780,18864,84,wave_A,0,0
S4,green,18864,18917,53,wave_A,0,0
S4,yellow,18917,18920,3,wave_A,0,0
S4,red,18920,19004,84,wave_A,0,0
S4,green,19004,19057,53,wave_A,0,0
S4,yellow,19057,19060,3,wave_A,0,0
S4,red,19060,19144,84,wave_A,0,0
S4,green,19144,19197,53,wave_A,0,0
S4,yellow,19197,19200,3,wave_A,0,0
S4,red,19200,19284,84,wave_A,0,0
S4,green,19284,19337,53,wave_A,0,0
S4,yellow,19337,19340,3,wave_A,0,0
S4,red,19340,19424,84,wave_A,0,0
S4,green,19424,19477,53,wave_A,0,0
S4,yellow,19477,19480,3,wave_A,0,0
S4,red,19480,19564,84,wave_A,0,0
S4,green,19564,19617,53,wave_A,0,0
S4,yellow,19617,19620,3,wave_A,0,0
S4,red,19620,19704,84,wave_A,0,0
S4,green,19704,19757,53,wave_A,0,0
S4,yellow,19757,19760,3,wave_A,0,0
S4,red,19760,19844,84,wave_A,0,0
S4,green,19844,19897,53,wave_A,0,0
S4,yellow,19897,19900,3,wave_A,0,0
S4,red,19900,19984,84,wave_A,0,0
S4,green,19984,20037,53,wave_A,0,0
S4,yellow,20037,20040,3,wave_A,0,0
S4,red,20040,20124,84,wave_A,0,0
S4,green,20124,20177,53,wave_A,0,0
S4,yellow,20177,20180,3,wave_A,0,0
S4,red,20180,20264,84,wave_A,0,0
S4,green,20264,20317,53,wave_A,0,0
S4,yellow,20317,20320,3,wave_A,0,0
S4,red,20320,20404,84,wave_A,0,0
S4,green,20404,20457,53,wave_A,0,0
S4,yellow,20457,20460,3,wave_A,0,0
S4,red,20460,20544,84,wave_A,0,0
S4,green,20544,20597,53,wave_A,0,0
S4,yellow,20597,20600,3,wave_A,0,0
S4,red,20600,20684,84,wave_A,0,0
S4,green,20684,20737,53,wave_A,0,0
S4,yellow,20737,20740,3,wave_A,0,0
S4,red,20740,20824,84,wave_A,0,0
S4,green,20824,20877,53,wave_A,0,0
S4,yellow,20877,20880,3,wave_A,0,0
S4,red,20880,20964,84,wave_A,0,0
S4,green,20964,21017,53,wave_A,0,0
S4,yellow,21017,21020,3,wave_A,0,0
S4,red,21020,21104,84,wave_A,0,0
S4,green,21104,21157,53,wave_A,0,0
S4,yellow,21157,21160,3,wave_A,0,0
S4,red,21160,21244,84,wave_A,0,0
S4,green,21244,21297,53,wave_A,0,0
S4,yellow,21297,21300,3,wave_A,0,0
S4,red,21300,21384,84,wave_A,0,0
S4,green,21384,21437,53,wave_A,0,0
S4,yellow,21437,21440,3,wave_A,0,0
S4,red,21440,21524,84,wave_A,0,0
S4,green,21524,21577,53,wave_A,0,0
S4,yellow,21577,21580,3,wave_A,0,0
S4,red,21580,21664,84,wave_A,0,0
S4,green,21664,21717,53,wave_A,0,0
S4,yellow,21717,21720,3,wave_A,0,0
S4,red,21720,21804,84,wave_A,0,0
S4,green,21804,21857,53,wave_A,0,0
S4,yellow,21857,21860,3,wave_A,0,0
S4,red,21860,21944,84,wave_A,0,0
S4,green,21944,21997,53,wave_A,0,0
S4,yellow,21997,22000,3,wave_A,0,0
S4,red,22000,22084,84,wave_A,0,0
S4,green,22084,22137,53,wave_A,0,0
S4,yellow,22137,22140,3,wave_A,0,0
S4,red,22140,22224,84,wave_A,0,0
S4,green,22224,22277,53,wave_A,0,0
S4,yellow,22277,22280,3,wave_A,0,0
S4,red,22280,22364,84,wave_A,0,0
S4,green,22364,22417,53,wave_A,0,0
S4,yellow,22417,22420,3,wave_A,0,0
S4,red,22420,22504,84,wave_A,0,0
S4,green,22504,22557,53,wave_A,0,0
S4,yellow,22557,22560,3,wave_A,0,0
S4,red,22560,22644,84,wave_A,0,0
S4,green,22644,22697,53,wave_A,0,0
S4,yellow,22697,22700,3,wave_A,0,0
S4,red,22700,22784,84,wave_A,0,0
S4,green,22784,22837,53,wave_A,0,0
S4,yellow,22837,22840,3,wave_A,0,0
S4,red,22840,22924,84,wave_A,0,0
S4,green,22924,22977,53,wave_A,0,0
S4,yellow,22977,22980,3,wave_A,0,0
S4,red,22980,23064,84,wave_A,0,0
S4,green,23064,23117,53,wave_A,0,0
S4,yellow,23117,23120,3,wave_A,0,0
S4,red,23120,23204,84,wave_A,0,0
S4,green,23204,23257,53,wave_A,0,0
S4,yellow,23257,23260,3,wave_A,0,0
S4,red,23260,23344,84,wave_A,0,0
S4,green,23344,23397,53,wave_A,0,0
S4,yellow,23397,23400,3,wave_A,0,0
S4,red,23400,23484,84,wave_A,0,0
S4,green,23484,23537,53,wave_A,0,0
S4,yellow,23537,23540,3,wave_A,0,0
S4,red,23540,23624,84,wave_A,0,0
S4,green,23624,23677,53,wave_A,0,0
S4,yellow,23677,23680,3,wave_A,0,0
S4,red,23680,23764,84,wave_A,0,0
S4,green,23764,23817,53,wave_A,0,0
S4,yellow,23817,23820,3,wave_A,0,0
S4,red,23820,23904,84,wave_A,0,0
S4,green,23904,23957,53,wave_A,0,0
S4,yellow,23957,23960,3,wave_A,0,0
S4,red,23960,24044,84,wave_A,0,0
S4,green,24044,24097,53,wave_A,0,0
S4,yellow,24097,24100,3,wave_A,0,0
S4,red,24100,24184,84,wave_A,0,0
S4,green,24184,24237,53,wave_A,0,0
S4,yellow,24237,24240,3,wave_A,0,0
S4,red,24240,24324,84,wave_A,0,0
S4,green,24324,24377,53,wave_A,0,0
S4,yellow,24377,24380,3,wave_A,0,0
S4,red,24380,24464,84,wave_A,0,0
S4,green,24464,24517,53,wave_A,0,0
S4,yellow,24517,24520,3,wave_A,0,0
S4,red,24520,24604,84,wave_A,0,0
S4,green,24604,24657,53,wave_A,0,0
S4,yellow,24657,24660,3,wave_A,0,0
S4,red,24660,24744,84,wave_A,0,0
S4,green,24744,24797,53,wave_A,0,0
S4,yellow,24797,24800,3,wave_A,0,0
S4,red,24800,24884,84,wave_A,0,0
S4,green,24884,24937,53,wave_A,0,0
S4,yellow,24937,24940,3,wave_A,0,0
S4,red,24940,25024,84,wave_A,0,0
S4,green,25024,25077,53,wave_A,0,0
S4,yellow,25077,25080,3,wave_A,0,0
S4,red,25080,25164,84,wave_A,0,0
S4,green,25164,25217,53,wave_A,0,0
S4,yellow,25217,25220,3,wave_A,0,0
S4,red,25220,25304,84,wave_A,0,0
S4,green,25304,25357,53,wave_A,0,0
S4,yellow,25357,25360,3,wave_A,0,0
S4,red,25360,25444,84,wave_A,0,0
S4,green,25444,25497,53,wave_A,0,0
S4,yellow,25497,25500,3,wave_A,0,0
S4,red,25500,25584,84,wave_A,0,0
S4,green,25584,25637,53,wave_A,0,0
S4,yellow,25637,25640,3,wave_A,0,0
S4,red,25640,25724,84,wave_A,0,0
S4,green,25724,25777,53,wave_A,0,0
S4,yellow,25777,25780,3,wave_A,0,0
S4,red,25780,25864,84,wave_A,0,0
S4,green,25864,25917,53,wave_A,0,0
S4,yellow,25917,25920,3,wave_A,0,0
S4,red,25920,26004,84,wave_A,0,0
S4,green,26004,26057,53,wave_A,0,0
S4,yellow,26057,26060,3,wave_A,0,0
S4,red,26060,26144,84,wave_A,0,0
S4,green,26144,26197,53,wave_A,0,0
S4,yellow,26197,26200,3,wave_A,0,0
S4,red,26200,26284,84,wave_A,0,0
S4,green,26284,26337,53,wave_A,0,0
S4,yellow,26337,26340,3,wave_A,0,0
S4,red,26340,26424,84,wave_A,0,0
S4,green,26424,26477,53,wave_A,0,0
S4,yellow,26477,26480,3,wave_A,0,0
S4,red,26480,26564,84,wave_A,0,0
S4,green,26564,26617,53,wave_A,0,0
S4,yellow,26617,26620,3,wave_A,0,0
S4,red,26620,26704,84,wave_A,0,0
S4,green,26704,26757,53,wave_A,0,0
S4,yellow,26757,26760,3,wave_A,0,0
S4,red,26760,26844,84,wave_A,0,0
S4,green,26844,26897,53,wave_A,0,0
S4,yellow,26897,26900,3,wave_A,0,0
S4,red,26900,26984,84,wave_A,0,0
S4,green,26984,27037,53,wave_A,0,0
S4,yellow,27037,27040,3,wave_A,0,0
S4,red,27040,27124,84,wave_A,0,0
S4,green,27124,27177,53,wave_A,0,0
S4,yellow,27177,27180,3,wave_A,0,0
S4,red,27180,27264,84,wave_A,0,0
S4,green,27264,27317,53,wave_A,0,0
S4,yellow,27317,27320,3,wave_A,0,0
S4,red,27320,27404,84,wave_A,0,0
S4,green,27404,27457,53,wave_A,0,0
S4,yellow,27457,27460,3,wave_A,0,0
S4,red,27460,27544,84,wave_A,0,0
S4,green,27544,27597,53,wave_A,0,0
S4,yellow,27597,27600,3,wave_A,0,0
S4,red,27600,27684,84,wave_A,0,0
S4,green,27684,27737,53,wave_A,0,0
S4,yellow,27737,27740,3,wave_A,0,0
S4,red,27740,27824,84,wave_A,0,0
S4,green,27824,27877,53,wave_A,0,0
S4,yellow,27877,27880,3,wave_A,0,0
S4,red,27880,27964,84,wave_A,0,0
S4,green,27964,28017,53,wave_A,0,0
S4,yellow,28017,28020,3,wave_A,0,0
S4,red,28020,28104,84,wave_A,0,0
S4,green,28104,28157,53,wave_A,0,0
S4,yellow,28157,28160,3,wave_A,0,0
S4,red,28160,28244,84,wave_A,0,0
S4,green,28244,28297,53,wave_A,0,0
S4,yellow,28297,28300,3,wave_A,0,0
S4,red,28300,28384,84,wave_A,0,0
S4,green,28384,28437,53,wave_A,0,0
S4,yellow,28437,28440,3,wave_A,0,0
S4,red,28440,28524,84,wave_A,0,0
S4,green,28524,28577,53,wave_A,0,0
S4,yellow,28577,28580,3,wave_A,0,0
S4,red,28580,28664,84,wave_A,0,0
S4,green,28664,28717,53,wave_A,0,0
S4,yellow,28717,28720,3,wave_A,0,0
S4,red,28720,28804,84,wave_A,0,0
S4,green,28804,28857,53,wave_A,0,0
S4,yellow,28857,28860,3,wave_A,0,0
S4,red,28860,28944,84,wave_A,0,0
S4,green,28944,28997,53,wave_A,0,0
S4,yellow,28997,29000,3,wave_A,0,0
S4,red,29000,29084,84,wave_A,0,0
S4,green,29084,29137,53,wave_A,0,0
S4,yellow,29137,29140,3,wave_A,0,0
S4,red,29140,29224,84,wave_A,0,0
S4,green,29224,29277,53,wave_A,0,0
S4,yellow,29277,29280,3,wave_A,0,0
S4,red,29280,29364,84,wave_A,0,0
S4,green,29364,29417,53,wave_A,0,0
S4,yellow,29417,29420,3,wave_A,0,0
S4,red,29420,29504,84,wave_A,0,0
S4,green,29504,29557,53,wave_A,0,0
S4,yellow,29557,29560,3,wave_A,0,0
S4,red,29560,29644,84,wave_A,0,0
S4,green,29644,29697,53,wave_A,0,0
S4,yellow,29697,29700,3,wave_A,0,0
S4,red,29700,29784,84,wave_A,0,0
S4,green,29784,29837,53,wave_A,0,0
S4,yellow,29837,29840,3,wave_A,0,0
S4,red,29840,29924,84,wave_A,0,0
S4,green,29924,29977,53,wave_A,0,0
S4,yellow,29977,29980,3,wave_A,0,0
S4,red,29980,30064,84,wave_A,0,0
S4,green,30064,30117,53,wave_A,0,0
S4,yellow,30117,30120,3,wave_A,0,0
S4,red,30120,30204,84,wave_A,0,0
S4,green,30204,30257,53,wave_A,0,0
S4,yellow,30257,30260,3,wave_A,0,0
S4,red,30260,30344,84,wave_A,0,0
S4,green,30344,30397,53,wave_A,0,0
S4,yellow,30397,30400,3,wave_A,0,0
S4,red,30400,30484,84,wave_A,0,0
S4,green,30484,30537,53,wave_A,0,0
S4,yellow,30537,30540,3,wave_A,0,0
S4,red,30540,30624,84,wave_A,0,0
S4,green,30624,30677,53,wave_A,0,0
S4,yellow,30677,30680,3,wave_A,0,0
S4,red,30680,30764,84,wave_A,0,0
S4,green,30764,30817,53,wave_A,0,0
S4,yellow,30817,30820,3,wave_A,0,0
S4,red,30820,30904,84,wave_A,0,0
S4,green,30904,30957,53,wave_A,0,0
S4,yellow,30957,30960,3,wave_A,0,0
S4,red,30960,31044,84,wave_A,0,0
S4,green,31044,31097,53,wave_A,0,0
S4,yellow,31097,31100,3,wave_A,0,0
S4,red,31100,31184,84,wave_A,0,0
S4,green,31184,31237,53,wave_A,0,0
S4,yellow,31237,31240,3,wave_A,0,0
S4,red,31240,31324,84,wave_A,0,0
S4,green,31324,31377,53,wave_A,0,0
S4,yellow,31377,31380,3,wave_A,0,0
S4,red,31380,31464,84,wave_A,0,0
S4,green,31464,31517,53,wave_A,0,0
S4,yellow,31517,31520,3,wave_A,0,0
S4,red,31520,31604,84,wave_A,0,0
S4,green,31604,31657,53,wave_A,0,0
S4,yellow,31657,31660,3,wave_A,0,0
S4,red,31660,31744,84,wave_A,0,0
S4,green,31744,31797,53,wave_A,0,0
S4,yellow,31797,31800,3,wave_A,0,0
S4,red,31800,31884,84,wave_A,0,0
S4,green,31884,31937,53,wave_A,0,0
S4,yellow,31937,31940,3,wave_A,0,0
S4,red,31940,32024,84,wave_A,0,0
S4,green,32024,32077,53,wave_A,0,0
S4,yellow,32077,32080,3,wave_A,0,0
S4,red,32080,32164,84,wave_A,0,0
S4,green,32164,32217,53,wave_A,0,0
S4,yellow,32217,32220,3,wave_A,0,0
S4,red,32220,32304,84,wave_A,0,0
S4,green,32304,32357,53,wave_A,0,0
S4,yellow,32357,32360,3,wave_A,0,0
S4,red,32360,32444,84,wave_A,0,0
S4,green,32444,32497,53,wave_A,0,0
S4,yellow,32497,32500,3,wave_A,0,0
S4,red,32500,32584,84,wave_A,0,0
S4,green,32584,32637,53,wave_A,0,0
S4,yellow,32637,32640,3,wave_A,0,0
S4,red,32640,32724,84,wave_A,0,0
S4,green,32724,32777,53,wave_A,0,0
S4,yellow,32777,32780,3,wave_A,0,0
S4,red,32780,32864,84,wave_A,0,0
S4,green,32864,32917,53,wave_A,0,0
S4,yellow,32917,32920,3,wave_A,0,0
S4,red,32920,33004,84,wave_A,0,0
S4,green,33004,33057,53,wave_A,0,0
S4,yellow,33057,33060,3,wave_A,0,0
S4,red,33060,33144,84,wave_A,0,0
S4,green,33144,33197,53,wave_A,0,0
S4,yellow,33197,33200,3,wave_A,0,0
S4,red,33200,33284,84,wave_A,0,0
S4,green,33284,33337,53,wave_A,0,0
S4,yellow,33337,33340,3,wave_A,0,0
S4,red,33340,33424,84,wave_A,0,0
S4,green,33424,33477,53,wave_A,0,0
S4,yellow,33477,33480,3,wave_A,0,0
S4,red,33480,33564,84,wave_A,0,0
S4,green,33564,33617,53,wave_A,0,0
S4,yellow,33617,33620,3,wave_A,0,0
S4,red,33620,33704,84,wave_A,0,0
S4,green,33704,33757,53,wave_A,0,0
S4,yellow,33757,33760,3,wave_A,0,0
S4,red,33760,33844,84,wave_A,0,0
S4,green,33844,33897,53,wave_A,0,0
S4,yellow,33897,33900,3,wave_A,0,0
S4,red,33900,33984,84,wave_A,0,0
S4,green,33984,34037,53,wave_A,0,0
S4,yellow,34037,34040,3,wave_A,0,0
S4,red,34040,34124,84,wave_A,0,0
S4,green,34124,34177,53,wave_A,0,0
S4,yellow,34177,34180,3,wave_A,0,0
S4,red,34180,34264,84,wave_A,0,0
S4,green,34264,34317,53,wave_A,0,0
S4,yellow,34317,34320,3,wave_A,0,0
S4,red,34320,34404,84,wave_A,0,0
S4,green,34404,34457,53,wave_A,0,0
S4,yellow,34457,34460,3,wave_A,0,0
S4,red,34460,34544,84,wave_A,0,0
S4,green,34544,34597,53,wave_A,0,0
S4,yellow,34597,34600,3,wave_A,0,0
S4,red,34600,34684,84,wave_A,0,0
S4,green,34684,34737,53,wave_A,0,0
S4,yellow,34737,34740,3,wave_A,0,0
S4,red,34740,34824,84,wave_A,0,0
S4,green,34824,34877,53,wave_A,0,0
S4,yellow,34877,34880,3,wave_A,0,0
S4,red,34880,34964,84,wave_A,0,0
S4,green,34964,35017,53,wave_A,0,0
S4,yellow,35017,35020,3,wave_A,0,0
S4,red,35020,35104,84,wave_A,0,0
S4,green,35104,35157,53,wave_A,0,0
S4,yellow,35157,35160,3,wave_A,0,0
S4,red,35160,35244,84,wave_A,0,0
S4,green,35244,35297,53,wave_A,0,0
S4,yellow,35297,35300,3,wave_A,0,0
S4,red,35300,35384,84,wave_A,0,0
S4,green,35384,35437,53,wave_A,0,0
S4,yellow,35437,35440,3,wave_A,0,0
S4,red,35440,35524,84,wave_A,0,0
S4,green,35524,35577,53,wave_A,0,0
S4,yellow,35577,35580,3,wave_A,0,0
S4,red,35580,35664,84,wave_A,0,0
S4,green,35664,35717,53,wave_A,0,0
S4,yellow,35717,35720,3,wave_A,0,0
S4,red,35720,35804,84,wave_A,0,0
S4,green,35804,35857,53,wave_A,0,0
S4,yellow,35857,35860,3,wave_A,0,0
S4,red,35860,35944,84,wave_A,0,0
S4,green,35944,35997,53,wave_A,0,0
S4,yellow,35997,36000,3,wave_A,0,0
S4,red,36000,36084,84,wave_A,0,0
S4,green,36084,36137,53,wave_A,0,0
S4,yellow,36137,36140,3,wave_A,0,0
S4,red,36140,36224,84,wave_A,0,0
S4,green,36224,36277,53,wave_A,0,0
S4,yellow,36277,36280,3,wave_A,0,0
S4,red,36280,36364,84,wave_A,0,0
S4,green,36364,36417,53,wave_A,0,0
S4,yellow,36417,36420,3,wave_A,0,0
S4,red,36420,36504,84,wave_A,0,0
S4,green,36504,36557,53,wave_A,0,0
S4,yellow,36557,36560,3,wave_A,0,0
S4,red,36560,36644,84,wave_A,0,0
S4,green,36644,36697,53,wave_A,0,0
S4,yellow,36697,36700,3,wave_A,0,0
S4,red,36700,36784,84,wave_A,0,0
S4,green,36784,36837,53,wave_A,0,0
S4,yellow,36837,36840,3,wave_A,0,0
S4,red,36840,36924,84,wave_A,0,0
S4,green,36924,36977,53,wave_A,0,0
S4,yellow,36977,36980,3,wave_A,0,0
S4,red,36980,37064,84,wave_A,0,0
S4,green,37064,37117,53,wave_A,0,0
S4,yellow,37117,37120,3,wave_A,0,0
S4,red,37120,37204,84,wave_A,0,0
S4,green,37204,37257,53,wave_A,0,0
S4,yellow,37257,37260,3,wave_A,0,0
S4,red,37260,37344,84,wave_A,0,0
S4,green,37344,37397,53,wave_A,0,0
S4,yellow,37397,37400,3,wave_A,0,0
S4,red,37400,37484,84,wave_A,0,0
S4,green,37484,37537,53,wave_A,0,0
S4,yellow,37537,37540,3,wave_A,0,0
S4,red,37540,37624,84,wave_A,0,0
S4,green,37624,37677,53,wave_A,0,0
S4,yellow,37677,37680,3,wave_A,0,0
S4,red,37680,37764,84,wave_A,0,0
S4,green,37764,37817,53,wave_A,0,0
S4,yellow,37817,37820,3,wave_A,0,0
S4,red,37820,37904,84,wave_A,0,0
S4,green,37904,37957,53,wave_A,0,0
S4,yellow,37957,37960,3,wave_A,0,0
S4,red,37960,38044,84,wave_A,0,0
S4,green,38044,38097,53,wave_A,0,0
S4,yellow,38097,38100,3,wave_A,0,0
S4,red,38100,38184,84,wave_A,0,0
S4,green,38184,38237,53,wave_A,0,0
S4,yellow,38237,38240,3,wave_A,0,0
S4,red,38240,38324,84,wave_A,0,0
S4,green,38324,38377,53,wave_A,0,0
S4,yellow,38377,38380,3,wave_A,0,0
S4,red,38380,38464,84,wave_A,0,0
S4,green,38464,38517,53,wave_A,0,0
S4,yellow,38517,38520,3,wave_A,0,0
S4,red,38520,38604,84,wave_A,0,0
S4,green,38604,38657,53,wave_A,0,0
S4,yellow,38657,38660,3,wave_A,0,0
S4,red,38660,38744,84,wave_A,0,0
S4,green,38744,38797,53,wave_A,0,0
S4,yellow,38797,38800,3,wave_A,0,0
S4,red,38800,38884,84,wave_A,0,0
S4,green,38884,38937,53,wave_A,0,0
S4,yellow,38937,38940,3,wave_A,0,0
S4,red,38940,39024,84,wave_A,0,0
S4,green,39024,39077,53,wave_A,0,0
S4,yellow,39077,39080,3,wave_A,0,0
S4,red,39080,39164,84,wave_A,0,0
S4,green,39164,39217,53,wave_A,0,0
S4,yellow,39217,39220,3,wave_A,0,0
S4,red,39220,39304,84,wave_A,0,0
S4,green,39304,39357,53,wave_A,0,0
S4,yellow,39357,39360,3,wave_A,0,0
S4,red,39360,39444,84,wave_A,0,0
S4,green,39444,39497,53,wave_A,0,0
S4,yellow,39497,39500,3,wave_A,0,0
S4,red,39500,39584,84,wave_A,0,0
S4,green,39584,39637,53,wave_A,0,0
S4,yellow,39637,39640,3,wave_A,0,0
S4,red,39640,39724,84,wave_A,0,0
S4,green,39724,39777,53,wave_A,0,0
S4,yellow,39777,39780,3,wave_A,0,0
S4,red,39780,39864,84,wave_A,0,0
S4,green,39864,39917,53,wave_A,0,0
S4,yellow,39917,39920,3,wave_A,0,0
S4,red,39920,40004,84,wave_A,0,0
S4,green,40004,40057,53,wave_A,0,0
S4,yellow,40057,40060,3,wave_A,0,0
S4,red,40060,40144,84,wave_A,0,0
S4,green,40144,40197,53,wave_A,0,0
S4,yellow,40197,40200,3,wave_A,0,0
S4,red,40200,40284,84,wave_A,0,0
S4,green,40284,40337,53,wave_A,0,0
S4,yellow,40337,40340,3,wave_A,0,0
S4,red,40340,40424,84,wave_A,0,0
S4,green,40424,40477,53,wave_A,0,0
S4,yellow,40477,40480,3,wave_A,0,0
S4,red,40480,40564,84,wave_A,0,0
S4,green,40564,40617,53,wave_A,0,0
S4,yellow,40617,40620,3,wave_A,0,0
S4,red,40620,40704,84,wave_A,0,0
S4,green,40704,40757,53,wave_A,0,0
S4,yellow,40757,40760,3,wave_A,0,0
S4,red,40760,40844,84,wave_A,0,0
S4,green,40844,40897,53,wave_A,0,0
S4,yellow,40897,40900,3,wave_A,0,0
S4,red,40900,40984,84,wave_A,0,0
S4,green,40984,41037,53,wave_A,0,0
S4,yellow,41037,41040,3,wave_A,0,0
S4,red,41040,41124,84,wave_A,0,0
S4,green,41124,41177,53,wave_A,0,0
S4,yellow,41177,41180,3,wave_A,0,0
S4,red,41180,41264,84,wave_A,0,0
S4,green,41264,41317,53,wave_A,0,0
S4,yellow,41317,41320,3,wave_A,0,0
S4,red,41320,41404,84,wave_A,0,0
S4,green,41404,41457,53,wave_A,0,0
S4,yellow,41457,41460,3,wave_A,0,0
S4,red,41460,41544,84,wave_A,0,0
S4,green,41544,41597,53,wave_A,0,0
S4,yellow,41597,41600,3,wave_A,0,0
S4,red,41600,41684,84,wave_A,0,0
S4,green,41684,41737,53,wave_A,0,0
S4,yellow,41737,41740,3,wave_A,0,0
S4,red,41740,41824,84,wave_A,0,0
S4,green,41824,41877,53,wave_A,0,0
S4,yellow,41877,41880,3,wave_A,0,0
S4,red,41880,41964,84,wave_A,0,0
S4,green,41964,42017,53,wave_A,0,0
S4,yellow,42017,42020,3,wave_A,0,0
S4,red,42020,42104,84,wave_A,0,0
S4,green,42104,42157,53,wave_A,0,0
S4,yellow,42157,42160,3,wave_A,0,0
S4,red,42160,42244,84,wave_A,0,0
S4,green,42244,42297,53,wave_A,0,0
S4,yellow,42297,42300,3,wave_A,0,0
S4,red,42300,42384,84,wave_A,0,0
S4,green,42384,42437,53,wave_A,0,0
S4,yellow,42437,42440,3,wave_A,0,0
S4,red,42440,42524,84,wave_A,0,0
S4,green,42524,42577,53,wave_A,0,0
S4,yellow,42577,42580,3,wave_A,0,0
S4,red,42580,42664,84,wave_A,0,0
S4,green,42664,42717,53,wave_A,0,0
S4,yellow,42717,42720,3,wave_A,0,0
S4,red,42720,42804,84,wave_A,0,0
S4,green,42804,42857,53,wave_A,0,0
S4,yellow,42857,42860,3,wave_A,0,0
S4,red,42860,42944,84,wave_A,0,0
S4,green,42944,42997,53,wave_A,0,0
S4,yellow,42997,43000,3,wave_A,0,0
S4,red,43000,43084,84,wave_A,0,0
S4,green,43084,43137,53,wave_A,0,0
S4,yellow,43137,43140,3,wave_A,0,0
S4,red,43140,43224,84,wave_A,0,0
S4,green,43224,43277,53,wave_A,0,0
S4,yellow,43277,43280,3,wave_A,0,0
S4,red,43280,43364,84,wave_A,0,0
S4,green,43364,43417,53,wave_A,0,0
S4,yellow,43417,43420,3,wave_A,0,0
S4,red,43420,43504,84,wave_A,0,0
S4,green,43504,43557,53,wave_A,0,0
S4,yellow,43557,43560,3,wave_A,0,0
S4,red,43560,43644,84,wave_A,0,0
S4,green,43644,43697,53,wave_A,0,0
S4,yellow,43697,43700,3,wave_A,0,0
S4,red,43700,43784,84,wave_A,0,0
S4,green,43784,43837,53,wave_A,0,0
S4,yellow,43837,43840,3,wave_A,0,0
S4,red,43840,43924,84,wave_A,0,0
S4,green,43924,43977,53,wave_A,0,0
S4,yellow,43977,43980,3,wave_A,0,0
S4,red,43980,44064,84,wave_A,0,0
S4,green,44064,44117,53,wave_A,0,0
S4,yellow,44117,44120,3,wave_A,0,0
S4,red,44120,44204,84,wave_A,0,0
S4,green,44204,44257,53,wave_A,0,0
S4,yellow,44257,44260,3,wave_A,0,0
S4,red,44260,44344,84,wave_A,0,0
S4,green,44344,44397,53,wave_A,0,0
S4,yellow,44397,44400,3,wave_A,0,0
S4,red,44400,44484,84,wave_A,0,0
S4,green,44484,44537,53,wave_A,0,0
S4,yellow,44537,44540,3,wave_A,0,0
S4,red,44540,44624,84,wave_A,0,0
S4,green,44624,44677,53,wave_A,0,0
S4,yellow,44677,44680,3,wave_A,0,0
S4,red,44680,44764,84,wave_A,0,0
S4,green,44764,44817,53,wave_A,0,0
S4,yellow,44817,44820,3,wave_A,0,0
S4,red,44820,44904,84,wave_A,0,0
S4,green,44904,44957,53,wave_A,0,0
S4,yellow,44957,44960,3,wave_A,0,0
S4,red,44960,45044,84,wave_A,0,0
S4,green,45044,45097,53,wave_A,0,0
S4,yellow,45097,45100,3,wave_A,0,0
S4,red,45100,45184,84,wave_A,0,0
S4,green,45184,45237,53,wave_A,0,0
S4,yellow,45237,45240,3,wave_A,0,0
S4,red,45240,45324,84,wave_A,0,0
S4,green,45324,45377,53,wave_A,0,0
S4,yellow,45377,45380,3,wave_A,0,0
S4,red,45380,45464,84,wave_A,0,0
S4,green,45464,45517,53,wave_A,0,0
S4,yellow,45517,45520,3,wave_A,0,0
S4,red,45520,45604,84,wave_A,0,0
S4,green,45604,45657,53,wave_A,0,0
S4,yellow,45657,45660,3,wave_A,0,0
S4,red,45660,45744,84,wave_A,0,0
S4,green,45744,45797,53,wave_A,0,0
S4,yellow,45797,45800,3,wave_A,0,0
S4,red,45800,45884,84,wave_A,0,0
S4,green,45884,45937,53,wave_A,0,0
S4,yellow,45937,45940,3,wave_A,0,0
S4,red,45940,46024,84,wave_A,0,0
S4,green,46024,46077,53,wave_A,0,0
S4,yellow,46077,46080,3,wave_A,0,0
S4,red,46080,46164,84,wave_A,0,0
S4,green,46164,46217,53,wave_A,0,0
S4,yellow,46217,46220,3,wave_A,0,0
S4,red,46220,46304,84,wave_A,0,0
S4,green,46304,46357,53,wave_A,0,0
S4,yellow,46357,46360,3,wave_A,0,0
S4,red,46360,46444,84,wave_A,0,0
S4,green,46444,46497,53,wave_A,0,0
S4,yellow,46497,46500,3,wave_A,0,0
S4,red,46500,46584,84,wave_A,0,0
S4,green,46584,46637,53,wave_A,0,0
S4,yellow,46637,46640,3,wave_A,0,0
S4,red,46640,46724,84,wave_A,0,0
S4,green,46724,46777,53,wave_A,0,0
S4,yellow,46777,46780,3,wave_A,0,0
S4,red,46780,46864,84,wave_A,0,0
S4,green,46864,46917,53,wave_A,0,0
S4,yellow,46917,46920,3,wave_A,0,0
S4,red,46920,47004,84,wave_A,0,0
S4,green,47004,47057,53,wave_A,0,0
S4,yellow,47057,47060,3,wave_A,0,0
S4,red,47060,47144,84,wave_A,0,0
S4,green,47144,47197,53,wave_A,0,0
S4,yellow,47197,47200,3,wave_A,0,0
S4,red,47200,47284,84,wave_A,0,0
S4,green,47284,47337,53,wave_A,0,0
S4,yellow,47337,47340,3,wave_A,0,0
S4,red,47340,47424,84,wave_A,0,0
S4,green,47424,47477,53,wave_A,0,0
S4,yellow,47477,47480,3,wave_A,0,0
S4,red,47480,47564,84,wave_A,0,0
S4,green,47564,47617,53,wave_A,0,0
S4,yellow,47617,47620,3,wave_A,0,0
S4,red,47620,47704,84,wave_A,0,0
S4,green,47704,47757,53,wave_A,0,0
S4,yellow,47757,47760,3,wave_A,0,0
S4,red,47760,47844,84,wave_A,0,0
S4,green,47844,47897,53,wave_A,0,0
S4,yellow,47897,47900,3,wave_A,0,0
S4,red,47900,47984,84,wave_A,0,0
S4,green,47984,48037,53,wave_A,0,0
S4,yellow,48037,48040,3,wave_A,0,0
S4,red,48040,48124,84,wave_A,0,0
S4,green,48124,48177,53,wave_A,0,0
S4,yellow,48177,48180,3,wave_A,0,0
S4,red,48180,48264,84,wave_A,0,0
S4,green,48264,48317,53,wave_A,0,0
S4,yellow,48317,48320,3,wave_A,0,0
S4,red,48320,48404,84,wave_A,0,0
S4,green,48404,48457,53,wave_A,0,0
S4,yellow,48457,48460,3,wave_A,0,0
S4,red,48460,48544,84,wave_A,0,0
S4,green,48544,48597,53,wave_A,0,0
S4,yellow,48597,48600,3,wave_A,0,0
S4,red,48600,48684,84,wave_A,0,0
S4,green,48684,48737,53,wave_A,0,0
S4,yellow,48737,48740,3,wave_A,0,0
S4,red,48740,48824,84,wave_A,0,0
S4,green,48824,48877,53,wave_A,0,0
S4,yellow,48877,48880,3,wave_A,0,0
S4,red,48880,48964,84,wave_A,0,0
S4,green,48964,49017,53,wave_A,0,0
S4,yellow,49017,49020,3,wave_A,0,0
S4,red,49020,49104,84,wave_A,0,0
S4,green,49104,49157,53,wave_A,0,0
S4,yellow,49157,49160,3,wave_A,0,0
S4,red,49160,49244,84,wave_A,0,0
S4,green,49244,49297,53,wave_A,0,0
S4,yellow,49297,49300,3,wave_A,0,0
S4,red,49300,49384,84,wave_A,0,0
S4,green,49384,49437,53,wave_A,0,0
S4,yellow,49437,49440,3,wave_A,0,0
S4,red,49440,49524,84,wave_A,0,0
S4,green,49524,49577,53,wave_A,0,0
S4,yellow,49577,49580,3,wave_A,0,0
S4,red,49580,49664,84,wave_A,0,0
S4,green,49664,49717,53,wave_A,0,0
S4,yellow,49717,49720,3,wave_A,0,0
S4,red,49720,49804,84,wave_A,0,0
S4,green,49804,49857,53,wave_A,0,0
S4,yellow,49857,49860,3,wave_A,0,0
S4,red,49860,49944,84,wave_A,0,0
S4,green,49944,49997,53,wave_A,0,0
S4,yellow,49997,50000,3,wave_A,0,0
S4,red,50000,50084,84,wave_A,0,0
S4,green,50084,50137,53,wave_A,0,0
S4,yellow,50137,50140,3,wave_A,0,0
S4,red,50140,50224,84,wave_A,0,0
S4,green,50224,50277,53,wave_A,0,0
S4,yellow,50277,50280,3,wave_A,0,0
S4,red,50280,50364,84,wave_A,0,0
S4,green,50364,50417,53,wave_A,0,0
S4,yellow,50417,50420,3,wave_A,0,0
S4,red,50420,50504,84,wave_A,0,0
S4,green,50504,50557,53,wave_A,0,0
S4,yellow,50557,50560,3,wave_A,0,0
S4,red,50560,50644,84,wave_A,0,0
S4,green,50644,50697,53,wave_A,0,0
S4,yellow,50697,50700,3,wave_A,0,0
S4,red,50700,50784,84,wave_A,0,0
S4,green,50784,50837,53,wave_A,0,0
S4,yellow,50837,50840,3,wave_A,0,0
S4,red,50840,50924,84,wave_A,0,0
S4,green,50924,50977,53,wave_A,0,0
S4,yellow,50977,50980,3,wave_A,0,0
S4,red,50980,51064,84,wave_A,0,0
S4,green,51064,51117,53,wave_A,0,0
S4,yellow,51117,51120,3,wave_A,0,0
S4,red,51120,51204,84,wave_A,0,0
S4,green,51204,51257,53,wave_A,0,0
S4,yellow,51257,51260,3,wave_A,0,0
S4,red,51260,51344,84,wave_A,0,0
S4,green,51344,51397,53,wave_A,0,0
S4,yellow,51397,51400,3,wave_A,0,0
S4,red,51400,51484,84,wave_A,0,0
S4,green,51484,51537,53,wave_A,0,0
S4,yellow,51537,51540,3,wave_A,0,0
S4,red,51540,51624,84,wave_A,0,0
S4,green,51624,51677,53,wave_A,0,0
S4,yellow,51677,51680,3,wave_A,0,0
S4,red,51680,51764,84,wave_A,0,0
S4,green,51764,51817,53,wave_A,0,0
S4,yellow,51817,51820,3,wave_A,0,0
S4,red,51820,51904,84,wave_A,0,0
S4,green,51904,51957,53,wave_A,0,0
S4,yellow,51957,51960,3,wave_A,0,0
S4,red,51960,52044,84,wave_A,0,0
S4,green,52044,52097,53,wave_A,0,0
S4,yellow,52097,52100,3,wave_A,0,0
S4,red,52100,52184,84,wave_A,0,0
S4,green,52184,52237,53,wave_A,0,0
S4,yellow,52237,52240,3,wave_A,0,0
S4,red,52240,52324,84,wave_A,0,0
S4,green,52324,52377,53,wave_A,0,0
S4,yellow,52377,52380,3,wave_A,0,0
S4,red,52380,52464,84,wave_A,0,0
S4,green,52464,52517,53,wave_A,0,0
S4,yellow,52517,52520,3,wave_A,0,0
S4,red,52520,52604,84,wave_A,0,0
S4,green,52604,52657,53,wave_A,0,0
S4,yellow,52657,52660,3,wave_A,0,0
S4,red,52660,52744,84,wave_A,0,0
S4,green,52744,52797,53,wave_A,0,0
S4,yellow,52797,52800,3,wave_A,0,0
S4,red,52800,52884,84,wave_A,0,0
S4,green,52884,52937,53,wave_A,0,0
S4,yellow,52937,52940,3,wave_A,0,0
S4,red,52940,53024,84,wave_A,0,0
S4,green,53024,53077,53,wave_A,0,0
S4,yellow,53077,53080,3,wave_A,0,0
S4,red,53080,53164,84,wave_A,0,0
S4,green,53164,53217,53,wave_A,0,0
S4,yellow,53217,53220,3,wave_A,0,0
S4,red,53220,53304,84,wave_A,0,0
S4,green,53304,53357,53,wave_A,0,0
S4,yellow,53357,53360,3,wave_A,0,0
S4,red,53360,53444,84,wave_A,0,0
S4,green,53444,53497,53,wave_A,0,0
S4,yellow,53497,53500,3,wave_A,0,0
S4,red,53500,53584,84,wave_A,0,0
S4,green,53584,53637,53,wave_A,0,0
S4,yellow,53637,53640,3,wave_A,0,0
S4,red,53640,53724,84,wave_A,0,0
S4,green,53724,53777,53,wave_A,0,0
S4,yellow,53777,53780,3,wave_A,0,0
S4,red,53780,53864,84,wave_A,0,0
S4,green,53864,53917,53,wave_A,0,0
S4,yellow,53917,53920,3,wave_A,0,0
S4,red,53920,54004,84,wave_A,0,0
S4,green,54004,54057,53,wave_A,0,0
S4,yellow,54057,54060,3,wave_A,0,0
S4,red,54060,54144,84,wave_A,0,0
S4,green,54144,54197,53,wave_A,0,0
S4,yellow,54197,54200,3,wave_A,0,0
S4,red,54200,54284,84,wave_A,0,0
S4,green,54284,54337,53,wave_A,0,0
S4,yellow,54337,54340,3,wave_A,0,0
S4,red,54340,54424,84,wave_A,0,0
S4,green,54424,54477,53,wave_A,0,0
S4,yellow,54477,54480,3,wave_A,0,0
S4,red,54480,54564,84,wave_A,0,0
S4,green,54564,54617,53,wave_A,0,0
S4,yellow,54617,54620,3,wave_A,0,0
S4,red,54620,54704,84,wave_A,0,0
S4,green,54704,54757,53,wave_A,0,0
S4,yellow,54757,54760,3,wave_A,0,0
S4,red,54760,54844,84,wave_A,0,0
S4,green,54844,54897,53,wave_A,0,0
S4,yellow,54897,54900,3,wave_A,0,0
S4,red,54900,54984,84,wave_A,0,0
S4,green,54984,55037,53,wave_A,0,0
S4,yellow,55037,55040,3,wave_A,0,0
S4,red,55040,55124,84,wave_A,0,0
S4,green,55124,55177,53,wave_A,0,0
S4,yellow,55177,55180,3,wave_A,0,0
S4,red,55180,55264,84,wave_A,0,0
S4,green,55264,55317,53,wave_A,0,0
S4,yellow,55317,55320,3,wave_A,0,0
S4,red,55320,55404,84,wave_A,0,0
S4,green,55404,55457,53,wave_A,0,0
S4,yellow,55457,55460,3,wave_A,0,0
S4,red,55460,55544,84,wave_A,0,0
S4,green,55544,55597,53,wave_A,0,0
S4,yellow,55597,55600,3,wave_A,0,0
S4,red,55600,55684,84,wave_A,0,0
S4,green,55684,55737,53,wave_A,0,0
S4,yellow,55737,55740,3,wave_A,0,0
S4,red,55740,55824,84,wave_A,0,0
S4,green,55824,55877,53,wave_A,0,0
S4,yellow,55877,55880,3,wave_A,0,0
S4,red,55880,55964,84,wave_A,0,0
S4,green,55964,56017,53,wave_A,0,0
S4,yellow,56017,56020,3,wave_A,0,0
S4,red,56020,56104,84,wave_A,0,0
S4,green,56104,56157,53,wave_A,0,0
S4,yellow,56157,56160,3,wave_A,0,0
S4,red,56160,56244,84,wave_A,0,0
S4,green,56244,56297,53,wave_A,0,0
S4,yellow,56297,56300,3,wave_A,0,0
S4,red,56300,56384,84,wave_A,0,0
S4,green,56384,56437,53,wave_A,0,0
S4,yellow,56437,56440,3,wave_A,0,0
S4,red,56440,56524,84,wave_A,0,0
S4,green,56524,56577,53,wave_A,0,0
S4,yellow,56577,56580,3,wave_A,0,0
S4,red,56580,56664,84,wave_A,0,0
S4,green,56664,56717,53,wave_A,0,0
S4,yellow,56717,56720,3,wave_A,0,0
S4,red,56720,56804,84,wave_A,0,0
S4,green,56804,56857,53,wave_A,0,0
S4,yellow,56857,56860,3,wave_A,0,0
S4,red,56860,56944,84,wave_A,0,0
S4,green,56944,56997,53,wave_A,0,0
S4,yellow,56997,57000,3,wave_A,0,0
S4,red,57000,57084,84,wave_A,0,0
S4,green,57084,57137,53,wave_A,0,0
S4,yellow,57137,57140,3,wave_A,0,0
S4,red,57140,57224,84,wave_A,0,0
S4,green,57224,57277,53,wave_A,0,0
S4,yellow,57277,57280,3,wave_A,0,0
S4,red,57280,57364,84,wave_A,0,0
S4,green,57364,57417,53,wave_A,0,0
S4,yellow,57417,57420,3,wave_A,0,0
S4,red,57420,57504,84,wave_A,0,0
S4,green,57504,57557,53,wave_A,0,0
S4,yellow,57557,57560,3,wave_A,0,0
S4,red,57560,57644,84,wave_A,0,0
S4,green,57644,57680,36,wave_A,0,1
S5,red,0,18,18,wave_A,1,0
S5,green,18,61,43,wave_A,0,0
S5,yellow,61,64,3,wave_A,0,0
S5,red,64,158,94,wave_A,0,0
S5,green,158,201,43,wave_A,0,0
S5,yellow,201,204,3,wave_A,0,0
S5,red,204,298,94,wave_A,0,0
S5,green,298,341,43,wave_A,0,0
S5,yellow,341,344,3,wave_A,0,0
S5,red,344,438,94,wave_A,0,0
S5,green,438,481,43,wave_A,0,0
S5,yellow,481,484,3,wave_A,0,0
S5,red,484,578,94,wave_A,0,0
S5,green,578,621,43,wave_A,0,0
S5,yellow,621,624,3,wave_A,0,0
S5,red,624,718,94,wave_A,0,0
S5,green,718,761,43,wave_A,0,0
S5,yellow,761,764,3,wave_A,0,0
S5,red,764,858,94,wave_A,0,0
S5,green,858,901,43,wave_A,0,0
S5,yellow,901,904,3,wave_A,0,0
S5,red,904,998,94,wave_A,0,0
S5,green,998,1041,43,wave_A,0,0
S5,yellow,1041,1044,3,wave_A,0,0
S5,red,1044,1138,94,wave_A,0,0
S5,green,1138,1181,43,wave_A,0,0
S5,yellow,1181,1184,3,wave_A,0,0
S5,red,1184,1278,94,wave_A,0,0
S5,green,1278,1321,43,wave_A,0,0
S5,yellow,1321,1324,3,wave_A,0,0
S5,red,1324,1418,94,wave_A,0,0
S5,green,1418,1461,43,wave_A,0,0
S5,yellow,1461,1464,3,wave_A,0,0
S5,red,1464,1558,94,wave_A,0,0
S5,green,1558,1601,43,wave_A,0,0
S5,yellow,1601,1604,3,wave_A,0,0
S5,red,1604,1698,94,wave_A,0,0
S5,green,1698,1741,43,wave_A,0,0
S5,yellow,1741,1744,3,wave_A,0,0
S5,red,1744,1838,94,wave_A,0,0
S5,green,1838,1881,43,wave_A,0,0
S5,yellow,1881,1884,3,wave_A,0,0
S5,red,1884,1978,94,wave_A,0,0
S5,green,1978,2021,43,wave_A,0,0
S5,yellow,2021,2024,3,wave_A,0,0
S5,red,2024,2118,94,wave_A,0,0
S5,green,2118,2161,43,wave_A,0,0
S5,yellow,2161,2164,3,wave_A,0,0
S5,red,2164,2258,94,wave_A,0,0
S5,green,2258,2301,43,wave_A,0,0
S5,yellow,2301,2304,3,wave_A,0,0
S5,red,2304,2398,94,wave_A,0,0
S5,green,2398,2441,43,wave_A,0,0
S5,yellow,2441,2444,3,wave_A,0,0
S5,red,2444,2538,94,wave_A,0,0
S5,green,2538,2581,43,wave_A,0,0
S5,yellow,2581,2584,3,wave_A,0,0
S5,red,2584,2678,94,wave_A,0,0
S5,green,2678,2721,43,wave_A,0,0
S5,yellow,2721,2724,3,wave_A,0,0
S5,red,2724,2818,94,wave_A,0,0
S5,green,2818,2861,43,wave_A,0,0
S5,yellow,2861,2864,3,wave_A,0,0
S5,red,2864,2958,94,wave_A,0,0
S5,green,2958,3001,43,wave_A,0,0
S5,yellow,3001,3004,3,wave_A,0,0
S5,red,3004,3098,94,wave_A,0,0
S5,green,3098,3141,43,wave_A,0,0
S5,yellow,3141,3144,3,wave_A,0,0
S5,red,3144,3238,94,wave_A,0,0
S5,green,3238,3281,43,wave_A,0,0
S5,yellow,3281,3284,3,wave_A,0,0
S5,red,3284,3378,94,wave_A,0,0
S5,green,3378,3421,43,wave_A,0,0
S5,yellow,3421,3424,3,wave_A,0,0
S5,red,3424,3518,94,wave_A,0,0
S5,green,3518,3561,43,wave_A,0,0
S5,yellow,3561,3564,3,wave_A,0,0
S5,red,3564,3658,94,wave_A,0,0
S5,green,3658,3701,43,wave_A,0,0
S5,yellow,3701,3704,3,wave_A,0,0
S5,red,3704,3798,94,wave_A,0,0
S5,green,3798,3841,43,wave_A,0,0
S5,yellow,3841,3844,3,wave_A,0,0
S5,red,3844,3938,94,wave_A,0,0
S5,green,3938,3981,43,wave_A,0,0
S5,yellow,3981,3984,3,wave_A,0,0
S5,red,3984,4078,94,wave_A,0,0
S5,green,4078,4121,43,wave_A,0,0
S5,yellow,4121,4124,3,wave_A,0,0
S5,red,4124,4218,94,wave_A,0,0
S5,green,4218,4261,43,wave_A,0,0
S5,yellow,4261,4264,3,wave_A,0,0
S5,red,4264,4358,94,wave_A,0,0
S5,green,4358,4401,43,wave_A,0,0
S5,yellow,4401,4404,3,wave_A,0,0
S5,red,4404,4498,94,wave_A,0,0
S5,green,4498,4541,43,wave_A,0,0
S5,yellow,4541,4544,3,wave_A,0,0
S5,red,4544,4638,94,wave_A,0,0
S5,green,4638,4681,43,wave_A,0,0
S5,yellow,4681,4684,3,wave_A,0,0
S5,red,4684,4778,94,wave_A,0,0
S5,green,4778,4821,43,wave_A,0,0
S5,yellow,4821,4824,3,wave_A,0,0
S5,red,4824,4918,94,wave_A,0,0
S5,green,4918,4961,43,wave_A,0,0
S5,yellow,4961,4964,3,wave_A,0,0
S5,red,4964,5058,94,wave_A,0,0
S5,green,5058,5101,43,wave_A,0,0
S5,yellow,5101,5104,3,wave_A,0,0
S5,red,5104,5198,94,wave_A,0,0
S5,green,5198,5241,43,wave_A,0,0
S5,yellow,5241,5244,3,wave_A,0,0
S5,red,5244,5338,94,wave_A,0,0
S5,green,5338,5381,43,wave_A,0,0
S5,yellow,5381,5384,3,wave_A,0,0
S5,red,5384,5478,94,wave_A,0,0
S5,green,5478,5521,43,wave_A,0,0
S5,yellow,5521,5524,3,wave_A,0,0
S5,red,5524,5618,94,wave_A,0,0
S5,green,5618,5661,43,wave_A,0,0
S5,yellow,5661,5664,3,wave_A,0,0
S5,red,5664,5758,94,wave_A,0,0
S5,green,5758,5801,43,wave_A,0,0
S5,yellow,5801,5804,3,wave_A,0,0
S5,red,5804,5898,94,wave_A,0,0
S5,green,5898,5941,43,wave_A,0,0
S5,yellow,5941,5944,3,wave_A,0,0
S5,red,5944,6038,94,wave_A,0,0
S5,green,6038,6081,43,wave_A,0,0
S5,yellow,6081,6084,3,wave_A,0,0
S5,red,6084,6178,94,wave_A,0,0
S5,green,6178,6221,43,wave_A,0,0
S5,yellow,6221,6224,3,wave_A,0,0
S5,red,6224,6318,94,wave_A,0,0
S5,green,6318,6361,43,wave_A,0,0
S5,yellow,6361,6364,3,wave_A,0,0
S5,red,6364,6458,94,wave_A,0,0
S5,green,6458,6501,43,wave_A,0,0
S5,yellow,6501,6504,3,wave_A,0,0
S5,red,6504,6598,94,wave_A,0,0
S5,green,6598,6641,43,wave_A,0,0
S5,yellow,6641,6644,3,wave_A,0,0
S5,red,6644,6738,94,wave_A,0,0
S5,green,6738,6781,43,wave_A,0,0
S5,yellow,6781,6784,3,wave_A,0,0
S5,red,6784,6878,94,wave_A,0,0
S5,green,6878,6921,43,wave_A,0,0
S5,yellow,6921,6924,3,wave_A,0,0
S5,red,6924,7018,94,wave_A,0,0
S5,green,7018,7061,43,wave_A,0,0
S5,yellow,7061,7064,3,wave_A,0,0
S5,red,7064,7158,94,wave_A,0,0
S5,green,7158,7201,43,wave_A,0,0
S5,yellow,7201,7204,3,wave_A,0,0
S5,red,7204,7298,94,wave_A,0,0
S5,green,7298,7341,43,wave_A,0,0
S5,yellow,7341,7344,3,wave_A,0,0
S5,red,7344,7438,94,wave_A,0,0
S5,green,7438,7481,43,wave_A,0,0
S5,yellow,7481,7484,3,wave_A,0,0
S5,red,7484,7578,94,wave_A,0,0
S5,green,7578,7621,43,wave_A,0,0
S5,yellow,7621,7624,3,wave_A,0,0
S5,red,7624,7718,94,wave_A,0,0
S5,green,7718,7761,43,wave_A,0,0
S5,yellow,7761,7764,3,wave_A,0,0
S5,red,7764,7858,94,wave_A,0,0
S5,green,7858,7901,43,wave_A,0,0
S5,yellow,7901,7904,3,wave_A,0,0
S5,red,7904,7998,94,wave_A,0,0
S5,green,7998,8041,43,wave_A,0,0
S5,yellow,8041,8044,3,wave_A,0,0
S5,red,8044,8138,94,wave_A,0,0
S5,green,8138,8181,43,wave_A,0,0
S5,yellow,8181,8184,3,wave_A,0,0
S5,red,8184,8278,94,wave_A,0,0
S5,green,8278,8321,43,wave_A,0,0
S5,yellow,8321,8324,3,wave_A,0,0
S5,red,8324,8418,94,wave_A,0,0
S5,green,8418,8461,43,wave_A,0,0
S5,yellow,8461,8464,3,wave_A,0,0
S5,red,8464,8558,94,wave_A,0,0
S5,green,8558,8601,43,wave_A,0,0
S5,yellow,8601,8604,3,wave_A,0,0
S5,red,8604,8698,94,wave_A,0,0
S5,green,8698,8741,43,wave_A,0,0
S5,yellow,8741,8744,3,wave_A,0,0
S5,red,8744,8838,94,wave_A,0,0
S5,green,8838,8881,43,wave_A,0,0
S5,yellow,8881,8884,3,wave_A,0,0
S5,red,8884,8978,94,wave_A,0,0
S5,green,8978,9021,43,wave_A,0,0
S5,yellow,9021,9024,3,wave_A,0,0
S5,red,9024,9118,94,wave_A,0,0
S5,green,9118,9161,43,wave_A,0,0
S5,yellow,9161,9164,3,wave_A,0,0
S5,red,9164,9258,94,wave_A,0,0
S5,green,9258,9301,43,wave_A,0,0
S5,yellow,9301,9304,3,wave_A,0,0
S5,red,9304,9398,94,wave_A,0,0
S5,green,9398,9441,43,wave_A,0,0
S5,yellow,9441,9444,3,wave_A,0,0
S5,red,9444,9538,94,wave_A,0,0
S5,green,9538,9581,43,wave_A,0,0
S5,yellow,9581,9584,3,wave_A,0,0
S5,red,9584,9678,94,wave_A,0,0
S5,green,9678,9721,43,wave_A,0,0
S5,yellow,9721,9724,3,wave_A,0,0
S5,red,9724,9818,94,wave_A,0,0
S5,green,9818,9861,43,wave_A,0,0
S5,yellow,9861,9864,3,wave_A,0,0
S5,red,9864,9958,94,wave_A,0,0
S5,green,9958,10001,43,wave_A,0,0
S5,yellow,10001,10004,3,wave_A,0,0
S5,red,10004,10098,94,wave_A,0,0
S5,green,10098,10141,43,wave_A,0,0
S5,yellow,10141,10144,3,wave_A,0,0
S5,red,10144,10238,94,wave_A,0,0
S5,green,10238,10281,43,wave_A,0,0
S5,yellow,10281,10284,3,wave_A,0,0
S5,red,10284,10378,94,wave_A,0,0
S5,green,10378,10421,43,wave_A,0,0
S5,yellow,10421,10424,3,wave_A,0,0
S5,red,10424,10518,94,wave_A,0,0
S5,green,10518,10561,43,wave_A,0,0
S5,yellow,10561,10564,3,wave_A,0,0
S5,red,10564,10658,94,wave_A,0,0
S5,green,10658,10701,43,wave_A,0,0
S5,yellow,10701,10704,3,wave_A,0,0
S5,red,10704,10798,94,wave_A,0,0
S5,green,10798,10841,43,wave_A,0,0
S5,yellow,10841,10844,3,wave_A,0,0
S5,red,10844,10938,94,wave_A,0,0
S5,green,10938,10981,43,wave_A,0,0
S5,yellow,10981,10984,3,wave_A,0,0
S5,red,10984,11078,94,wave_A,0,0
S5,green,11078,11121,43,wave_A,0,0
S5,yellow,11121,11124,3,wave_A,0,0
S5,red,11124,11218,94,wave_A,0,0
S5,green,11218,11261,43,wave_A,0,0
S5,yellow,11261,11264,3,wave_A,0,0
S5,red,11264,11358,94,wave_A,0,0
S5,green,11358,11401,43,wave_A,0,0
S5,yellow,11401,11404,3,wave_A,0,0
S5,red,11404,11498,94,wave_A,0,0
S5,green,11498,11541,43,wave_A,0,0
S5,yellow,11541,11544,3,wave_A,0,0
S5,red,11544,11638,94,wave_A,0,0
S5,green,11638,11681,43,wave_A,0,0
S5,yellow,11681,11684,3,wave_A,0,0
S5,red,11684,11778,94,wave_A,0,0
S5,green,11778,11821,43,wave_A,0,0
S5,yellow,11821,11824,3,wave_A,0,0
S5,red,11824,11918,94,wave_A,0,0
S5,green,11918,11961,43,wave_A,0,0
S5,yellow,11961,11964,3,wave_A,0,0
S5,red,11964,12058,94,wave_A,0,0
S5,green,12058,12101,43,wave_A,0,0
S5,yellow,12101,12104,3,wave_A,0,0
S5,red,12104,12198,94,wave_A,0,0
S5,green,12198,12241,43,wave_A,0,0
S5,yellow,12241,12244,3,wave_A,0,0
S5,red,12244,12338,94,wave_A,0,0
S5,green,12338,12381,43,wave_A,0,0
S5,yellow,12381,12384,3,wave_A,0,0
S5,red,12384,12478,94,wave_A,0,0
S5,green,12478,12521,43,wave_A,0,0
S5,yellow,12521,12524,3,wave_A,0,0
S5,red,12524,12618,94,wave_A,0,0
S5,green,12618,12661,43,wave_A,0,0
S5,yellow,12661,12664,3,wave_A,0,0
S5,red,12664,12758,94,wave_A,0,0
S5,green,12758,12801,43,wave_A,0,0
S5,yellow,12801,12804,3,wave_A,0,0
S5,red,12804,12898,94,wave_A,0,0
S5,green,12898,12941,43,wave_A,0,0
S5,yellow,12941,12944,3,wave_A,0,0
S5,red,12944,13038,94,wave_A,0,0
S5,green,13038,13081,43,wave_A,0,0
S5,yellow,13081,13084,3,wave_A,0,0
S5,red,13084,13178,94,wave_A,0,0
S5,green,13178,13221,43,wave_A,0,0
S5,yellow,13221,13224,3,wave_A,0,0
S5,red,13224,13318,94,wave_A,0,0
S5,green,13318,13361,43,wave_A,0,0
S5,yellow,13361,13364,3,wave_A,0,0
S5,red,13364,13458,94,wave_A,0,0
S5,green,13458,13501,43,wave_A,0,0
S5,yellow,13501,13504,3,wave_A,0,0
S5,red,13504,13598,94,wave_A,0,0
S5,green,13598,13641,43,wave_A,0,0
S5,yellow,13641,13644,3,wave_A,0,0
S5,red,13644,13738,94,wave_A,0,0
S5,green,13738,13781,43,wave_A,0,0
S5,yellow,13781,13784,3,wave_A,0,0
S5,red,13784,13878,94,wave_A,0,0
S5,green,13878,13921,43,wave_A,0,0
S5,yellow,13921,13924,3,wave_A,0,0
S5,red,13924,14018,94,wave_A,0,0
S5,green,14018,14061,43,wave_A,0,0
S5,yellow,14061,14064,3,wave_A,0,0
S5,red,14064,14158,94,wave_A,0,0
S5,green,14158,14201,43,wave_A,0,0
S5,yellow,14201,14204,3,wave_A,0,0
S5,red,14204,14298,94,wave_A,0,0
S5,green,14298,14341,43,wave_A,0,0
S5,yellow,14341,14344,3,wave_A,0,0
S5,red,14344,14438,94,wave_A,0,0
S5,green,14438,14481,43,wave_A,0,0
S5,yellow,14481,14484,3,wave_A,0,0
S5,red,14484,14578,94,wave_A,0,0
S5,green,14578,14621,43,wave_A,0,0
S5,yellow,14621,14624,3,wave_A,0,0
S5,red,14624,14718,94,wave_A,0,0
S5,green,14718,14761,43,wave_A,0,0
S5,yellow,14761,14764,3,wave_A,0,0
S5,red,14764,14858,94,wave_A,0,0
S5,green,14858,14901,43,wave_A,0,0
S5,yellow,14901,14904,3,wave_A,0,0
S5,red,14904,14998,94,wave_A,0,0
S5,green,14998,15041,43,wave_A,0,0
S5,yellow,15041,15044,3,wave_A,0,0
S5,red,15044,15138,94,wave_A,0,0
S5,green,15138,15181,43,wave_A,0,0
S5,yellow,15181,15184,3,wave_A,0,0
S5,red,15184,15278,94,wave_A,0,0
S5,green,15278,15321,43,wave_A,0,0
S5,yellow,15321,15324,3,wave_A,0,0
S5,red,15324,15418,94,wave_A,0,0
S5,green,15418,15461,43,wave_A,0,0
S5,yellow,15461,15464,3,wave_A,0,0
S5,red,15464,15558,94,wave_A,0,0
S5,green,15558,15601,43,wave_A,0,0
S5,yellow,15601,15604,3,wave_A,0,0
S5,red,15604,15698,94,wave_A,0,0
S5,green,15698,15741,43,wave_A,0,0
S5,yellow,15741,15744,3,wave_A,0,0
S5,red,15744,15838,94,wave_A,0,0
S5,green,15838,15881,43,wave_A,0,0
S5,yellow,15881,15884,3,wave_A,0,0
S5,red,15884,15978,94,wave_A,0,0
S5,green,15978,16021,43,wave_A,0,0
S5,yellow,16021,16024,3,wave_A,0,0
S5,red,16024,16118,94,wave_A,0,0
S5,green,16118,16161,43,wave_A,0,0
S5,yellow,16161,16164,3,wave_A,0,0
S5,red,16164,16258,94,wave_A,0,0
S5,green,16258,16301,43,wave_A,0,0
S5,yellow,16301,16304,3,wave_A,0,0
S5,red,16304,16398,94,wave_A,0,0
S5,green,16398,16441,43,wave_A,0,0
S5,yellow,16441,16444,3,wave_A,0,0
S5,red,16444,16538,94,wave_A,0,0
S5,green,16538,16581,43,wave_A,0,0
S5,yellow,16581,16584,3,wave_A,0,0
S5,red,16584,16678,94,wave_A,0,0
S5,green,16678,16721,43,wave_A,0,0
S5,yellow,16721,16724,3,wave_A,0,0
S5,red,16724,16818,94,wave_A,0,0
S5,green,16818,16861,43,wave_A,0,0
S5,yellow,16861,16864,3,wave_A,0,0
S5,red,16864,16958,94,wave_A,0,0
S5,green,16958,17001,43,wave_A,0,0
S5,yellow,17001,17004,3,wave_A,0,0
S5,red,17004,17098,94,wave_A,0,0
S5,green,17098,17141,43,wave_A,0,0
S5,yellow,17141,17144,3,wave_A,0,0
S5,red,17144,17238,94,wave_A,0,0
S5,green,17238,17281,43,wave_A,0,0
S5,yellow,17281,17284,3,wave_A,0,0
S5,red,17284,17378,94,wave_A,0,0
S5,green,17378,17421,43,wave_A,0,0
S5,yellow,17421,17424,3,wave_A,0,0
S5,red,17424,17518,94,wave_A,0,0
S5,green,17518,17561,43,wave_A,0,0
S5,yellow,17561,17564,3,wave_A,0,0
S5,red,17564,17658,94,wave_A,0,0
S5,green,17658,17701,43,wave_A,0,0
S5,yellow,17701,17704,3,wave_A,0,0
S5,red,17704,17798,94,wave_A,0,0
S5,green,17798,17841,43,wave_A,0,0
S5,yellow,17841,17844,3,wave_A,0,0
S5,red,17844,17938,94,wave_A,0,0
S5,green,17938,17981,43,wave_A,0,0
S5,yellow,17981,17984,3,wave_A,0,0
S5,red,17984,18078,94,wave_A,0,0
S5,green,18078,18121,43,wave_A,0,0
S5,yellow,18121,18124,3,wave_A,0,0
S5,red,18124,18218,94,wave_A,0,0
S5,green,18218,18261,43,wave_A,0,0
S5,yellow,18261,18264,3,wave_A,0,0
S5,red,18264,18358,94,wave_A,0,0
S5,green,18358,18401,43,wave_A,0,0
S5,yellow,18401,18404,3,wave_A,0,0
S5,red,18404,18498,94,wave_A,0,0
S5,green,18498,18541,43,wave_A,0,0
S5,yellow,18541,18544,3,wave_A,0,0
S5,red,18544,18638,94,wave_A,0,0
S5,green,18638,18681,43,wave_A,0,0
S5,yellow,18681,18684,3,wave_A,0,0
S5,red,18684,18778,94,wave_A,0,0
S5,green,18778,18821,43,wave_A,0,0
S5,yellow,18821,18824,3,wave_A,0,0
S5,red,18824,18918,94,wave_A,0,0
S5,green,18918,18961,43,wave_A,0,0
S5,yellow,18961,18964,3,wave_A,0,0
S5,red,18964,19058,94,wave_A,0,0
S5,green,19058,19101,43,wave_A,0,0
S5,yellow,19101,19104,3,wave_A,0,0
S5,red,19104,19198,94,wave_A,0,0
S5,green,19198,19241,43,wave_A,0,0
S5,yellow,19241,19244,3,wave_A,0,0
S5,red,19244,19338,94,wave_A,0,0
S5,green,19338,19381,43,wave_A,0,0
S5,yellow,19381,19384,3,wave_A,0,0
S5,red,19384,19478,94,wave_A,0,0
S5,green,19478,19521,43,wave_A,0,0
S5,yellow,19521,19524,3,wave_A,0,0
S5,red,19524,19618,94,wave_A,0,0
S5,green,19618,19661,43,wave_A,0,0
S5,yellow,19661,19664,3,wave_A,0,0
S5,red,19664,19758,94,wave_A,0,0
S5,green,19758,19801,43,wave_A,0,0
S5,yellow,19801,19804,3,wave_A,0,0
S5,red,19804,19898,94,wave_A,0,0
S5,green,19898,19941,43,wave_A,0,0
S5,yellow,19941,19944,3,wave_A,0,0
S5,red,19944,20038,94,wave_A,0,0
S5,green,20038,20081,43,wave_A,0,0
S5,yellow,20081,20084,3,wave_A,0,0
S5,red,20084,20178,94,wave_A,0,0
S5,green,20178,20221,43,wave_A,0,0
S5,yellow,20221,20224,3,wave_A,0,0
S5,red,20224,20318,94,wave_A,0,0
S5,green,20318,20361,43,wave_A,0,0
S5,yellow,20361,20364,3,wave_A,0,0
S5,red,20364,20458,94,wave_A,0,0
S5,green,20458,20501,43,wave_A,0,0
S5,yellow,20501,20504,3,wave_A,0,0
S5,red,20504,20598,94,wave_A,0,0
S5,green,20598,20641,43,wave_A,0,0
S5,yellow,20641,20644,3,wave_A,0,0
S5,red,20644,20738,94,wave_A,0,0
S5,green,20738,20781,43,wave_A,0,0
S5,yellow,20781,20784,3,wave_A,0,0
S5,red,20784,20878,94,wave_A,0,0
S5,green,20878,20921,43,wave_A,0,0
S5,yellow,20921,20924,3,wave_A,0,0
S5,red,20924,21018,94,wave_A,0,0
S5,green,21018,21061,43,wave_A,0,0
S5,yellow,21061,21064,3,wave_A,0,0
S5,red,21064,21158,94,wave_A,0,0
S5,green,21158,21201,43,wave_A,0,0
S5,yellow,21201,21204,3,wave_A,0,0
S5,red,21204,21298,94,wave_A,0,0
S5,green,21298,21341,43,wave_A,0,0
S5,yellow,21341,21344,3,wave_A,0,0
S5,red,21344,21438,94,wave_A,0,0
S5,green,21438,21481,43,wave_A,0,0
S5,yellow,21481,21484,3,wave_A,0,0
S5,red,21484,21578,94,wave_A,0,0
S5,green,21578,21621,43,wave_A,0,0
S5,yellow,21621,21624,3,wave_A,0,0
S5,red,21624,21718,94,wave_A,0,0
S5,green,21718,21761,43,wave_A,0,0
S5,yellow,21761,21764,3,wave_A,0,0
S5,red,21764,21858,94,wave_A,0,0
S5,green,21858,21901,43,wave_A,0,0
S5,yellow,21901,21904,3,wave_A,0,0
S5,red,21904,21998,94,wave_A,0,0
S5,green,21998,22041,43,wave_A,0,0
S5,yellow,22041,22044,3,wave_A,0,0
S5,red,22044,22138,94,wave_A,0,0
S5,green,22138,22181,43,wave_A,0,0
S5,yellow,22181,22184,3,wave_A,0,0
S5,red,22184,22278,94,wave_A,0,0
S5,green,22278,22321,43,wave_A,0,0
S5,yellow,22321,22324,3,wave_A,0,0
S5,red,22324,22418,94,wave_A,0,0
S5,green,22418,22461,43,wave_A,0,0
S5,yellow,22461,22464,3,wave_A,0,0
S5,red,22464,22558,94,wave_A,0,0
S5,green,22558,22601,43,wave_A,0,0
S5,yellow,22601,22604,3,wave_A,0,0
S5,red,22604,22698,94,wave_A,0,0
S5,green,22698,22741,43,wave_A,0,0
S5,yellow,22741,22744,3,wave_A,0,0
S5,red,22744,22838,94,wave_A,0,0
S5,green,22838,22881,43,wave_A,0,0
S5,yellow,22881,22884,3,wave_A,0,0
S5,red,22884,22978,94,wave_A,0,0
S5,green,22978,23021,43,wave_A,0,0
S5,yellow,23021,23024,3,wave_A,0,0
S5,red,23024,23118,94,wave_A,0,0
S5,green,23118,23161,43,wave_A,0,0
S5,yellow,23161,23164,3,wave_A,0,0
S5,red,23164,23258,94,wave_A,0,0
S5,green,23258,23301,43,wave_A,0,0
S5,yellow,23301,23304,3,wave_A,0,0
S5,red,23304,23398,94,wave_A,0,0
S5,green,23398,23441,43,wave_A,0,0
S5,yellow,23441,23444,3,wave_A,0,0
S5,red,23444,23538,94,wave_A,0,0
S5,green,23538,23581,43,wave_A,0,0
S5,yellow,23581,23584,3,wave_A,0,0
S5,red,23584,23678,94,wave_A,0,0
S5,green,23678,23721,43,wave_A,0,0
S5,yellow,23721,23724,3,wave_A,0,0
S5,red,23724,23818,94,wave_A,0,0
S5,green,23818,23861,43,wave_A,0,0
S5,yellow,23861,23864,3,wave_A,0,0
S5,red,23864,23958,94,wave_A,0,0
S5,green,23958,24001,43,wave_A,0,0
S5,yellow,24001,24004,3,wave_A,0,0
S5,red,24004,24098,94,wave_A,0,0
S5,green,24098,24141,43,wave_A,0,0
S5,yellow,24141,24144,3,wave_A,0,0
S5,red,24144,24238,94,wave_A,0,0
S5,green,24238,24281,43,wave_A,0,0
S5,yellow,24281,24284,3,wave_A,0,0
S5,red,24284,24378,94,wave_A,0,0
S5,green,24378,24421,43,wave_A,0,0
S5,yellow,24421,24424,3,wave_A,0,0
S5,red,24424,24518,94,wave_A,0,0
S5,green,24518,24561,43,wave_A,0,0
S5,yellow,24561,24564,3,wave_A,0,0
S5,red,24564,24658,94,wave_A,0,0
S5,green,24658,24701,43,wave_A,0,0
S5,yellow,24701,24704,3,wave_A,0,0
S5,red,24704,24798,94,wave_A,0,0
S5,green,24798,24841,43,wave_A,0,0
S5,yellow,24841,24844,3,wave_A,0,0
S5,red,24844,24938,94,wave_A,0,0
S5,green,24938,24981,43,wave_A,0,0
S5,yellow,24981,24984,3,wave_A,0,0
S5,red,24984,25078,94,wave_A,0,0
S5,green,25078,25121,43,wave_A,0,0
S5,yellow,25121,25124,3,wave_A,0,0
S5,red,25124,25218,94,wave_A,0,0
S5,green,25218,25261,43,wave_A,0,0
S5,yellow,25261,25264,3,wave_A,0,0
S5,red,25264,25358,94,wave_A,0,0
S5,green,25358,25401,43,wave_A,0,0
S5,yellow,25401,25404,3,wave_A,0,0
S5,red,25404,25498,94,wave_A,0,0
S5,green,25498,25541,43,wave_A,0,0
S5,yellow,25541,25544,3,wave_A,0,0
S5,red,25544,25638,94,wave_A,0,0
S5,green,25638,25681,43,wave_A,0,0
S5,yellow,25681,25684,3,wave_A,0,0
S5,red,25684,25778,94,wave_A,0,0
S5,green,25778,25821,43,wave_A,0,0
S5,yellow,25821,25824,3,wave_A,0,0
S5,red,25824,25918,94,wave_A,0,0
S5,green,25918,25961,43,wave_A,0,0
S5,yellow,25961,25964,3,wave_A,0,0
S5,red,25964,26058,94,wave_A,0,0
S5,green,26058,26101,43,wave_A,0,0
S5,yellow,26101,26104,3,wave_A,0,0
S5,red,26104,26198,94,wave_A,0,0
S5,green,26198,26241,43,wave_A,0,0
S5,yellow,26241,26244,3,wave_A,0,0
S5,red,26244,26338,94,wave_A,0,0
S5,green,26338,26381,43,wave_A,0,0
S5,yellow,26381,26384,3,wave_A,0,0
S5,red,26384,26478,94,wave_A,0,0
S5,green,26478,26521,43,wave_A,0,0
S5,yellow,26521,26524,3,wave_A,0,0
S5,red,26524,26618,94,wave_A,0,0
S5,green,26618,26661,43,wave_A,0,0
S5,yellow,26661,26664,3,wave_A,0,0
S5,red,26664,26758,94,wave_A,0,0
S5,green,26758,26801,43,wave_A,0,0
S5,yellow,26801,26804,3,wave_A,0,0
S5,red,26804,26898,94,wave_A,0,0
S5,green,26898,26941,43,wave_A,0,0
S5,yellow,26941,26944,3,wave_A,0,0
S5,red,26944,27038,94,wave_A,0,0
S5,green,27038,27081,43,wave_A,0,0
S5,yellow,27081,27084,3,wave_A,0,0
S5,red,27084,27178,94,wave_A,0,0
S5,green,27178,27221,43,wave_A,0,0
S5,yellow,27221,27224,3,wave_A,0,0
S5,red,27224,27318,94,wave_A,0,0
S5,green,27318,27361,43,wave_A,0,0
S5,yellow,27361,27364,3,wave_A,0,0
S5,red,27364,27458,94,wave_A,0,0
S5,green,27458,27501,43,wave_A,0,0
S5,yellow,27501,27504,3,wave_A,0,0
S5,red,27504,27598,94,wave_A,0,0
S5,green,27598,27641,43,wave_A,0,0
S5,yellow,27641,27644,3,wave_A,0,0
S5,red,27644,27738,94,wave_A,0,0
S5,green,27738,27781,43,wave_A,0,0
S5,yellow,27781,27784,3,wave_A,0,0
S5,red,27784,27878,94,wave_A,0,0
S5,green,27878,27921,43,wave_A,0,0
S5,yellow,27921,27924,3,wave_A,0,0
S5,red,27924,28018,94,wave_A,0,0
S5,green,28018,28061,43,wave_A,0,0
S5,yellow,28061,28064,3,wave_A,0,0
S5,red,28064,28158,94,wave_A,0,0
S5,green,28158,28201,43,wave_A,0,0
S5,yellow,28201,28204,3,wave_A,0,0
S5,red,28204,28298,94,wave_A,0,0
S5,green,28298,28341,43,wave_A,0,0
S5,yellow,28341,28344,3,wave_A,0,0
S5,red,28344,28438,94,wave_A,0,0
S5,green,28438,28481,43,wave_A,0,0
S5,yellow,28481,28484,3,wave_A,0,0
S5,red,28484,28578,94,wave_A,0,0
S5,green,28578,28621,43,wave_A,0,0
S5,yellow,28621,28624,3,wave_A,0,0
S5,red,28624,28718,94,wave_A,0,0
S5,green,28718,28761,43,wave_A,0,0
S5,yellow,28761,28764,3,wave_A,0,0
S5,red,28764,28858,94,wave_A,0,0
S5,green,28858,28901,43,wave_A,0,0
S5,yellow,28901,28904,3,wave_A,0,0
S5,red,28904,28998,94,wave_A,0,0
S5,green,28998,29041,43,wave_A,0,0
S5,yellow,29041,29044,3,wave_A,0,0
S5,red,29044,29138,94,wave_A,0,0
S5,green,29138,29181,43,wave_A,0,0
S5,yellow,29181,29184,3,wave_A,0,0
S5,red,29184,29278,94,wave_A,0,0
S5,green,29278,29321,43,wave_A,0,0
S5,yellow,29321,29324,3,wave_A,0,0
S5,red,29324,29418,94,wave_A,0,0
S5,green,29418,29461,43,wave_A,0,0
S5,yellow,29461,29464,3,wave_A,0,0
S5,red,29464,29558,94,wave_A,0,0
S5,green,29558,29601,43,wave_A,0,0
S5,yellow,29601,29604,3,wave_A,0,0
S5,red,29604,29698,94,wave_A,0,0
S5,green,29698,29741,43,wave_A,0,0
S5,yellow,29741,29744,3,wave_A,0,0
S5,red,29744,29838,94,wave_A,0,0
S5,green,29838,29881,43,wave_A,0,0
S5,yellow,29881,29884,3,wave_A,0,0
S5,red,29884,29978,94,wave_A,0,0
S5,green,29978,30021,43,wave_A,0,0
S5,yellow,30021,30024,3,wave_A,0,0
S5,red,30024,30118,94,wave_A,0,0
S5,green,30118,30161,43,wave_A,0,0
S5,yellow,30161,30164,3,wave_A,0,0
S5,red,30164,30258,94,wave_A,0,0
S5,green,30258,30301,43,wave_A,0,0
S5,yellow,30301,30304,3,wave_A,0,0
S5,red,30304,30398,94,wave_A,0,0
S5,green,30398,30441,43,wave_A,0,0
S5,yellow,30441,30444,3,wave_A,0,0
S5,red,30444,30538,94,wave_A,0,0
S5,green,30538,30581,43,wave_A,0,0
S5,yellow,30581,30584,3,wave_A,0,0
S5,red,30584,30678,94,wave_A,0,0
S5,green,30678,30721,43,wave_A,0,0
S5,yellow,30721,30724,3,wave_A,0,0
S5,red,30724,30818,94,wave_A,0,0
S5,green,30818,30861,43,wave_A,0,0
S5,yellow,30861,30864,3,wave_A,0,0
S5,red,30864,30958,94,wave_A,0,0
S5,green,30958,31001,43,wave_A,0,0
S5,yellow,31001,31004,3,wave_A,0,0
S5,red,31004,31098,94,wave_A,0,0
S5,green,31098,31141,43,wave_A,0,0
S5,yellow,31141,31144,3,wave_A,0,0
S5,red,31144,31238,94,wave_A,0,0
S5,green,31238,31281,43,wave_A,0,0
S5,yellow,31281,31284,3,wave_A,0,0
S5,red,31284,31378,94,wave_A,0,0
S5,green,31378,31421,43,wave_A,0,0
S5,yellow,31421,31424,3,wave_A,0,0
S5,red,31424,31518,94,wave_A,0,0
S5,green,31518,31561,43,wave_A,0,0
S5,yellow,31561,31564,3,wave_A,0,0
S5,red,31564,31658,94,wave_A,0,0
S5,green,31658,31701,43,wave_A,0,0
S5,yellow,31701,31704,3,wave_A,0,0
S5,red,31704,31798,94,wave_A,0,0
S5,green,31798,31841,43,wave_A,0,0
S5,yellow,31841,31844,3,wave_A,0,0
S5,red,31844,31938,94,wave_A,0,0
S5,green,31938,31981,43,wave_A,0,0
S5,yellow,31981,31984,3,wave_A,0,0
S5,red,31984,32078,94,wave_A,0,0
S5,green,32078,32121,43,wave_A,0,0
S5,yellow,32121,32124,3,wave_A,0,0
S5,red,32124,32218,94,wave_A,0,0
S5,green,32218,32261,43,wave_A,0,0
S5,yellow,32261,32264,3,wave_A,0,0
S5,red,32264,32358,94,wave_A,0,0
S5,green,32358,32401,43,wave_A,0,0
S5,yellow,32401,32404,3,wave_A,0,0
S5,red,32404,32498,94,wave_A,0,0
S5,green,32498,32541,43,wave_A,0,0
S5,yellow,32541,32544,3,wave_A,0,0
S5,red,32544,32638,94,wave_A,0,0
S5,green,32638,32681,43,wave_A,0,0
S5,yellow,32681,32684,3,wave_A,0,0
S5,red,32684,32778,94,wave_A,0,0
S5,green,32778,32821,43,wave_A,0,0
S5,yellow,32821,32824,3,wave_A,0,0
S5,red,32824,32918,94,wave_A,0,0
S5,green,32918,32961,43,wave_A,0,0
S5,yellow,32961,32964,3,wave_A,0,0
S5,red,32964,33058,94,wave_A,0,0
S5,green,33058,33101,43,wave_A,0,0
S5,yellow,33101,33104,3,wave_A,0,0
S5,red,33104,33198,94,wave_A,0,0
S5,green,33198,33241,43,wave_A,0,0
S5,yellow,33241,33244,3,wave_A,0,0
S5,red,33244,33338,94,wave_A,0,0
S5,green,33338,33381,43,wave_A,0,0
S5,yellow,33381,33384,3,wave_A,0,0
S5,red,33384,33478,94,wave_A,0,0
S5,green,33478,33521,43,wave_A,0,0
S5,yellow,33521,33524,3,wave_A,0,0
S5,red,33524,33618,94,wave_A,0,0
S5,green,33618,33661,43,wave_A,0,0
S5,yellow,33661,33664,3,wave_A,0,0
S5,red,33664,33758,94,wave_A,0,0
S5,green,33758,33801,43,wave_A,0,0
S5,yellow,33801,33804,3,wave_A,0,0
S5,red,33804,33898,94,wave_A,0,0
S5,green,33898,33941,43,wave_A,0,0
S5,yellow,33941,33944,3,wave_A,0,0
S5,red,33944,34038,94,wave_A,0,0
S5,green,34038,34081,43,wave_A,0,0
S5,yellow,34081,34084,3,wave_A,0,0
S5,red,34084,34178,94,wave_A,0,0
S5,green,34178,34221,43,wave_A,0,0
S5,yellow,34221,34224,3,wave_A,0,0
S5,red,34224,34318,94,wave_A,0,0
S5,green,34318,34361,43,wave_A,0,0
S5,yellow,34361,34364,3,wave_A,0,0
S5,red,34364,34458,94,wave_A,0,0
S5,green,34458,34501,43,wave_A,0,0
S5,yellow,34501,34504,3,wave_A,0,0
S5,red,34504,34598,94,wave_A,0,0
S5,green,34598,34641,43,wave_A,0,0
S5,yellow,34641,34644,3,wave_A,0,0
S5,red,34644,34738,94,wave_A,0,0
S5,green,34738,34781,43,wave_A,0,0
S5,yellow,34781,34784,3,wave_A,0,0
S5,red,34784,34878,94,wave_A,0,0
S5,green,34878,34921,43,wave_A,0,0
S5,yellow,34921,34924,3,wave_A,0,0
S5,red,34924,35018,94,wave_A,0,0
S5,green,35018,35061,43,wave_A,0,0
S5,yellow,35061,35064,3,wave_A,0,0
S5,red,35064,35158,94,wave_A,0,0
S5,green,35158,35201,43,wave_A,0,0
S5,yellow,35201,35204,3,wave_A,0,0
S5,red,35204,35298,94,wave_A,0,0
S5,green,35298,35341,43,wave_A,0,0
S5,yellow,35341,35344,3,wave_A,0,0
S5,red,35344,35438,94,wave_A,0,0
S5,green,35438,35481,43,wave_A,0,0
S5,yellow,35481,35484,3,wave_A,0,0
S5,red,35484,35578,94,wave_A,0,0
S5,green,35578,35621,43,wave_A,0,0
S5,yellow,35621,35624,3,wave_A,0,0
S5,red,35624,35718,94,wave_A,0,0
S5,green,35718,35761,43,wave_A,0,0
S5,yellow,35761,35764,3,wave_A,0,0
S5,red,35764,35858,94,wave_A,0,0
S5,green,35858,35901,43,wave_A,0,0
S5,yellow,35901,35904,3,wave_A,0,0
S5,red,35904,35998,94,wave_A,0,0
S5,green,35998,36041,43,wave_A,0,0
S5,yellow,36041,36044,3,wave_A,0,0
S5,red,36044,36138,94,wave_A,0,0
S5,green,36138,36181,43,wave_A,0,0
S5,yellow,36181,36184,3,wave_A,0,0
S5,red,36184,36278,94,wave_A,0,0
S5,green,36278,36321,43,wave_A,0,0
S5,yellow,36321,36324,3,wave_A,0,0
S5,red,36324,36418,94,wave_A,0,0
S5,green,36418,36461,43,wave_A,0,0
S5,yellow,36461,36464,3,wave_A,0,0
S5,red,36464,36558,94,wave_A,0,0
S5,green,36558,36601,43,wave_A,0,0
S5,yellow,36601,36604,3,wave_A,0,0
S5,red,36604,36698,94,wave_A,0,0
S5,green,36698,36741,43,wave_A,0,0
S5,yellow,36741,36744,3,wave_A,0,0
S5,red,36744,36838,94,wave_A,0,0
S5,green,36838,36881,43,wave_A,0,0
S5,yellow,36881,36884,3,wave_A,0,0
S5,red,36884,36978,94,wave_A,0,0
S5,green,36978,37021,43,wave_A,0,0
S5,yellow,37021,37024,3,wave_A,0,0
S5,red,37024,37118,94,wave_A,0,0
S5,green,37118,37161,43,wave_A,0,0
S5,yellow,37161,37164,3,wave_A,0,0
S5,red,37164,37258,94,wave_A,0,0
S5,green,37258,37301,43,wave_A,0,0
S5,yellow,37301,37304,3,wave_A,0,0
S5,red,37304,37398,94,wave_A,0,0
S5,green,37398,37441,43,wave_A,0,0
S5,yellow,37441,37444,3,wave_A,0,0
S5,red,37444,37538,94,wave_A,0,0
S5,green,37538,37581,43,wave_A,0,0
S5,yellow,37581,37584,3,wave_A,0,0
S5,red,37584,37678,94,wave_A,0,0
S5,green,37678,37721,43,wave_A,0,0
S5,yellow,37721,37724,3,wave_A,0,0
S5,red,37724,37818,94,wave_A,0,0
S5,green,37818,37861,43,wave_A,0,0
S5,yellow,37861,37864,3,wave_A,0,0
S5,red,37864,37958,94,wave_A,0,0
S5,green,37958,38001,43,wave_A,0,0
S5,yellow,38001,38004,3,wave_A,0,0
S5,red,38004,38098,94,wave_A,0,0
S5,green,38098,38141,43,wave_A,0,0
S5,yellow,38141,38144,3,wave_A,0,0
S5,red,38144,38238,94,wave_A,0,0
S5,green,38238,38281,43,wave_A,0,0
S5,yellow,38281,38284,3,wave_A,0,0
S5,red,38284,38378,94,wave_A,0,0
S5,green,38378,38421,43,wave_A,0,0
S5,yellow,38421,38424,3,wave_A,0,0
S5,red,38424,38518,94,wave_A,0,0
S5,green,38518,38561,43,wave_A,0,0
S5,yellow,38561,38564,3,wave_A,0,0
S5,red,38564,38658,94,wave_A,0,0
S5,green,38658,38701,43,wave_A,0,0
S5,yellow,38701,38704,3,wave_A,0,0
S5,red,38704,38798,94,wave_A,0,0
S5,green,38798,38841,43,wave_A,0,0
S5,yellow,38841,38844,3,wave_A,0,0
S5,red,38844,38938,94,wave_A,0,0
S5,green,38938,38981,43,wave_A,0,0
S5,yellow,38981,38984,3,wave_A,0,0
S5,red,38984,39078,94,wave_A,0,0
S5,green,39078,39121,43,wave_A,0,0
S5,yellow,39121,39124,3,wave_A,0,0
S5,red,39124,39218,94,wave_A,0,0
S5,green,39218,39261,43,wave_A,0,0
S5,yellow,39261,39264,3,wave_A,0,0
S5,red,39264,39358,94,wave_A,0,0
S5,green,39358,39401,43,wave_A,0,0
S5,yellow,39401,39404,3,wave_A,0,0
S5,red,39404,39498,94,wave_A,0,0
S5,green,39498,39541,43,wave_A,0,0
S5,yellow,39541,39544,3,wave_A,0,0
S5,red,39544,39638,94,wave_A,0,0
S5,green,39638,39681,43,wave_A,0,0
S5,yellow,39681,39684,3,wave_A,0,0
S5,red,39684,39778,94,wave_A,0,0
S5,green,39778,39821,43,wave_A,0,0
S5,yellow,39821,39824,3,wave_A,0,0
S5,red,39824,39918,94,wave_A,0,0
S5,green,39918,39961,43,wave_A,0,0
S5,yellow,39961,39964,3,wave_A,0,0
S5,red,39964,40058,94,wave_A,0,0
S5,green,40058,40101,43,wave_A,0,0
S5,yellow,40101,40104,3,wave_A,0,0
S5,red,40104,40198,94,wave_A,0,0
S5,green,40198,40241,43,wave_A,0,0
S5,yellow,40241,40244,3,wave_A,0,0
S5,red,40244,40338,94,wave_A,0,0
S5,green,40338,40381,43,wave_A,0,0
S5,yellow,40381,40384,3,wave_A,0,0
S5,red,40384,40478,94,wave_A,0,0
S5,green,40478,40521,43,wave_A,0,0
S5,yellow,40521,40524,3,wave_A,0,0
S5,red,40524,40618,94,wave_A,0,0
S5,green,40618,40661,43,wave_A,0,0
S5,yellow,40661,40664,3,wave_A,0,0
S5,red,40664,40758,94,wave_A,0,0
S5,green,40758,40801,43,wave_A,0,0
S5,yellow,40801,40804,3,wave_A,0,0
S5,red,40804,40898,94,wave_A,0,0
S5,green,40898,40941,43,wave_A,0,0
S5,yellow,40941,40944,3,wave_A,0,0
S5,red,40944,41038,94,wave_A,0,0
S5,green,41038,41081,43,wave_A,0,0
S5,yellow,41081,41084,3,wave_A,0,0
S5,red,41084,41178,94,wave_A,0,0
S5,green,41178,41221,43,wave_A,0,0
S5,yellow,41221,41224,3,wave_A,0,0
S5,red,41224,41318,94,wave_A,0,0
S5,green,41318,41361,43,wave_A,0,0
S5,yellow,41361,41364,3,wave_A,0,0
S5,red,41364,41458,94,wave_A,0,0
S5,green,41458,41501,43,wave_A,0,0
S5,yellow,41501,41504,3,wave_A,0,0
S5,red,41504,41598,94,wave_A,0,0
S5,green,41598,41641,43,wave_A,0,0
S5,yellow,41641,41644,3,wave_A,0,0
S5,red,41644,41738,94,wave_A,0,0
S5,green,41738,41781,43,wave_A,0,0
S5,yellow,41781,41784,3,wave_A,0,0
S5,red,41784,41878,94,wave_A,0,0
S5,green,41878,41921,43,wave_A,0,0
S5,yellow,41921,41924,3,wave_A,0,0
S5,red,41924,42018,94,wave_A,0,0
S5,green,42018,42061,43,wave_A,0,0
S5,yellow,42061,42064,3,wave_A,0,0
S5,red,42064,42158,94,wave_A,0,0
S5,green,42158,42201,43,wave_A,0,0
S5,yellow,42201,42204,3,wave_A,0,0
S5,red,42204,42298,94,wave_A,0,0
S5,green,42298,42341,43,wave_A,0,0
S5,yellow,42341,42344,3,wave_A,0,0
S5,red,42344,42438,94,wave_A,0,0
S5,green,42438,42481,43,wave_A,0,0
S5,yellow,42481,42484,3,wave_A,0,0
S5,red,42484,42578,94,wave_A,0,0
S5,green,42578,42621,43,wave_A,0,0
S5,yellow,42621,42624,3,wave_A,0,0
S5,red,42624,42718,94,wave_A,0,0
S5,green,42718,42761,43,wave_A,0,0
S5,yellow,42761,42764,3,wave_A,0,0
S5,red,42764,42858,94,wave_A,0,0
S5,green,42858,42901,43,wave_A,0,0
S5,yellow,42901,42904,3,wave_A,0,0
S5,red,42904,42998,94,wave_A,0,0
S5,green,42998,43041,43,wave_A,0,0
S5,yellow,43041,43044,3,wave_A,0,0
S5,red,43044,43138,94,wave_A,0,0
S5,green,43138,43181,43,wave_A,0,0
S5,yellow,43181,43184,3,wave_A,0,0
S5,red,43184,43278,94,wave_A,0,0
S5,green,43278,43321,43,wave_A,0,0
S5,yellow,43321,43324,3,wave_A,0,0
S5,red,43324,43418,94,wave_A,0,0
S5,green,43418,43461,43,wave_A,0,0
S5,yellow,43461,43464,3,wave_A,0,0
S5,red,43464,43558,94,wave_A,0,0
S5,green,43558,43601,43,wave_A,0,0
S5,yellow,43601,43604,3,wave_A,0,0
S5,red,43604,43698,94,wave_A,0,0
S5,green,43698,43741,43,wave_A,0,0
S5,yellow,43741,43744,3,wave_A,0,0
S5,red,43744,43838,94,wave_A,0,0
S5,green,43838,43881,43,wave_A,0,0
S5,yellow,43881,43884,3,wave_A,0,0
S5,red,43884,43978,94,wave_A,0,0
S5,green,43978,44021,43,wave_A,0,0
S5,yellow,44021,44024,3,wave_A,0,0
S5,red,44024,44118,94,wave_A,0,0
S5,green,44118,44161,43,wave_A,0,0
S5,yellow,44161,44164,3,wave_A,0,0
S5,red,44164,44258,94,wave_A,0,0
S5,green,44258,44301,43,wave_A,0,0
S5,yellow,44301,44304,3,wave_A,0,0
S5,red,44304,44398,94,wave_A,0,0
S5,green,44398,44441,43,wave_A,0,0
S5,yellow,44441,44444,3,wave_A,0,0
S5,red,44444,44538,94,wave_A,0,0
S5,green,44538,44581,43,wave_A,0,0
S5,yellow,44581,44584,3,wave_A,0,0
S5,red,44584,44678,94,wave_A,0,0
S5,green,44678,44721,43,wave_A,0,0
S5,yellow,44721,44724,3,wave_A,0,0
S5,red,44724,44818,94,wave_A,0,0
S5,green,44818,44861,43,wave_A,0,0
S5,yellow,44861,44864,3,wave_A,0,0
S5,red,44864,44958,94,wave_A,0,0
S5,green,44958,45001,43,wave_A,0,0
S5,yellow,45001,45004,3,wave_A,0,0
S5,red,45004,45098,94,wave_A,0,0
S5,green,45098,45141,43,wave_A,0,0
S5,yellow,45141,45144,3,wave_A,0,0
S5,red,45144,45238,94,wave_A,0,0
S5,green,45238,45281,43,wave_A,0,0
S5,yellow,45281,45284,3,wave_A,0,0
S5,red,45284,45378,94,wave_A,0,0
S5,green,45378,45421,43,wave_A,0,0
S5,yellow,45421,45424,3,wave_A,0,0
S5,red,45424,45518,94,wave_A,0,0
S5,green,45518,45561,43,wave_A,0,0
S5,yellow,45561,45564,3,wave_A,0,0
S5,red,45564,45658,94,wave_A,0,0
S5,green,45658,45701,43,wave_A,0,0
S5,yellow,45701,45704,3,wave_A,0,0
S5,red,45704,45798,94,wave_A,0,0
S5,green,45798,45841,43,wave_A,0,0
S5,yellow,45841,45844,3,wave_A,0,0
S5,red,45844,45938,94,wave_A,0,0
S5,green,45938,45981,43,wave_A,0,0
S5,yellow,45981,45984,3,wave_A,0,0
S5,red,45984,46078,94,wave_A,0,0
S5,green,46078,46121,43,wave_A,0,0
S5,yellow,46121,46124,3,wave_A,0,0
S5,red,46124,46218,94,wave_A,0,0
S5,green,46218,46261,43,wave_A,0,0
S5,yellow,46261,46264,3,wave_A,0,0
S5,red,46264,46358,94,wave_A,0,0
S5,green,46358,46401,43,wave_A,0,0
S5,yellow,46401,46404,3,wave_A,0,0
S5,red,46404,46498,94,wave_A,0,0
S5,green,46498,46541,43,wave_A,0,0
S5,yellow,46541,46544,3,wave_A,0,0
S5,red,46544,46638,94,wave_A,0,0
S5,green,46638,46681,43,wave_A,0,0
S5,yellow,46681,46684,3,wave_A,0,0
S5,red,46684,46778,94,wave_A,0,0
S5,green,46778,46821,43,wave_A,0,0
S5,yellow,46821,46824,3,wave_A,0,0
S5,red,46824,46918,94,wave_A,0,0
S5,green,46918,46961,43,wave_A,0,0
S5,yellow,46961,46964,3,wave_A,0,0
S5,red,46964,47058,94,wave_A,0,0
S5,green,47058,47101,43,wave_A,0,0
S5,yellow,47101,47104,3,wave_A,0,0
S5,red,47104,47198,94,wave_A,0,0
S5,green,47198,47241,43,wave_A,0,0
S5,yellow,47241,47244,3,wave_A,0,0
S5,red,47244,47338,94,wave_A,0,0
S5,green,47338,47381,43,wave_A,0,0
S5,yellow,47381,47384,3,wave_A,0,0
S5,red,47384,47478,94,wave_A,0,0
S5,green,47478,47521,43,wave_A,0,0
S5,yellow,47521,47524,3,wave_A,0,0
S5,red,47524,47618,94,wave_A,0,0
S5,green,47618,47661,43,wave_A,0,0
S5,yellow,47661,47664,3,wave_A,0,0
S5,red,47664,47758,94,wave_A,0,0
S5,green,47758,47801,43,wave_A,0,0
S5,yellow,47801,47804,3,wave_A,0,0
S5,red,47804,47898,94,wave_A,0,0
S5,green,47898,47941,43,wave_A,0,0
S5,yellow,47941,47944,3,wave_A,0,0
S5,red,47944,48038,94,wave_A,0,0
S5,green,48038,48081,43,wave_A,0,0
S5,yellow,48081,48084,3,wave_A,0,0
S5,red,48084,48178,94,wave_A,0,0
S5,green,48178,48221,43,wave_A,0,0
S5,yellow,48221,48224,3,wave_A,0,0
S5,red,48224,48318,94,wave_A,0,0
S5,green,48318,48361,43,wave_A,0,0
S5,yellow,48361,48364,3,wave_A,0,0
S5,red,48364,48458,94,wave_A,0,0
S5,green,48458,48501,43,wave_A,0,0
S5,yellow,48501,48504,3,wave_A,0,0
S5,red,48504,48598,94,wave_A,0,0
S5,green,48598,48641,43,wave_A,0,0
S5,yellow,48641,48644,3,wave_A,0,0
S5,red,48644,48738,94,wave_A,0,0
S5,green,48738,48781,43,wave_A,0,0
S5,yellow,48781,48784,3,wave_A,0,0
S5,red,48784,48878,94,wave_A,0,0
S5,green,48878,48921,43,wave_A,0,0
S5,yellow,48921,48924,3,wave_A,0,0
S5,red,48924,49018,94,wave_A,0,0
S5,green,49018,49061,43,wave_A,0,0
S5,yellow,49061,49064,3,wave_A,0,0
S5,red,49064,49158,94,wave_A,0,0
S5,green,49158,49201,43,wave_A,0,0
S5,yellow,49201,49204,3,wave_A,0,0
S5,red,49204,49298,94,wave_A,0,0
S5,green,49298,49341,43,wave_A,0,0
S5,yellow,49341,49344,3,wave_A,0,0
S5,red,49344,49438,94,wave_A,0,0
S5,green,49438,49481,43,wave_A,0,0
S5,yellow,49481,49484,3,wave_A,0,0
S5,red,49484,49578,94,wave_A,0,0
S5,green,49578,49621,43,wave_A,0,0
S5,yellow,49621,49624,3,wave_A,0,0
S5,red,49624,49718,94,wave_A,0,0
S5,green,49718,49761,43,wave_A,0,0
S5,yellow,49761,49764,3,wave_A,0,0
S5,red,49764,49858,94,wave_A,0,0
S5,green,49858,49901,43,wave_A,0,0
S5,yellow,49901,49904,3,wave_A,0,0
S5,red,49904,49998,94,wave_A,0,0
S5,green,49998,50041,43,wave_A,0,0
S5,yellow,50041,50044,3,wave_A,0,0
S5,red,50044,50138,94,wave_A,0,0
S5,green,50138,50181,43,wave_A,0,0
S5,yellow,50181,50184,3,wave_A,0,0
S5,red,50184,50278,94,wave_A,0,0
S5,green,50278,50321,43,wave_A,0,0
S5,yellow,50321,50324,3,wave_A,0,0
S5,red,50324,50418,94,wave_A,0,0
S5,green,50418,50461,43,wave_A,0,0
S5,yellow,50461,50464,3,wave_A,0,0
S5,red,50464,50558,94,wave_A,0,0
S5,green,50558,50601,43,wave_A,0,0
S5,yellow,50601,50604,3,wave_A,0,0
S5,red,50604,50698,94,wave_A,0,0
S5,green,50698,50741,43,wave_A,0,0
S5,yellow,50741,50744,3,wave_A,0,0
S5,red,50744,50838,94,wave_A,0,0
S5,green,50838,50881,43,wave_A,0,0
S5,yellow,50881,50884,3,wave_A,0,0
S5,red,50884,50978,94,wave_A,0,0
S5,green,50978,51021,43,wave_A,0,0
S5,yellow,51021,51024,3,wave_A,0,0
S5,red,51024,51118,94,wave_A,0,0
S5,green,51118,51161,43,wave_A,0,0
S5,yellow,51161,51164,3,wave_A,0,0
S5,red,51164,51258,94,wave_A,0,0
S5,green,51258,51301,43,wave_A,0,0
S5,yellow,51301,51304,3,wave_A,0,0
S5,red,51304,51398,94,wave_A,0,0
S5,green,51398,51441,43,wave_A,0,0
S5,yellow,51441,51444,3,wave_A,0,0
S5,red,51444,51538,94,wave_A,0,0
S5,green,51538,51581,43,wave_A,0,0
S5,yellow,51581,51584,3,wave_A,0,0
S5,red,51584,51678,94,wave_A,0,0
S5,green,51678,51721,43,wave_A,0,0
S5,yellow,51721,51724,3,wave_A,0,0
S5,red,51724,51818,94,wave_A,0,0
S5,green,51818,51861,43,wave_A,0,0
S5,yellow,51861,51864,3,wave_A,0,0
S5,red,51864,51958,94,wave_A,0,0
S5,green,51958,52001,43,wave_A,0,0
S5,yellow,52001,52004,3,wave_A,0,0
S5,red,52004,52098,94,wave_A,0,0
S5,green,52098,52141,43,wave_A,0,0
S5,yellow,52141,52144,3,wave_A,0,0
S5,red,52144,52238,94,wave_A,0,0
S5,green,52238,52281,43,wave_A,0,0
S5,yellow,52281,52284,3,wave_A,0,0
S5,red,52284,52378,94,wave_A,0,0
S5,green,52378,52421,43,wave_A,0,0
S5,yellow,52421,52424,3,wave_A,0,0
S5,red,52424,52518,94,wave_A,0,0
S5,green,52518,52561,43,wave_A,0,0
S5,yellow,52561,52564,3,wave_A,0,0
S5,red,52564,52658,94,wave_A,0,0
S5,green,52658,52701,43,wave_A,0,0
S5,yellow,52701,52704,3,wave_A,0,0
S5,red,52704,52798,94,wave_A,0,0
S5,green,52798,52841,43,wave_A,0,0
S5,yellow,52841,52844,3,wave_A,0,0
S5,red,52844,52938,94,wave_A,0,0
S5,green,52938,52981,43,wave_A,0,0
S5,yellow,52981,52984,3,wave_A,0,0
S5,red,52984,53078,94,wave_A,0,0
S5,green,53078,53121,43,wave_A,0,0
S5,yellow,53121,53124,3,wave_A,0,0
S5,red,53124,53218,94,wave_A,0,0
S5,green,53218,53261,43,wave_A,0,0
S5,yellow,53261,53264,3,wave_A,0,0
S5,red,53264,53358,94,wave_A,0,0
S5,green,53358,53401,43,wave_A,0,0
S5,yellow,53401,53404,3,wave_A,0,0
S5,red,53404,53498,94,wave_A,0,0
S5,green,53498,53541,43,wave_A,0,0
S5,yellow,53541,53544,3,wave_A,0,0
S5,red,53544,53638,94,wave_A,0,0
S5,green,53638,53681,43,wave_A,0,0
S5,yellow,53681,53684,3,wave_A,0,0
S5,red,53684,53778,94,wave_A,0,0
S5,green,53778,53821,43,wave_A,0,0
S5,yellow,53821,53824,3,wave_A,0,0
S5,red,53824,53918,94,wave_A,0,0
S5,green,53918,53961,43,wave_A,0,0
S5,yellow,53961,53964,3,wave_A,0,0
S5,red,53964,54058,94,wave_A,0,0
S5,green,54058,54101,43,wave_A,0,0
S5,yellow,54101,54104,3,wave_A,0,0
S5,red,54104,54198,94,wave_A,0,0
S5,green,54198,54241,43,wave_A,0,0
S5,yellow,54241,54244,3,wave_A,0,0
S5,red,54244,54338,94,wave_A,0,0
S5,green,54338,54381,43,wave_A,0,0
S5,yellow,54381,54384,3,wave_A,0,0
S5,red,54384,54478,94,wave_A,0,0
S5,green,54478,54521,43,wave_A,0,0
S5,yellow,54521,54524,3,wave_A,0,0
S5,red,54524,54618,94,wave_A,0,0
S5,green,54618,54661,43,wave_A,0,0
S5,yellow,54661,54664,3,wave_A,0,0
S5,red,54664,54758,94,wave_A,0,0
S5,green,54758,54801,43,wave_A,0,0
S5,yellow,54801,54804,3,wave_A,0,0
S5,red,54804,54898,94,wave_A,0,0
S5,green,54898,54941,43,wave_A,0,0
S5,yellow,54941,54944,3,wave_A,0,0
S5,red,54944,55038,94,wave_A,0,0
S5,green,55038,55081,43,wave_A,0,0
S5,yellow,55081,55084,3,wave_A,0,0
S5,red,55084,55178,94,wave_A,0,0
S5,green,55178,55221,43,wave_A,0,0
S5,yellow,55221,55224,3,wave_A,0,0
S5,red,55224,55318,94,wave_A,0,0
S5,green,55318,55361,43,wave_A,0,0
S5,yellow,55361,55364,3,wave_A,0,0
S5,red,55364,55458,94,wave_A,0,0
S5,green,55458,55501,43,wave_A,0,0
S5,yellow,55501,55504,3,wave_A,0,0
S5,red,55504,55598,94,wave_A,0,0
S5,green,55598,55641,43,wave_A,0,0
S5,yellow,55641,55644,3,wave_A,0,0
S5,red,55644,55738,94,wave_A,0,0
S5,green,55738,55781,43,wave_A,0,0
S5,yellow,55781,55784,3,wave_A,0,0
S5,red,55784,55878,94,wave_A,0,0
S5,green,55878,55921,43,wave_A,0,0
S5,yellow,55921,55924,3,wave_A,0,0
S5,red,55924,56018,94,wave_A,0,0
S5,green,56018,56061,43,wave_A,0,0
S5,yellow,56061,56064,3,wave_A,0,0
S5,red,56064,56158,94,wave_A,0,0
S5,green,56158,56201,43,wave_A,0,0
S5,yellow,56201,56204,3,wave_A,0,0
S5,red,56204,56298,94,wave_A,0,0
S5,green,56298,56341,43,wave_A,0,0
S5,yellow,56341,56344,3,wave_A,0,0
S5,red,56344,56438,94,wave_A,0,0
S5,green,56438,56481,43,wave_A,0,0
S5,yellow,56481,56484,3,wave_A,0,0
S5,red,56484,56578,94,wave_A,0,0
S5,green,56578,56621,43,wave_A,0,0
S5,yellow,56621,56624,3,wave_A,0,0
S5,red,56624,56718,94,wave_A,0,0
S5,green,56718,56761,43,wave_A,0,0
S5,yellow,56761,56764,3,wave_A,0,0
S5,red,56764,56858,94,wave_A,0,0
S5,green,56858,56901,43,wave_A,0,0
S5,yellow,56901,56904,3,wave_A,0,0
S5,red,56904,56998,94,wave_A,0,0
S5,green,56998,57041,43,wave_A,0,0
S5,yellow,57041,57044,3,wave_A,0,0
S5,red,57044,57138,94,wave_A,0,0
S5,green,57138,57181,43,wave_A,0,0
S5,yellow,57181,57184,3,wave_A,0,0
S5,red,57184,57278,94,wave_A,0,0
S5,green,57278,57321,43,wave_A,0,0
S5,yellow,57321,57324,3,wave_A,0,0
S5,red,57324,57418,94,wave_A,0,0
S5,green,57418,57461,43,wave_A,0,0
S5,yellow,57461,57464,3,wave_A,0,0
S5,red,57464,57558,94,wave_A,0,0
S5,green,57558,57601,43,wave_A,0,0
S5,yellow,57601,57604,3,wave_A,0,0
S5,red,57604,57680,76,wave_A,0,1
S6,red,0,57,57,wave_A,1,0
S6,green,57,122,65,wave_A,0,0
S6,yellow,122,125,3,wave_A,0,0
S6,red,125,197,72,wave_A,0,0
S6,green,197,262,65,wave_A,0,0
S6,yellow,262,265,3,wave_A,0,0
S6,red,265,337,72,wave_A,0,0
S6,green,337,402,65,wave_A,0,0
S6,yellow,402,405,3,wave_A,0,0
S6,red,405,477,72,wave_A,0,0
S6,green,477,542,65,wave_A,0,0
S6,yellow,542,545,3,wave_A,0,0
S6,red,545,617,72,wave_A,0,0
S6,green,617,682,65,wave_A,0,0
S6,yellow,682,685,3,wave_A,0,0
S6,red,685,757,72,wave_A,0,0
S6,green,757,822,65,wave_A,0,0
S6,yellow,822,825,3,wave_A,0,0
S6,red,825,897,72,wave_A,0,0
S6,green,897,962,65,wave_A,0,0
S6,yellow,962,965,3,wave_A,0,0
S6,red,965,1037,72,wave_A,0,0
S6,green,1037,1102,65,wave_A,0,0
S6,yellow,1102,1105,3,wave_A,0,0
S6,red,1105,1177,72,wave_A,0,0
S6,green,1177,1242,65,wave_A,0,0
S6,yellow,1242,1245,3,wave_A,0,0
S6,red,1245,1317,72,wave_A,0,0
S6,green,1317,1382,65,wave_A,0,0
S6,yellow,1382,1385,3,wave_A,0,0
S6,red,1385,1457,72,wave_A,0,0
S6,green,1457,1522,65,wave_A,0,0
S6,yellow,1522,1525,3,wave_A,0,0
S6,red,1525,1597,72,wave_A,0,0
S6,green,1597,1662,65,wave_A,0,0
S6,yellow,1662,1665,3,wave_A,0,0
S6,red,1665,1737,72,wave_A,0,0
S6,green,1737,1802,65,wave_A,0,0
S6,yellow,1802,1805,3,wave_A,0,0
S6,red,1805,1877,72,wave_A,0,0
S6,green,1877,1942,65,wave_A,0,0
S6,yellow,1942,1945,3,wave_A,0,0
S6,red,1945,2017,72,wave_A,0,0
S6,green,2017,2082,65,wave_A,0,0
S6,yellow,2082,2085,3,wave_A,0,0
S6,red,2085,2157,72,wave_A,0,0
S6,green,2157,2222,65,wave_A,0,0
S6,yellow,2222,2225,3,wave_A,0,0
S6,red,2225,2297,72,wave_A,0,0
S6,green,2297,2362,65,wave_A,0,0
S6,yellow,2362,2365,3,wave_A,0,0
S6,red,2365,2437,72,wave_A,0,0
S6,green,2437,2502,65,wave_A,0,0
S6,yellow,2502,2505,3,wave_A,0,0
S6,red,2505,2577,72,wave_A,0,0
S6,green,2577,2642,65,wave_A,0,0
S6,yellow,2642,2645,3,wave_A,0,0
S6,red,2645,2717,72,wave_A,0,0
S6,green,2717,2782,65,wave_A,0,0
S6,yellow,2782,2785,3,wave_A,0,0
S6,red,2785,2857,72,wave_A,0,0
S6,green,2857,2922,65,wave_A,0,0
S6,yellow,2922,2925,3,wave_A,0,0
S6,red,2925,2997,72,wave_A,0,0
S6,green,2997,3062,65,wave_A,0,0
S6,yellow,3062,3065,3,wave_A,0,0
S6,red,3065,3137,72,wave_A,0,0
S6,green,3137,3202,65,wave_A,0,0
S6,yellow,3202,3205,3,wave_A,0,0
S6,red,3205,3277,72,wave_A,0,0
S6,green,3277,3342,65,wave_A,0,0
S6,yellow,3342,3345,3,wave_A,0,0
S6,red,3345,3417,72,wave_A,0,0
S6,green,3417,3482,65,wave_A,0,0
S6,yellow,3482,3485,3,wave_A,0,0
S6,red,3485,3557,72,wave_A,0,0
S6,green,3557,3622,65,wave_A,0,0
S6,yellow,3622,3625,3,wave_A,0,0
S6,red,3625,3697,72,wave_A,0,0
S6,green,3697,3762,65,wave_A,0,0
S6,yellow,3762,3765,3,wave_A,0,0
S6,red,3765,3837,72,wave_A,0,0
S6,green,3837,3902,65,wave_A,0,0
S6,yellow,3902,3905,3,wave_A,0,0
S6,red,3905,3977,72,wave_A,0,0
S6,green,3977,4042,65,wave_A,0,0
S6,yellow,4042,4045,3,wave_A,0,0
S6,red,4045,4117,72,wave_A,0,0
S6,green,4117,4182,65,wave_A,0,0
S6,yellow,4182,4185,3,wave_A,0,0
S6,red,4185,4257,72,wave_A,0,0
S6,green,4257,4322,65,wave_A,0,0
S6,yellow,4322,4325,3,wave_A,0,0
S6,red,4325,4397,72,wave_A,0,0
S6,green,4397,4462,65,wave_A,0,0
S6,yellow,4462,4465,3,wave_A,0,0
S6,red,4465,4537,72,wave_A,0,0
S6,green,4537,4602,65,wave_A,0,0
S6,yellow,4602,4605,3,wave_A,0,0
S6,red,4605,4677,72,wave_A,0,0
S6,green,4677,4742,65,wave_A,0,0
S6,yellow,4742,4745,3,wave_A,0,0
S6,red,4745,4817,72,wave_A,0,0
S6,green,4817,4882,65,wave_A,0,0
S6,yellow,4882,4885,3,wave_A,0,0
S6,red,4885,4957,72,wave_A,0,0
S6,green,4957,5022,65,wave_A,0,0
S6,yellow,5022,5025,3,wave_A,0,0
S6,red,5025,5097,72,wave_A,0,0
S6,green,5097,5162,65,wave_A,0,0
S6,yellow,5162,5165,3,wave_A,0,0
S6,red,5165,5237,72,wave_A,0,0
S6,green,5237,5302,65,wave_A,0,0
S6,yellow,5302,5305,3,wave_A,0,0
S6,red,5305,5377,72,wave_A,0,0
S6,green,5377,5442,65,wave_A,0,0
S6,yellow,5442,5445,3,wave_A,0,0
S6,red,5445,5517,72,wave_A,0,0
S6,green,5517,5582,65,wave_A,0,0
S6,yellow,5582,5585,3,wave_A,0,0
S6,red,5585,5657,72,wave_A,0,0
S6,green,5657,5722,65,wave_A,0,0
S6,yellow,5722,5725,3,wave_A,0,0
S6,red,5725,5797,72,wave_A,0,0
S6,green,5797,5862,65,wave_A,0,0
S6,yellow,5862,5865,3,wave_A,0,0
S6,red,5865,5937,72,wave_A,0,0
S6,green,5937,6002,65,wave_A,0,0
S6,yellow,6002,6005,3,wave_A,0,0
S6,red,6005,6077,72,wave_A,0,0
S6,green,6077,6142,65,wave_A,0,0
S6,yellow,6142,6145,3,wave_A,0,0
S6,red,6145,6217,72,wave_A,0,0
S6,green,6217,6282,65,wave_A,0,0
S6,yellow,6282,6285,3,wave_A,0,0
S6,red,6285,6357,72,wave_A,0,0
S6,green,6357,6422,65,wave_A,0,0
S6,yellow,6422,6425,3,wave_A,0,0
S6,red,6425,6497,72,wave_A,0,0
S6,green,6497,6562,65,wave_A,0,0
S6,yellow,6562,6565,3,wave_A,0,0
S6,red,6565,6637,72,wave_A,0,0
S6,green,6637,6702,65,wave_A,0,0
S6,yellow,6702,6705,3,wave_A,0,0
S6,red,6705,6777,72,wave_A,0,0
S6,green,6777,6842,65,wave_A,0,0
S6,yellow,6842,6845,3,wave_A,0,0
S6,red,6845,6917,72,wave_A,0,0
S6,green,6917,6982,65,wave_A,0,0
S6,yellow,6982,6985,3,wave_A,0,0
S6,red,6985,7057,72,wave_A,0,0
S6,green,7057,7122,65,wave_A,0,0
S6,yellow,7122,7125,3,wave_A,0,0
S6,red,7125,7197,72,wave_A,0,0
S6,green,7197,7262,65,wave_A,0,0
S6,yellow,7262,7265,3,wave_A,0,0
S6,red,7265,7337,72,wave_A,0,0
S6,green,7337,7402,65,wave_A,0,0
S6,yellow,7402,7405,3,wave_A,0,0
S6,red,7405,7477,72,wave_A,0,0
S6,green,7477,7542,65,wave_A,0,0
S6,yellow,7542,7545,3,wave_A,0,0
S6,red,7545,7617,72,wave_A,0,0
S6,green,7617,7682,65,wave_A,0,0
S6,yellow,7682,7685,3,wave_A,0,0
S6,red,7685,7757,72,wave_A,0,0
S6,green,7757,7822,65,wave_A,0,0
S6,yellow,7822,7825,3,wave_A,0,0
S6,red,7825,7897,72,wave_A,0,0
S6,green,7897,7962,65,wave_A,0,0
S6,yellow,7962,7965,3,wave_A,0,0
S6,red,7965,8037,72,wave_A,0,0
S6,green,8037,8102,65,wave_A,0,0
S6,yellow,8102,8105,3,wave_A,0,0
S6,red,8105,8177,72,wave_A,0,0
S6,green,8177,8242,65,wave_A,0,0
S6,yellow,8242,8245,3,wave_A,0,0
S6,red,8245,8317,72,wave_A,0,0
S6,green,8317,8382,65,wave_A,0,0
S6,yellow,8382,8385,3,wave_A,0,0
S6,red,8385,8457,72,wave_A,0,0
S6,green,8457,8522,65,wave_A,0,0
S6,yellow,8522,8525,3,wave_A,0,0
S6,red,8525,8597,72,wave_A,0,0
S6,green,8597,8662,65,wave_A,0,0
S6,yellow,8662,8665,3,wave_A,0,0
S6,red,8665,8737,72,wave_A,0,0
S6,green,8737,8802,65,wave_A,0,0
S6,yellow,8802,8805,3,wave_A,0,0
S6,red,8805,8877,72,wave_A,0,0
S6,green,8877,8942,65,wave_A,0,0
S6,yellow,8942,8945,3,wave_A,0,0
S6,red,8945,9017,72,wave_A,0,0
S6,green,9017,9082,65,wave_A,0,0
S6,yellow,9082,9085,3,wave_A,0,0
S6,red,9085,9157,72,wave_A,0,0
S6,green,9157,9222,65,wave_A,0,0
S6,yellow,9222,9225,3,wave_A,0,0
S6,red,9225,9297,72,wave_A,0,0
S6,green,9297,9362,65,wave_A,0,0
S6,yellow,9362,9365,3,wave_A,0,0
S6,red,9365,9437,72,wave_A,0,0
S6,green,9437,9502,65,wave_A,0,0
S6,yellow,9502,9505,3,wave_A,0,0
S6,red,9505,9577,72,wave_A,0,0
S6,green,9577,9642,65,wave_A,0,0
S6,yellow,9642,9645,3,wave_A,0,0
S6,red,9645,9717,72,wave_A,0,0
S6,green,9717,9782,65,wave_A,0,0
S6,yellow,9782,9785,3,wave_A,0,0
S6,red,9785,9857,72,wave_A,0,0
S6,green,9857,9922,65,wave_A,0,0
S6,yellow,9922,9925,3,wave_A,0,0
S6,red,9925,9997,72,wave_A,0,0
S6,green,9997,10062,65,wave_A,0,0
S6,yellow,10062,10065,3,wave_A,0,0
S6,red,10065,10137,72,wave_A,0,0
S6,green,10137,10202,65,wave_A,0,0
S6,yellow,10202,10205,3,wave_A,0,0
S6,red,10205,10277,72,wave_A,0,0
S6,green,10277,10342,65,wave_A,0,0
S6,yellow,10342,10345,3,wave_A,0,0
S6,red,10345,10417,72,wave_A,0,0
S6,green,10417,10482,65,wave_A,0,0
S6,yellow,10482,10485,3,wave_A,0,0
S6,red,10485,10557,72,wave_A,0,0
S6,green,10557,10622,65,wave_A,0,0
S6,yellow,10622,10625,3,wave_A,0,0
S6,red,10625,10697,72,wave_A,0,0
S6,green,10697,10762,65,wave_A,0,0
S6,yellow,10762,10765,3,wave_A,0,0
S6,red,10765,10837,72,wave_A,0,0
S6,green,10837,10902,65,wave_A,0,0
S6,yellow,10902,10905,3,wave_A,0,0
S6,red,10905,10977,72,wave_A,0,0
S6,green,10977,11042,65,wave_A,0,0
S6,yellow,11042,11045,3,wave_A,0,0
S6,red,11045,11117,72,wave_A,0,0
S6,green,11117,11182,65,wave_A,0,0
S6,yellow,11182,11185,3,wave_A,0,0
S6,red,11185,11257,72,wave_A,0,0
S6,green,11257,11322,65,wave_A,0,0
S6,yellow,11322,11325,3,wave_A,0,0
S6,red,11325,11397,72,wave_A,0,0
S6,green,11397,11462,65,wave_A,0,0
S6,yellow,11462,11465,3,wave_A,0,0
S6,red,11465,11537,72,wave_A,0,0
S6,green,11537,11602,65,wave_A,0,0
S6,yellow,11602,11605,3,wave_A,0,0
S6,red,11605,11677,72,wave_A,0,0
S6,green,11677,11742,65,wave_A,0,0
S6,yellow,11742,11745,3,wave_A,0,0
S6,red,11745,11817,72,wave_A,0,0
S6,green,11817,11882,65,wave_A,0,0
S6,yellow,11882,11885,3,wave_A,0,0
S6,red,11885,11957,72,wave_A,0,0
S6,green,11957,12022,65,wave_A,0,0
S6,yellow,12022,12025,3,wave_A,0,0
S6,red,12025,12097,72,wave_A,0,0
S6,green,12097,12162,65,wave_A,0,0
S6,yellow,12162,12165,3,wave_A,0,0
S6,red,12165,12237,72,wave_A,0,0
S6,green,12237,12302,65,wave_A,0,0
S6,yellow,12302,12305,3,wave_A,0,0
S6,red,12305,12377,72,wave_A,0,0
S6,green,12377,12442,65,wave_A,0,0
S6,yellow,12442,12445,3,wave_A,0,0
S6,red,12445,12517,72,wave_A,0,0
S6,green,12517,12582,65,wave_A,0,0
S6,yellow,12582,12585,3,wave_A,0,0
S6,red,12585,12657,72,wave_A,0,0
S6,green,12657,12722,65,wave_A,0,0
S6,yellow,12722,12725,3,wave_A,0,0
S6,red,12725,12797,72,wave_A,0,0
S6,green,12797,12862,65,wave_A,0,0
S6,yellow,12862,12865,3,wave_A,0,0
S6,red,12865,12937,72,wave_A,0,0
S6,green,12937,13002,65,wave_A,0,0
S6,yellow,13002,13005,3,wave_A,0,0
S6,red,13005,13077,72,wave_A,0,0
S6,green,13077,13142,65,wave_A,0,0
S6,yellow,13142,13145,3,wave_A,0,0
S6,red,13145,13217,72,wave_A,0,0
S6,green,13217,13282,65,wave_A,0,0
S6,yellow,13282,13285,3,wave_A,0,0
S6,red,13285,13357,72,wave_A,0,0
S6,green,13357,13422,65,wave_A,0,0
S6,yellow,13422,13425,3,wave_A,0,0
S6,red,13425,13497,72,wave_A,0,0
S6,green,13497,13562,65,wave_A,0,0
S6,yellow,13562,13565,3,wave_A,0,0
S6,red,13565,13637,72,wave_A,0,0
S6,green,13637,13702,65,wave_A,0,0
S6,yellow,13702,13705,3,wave_A,0,0
S6,red,13705,13777,72,wave_A,0,0
S6,green,13777,13842,65,wave_A,0,0
S6,yellow,13842,13845,3,wave_A,0,0
S6,red,13845,13917,72,wave_A,0,0
S6,green,13917,13982,65,wave_A,0,0
S6,yellow,13982,13985,3,wave_A,0,0
S6,red,13985,14057,72,wave_A,0,0
S6,green,14057,14122,65,wave_A,0,0
S6,yellow,14122,14125,3,wave_A,0,0
S6,red,14125,14197,72,wave_A,0,0
S6,green,14197,14262,65,wave_A,0,0
S6,yellow,14262,14265,3,wave_A,0,0
S6,red,14265,14337,72,wave_A,0,0
S6,green,14337,14402,65,wave_A,0,0
S6,yellow,14402,14405,3,wave_A,0,0
S6,red,14405,14477,72,wave_A,0,0
S6,green,14477,14542,65,wave_A,0,0
S6,yellow,14542,14545,3,wave_A,0,0
S6,red,14545,14617,72,wave_A,0,0
S6,green,14617,14682,65,wave_A,0,0
S6,yellow,14682,14685,3,wave_A,0,0
S6,red,14685,14757,72,wave_A,0,0
S6,green,14757,14822,65,wave_A,0,0
S6,yellow,14822,14825,3,wave_A,0,0
S6,red,14825,14897,72,wave_A,0,0
S6,green,14897,14962,65,wave_A,0,0
S6,yellow,14962,14965,3,wave_A,0,0
S6,red,14965,15037,72,wave_A,0,0
S6,green,15037,15102,65,wave_A,0,0
S6,yellow,15102,15105,3,wave_A,0,0
S6,red,15105,15177,72,wave_A,0,0
S6,green,15177,15242,65,wave_A,0,0
S6,yellow,15242,15245,3,wave_A,0,0
S6,red,15245,15317,72,wave_A,0,0
S6,green,15317,15382,65,wave_A,0,0
S6,yellow,15382,15385,3,wave_A,0,0
S6,red,15385,15457,72,wave_A,0,0
S6,green,15457,15522,65,wave_A,0,0
S6,yellow,15522,15525,3,wave_A,0,0
S6,red,15525,15597,72,wave_A,0,0
S6,green,15597,15662,65,wave_A,0,0
S6,yellow,15662,15665,3,wave_A,0,0
S6,red,15665,15737,72,wave_A,0,0
S6,green,15737,15802,65,wave_A,0,0
S6,yellow,15802,15805,3,wave_A,0,0
S6,red,15805,15877,72,wave_A,0,0
S6,green,15877,15942,65,wave_A,0,0
S6,yellow,15942,15945,3,wave_A,0,0
S6,red,15945,16017,72,wave_A,0,0
S6,green,16017,16082,65,wave_A,0,0
S6,yellow,16082,16085,3,wave_A,0,0
S6,red,16085,16157,72,wave_A,0,0
S6,green,16157,16222,65,wave_A,0,0
S6,yellow,16222,16225,3,wave_A,0,0
S6,red,16225,16297,72,wave_A,0,0
S6,green,16297,16362,65,wave_A,0,0
S6,yellow,16362,16365,3,wave_A,0,0
S6,red,16365,16437,72,wave_A,0,0
S6,green,16437,16502,65,wave_A,0,0
S6,yellow,16502,16505,3,wave_A,0,0
S6,red,16505,16577,72,wave_A,0,0
S6,green,16577,16642,65,wave_A,0,0
S6,yellow,16642,16645,3,wave_A,0,0
S6,red,16645,16717,72,wave_A,0,0
S6,green,16717,16782,65,wave_A,0,0
S6,yellow,16782,16785,3,wave_A,0,0
S6,red,16785,16857,72,wave_A,0,0
S6,green,16857,16922,65,wave_A,0,0
S6,yellow,16922,16925,3,wave_A,0,0
S6,red,16925,16997,72,wave_A,0,0
S6,green,16997,17062,65,wave_A,0,0
S6,yellow,17062,17065,3,wave_A,0,0
S6,red,17065,17137,72,wave_A,0,0
S6,green,17137,17202,65,wave_A,0,0
S6,yellow,17202,17205,3,wave_A,0,0
S6,red,17205,17277,72,wave_A,0,0
S6,green,17277,17342,65,wave_A,0,0
S6,yellow,17342,17345,3,wave_A,0,0
S6,red,17345,17417,72,wave_A,0,0
S6,green,17417,17482,65,wave_A,0,0
S6,yellow,17482,17485,3,wave_A,0,0
S6,red,17485,17557,72,wave_A,0,0
S6,green,17557,17622,65,wave_A,0,0
S6,yellow,17622,17625,3,wave_A,0,0
S6,red,17625,17697,72,wave_A,0,0
S6,green,17697,17762,65,wave_A,0,0
S6,yellow,17762,17765,3,wave_A,0,0
S6,red,17765,17837,72,wave_A,0,0
S6,green,17837,17902,65,wave_A,0,0
S6,yellow,17902,17905,3,wave_A,0,0
S6,red,17905,17977,72,wave_A,0,0
S6,green,17977,18042,65,wave_A,0,0
S6,yellow,18042,18045,3,wave_A,0,0
S6,red,18045,18117,72,wave_A,0,0
S6,green,18117,18182,65,wave_A,0,0
S6,yellow,18182,18185,3,wave_A,0,0
S6,red,18185,18257,72,wave_A,0,0
S6,green,18257,18322,65,wave_A,0,0
S6,yellow,18322,18325,3,wave_A,0,0
S6,red,18325,18397,72,wave_A,0,0
S6,green,18397,18462,65,wave_A,0,0
S6,yellow,18462,18465,3,wave_A,0,0
S6,red,18465,18537,72,wave_A,0,0
S6,green,18537,18602,65,wave_A,0,0
S6,yellow,18602,18605,3,wave_A,0,0
S6,red,18605,18677,72,wave_A,0,0
S6,green,18677,18742,65,wave_A,0,0
S6,yellow,18742,18745,3,wave_A,0,0
S6,red,18745,18817,72,wave_A,0,0
S6,green,18817,18882,65,wave_A,0,0
S6,yellow,18882,18885,3,wave_A,0,0
S6,red,18885,18957,72,wave_A,0,0
S6,green,18957,19022,65,wave_A,0,0
S6,yellow,19022,19025,3,wave_A,0,0
S6,red,19025,19097,72,wave_A,0,0
S6,green,19097,19162,65,wave_A,0,0
S6,yellow,19162,19165,3,wave_A,0,0
S6,red,19165,19237,72,wave_A,0,0
S6,green,19237,19302,65,wave_A,0,0
S6,yellow,19302,19305,3,wave_A,0,0
S6,red,19305,19377,72,wave_A,0,0
S6,green,19377,19442,65,wave_A,0,0
S6,yellow,19442,19445,3,wave_A,0,0
S6,red,19445,19517,72,wave_A,0,0
S6,green,19517,19582,65,wave_A,0,0
S6,yellow,19582,19585,3,wave_A,0,0
S6,red,19585,19657,72,wave_A,0,0
S6,green,19657,19722,65,wave_A,0,0
S6,yellow,19722,19725,3,wave_A,0,0
S6,red,19725,19797,72,wave_A,0,0
S6,green,19797,19862,65,wave_A,0,0
S6,yellow,19862,19865,3,wave_A,0,0
S6,red,19865,19937,72,wave_A,0,0
S6,green,19937,20002,65,wave_A,0,0
S6,yellow,20002,20005,3,wave_A,0,0
S6,red,20005,20077,72,wave_A,0,0
S6,green,20077,20142,65,wave_A,0,0
S6,yellow,20142,20145,3,wave_A,0,0
S6,red,20145,20217,72,wave_A,0,0
S6,green,20217,20282,65,wave_A,0,0
S6,yellow,20282,20285,3,wave_A,0,0
S6,red,20285,20357,72,wave_A,0,0
S6,green,20357,20422,65,wave_A,0,0
S6,yellow,20422,20425,3,wave_A,0,0
S6,red,20425,20497,72,wave_A,0,0
S6,green,20497,20562,65,wave_A,0,0
S6,yellow,20562,20565,3,wave_A,0,0
S6,red,20565,20637,72,wave_A,0,0
S6,green,20637,20702,65,wave_A,0,0
S6,yellow,20702,20705,3,wave_A,0,0
S6,red,20705,20777,72,wave_A,0,0
S6,green,20777,20842,65,wave_A,0,0
S6,yellow,20842,20845,3,wave_A,0,0
S6,red,20845,20917,72,wave_A,0,0
S6,green,20917,20982,65,wave_A,0,0
S6,yellow,20982,20985,3,wave_A,0,0
S6,red,20985,21057,72,wave_A,0,0
S6,green,21057,21122,65,wave_A,0,0
S6,yellow,21122,21125,3,wave_A,0,0
S6,red,21125,21197,72,wave_A,0,0
S6,green,21197,21262,65,wave_A,0,0
S6,yellow,21262,21265,3,wave_A,0,0
S6,red,21265,21337,72,wave_A,0,0
S6,green,21337,21402,65,wave_A,0,0
S6,yellow,21402,21405,3,wave_A,0,0
S6,red,21405,21477,72,wave_A,0,0
S6,green,21477,21542,65,wave_A,0,0
S6,yellow,21542,21545,3,wave_A,0,0
S6,red,21545,21617,72,wave_A,0,0
S6,green,21617,21682,65,wave_A,0,0
S6,yellow,21682,21685,3,wave_A,0,0
S6,red,21685,21757,72,wave_A,0,0
S6,green,21757,21822,65,wave_A,0,0
S6,yellow,21822,21825,3,wave_A,0,0
S6,red,21825,21897,72,wave_A,0,0
S6,green,21897,21962,65,wave_A,0,0
S6,yellow,21962,21965,3,wave_A,0,0
S6,red,21965,22037,72,wave_A,0,0
S6,green,22037,22102,65,wave_A,0,0
S6,yellow,22102,22105,3,wave_A,0,0
S6,red,22105,22177,72,wave_A,0,0
S6,green,22177,22242,65,wave_A,0,0
S6,yellow,22242,22245,3,wave_A,0,0
S6,red,22245,22317,72,wave_A,0,0
S6,green,22317,22382,65,wave_A,0,0
S6,yellow,22382,22385,3,wave_A,0,0
S6,red,22385,22457,72,wave_A,0,0
S6,green,22457,22522,65,wave_A,0,0
S6,yellow,22522,22525,3,wave_A,0,0
S6,red,22525,22597,72,wave_A,0,0
S6,green,22597,22662,65,wave_A,0,0
S6,yellow,22662,22665,3,wave_A,0,0
S6,red,22665,22737,72,wave_A,0,0
S6,green,22737,22802,65,wave_A,0,0
S6,yellow,22802,22805,3,wave_A,0,0
S6,red,22805,22877,72,wave_A,0,0
S6,green,22877,22942,65,wave_A,0,0
S6,yellow,22942,22945,3,wave_A,0,0
S6,red,22945,23017,72,wave_A,0,0
S6,green,23017,23082,65,wave_A,0,0
S6,yellow,23082,23085,3,wave_A,0,0
S6,red,23085,23157,72,wave_A,0,0
S6,green,23157,23222,65,wave_A,0,0
S6,yellow,23222,23225,3,wave_A,0,0
S6,red,23225,23297,72,wave_A,0,0
S6,green,23297,23362,65,wave_A,0,0
S6,yellow,23362,23365,3,wave_A,0,0
S6,red,23365,23437,72,wave_A,0,0
S6,green,23437,23502,65,wave_A,0,0
S6,yellow,23502,23505,3,wave_A,0,0
S6,red,23505,23577,72,wave_A,0,0
S6,green,23577,23642,65,wave_A,0,0
S6,yellow,23642,23645,3,wave_A,0,0
S6,red,23645,23717,72,wave_A,0,0
S6,green,23717,23782,65,wave_A,0,0
S6,yellow,23782,23785,3,wave_A,0,0
S6,red,23785,23857,72,wave_A,0,0
S6,green,23857,23922,65,wave_A,0,0
S6,yellow,23922,23925,3,wave_A,0,0
S6,red,23925,23997,72,wave_A,0,0
S6,green,23997,24062,65,wave_A,0,0
S6,yellow,24062,24065,3,wave_A,0,0
S6,red,24065,24137,72,wave_A,0,0
S6,green,24137,24202,65,wave_A,0,0
S6,yellow,24202,24205,3,wave_A,0,0
S6,red,24205,24277,72,wave_A,0,0
S6,green,24277,24342,65,wave_A,0,0
S6,yellow,24342,24345,3,wave_A,0,0
S6,red,24345,24417,72,wave_A,0,0
S6,green,24417,24482,65,wave_A,0,0
S6,yellow,24482,24485,3,wave_A,0,0
S6,red,24485,24557,72,wave_A,0,0
S6,green,24557,24622,65,wave_A,0,0
S6,yellow,24622,24625,3,wave_A,0,0
S6,red,24625,24697,72,wave_A,0,0
S6,green,24697,24762,65,wave_A,0,0
S6,yellow,24762,24765,3,wave_A,0,0
S6,red,24765,24837,72,wave_A,0,0
S6,green,24837,24902,65,wave_A,0,0
S6,yellow,24902,24905,3,wave_A,0,0
S6,red,24905,24977,72,wave_A,0,0
S6,green,24977,25042,65,wave_A,0,0
S6,yellow,25042,25045,3,wave_A,0,0
S6,red,25045,25117,72,wave_A,0,0
S6,green,25117,25182,65,wave_A,0,0
S6,yellow,25182,25185,3,wave_A,0,0
S6,red,25185,25257,72,wave_A,0,0
S6,green,25257,25322,65,wave_A,0,0
S6,yellow,25322,25325,3,wave_A,0,0
S6,red,25325,25397,72,wave_A,0,0
S6,green,25397,25462,65,wave_A,0,0
S6,yellow,25462,25465,3,wave_A,0,0
S6,red,25465,25537,72,wave_A,0,0
S6,green,25537,25602,65,wave_A,0,0
S6,yellow,25602,25605,3,wave_A,0,0
S6,red,25605,25677,72,wave_A,0,0
S6,green,25677,25742,65,wave_A,0,0
S6,yellow,25742,25745,3,wave_A,0,0
S6,red,25745,25817,72,wave_A,0,0
S6,green,25817,25882,65,wave_A,0,0
S6,yellow,25882,25885,3,wave_A,0,0
S6,red,25885,25957,72,wave_A,0,0
S6,green,25957,26022,65,wave_A,0,0
S6,yellow,26022,26025,3,wave_A,0,0
S6,red,26025,26097,72,wave_A,0,0
S6,green,26097,26162,65,wave_A,0,0
S6,yellow,26162,26165,3,wave_A,0,0
S6,red,26165,26237,72,wave_A,0,0
S6,green,26237,26302,65,wave_A,0,0
S6,yellow,26302,26305,3,wave_A,0,0
S6,red,26305,26377,72,wave_A,0,0
S6,green,26377,26442,65,wave_A,0,0
S6,yellow,26442,26445,3,wave_A,0,0
S6,red,26445,26517,72,wave_A,0,0
S6,green,26517,26582,65,wave_A,0,0
S6,yellow,26582,26585,3,wave_A,0,0
S6,red,26585,26657,72,wave_A,0,0
S6,green,26657,26722,65,wave_A,0,0
S6,yellow,26722,26725,3,wave_A,0,0
S6,red,26725,26797,72,wave_A,0,0
S6,green,26797,26862,65,wave_A,0,0
S6,yellow,26862,26865,3,wave_A,0,0
S6,red,26865,26937,72,wave_A,0,0
S6,green,26937,27002,65,wave_A,0,0
S6,yellow,27002,27005,3,wave_A,0,0
S6,red,27005,27077,72,wave_A,0,0
S6,green,27077,27142,65,wave_A,0,0
S6,yellow,27142,27145,3,wave_A,0,0
S6,red,27145,27217,72,wave_A,0,0
S6,green,27217,27282,65,wave_A,0,0
S6,yellow,27282,27285,3,wave_A,0,0
S6,red,27285,27357,72,wave_A,0,0
S6,green,27357,27422,65,wave_A,0,0
S6,yellow,27422,27425,3,wave_A,0,0
S6,red,27425,27497,72,wave_A,0,0
S6,green,27497,27562,65,wave_A,0,0
S6,yellow,27562,27565,3,wave_A,0,0
S6,red,27565,27637,72,wave_A,0,0
S6,green,27637,27702,65,wave_A,0,0
S6,yellow,27702,27705,3,wave_A,0,0
S6,red,27705,27777,72,wave_A,0,0
S6,green,27777,27842,65,wave_A,0,0
S6,yellow,27842,27845,3,wave_A,0,0
S6,red,27845,27917,72,wave_A,0,0
S6,green,27917,27982,65,wave_A,0,0
S6,yellow,27982,27985,3,wave_A,0,0
S6,red,27985,28057,72,wave_A,0,0
S6,green,28057,28122,65,wave_A,0,0
S6,yellow,28122,28125,3,wave_A,0,0
S6,red,28125,28197,72,wave_A,0,0
S6,green,28197,28262,65,wave_A,0,0
S6,yellow,28262,28265,3,wave_A,0,0
S6,red,28265,28337,72,wave_A,0,0
S6,green,28337,28402,65,wave_A,0,0
S6,yellow,28402,28405,3,wave_A,0,0
S6,red,28405,28477,72,wave_A,0,0
S6,green,28477,28542,65,wave_A,0,0
S6,yellow,28542,28545,3,wave_A,0,0
S6,red,28545,28617,72,wave_A,0,0
S6,green,28617,28682,65,wave_A,0,0
S6,yellow,28682,28685,3,wave_A,0,0
S6,red,28685,28757,72,wave_A,0,0
S6,green,28757,28822,65,wave_A,0,0
S6,yellow,28822,28825,3,wave_A,0,0
S6,red,28825,28897,72,wave_A,0,0
S6,green,28897,28962,65,wave_A,0,0
S6,yellow,28962,28965,3,wave_A,0,0
S6,red,28965,29037,72,wave_A,0,0
S6,green,29037,29102,65,wave_A,0,0
S6,yellow,29102,29105,3,wave_A,0,0
S6,red,29105,29177,72,wave_A,0,0
S6,green,29177,29242,65,wave_A,0,0
S6,yellow,29242,29245,3,wave_A,0,0
S6,red,29245,29317,72,wave_A,0,0
S6,green,29317,29382,65,wave_A,0,0
S6,yellow,29382,29385,3,wave_A,0,0
S6,red,29385,29457,72,wave_A,0,0
S6,green,29457,29522,65,wave_A,0,0
S6,yellow,29522,29525,3,wave_A,0,0
S6,red,29525,29597,72,wave_A,0,0
S6,green,29597,29662,65,wave_A,0,0
S6,yellow,29662,29665,3,wave_A,0,0
S6,red,29665,29737,72,wave_A,0,0
S6,green,29737,29802,65,wave_A,0,0
S6,yellow,29802,29805,3,wave_A,0,0
S6,red,29805,29877,72,wave_A,0,0
S6,green,29877,29942,65,wave_A,0,0
S6,yellow,29942,29945,3,wave_A,0,0
S6,red,29945,30017,72,wave_A,0,0
S6,green,30017,30082,65,wave_A,0,0
S6,yellow,30082,30085,3,wave_A,0,0
S6,red,30085,30157,72,wave_A,0,0
S6,green,30157,30222,65,wave_A,0,0
S6,yellow,30222,30225,3,wave_A,0,0
S6,red,30225,30297,72,wave_A,0,0
S6,green,30297,30362,65,wave_A,0,0
S6,yellow,30362,30365,3,wave_A,0,0
S6,red,30365,30437,72,wave_A,0,0
S6,green,30437,30502,65,wave_A,0,0
S6,yellow,30502,30505,3,wave_A,0,0
S6,red,30505,30577,72,wave_A,0,0
S6,green,30577,30642,65,wave_A,0,0
S6,yellow,30642,30645,3,wave_A,0,0
S6,red,30645,30717,72,wave_A,0,0
S6,green,30717,30782,65,wave_A,0,0
S6,yellow,30782,30785,3,wave_A,0,0
S6,red,30785,30857,72,wave_A,0,0
S6,green,30857,30922,65,wave_A,0,0
S6,yellow,30922,30925,3,wave_A,0,0
S6,red,30925,30997,72,wave_A,0,0
S6,green,30997,31062,65,wave_A,0,0
S6,yellow,31062,31065,3,wave_A,0,0
S6,red,31065,31137,72,wave_A,0,0
S6,green,31137,31202,65,wave_A,0,0
S6,yellow,31202,31205,3,wave_A,0,0
S6,red,31205,31277,72,wave_A,0,0
S6,green,31277,31342,65,wave_A,0,0
S6,yellow,31342,31345,3,wave_A,0,0
S6,red,31345,31417,72,wave_A,0,0
S6,green,31417,31482,65,wave_A,0,0
S6,yellow,31482,31485,3,wave_A,0,0
S6,red,31485,31557,72,wave_A,0,0
S6,green,31557,31622,65,wave_A,0,0
S6,yellow,31622,31625,3,wave_A,0,0
S6,red,31625,31697,72,wave_A,0,0
S6,green,31697,31762,65,wave_A,0,0
S6,yellow,31762,31765,3,wave_A,0,0
S6,red,31765,31837,72,wave_A,0,0
S6,green,31837,31902,65,wave_A,0,0
S6,yellow,31902,31905,3,wave_A,0,0
S6,red,31905,31977,72,wave_A,0,0
S6,green,31977,32042,65,wave_A,0,0
S6,yellow,32042,32045,3,wave_A,0,0
S6,red,32045,32117,72,wave_A,0,0
S6,green,32117,32182,65,wave_A,0,0
S6,yellow,32182,32185,3,wave_A,0,0
S6,red,32185,32257,72,wave_A,0,0
S6,green,32257,32322,65,wave_A,0,0
S6,yellow,32322,32325,3,wave_A,0,0
S6,red,32325,32397,72,wave_A,0,0
S6,green,32397,32462,65,wave_A,0,0
S6,yellow,32462,32465,3,wave_A,0,0
S6,red,32465,32537,72,wave_A,0,0
S6,green,32537,32602,65,wave_A,0,0
S6,yellow,32602,32605,3,wave_A,0,0
S6,red,32605,32677,72,wave_A,0,0
S6,green,32677,32742,65,wave_A,0,0
S6,yellow,32742,32745,3,wave_A,0,0
S6,red,32745,32817,72,wave_A,0,0
S6,green,32817,32882,65,wave_A,0,0
S6,yellow,32882,32885,3,wave_A,0,0
S6,red,32885,32957,72,wave_A,0,0
S6,green,32957,33022,65,wave_A,0,0
S6,yellow,33022,33025,3,wave_A,0,0
S6,red,33025,33097,72,wave_A,0,0
S6,green,33097,33162,65,wave_A,0,0
S6,yellow,33162,33165,3,wave_A,0,0
S6,red,33165,33237,72,wave_A,0,0
S6,green,33237,33302,65,wave_A,0,0
S6,yellow,33302,33305,3,wave_A,0,0
S6,red,33305,33377,72,wave_A,0,0
S6,green,33377,33442,65,wave_A,0,0
S6,yellow,33442,33445,3,wave_A,0,0
S6,red,33445,33517,72,wave_A,0,0
S6,green,33517,33582,65,wave_A,0,0
S6,yellow,33582,33585,3,wave_A,0,0
S6,red,33585,33657,72,wave_A,0,0
S6,green,33657,33722,65,wave_A,0,0
S6,yellow,33722,33725,3,wave_A,0,0
S6,red,33725,33797,72,wave_A,0,0
S6,green,33797,33862,65,wave_A,0,0
S6,yellow,33862,33865,3,wave_A,0,0
S6,red,33865,33937,72,wave_A,0,0
S6,green,33937,34002,65,wave_A,0,0
S6,yellow,34002,34005,3,wave_A,0,0
S6,red,34005,34077,72,wave_A,0,0
S6,green,34077,34142,65,wave_A,0,0
S6,yellow,34142,34145,3,wave_A,0,0
S6,red,34145,34217,72,wave_A,0,0
S6,green,34217,34282,65,wave_A,0,0
S6,yellow,34282,34285,3,wave_A,0,0
S6,red,34285,34357,72,wave_A,0,0
S6,green,34357,34422,65,wave_A,0,0
S6,yellow,34422,34425,3,wave_A,0,0
S6,red,34425,34497,72,wave_A,0,0
S6,green,34497,34562,65,wave_A,0,0
S6,yellow,34562,34565,3,wave_A,0,0
S6,red,34565,34637,72,wave_A,0,0
S6,green,34637,34702,65,wave_A,0,0
S6,yellow,34702,34705,3,wave_A,0,0
S6,red,34705,34777,72,wave_A,0,0
S6,green,34777,34842,65,wave_A,0,0
S6,yellow,34842,34845,3,wave_A,0,0
S6,red,34845,34917,72,wave_A,0,0
S6,green,34917,34982,65,wave_A,0,0
S6,yellow,34982,34985,3,wave_A,0,0
S6,red,34985,35057,72,wave_A,0,0
S6,green,35057,35122,65,wave_A,0,0
S6,yellow,35122,35125,3,wave_A,0,0
S6,red,35125,35197,72,wave_A,0,0
S6,green,35197,35262,65,wave_A,0,0
S6,yellow,35262,35265,3,wave_A,0,0
S6,red,35265,35337,72,wave_A,0,0
S6,green,35337,35402,65,wave_A,0,0
S6,yellow,35402,35405,3,wave_A,0,0
S6,red,35405,35477,72,wave_A,0,0
S6,green,35477,35542,65,wave_A,0,0
S6,yellow,35542,35545,3,wave_A,0,0
S6,red,35545,35617,72,wave_A,0,0
S6,green,35617,35682,65,wave_A,0,0
S6,yellow,35682,35685,3,wave_A,0,0
S6,red,35685,35757,72,wave_A,0,0
S6,green,35757,35822,65,wave_A,0,0
S6,yellow,35822,35825,3,wave_A,0,0
S6,red,35825,35897,72,wave_A,0,0
S6,green,35897,35962,65,wave_A,0,0
S6,yellow,35962,35965,3,wave_A,0,0
S6,red,35965,36037,72,wave_A,0,0
S6,green,36037,36102,65,wave_A,0,0
S6,yellow,36102,36105,3,wave_A,0,0
S6,red,36105,36177,72,wave_A,0,0
S6,green,36177,36242,65,wave_A,0,0
S6,yellow,36242,36245,3,wave_A,0,0
S6,red,36245,36317,72,wave_A,0,0
S6,green,36317,36382,65,wave_A,0,0
S6,yellow,36382,36385,3,wave_A,0,0
S6,red,36385,36457,72,wave_A,0,0
S6,green,36457,36522,65,wave_A,0,0
S6,yellow,36522,36525,3,wave_A,0,0
S6,red,36525,36597,72,wave_A,0,0
S6,green,36597,36662,65,wave_A,0,0
S6,yellow,36662,36665,3,wave_A,0,0
S6,red,36665,36737,72,wave_A,0,0
S6,green,36737,36802,65,wave_A,0,0
S6,yellow,36802,36805,3,wave_A,0,0
S6,red,36805,36877,72,wave_A,0,0
S6,green,36877,36942,65,wave_A,0,0
S6,yellow,36942,36945,3,wave_A,0,0
S6,red,36945,37017,72,wave_A,0,0
S6,green,37017,37082,65,wave_A,0,0
S6,yellow,37082,37085,3,wave_A,0,0
S6,red,37085,37157,72,wave_A,0,0
S6,green,37157,37222,65,wave_A,0,0
S6,yellow,37222,37225,3,wave_A,0,0
S6,red,37225,37297,72,wave_A,0,0
S6,green,37297,37362,65,wave_A,0,0
S6,yellow,37362,37365,3,wave_A,0,0
S6,red,37365,37437,72,wave_A,0,0
S6,green,37437,37502,65,wave_A,0,0
S6,yellow,37502,37505,3,wave_A,0,0
S6,red,37505,37577,72,wave_A,0,0
S6,green,37577,37642,65,wave_A,0,0
S6,yellow,37642,37645,3,wave_A,0,0
S6,red,37645,37717,72,wave_A,0,0
S6,green,37717,37782,65,wave_A,0,0
S6,yellow,37782,37785,3,wave_A,0,0
S6,red,37785,37857,72,wave_A,0,0
S6,green,37857,37922,65,wave_A,0,0
S6,yellow,37922,37925,3,wave_A,0,0
S6,red,37925,37997,72,wave_A,0,0
S6,green,37997,38062,65,wave_A,0,0
S6,yellow,38062,38065,3,wave_A,0,0
S6,red,38065,38137,72,wave_A,0,0
S6,green,38137,38202,65,wave_A,0,0
S6,yellow,38202,38205,3,wave_A,0,0
S6,red,38205,38277,72,wave_A,0,0
S6,green,38277,38342,65,wave_A,0,0
S6,yellow,38342,38345,3,wave_A,0,0
S6,red,38345,38417,72,wave_A,0,0
S6,green,38417,38482,65,wave_A,0,0
S6,yellow,38482,38485,3,wave_A,0,0
S6,red,38485,38557,72,wave_A,0,0
S6,green,38557,38622,65,wave_A,0,0
S6,yellow,38622,38625,3,wave_A,0,0
S6,red,38625,38697,72,wave_A,0,0
S6,green,38697,38762,65,wave_A,0,0
S6,yellow,38762,38765,3,wave_A,0,0
S6,red,38765,38837,72,wave_A,0,0
S6,green,38837,38902,65,wave_A,0,0
S6,yellow,38902,38905,3,wave_A,0,0
S6,red,38905,38977,72,wave_A,0,0
S6,green,38977,39042,65,wave_A,0,0
S6,yellow,39042,39045,3,wave_A,0,0
S6,red,39045,39117,72,wave_A,0,0
S6,green,39117,39182,65,wave_A,0,0
S6,yellow,39182,39185,3,wave_A,0,0
S6,red,39185,39257,72,wave_A,0,0
S6,green,39257,39322,65,wave_A,0,0
S6,yellow,39322,39325,3,wave_A,0,0
S6,red,39325,39397,72,wave_A,0,0
S6,green,39397,39462,65,wave_A,0,0
S6,yellow,39462,39465,3,wave_A,0,0
S6,red,39465,39537,72,wave_A,0,0
S6,green,39537,39602,65,wave_A,0,0
S6,yellow,39602,39605,3,wave_A,0,0
S6,red,39605,39677,72,wave_A,0,0
S6,green,39677,39742,65,wave_A,0,0
S6,yellow,39742,39745,3,wave_A,0,0
S6,red,39745,39817,72,wave_A,0,0
S6,green,39817,39882,65,wave_A,0,0
S6,yellow,39882,39885,3,wave_A,0,0
S6,red,39885,39957,72,wave_A,0,0
S6,green,39957,40022,65,wave_A,0,0
S6,yellow,40022,40025,3,wave_A,0,0
S6,red,40025,40097,72,wave_A,0,0
S6,green,40097,40162,65,wave_A,0,0
S6,yellow,40162,40165,3,wave_A,0,0
S6,red,40165,40237,72,wave_A,0,0
S6,green,40237,40302,65,wave_A,0,0
S6,yellow,40302,40305,3,wave_A,0,0
S6,red,40305,40377,72,wave_A,0,0
S6,green,40377,40442,65,wave_A,0,0
S6,yellow,40442,40445,3,wave_A,0,0
S6,red,40445,40517,72,wave_A,0,0
S6,green,40517,40582,65,wave_A,0,0
S6,yellow,40582,40585,3,wave_A,0,0
S6,red,40585,40657,72,wave_A,0,0
S6,green,40657,40722,65,wave_A,0,0
S6,yellow,40722,40725,3,wave_A,0,0
S6,red,40725,40797,72,wave_A,0,0
S6,green,40797,40862,65,wave_A,0,0
S6,yellow,40862,40865,3,wave_A,0,0
S6,red,40865,40937,72,wave_A,0,0
S6,green,40937,41002,65,wave_A,0,0
S6,yellow,41002,41005,3,wave_A,0,0
S6,red,41005,41077,72,wave_A,0,0
S6,green,41077,41142,65,wave_A,0,0
S6,yellow,41142,41145,3,wave_A,0,0
S6,red,41145,41217,72,wave_A,0,0
S6,green,41217,41282,65,wave_A,0,0
S6,yellow,41282,41285,3,wave_A,0,0
S6,red,41285,41357,72,wave_A,0,0
S6,green,41357,41422,65,wave_A,0,0
S6,yellow,41422,41425,3,wave_A,0,0
S6,red,41425,41497,72,wave_A,0,0
S6,green,41497,41562,65,wave_A,0,0
S6,yellow,41562,41565,3,wave_A,0,0
S6,red,41565,41637,72,wave_A,0,0
S6,green,41637,41702,65,wave_A,0,0
S6,yellow,41702,41705,3,wave_A,0,0
S6,red,41705,41777,72,wave_A,0,0
S6,green,41777,41842,65,wave_A,0,0
S6,yellow,41842,41845,3,wave_A,0,0
S6,red,41845,41917,72,wave_A,0,0
S6,green,41917,41982,65,wave_A,0,0
S6,yellow,41982,41985,3,wave_A,0,0
S6,red,41985,42057,72,wave_A,0,0
S6,green,42057,42122,65,wave_A,0,0
S6,yellow,42122,42125,3,wave_A,0,0
S6,red,42125,42197,72,wave_A,0,0
S6,green,42197,42262,65,wave_A,0,0
S6,yellow,42262,42265,3,wave_A,0,0
S6,red,42265,42337,72,wave_A,0,0
S6,green,42337,42402,65,wave_A,0,0
S6,yellow,42402,42405,3,wave_A,0,0
S6,red,42405,42477,72,wave_A,0,0
S6,green,42477,42542,65,wave_A,0,0
S6,yellow,42542,42545,3,wave_A,0,0
S6,red,42545,42617,72,wave_A,0,0
S6,green,42617,42682,65,wave_A,0,0
S6,yellow,42682,42685,3,wave_A,0,0
S6,red,42685,42757,72,wave_A,0,0
S6,green,42757,42822,65,wave_A,0,0
S6,yellow,42822,42825,3,wave_A,0,0
S6,red,42825,42897,72,wave_A,0,0
S6,green,42897,42962,65,wave_A,0,0
S6,yellow,42962,42965,3,wave_A,0,0
S6,red,42965,43037,72,wave_A,0,0
S6,green,43037,43102,65,wave_A,0,0
S6,yellow,43102,43105,3,wave_A,0,0
S6,red,43105,43177,72,wave_A,0,0
S6,green,43177,43242,65,wave_A,0,0
S6,yellow,43242,43245,3,wave_A,0,0
S6,red,43245,43317,72,wave_A,0,0
S6,green,43317,43382,65,wave_A,0,0
S6,yellow,43382,43385,3,wave_A,0,0
S6,red,43385,43457,72,wave_A,0,0
S6,green,43457,43522,65,wave_A,0,0
S6,yellow,43522,43525,3,wave_A,0,0
S6,red,43525,43597,72,wave_A,0,0
S6,green,43597,43662,65,wave_A,0,0
S6,yellow,43662,43665,3,wave_A,0,0
S6,red,43665,43737,72,wave_A,0,0
S6,green,43737,43802,65,wave_A,0,0
S6,yellow,43802,43805,3,wave_A,0,0
S6,red,43805,43877,72,wave_A,0,0
S6,green,43877,43942,65,wave_A,0,0
S6,yellow,43942,43945,3,wave_A,0,0
S6,red,43945,44017,72,wave_A,0,0
S6,green,44017,44082,65,wave_A,0,0
S6,yellow,44082,44085,3,wave_A,0,0
S6,red,44085,44157,72,wave_A,0,0
S6,green,44157,44222,65,wave_A,0,0
S6,yellow,44222,44225,3,wave_A,0,0
S6,red,44225,44297,72,wave_A,0,0
S6,green,44297,44362,65,wave_A,0,0
S6,yellow,44362,44365,3,wave_A,0,0
S6,red,44365,44437,72,wave_A,0,0
S6,green,44437,44502,65,wave_A,0,0
S6,yellow,44502,44505,3,wave_A,0,0
S6,red,44505,44577,72,wave_A,0,0
S6,green,44577,44642,65,wave_A,0,0
S6,yellow,44642,44645,3,wave_A,0,0
S6,red,44645,44717,72,wave_A,0,0
S6,green,44717,44782,65,wave_A,0,0
S6,yellow,44782,44785,3,wave_A,0,0
S6,red,44785,44857,72,wave_A,0,0
S6,green,44857,44922,65,wave_A,0,0
S6,yellow,44922,44925,3,wave_A,0,0
S6,red,44925,44997,72,wave_A,0,0
S6,green,44997,45062,65,wave_A,0,0
S6,yellow,45062,45065,3,wave_A,0,0
S6,red,45065,45137,72,wave_A,0,0
S6,green,45137,45202,65,wave_A,0,0
S6,yellow,45202,45205,3,wave_A,0,0
S6,red,45205,45277,72,wave_A,0,0
S6,green,45277,45342,65,wave_A,0,0
S6,yellow,45342,45345,3,wave_A,0,0
S6,red,45345,45417,72,wave_A,0,0
S6,green,45417,45482,65,wave_A,0,0
S6,yellow,45482,45485,3,wave_A,0,0
S6,red,45485,45557,72,wave_A,0,0
S6,green,45557,45622,65,wave_A,0,0
S6,yellow,45622,45625,3,wave_A,0,0
S6,red,45625,45697,72,wave_A,0,0
S6,green,45697,45762,65,wave_A,0,0
S6,yellow,45762,45765,3,wave_A,0,0
S6,red,45765,45837,72,wave_A,0,0
S6,green,45837,45902,65,wave_A,0,0
S6,yellow,45902,45905,3,wave_A,0,0
S6,red,45905,45977,72,wave_A,0,0
S6,green,45977,46042,65,wave_A,0,0
S6,yellow,46042,46045,3,wave_A,0,0
S6,red,46045,46117,72,wave_A,0,0
S6,green,46117,46182,65,wave_A,0,0
S6,yellow,46182,46185,3,wave_A,0,0
S6,red,46185,46257,72,wave_A,0,0
S6,green,46257,46322,65,wave_A,0,0
S6,yellow,46322,46325,3,wave_A,0,0
S6,red,46325,46397,72,wave_A,0,0
S6,green,46397,46462,65,wave_A,0,0
S6,yellow,46462,46465,3,wave_A,0,0
S6,red,46465,46537,72,wave_A,0,0
S6,green,46537,46602,65,wave_A,0,0
S6,yellow,46602,46605,3,wave_A,0,0
S6,red,46605,46677,72,wave_A,0,0
S6,green,46677,46742,65,wave_A,0,0
S6,yellow,46742,46745,3,wave_A,0,0
S6,red,46745,46817,72,wave_A,0,0
S6,green,46817,46882,65,wave_A,0,0
S6,yellow,46882,46885,3,wave_A,0,0
S6,red,46885,46957,72,wave_A,0,0
S6,green,46957,47022,65,wave_A,0,0
S6,yellow,47022,47025,3,wave_A,0,0
S6,red,47025,47097,72,wave_A,0,0
S6,green,47097,47162,65,wave_A,0,0
S6,yellow,47162,47165,3,wave_A,0,0
S6,red,47165,47237,72,wave_A,0,0
S6,green,47237,47302,65,wave_A,0,0
S6,yellow,47302,47305,3,wave_A,0,0
S6,red,47305,47377,72,wave_A,0,0
S6,green,47377,47442,65,wave_A,0,0
S6,yellow,47442,47445,3,wave_A,0,0
S6,red,47445,47517,72,wave_A,0,0
S6,green,47517,47582,65,wave_A,0,0
S6,yellow,47582,47585,3,wave_A,0,0
S6,red,47585,47657,72,wave_A,0,0
S6,green,47657,47722,65,wave_A,0,0
S6,yellow,47722,47725,3,wave_A,0,0
S6,red,47725,47797,72,wave_A,0,0
S6,green,47797,47862,65,wave_A,0,0
S6,yellow,47862,47865,3,wave_A,0,0
S6,red,47865,47937,72,wave_A,0,0
S6,green,47937,48002,65,wave_A,0,0
S6,yellow,48002,48005,3,wave_A,0,0
S6,red,48005,48077,72,wave_A,0,0
S6,green,48077,48142,65,wave_A,0,0
S6,yellow,48142,48145,3,wave_A,0,0
S6,red,48145,48217,72,wave_A,0,0
S6,green,48217,48282,65,wave_A,0,0
S6,yellow,48282,48285,3,wave_A,0,0
S6,red,48285,48357,72,wave_A,0,0
S6,green,48357,48422,65,wave_A,0,0
S6,yellow,48422,48425,3,wave_A,0,0
S6,red,48425,48497,72,wave_A,0,0
S6,green,48497,48562,65,wave_A,0,0
S6,yellow,48562,48565,3,wave_A,0,0
S6,red,48565,48637,72,wave_A,0,0
S6,green,48637,48702,65,wave_A,0,0
S6,yellow,48702,48705,3,wave_A,0,0
S6,red,48705,48777,72,wave_A,0,0
S6,green,48777,48842,65,wave_A,0,0
S6,yellow,48842,48845,3,wave_A,0,0
S6,red,48845,48917,72,wave_A,0,0
S6,green,48917,48982,65,wave_A,0,0
S6,yellow,48982,48985,3,wave_A,0,0
S6,red,48985,49057,72,wave_A,0,0
S6,green,49057,49122,65,wave_A,0,0
S6,yellow,49122,49125,3,wave_A,0,0
S6,red,49125,49197,72,wave_A,0,0
S6,green,49197,49262,65,wave_A,0,0
S6,yellow,49262,49265,3,wave_A,0,0
S6,red,49265,49337,72,wave_A,0,0
S6,green,49337,49402,65,wave_A,0,0
S6,yellow,49402,49405,3,wave_A,0,0
S6,red,49405,49477,72,wave_A,0,0
S6,green,49477,49542,65,wave_A,0,0
S6,yellow,49542,49545,3,wave_A,0,0
S6,red,49545,49617,72,wave_A,0,0
S6,green,49617,49682,65,wave_A,0,0
S6,yellow,49682,49685,3,wave_A,0,0
S6,red,49685,49757,72,wave_A,0,0
S6,green,49757,49822,65,wave_A,0,0
S6,yellow,49822,49825,3,wave_A,0,0
S6,red,49825,49897,72,wave_A,0,0
S6,green,49897,49962,65,wave_A,0,0
S6,yellow,49962,49965,3,wave_A,0,0
S6,red,49965,50037,72,wave_A,0,0
S6,green,50037,50102,65,wave_A,0,0
S6,yellow,50102,50105,3,wave_A,0,0
S6,red,50105,50177,72,wave_A,0,0
S6,green,50177,50242,65,wave_A,0,0
S6,yellow,50242,50245,3,wave_A,0,0
S6,red,50245,50317,72,wave_A,0,0
S6,green,50317,50382,65,wave_A,0,0
S6,yellow,50382,50385,3,wave_A,0,0
S6,red,50385,50457,72,wave_A,0,0
S6,green,50457,50522,65,wave_A,0,0
S6,yellow,50522,50525,3,wave_A,0,0
S6,red,50525,50597,72,wave_A,0,0
S6,green,50597,50662,65,wave_A,0,0
S6,yellow,50662,50665,3,wave_A,0,0
S6,red,50665,50737,72,wave_A,0,0
S6,green,50737,50802,65,wave_A,0,0
S6,yellow,50802,50805,3,wave_A,0,0
S6,red,50805,50877,72,wave_A,0,0
S6,green,50877,50942,65,wave_A,0,0
S6,yellow,50942,50945,3,wave_A,0,0
S6,red,50945,51017,72,wave_A,0,0
S6,green,51017,51082,65,wave_A,0,0
S6,yellow,51082,51085,3,wave_A,0,0
S6,red,51085,51157,72,wave_A,0,0
S6,green,51157,51222,65,wave_A,0,0
S6,yellow,51222,51225,3,wave_A,0,0
S6,red,51225,51297,72,wave_A,0,0
S6,green,51297,51362,65,wave_A,0,0
S6,yellow,51362,51365,3,wave_A,0,0
S6,red,51365,51437,72,wave_A,0,0
S6,green,51437,51502,65,wave_A,0,0
S6,yellow,51502,51505,3,wave_A,0,0
S6,red,51505,51577,72,wave_A,0,0
S6,green,51577,51642,65,wave_A,0,0
S6,yellow,51642,51645,3,wave_A,0,0
S6,red,51645,51717,72,wave_A,0,0
S6,green,51717,51782,65,wave_A,0,0
S6,yellow,51782,51785,3,wave_A,0,0
S6,red,51785,51857,72,wave_A,0,0
S6,green,51857,51922,65,wave_A,0,0
S6,yellow,51922,51925,3,wave_A,0,0
S6,red,51925,51997,72,wave_A,0,0
S6,green,51997,52062,65,wave_A,0,0
S6,yellow,52062,52065,3,wave_A,0,0
S6,red,52065,52137,72,wave_A,0,0
S6,green,52137,52202,65,wave_A,0,0
S6,yellow,52202,52205,3,wave_A,0,0
S6,red,52205,52277,72,wave_A,0,0
S6,green,52277,52342,65,wave_A,0,0
S6,yellow,52342,52345,3,wave_A,0,0
S6,red,52345,52417,72,wave_A,0,0
S6,green,52417,52482,65,wave_A,0,0
S6,yellow,52482,52485,3,wave_A,0,0
S6,red,52485,52557,72,wave_A,0,0
S6,green,52557,52622,65,wave_A,0,0
S6,yellow,52622,52625,3,wave_A,0,0
S6,red,52625,52697,72,wave_A,0,0
S6,green,52697,52762,65,wave_A,0,0
S6,yellow,52762,52765,3,wave_A,0,0
S6,red,52765,52837,72,wave_A,0,0
S6,green,52837,52902,65,wave_A,0,0
S6,yellow,52902,52905,3,wave_A,0,0
S6,red,52905,52977,72,wave_A,0,0
S6,green,52977,53042,65,wave_A,0,0
S6,yellow,53042,53045,3,wave_A,0,0
S6,red,53045,53117,72,wave_A,0,0
S6,green,53117,53182,65,wave_A,0,0
S6,yellow,53182,53185,3,wave_A,0,0
S6,red,53185,53257,72,wave_A,0,0
S6,green,53257,53322,65,wave_A,0,0
S6,yellow,53322,53325,3,wave_A,0,0
S6,red,53325,53397,72,wave_A,0,0
S6,green,53397,53462,65,wave_A,0,0
S6,yellow,53462,53465,3,wave_A,0,0
S6,red,53465,53537,72,wave_A,0,0
S6,green,53537,53602,65,wave_A,0,0
S6,yellow,53602,53605,3,wave_A,0,0
S6,red,53605,53677,72,wave_A,0,0
S6,green,53677,53742,65,wave_A,0,0
S6,yellow,53742,53745,3,wave_A,0,0
S6,red,53745,53817,72,wave_A,0,0
S6,green,53817,53882,65,wave_A,0,0
S6,yellow,53882,53885,3,wave_A,0,0
S6,red,53885,53957,72,wave_A,0,0
S6,green,53957,54022,65,wave_A,0,0
S6,yellow,54022,54025,3,wave_A,0,0
S6,red,54025,54097,72,wave_A,0,0
S6,green,54097,54162,65,wave_A,0,0
S6,yellow,54162,54165,3,wave_A,0,0
S6,red,54165,54237,72,wave_A,0,0
S6,green,54237,54302,65,wave_A,0,0
S6,yellow,54302,54305,3,wave_A,0,0
S6,red,54305,54377,72,wave_A,0,0
S6,green,54377,54442,65,wave_A,0,0
S6,yellow,54442,54445,3,wave_A,0,0
S6,red,54445,54517,72,wave_A,0,0
S6,green,54517,54582,65,wave_A,0,0
S6,yellow,54582,54585,3,wave_A,0,0
S6,red,54585,54657,72,wave_A,0,0
S6,green,54657,54722,65,wave_A,0,0
S6,yellow,54722,54725,3,wave_A,0,0
S6,red,54725,54797,72,wave_A,0,0
S6,green,54797,54862,65,wave_A,0,0
S6,yellow,54862,54865,3,wave_A,0,0
S6,red,54865,54937,72,wave_A,0,0
S6,green,54937,55002,65,wave_A,0,0
S6,yellow,55002,55005,3,wave_A,0,0
S6,red,55005,55077,72,wave_A,0,0
S6,green,55077,55142,65,wave_A,0,0
S6,yellow,55142,55145,3,wave_A,0,0
S6,red,55145,55217,72,wave_A,0,0
S6,green,55217,55282,65,wave_A,0,0
S6,yellow,55282,55285,3,wave_A,0,0
S6,red,55285,55357,72,wave_A,0,0
S6,green,55357,55422,65,wave_A,0,0
S6,yellow,55422,55425,3,wave_A,0,0
S6,red,55425,55497,72,wave_A,0,0
S6,green,55497,55562,65,wave_A,0,0
S6,yellow,55562,55565,3,wave_A,0,0
S6,red,55565,55637,72,wave_A,0,0
S6,green,55637,55702,65,wave_A,0,0
S6,yellow,55702,55705,3,wave_A,0,0
S6,red,55705,55777,72,wave_A,0,0
S6,green,55777,55842,65,wave_A,0,0
S6,yellow,55842,55845,3,wave_A,0,0
S6,red,55845,55917,72,wave_A,0,0
S6,green,55917,55982,65,wave_A,0,0
S6,yellow,55982,55985,3,wave_A,0,0
S6,red,55985,56057,72,wave_A,0,0
S6,green,56057,56122,65,wave_A,0,0
S6,yellow,56122,56125,3,wave_A,0,0
S6,red,56125,56197,72,wave_A,0,0
S6,green,56197,56262,65,wave_A,0,0
S6,yellow,56262,56265,3,wave_A,0,0
S6,red,56265,56337,72,wave_A,0,0
S6,green,56337,56402,65,wave_A,0,0
S6,yellow,56402,56405,3,wave_A,0,0
S6,red,56405,56477,72,wave_A,0,0
S6,green,56477,56542,65,wave_A,0,0
S6,yellow,56542,56545,3,wave_A,0,0
S6,red,56545,56617,72,wave_A,0,0
S6,green,56617,56682,65,wave_A,0,0
S6,yellow,56682,56685,3,wave_A,0,0
S6,red,56685,56757,72,wave_A,0,0
S6,green,56757,56822,65,wave_A,0,0
S6,yellow,56822,56825,3,wave_A,0,0
S6,red,56825,56897,72,wave_A,0,0
S6,green,56897,56962,65,wave_A,0,0
S6,yellow,56962,56965,3,wave_A,0,0
S6,red,56965,57037,72,wave_A,0,0
S6,green,57037,57102,65,wave_A,0,0
S6,yellow,57102,57105,3,wave_A,0,0
S6,red,57105,57177,72,wave_A,0,0
S6,green,57177,57242,65,wave_A,0,0
S6,yellow,57242,57245,3,wave_A,0,0
S6,red,57245,57317,72,wave_A,0,0
S6,green,57317,57382,65,wave_A,0,0
S6,yellow,57382,57385,3,wave_A,0,0
S6,red,57385,57457,72,wave_A,0,0
S6,green,57457,57522,65,wave_A,0,0
S6,yellow,57522,57525,3,wave_A,0,0
S6,red,57525,57597,72,wave_A,0,0
S6,green,57597,57662,65,wave_A,0,0
S6,yellow,57662,57665,3,wave_A,0,0
S6,red,57665,57680,15,wave_A,0,1
