intersection_id,cycle_index,start_green_s,next_green_s,duration_s,nominal_cycle_s,deviation_s,constant,green_s,yellow_s,red_s,stages
S1,1,0,140,140,140,0,1,60,3,77,wave_A
S1,2,140,280,140,140,0,1,60,3,77,wave_A
S1,3,280,420,140,140,0,1,60,3,77,wave_A
S1,4,420,560,140,140,0,1,60,3,77,wave_A
S1,5,560,700,140,140,0,1,60,3,77,wave_A
S1,6,700,840,140,140,0,1,60,3,77,wave_A
S1,7,840,980,140,140,0,1,60,3,77,wave_A
S1,8,980,1120,140,140,0,1,60,3,77,wave_A
S1,9,1120,1260,140,140,0,1,60,3,77,wave_A
S1,10,1260,1400,140,140,0,1,60,3,77,wave_A
S1,11,1400,1540,140,140,0,1,60,3,77,wave_A
S1,12,1540,1680,140,140,0,1,60,3,77,wave_A
S1,13,1680,1820,140,140,0,1,60,3,77,wave_A
S1,14,1820,1960,140,140,0,1,60,3,77,wave_A
S1,15,1960,2100,140,140,0,1,60,3,77,wave_A
S1,16,2100,2240,140,140,0,1,60,3,77,wave_A
S1,17,2240,2380,140,140,0,1,60,3,77,wave_A
S1,18,2380,2520,140,140,0,1,60,3,77,wave_A
S1,19,2520,2660,140,140,0,1,60,3,77,wave_A
S1,20,2660,2800,140,140,0,1,60,3,77,wave_A
S1,21,2800,2940,140,140,0,1,60,3,77,wave_A
S1,22,2940,3080,140,140,0,1,60,3,77,wave_A
S1,23,3080,3220,140,140,0,1,60,3,77,wave_A
S1,24,3220,3360,140,140,0,1,60,3,77,wave_A
S1,25,3360,3500,140,140,0,1,60,3,77,wave_A
S1,26,3500,3640,140,140,0,1,60,3,77,wave_A
S1,27,3640,3780,140,140,0,1,60,3,77,wave_A
S1,28,3780,3920,140,140,0,1,60,3,77,wave_A
S1,29,3920,4060,140,140,0,1,60,3,77,wave_A
S1,30,4060,4200,140,140,0,1,60,3,77,wave_A
S1,31,4200,4340,140,140,0,1,60,3,77,wave_A
S1,32,4340,4480,140,140,0,1,60,3,77,wave_A
S1,33,4480,4620,140,140,0,1,60,3,77,wave_A
S1,34,4620,4760,140,140,0,1,60,3,77,wave_A
S1,35,4760,4900,140,140,0,1,60,3,77,wave_A
S1,36,4900,5040,140,140,0,1,60,3,77,wave_A
S1,37,5040,5180,140,140,0,1,60,3,77,wave_A
S1,38,5180,5320,140,140,0,1,60,3,77,wave_A
S1,39,5320,5460,140,140,0,1,60,3,77,wave_A
S1,40,5460,5600,140,140,0,1,60,3,77,wave_A
S1,41,5600,5740,140,140,0,1,60,3,77,wave_A
S1,42,5740,5880,140,140,0,1,60,3,77,wave_A
S1,43,5880,6020,140,140,0,1,60,3,77,wave_A
S1,44,6020,6160,140,140,0,1,60,3,77,wave_A
S1,45,6160,6300,140,140,0,1,60,3,77,wave_A
S1,46,6300,6440,140,140,0,1,60,3,77,wave_A
S1,47,6440,6580,140,140,0,1,60,3,77,wave_A
S1,48,6580,6720,140,140,0,1,60,3,77,wave_A
S1,49,6720,6860,140,140,0,1,60,3,77,wave_A
S1,50,6860,7000,140,140,0,1,60,3,77,wave_A
S1,51,7000,7140,140,140,0,1,60,3,77,wave_A
S1,52,7140,7280,140,140,0,1,60,3,77,wave_A
S1,53,7280,7420,140,140,0,1,60,3,77,wave_A
S1,54,7420,7560,140,140,0,1,60,3,77,wave_A
S1,55,7560,7700,140,140,0,1,60,3,77,wave_A
S1,56,7700,7840,140,140,0,1,60,3,77,wave_A
S1,57,7840,7980,140,140,0,1,60,3,77,wave_A
S1,58,7980,8120,140,140,0,1,60,3,77,wave_A
S1,59,8120,8260,140,140,0,1,60,3,77,wave_A
S1,60,8260,8400,140,140,0,1,60,3,77,wave_A
S1,61,8400,8540,140,140,0,1,60,3,77,wave_A
S1,62,8540,8680,140,140,0,1,60,3,77,wave_A
S1,63,8680,8820,140,140,0,1,60,3,77,wave_A
S1,64,8820,8960,140,140,0,1,60,3,77,wave_A
S1,65,8960,9100,140,140,0,1,60,3,77,wave_A
S1,66,9100,9240,140,140,0,1,60,3,77,wave_A
S1,67,9240,9380,140,140,0,1,60,3,77,wave_A
S1,68,9380,9520,140,140,0,1,60,3,77,wave_A
S1,69,9520,9660,140,140,0,1,60,3,77,wave_A
S1,70,9660,9800,140,140,0,1,60,3,77,wave_A
S1,71,9800,9940,140,140,0,1,60,3,77,wave_A
S1,72,9940,10080,140,140,0,1,60,3,77,wave_A
S1,73,10080,10220,140,140,0,1,60,3,77,wave_A
S1,74,10220,10360,140,140,0,1,60,3,77,wave_A
S1,75,10360,10500,140,140,0,1,60,3,77,wave_A
S1,76,10500,10640,140,140,0,1,60,3,77,wave_A
S1,77,10640,10780,140,140,0,1,60,3,77,wave_A
S1,78,10780,10920,140,140,0,1,60,3,77,wave_A
S1,79,10920,11060,140,140,0,1,60,3,77,wave_A
S1,80,11060,11200,140,140,0,1,60,3,77,wave_A
S1,81,11200,11340,140,140,0,1,60,3,77,wave_A
S1,82,11340,11480,140,140,0,1,60,3,77,wave_A
S1,83,11480,11620,140,140,0,1,60,3,77,wave_A
S1,84,11620,11760,140,140,0,1,60,3,77,wave_A
S1,85,11760,11900,140,140,0,1,60,3,77,wave_A
S1,86,11900,12040,140,140,0,1,60,3,77,wave_A
S1,87,12040,12180,140,140,0,1,60,3,77,wave_A
S1,88,12180,12320,140,140,0,1,60,3,77,wave_A
S1,89,12320,12460,140,140,0,1,60,3,77,wave_A
S1,90,12460,12600,140,140,0,1,60,3,77,wave_A
S1,91,12600,12740,140,140,0,1,60,3,77,wave_A
S1,92,12740,12880,140,140,0,1,60,3,77,wave_A
S1,93,12880,13020,140,140,0,1,60,3,77,wave_A
S1,94,13020,13160,140,140,0,1,60,3,77,wave_A
S1,95,13160,13300,140,140,0,1,60,3,77,wave_A
S1,96,13300,13440,140,140,0,1,60,3,77,wave_A
S1,97,13440,13580,140,140,0,1,60,3,77,wave_A
S1,98,13580,13720,140,140,0,1,60,3,77,wave_A
S1,99,13720,13860,140,140,0,1,60,3,77,wave_A
S1,100,13860,14000,140,140,0,1,60,3,77,wave_A
S1,101,14000,14140,140,140,0,1,60,3,77,wave_A
S1,102,14140,14280,140,140,0,1,60,3,77,wave_A
S1,103,14280,14420,140,140,0,1,60,3,77,wave_A
S1,104,14420,14560,140,140,0,1,60,3,77,wave_A
S1,105,14560,14700,140,140,0,1,60,3,77,wave_A
S1,106,14700,14840,140,140,0,1,60,3,77,wave_A
S1,107,14840,14980,140,140,0,1,60,3,77,wave_A
S1,108,14980,15120,140,140,0,1,60,3,77,wave_A
S1,109,15120,15260,140,140,0,1,60,3,77,wave_A
S1,110,15260,15400,140,140,0,1,60,3,77,wave_A
S1,111,15400,15540,140,140,0,1,60,3,77,wave_A
S1,112,15540,15680,140,140,0,1,60,3,77,wave_A
S1,113,15680,15820,140,140,0,1,60,3,77,wave_A
S1,114,15820,15960,140,140,0,1,60,3,77,wave_A
S1,115,15960,16100,140,140,0,1,60,3,77,wave_A
S1,116,16100,16240,140,140,0,1,60,3,77,wave_A
S1,117,16240,16380,140,140,0,1,60,3,77,wave_A
S1,118,16380,16520,140,140,0,1,60,3,77,wave_A
S1,119,16520,16660,140,140,0,1,60,3,77,wave_A
S1,120,16660,16800,140,140,0,1,60,3,77,wave_A
S1,121,16800,16940,140,140,0,1,60,3,77,wave_A
S1,122,16940,17080,140,140,0,1,60,3,77,wave_A
S1,123,17080,17220,140,140,0,1,60,3,77,wave_A
S1,124,17220,17360,140,140,0,1,60,3,77,wave_A
S1,125,17360,17500,140,140,0,1,60,3,77,wave_A
S1,126,17500,17640,140,140,0,1,60,3,77,wave_A
S1,127,17640,17780,140,140,0,1,60,3,77,wave_A
S1,128,17780,17920,140,140,0,1,60,3,77,wave_A
S1,129,17920,18060,140,140,0,1,60,3,77,wave_A
S1,130,18060,18200,140,140,0,1,60,3,77,wave_A
S1,131,18200,18340,140,140,0,1,60,3,77,wave_A
S1,132,18340,18480,140,140,0,1,60,3,77,wave_A
S1,133,18480,18620,140,140,0,1,60,3,77,wave_A
S1,134,18620,18760,140,140,0,1,60,3,77,wave_A
S1,135,18760,18900,140,140,0,1,60,3,77,wave_A
S1,136,18900,19040,140,140,0,1,60,3,77,wave_A
S1,137,19040,19180,140,140,0,1,60,3,77,wave_A
S1,138,19180,19320,140,140,0,1,60,3,77,wave_A
S1,139,19320,19460,140,140,0,1,60,3,77,wave_A
S1,140,19460,19600,140,140,0,1,60,3,77,wave_A
S1,141,19600,19740,140,140,0,1,60,3,77,wave_A
S1,142,19740,19880,140,140,0,1,60,3,77,wave_A
S1,143,19880,20020,140,140,0,1,60,3,77,wave_A
S1,144,20020,20160,140,140,0,1,60,3,77,wave_A
S1,145,20160,20300,140,140,0,1,60,3,77,wave_A
S1,146,20300,20440,140,140,0,1,60,3,77,wave_A
S1,147,20440,20580,140,140,0,1,60,3,77,wave_A
S1,148,20580,20720,140,140,0,1,60,3,77,wave_A
S1,149,20720,20860,140,140,0,1,60,3,77,wave_A
S1,150,20860,21000,140,140,0,1,60,3,77,wave_A
S1,151,21000,21140,140,140,0,1,60,3,77,wave_A
S1,152,21140,21280,140,140,0,1,60,3,77,wave_A
S1,153,21280,21420,140,140,0,1,60,3,77,wave_A
S1,154,21420,21560,140,140,0,1,60,3,77,wave_A
S1,155,21560,21700,140,140,0,1,60,3,77,wave_A
S1,156,21700,21840,140,140,0,1,60,3,77,wave_A
S1,157,21840,21980,140,140,0,1,60,3,77,wave_A
S1,158,21980,22120,140,140,0,1,60,3,77,wave_A
S1,159,22120,22260,140,140,0,1,60,3,77,wave_A
S1,160,22260,22400,140,140,0,1,60,3,77,wave_A
S1,161,22400,22540,140,140,0,1,60,3,77,wave_A
S1,162,22540,22680,140,140,0,1,60,3,77,wave_A
S1,163,22680,22820,140,140,0,1,60,3,77,wave_A
S1,164,22820,22960,140,140,0,1,60,3,77,wave_A
S1,165,22960,23100,140,140,0,1,60,3,77,wave_A
S1,166,23100,23240,140,140,0,1,60,3,77,wave_A
S1,167,23240,23380,140,140,0,1,60,3,77,wave_A
S1,168,23380,23520,140,140,0,1,60,3,77,wave_A
S1,169,23520,23660,140,140,0,1,60,3,77,wave_A
S1,170,23660,23800,140,140,0,1,60,3,77,wave_A
S1,171,23800,23940,140,140,0,1,60,3,77,wave_A
S1,172,23940,24080,140,140,0,1,60,3,77,wave_A
S1,173,24080,24220,140,140,0,1,60,3,77,wave_A
S1,174,24220,24360,140,140,0,1,60,3,77,wave_A
S1,175,24360,24500,140,140,0,1,60,3,77,wave_A
S1,176,24500,24640,140,140,0,1,60,3,77,wave_A
S1,177,24640,24780,140,140,0,1,60,3,77,wave_A
S1,178,24780,24920,140,140,0,1,60,3,77,wave_A
S1,179,24920,25060,140,140,0,1,60,3,77,wave_A
S1,180,25060,25200,140,140,0,1,60,3,77,wave_A
S1,181,25200,25340,140,140,0,1,60,3,77,wave_A
S1,182,25340,25480,140,140,0,1,60,3,77,wave_A
S1,183,25480,25620,140,140,0,1,60,3,77,wave_A
S1,184,25620,25760,140,140,0,1,60,3,77,wave_A
S1,185,25760,25900,140,140,0,1,60,3,77,wave_A
S1,186,25900,26040,140,140,0,1,60,3,77,wave_A
S1,187,26040,26180,140,140,0,1,60,3,77,wave_A
S1,188,26180,26320,140,140,0,1,60,3,77,wave_A
S1,189,26320,26460,140,140,0,1,60,3,77,wave_A
S1,190,26460,26600,140,140,0,1,60,3,77,wave_A
S1,191,26600,26740,140,140,0,1,60,3,77,wave_A
S1,192,26740,26880,140,140,0,1,60,3,77,wave_A
S1,193,26880,27020,140,140,0,1,60,3,77,wave_A
S1,194,27020,27160,140,140,0,1,60,3,77,wave_A
S1,195,27160,27300,140,140,0,1,60,3,77,wave_A
S1,196,27300,27440,140,140,0,1,60,3,77,wave_A
S1,197,27440,27580,140,140,0,1,60,3,77,wave_A
S1,198,27580,27720,140,140,0,1,60,3,77,wave_A
S1,199,27720,27860,140,140,0,1,60,3,77,wave_A
S1,200,27860,28000,140,140,0,1,60,3,77,wave_A
S1,201,28000,28140,140,140,0,1,60,3,77,wave_A
S1,202,28140,28280,140,140,0,1,60,3,77,wave_A
S1,203,28280,28420,140,140,0,1,60,3,77,wave_A
S1,204,28420,28560,140,140,0,1,60,3,77,wave_A
S1,205,28560,28700,140,140,0,1,60,3,77,wave_A
S1,206,28700,28840,140,140,0,1,60,3,77,wave_A
S1,207,28840,28980,140,140,0,1,60,3,77,wave_A
S1,208,28980,29120,140,140,0,1,60,3,77,wave_A
S1,209,29120,29260,140,140,0,1,60,3,77,wave_A
S1,210,29260,29400,140,140,0,1,60,3,77,wave_A
S1,211,29400,29540,140,140,0,1,60,3,77,wave_A
S1,212,29540,29680,140,140,0,1,60,3,77,wave_A
S1,213,29680,29820,140,140,0,1,60,3,77,wave_A
S1,214,29820,29960,140,140,0,1,60,3,77,wave_A
S1,215,29960,30100,140,140,0,1,60,3,77,wave_A
S1,216,30100,30240,140,140,0,1,60,3,77,wave_A
S1,217,30240,30380,140,140,0,1,60,3,77,wave_A
S1,218,30380,30520,140,140,0,1,60,3,77,wave_A
S1,219,30520,30660,140,140,0,1,60,3,77,wave_A
S1,220,30660,30800,140,140,0,1,60,3,77,wave_A
S1,221,30800,30940,140,140,0,1,60,3,77,wave_A
S1,222,30940,31080,140,140,0,1,60,3,77,wave_A
S1,223,31080,31220,140,140,0,1,60,3,77,wave_A
S1,224,31220,31360,140,140,0,1,60,3,77,wave_A
S1,225,31360,31500,140,140,0,1,60,3,77,wave_A
S1,226,31500,31640,140,140,0,1,60,3,77,wave_A
S1,227,31640,31780,140,140,0,1,60,3,77,wave_A
S1,228,31780,31920,140,140,0,1,60,3,77,wave_A
S1,229,31920,32060,140,140,0,1,60,3,77,wave_A
S1,230,32060,32200,140,140,0,1,60,3,77,wave_A
S1,231,32200,32340,140,140,0,1,60,3,77,wave_A
S1,232,32340,32480,140,140,0,1,60,3,77,wave_A
S1,233,32480,32620,140,140,0,1,60,3,77,wave_A
S1,234,32620,32760,140,140,0,1,60,3,77,wave_A
S1,235,32760,32900,140,140,0,1,60,3,77,wave_A
S1,236,32900,33040,140,140,0,1,60,3,77,wave_A
S1,237,33040,33180,140,140,0,1,60,3,77,wave_A
S1,238,33180,33320,140,140,0,1,60,3,77,wave_A
S1,239,33320,33460,140,140,0,1,60,3,77,wave_A
S1,240,33460,33600,140,140,0,1,60,3,77,wave_A
S1,241,33600,33740,140,140,0,1,60,3,77,wave_A
S1,242,33740,33880,140,140,0,1,60,3,77,wave_A
S1,243,33880,34020,140,140,0,1,60,3,77,wave_A
S1,244,34020,34160,140,140,0,1,60,3,77,wave_A
S1,245,34160,34300,140,140,0,1,60,3,77,wave_A
S1,246,34300,34440,140,140,0,1,60,3,77,wave_A
S1,247,34440,34580,140,140,0,1,60,3,77,wave_A
S1,248,34580,34720,140,140,0,1,60,3,77,wave_A
S1,249,34720,34860,140,140,0,1,60,3,77,wave_A
S1,250,34860,35000,140,140,0,1,60,3,77,wave_A
S1,251,35000,35140,140,140,0,1,60,3,77,wave_A
S1,252,35140,35280,140,140,0,1,60,3,77,wave_A
S1,253,35280,35420,140,140,0,1,60,3,77,wave_A
S1,254,35420,35560,140,140,0,1,60,3,77,wave_A
S1,255,35560,35700,140,140,0,1,60,3,77,wave_A
S1,256,35700,35840,140,140,0,1,60,3,77,wave_A
S1,257,35840,35980,140,140,0,1,60,3,77,wave_A
S1,258,35980,36120,140,140,0,1,60,3,77,wave_A
S1,259,36120,36260,140,140,0,1,60,3,77,wave_A
S1,260,36260,36400,140,140,0,1,60,3,77,wave_A
S1,261,36400,36540,140,140,0,1,60,3,77,wave_A
S1,262,36540,36680,140,140,0,1,60,3,77,wave_A
S1,263,36680,36820,140,140,0,1,60,3,77,wave_A
S1,264,36820,36960,140,140,0,1,60,3,77,wave_A
S1,265,36960,37100,140,140,0,1,60,3,77,wave_A
S1,266,37100,37240,140,140,0,1,60,3,77,wave_A
S1,267,37240,37380,140,140,0,1,60,3,77,wave_A
S1,268,37380,37520,140,140,0,1,60,3,77,wave_A
S1,269,37520,37660,140,140,0,1,60,3,77,wave_A
S1,270,37660,37800,140,140,0,1,60,3,77,wave_A
S1,271,37800,37940,140,140,0,1,60,3,77,wave_A
S1,272,37940,38080,140,140,0,1,60,3,77,wave_A
S1,273,38080,38220,140,140,0,1,60,3,77,wave_A
S1,274,38220,38360,140,140,0,1,60,3,77,wave_A
S1,275,38360,38500,140,140,0,1,60,3,77,wave_A
S1,276,38500,38640,140,140,0,1,60,3,77,wave_A
S1,277,38640,38780,140,140,0,1,60,3,77,wave_A
S1,278,38780,38920,140,140,0,1,60,3,77,wave_A
S1,279,38920,39060,140,140,0,1,60,3,77,wave_A
S1,280,39060,39200,140,140,0,1,60,3,77,wave_A
S1,281,39200,39340,140,140,0,1,60,3,77,wave_A
S1,282,39340,39480,140,140,0,1,60,3,77,wave_A
S1,283,39480,39620,140,140,0,1,60,3,77,wave_A
S1,284,39620,39760,140,140,0,1,60,3,77,wave_A
S1,285,39760,39900,140,140,0,1,60,3,77,wave_A
S1,286,39900,40040,140,140,0,1,60,3,77,wave_A
S1,287,40040,40180,140,140,0,1,60,3,77,wave_A
S1,288,40180,40320,140,140,0,1,60,3,77,wave_A
S1,289,40320,40460,140,140,0,1,60,3,77,wave_A
S1,290,40460,40600,140,140,0,1,60,3,77,wave_A
S1,291,40600,40740,140,140,0,1,60,3,77,wave_A
S1,292,40740,40880,140,140,0,1,60,3,77,wave_A
S1,293,40880,41020,140,140,0,1,60,3,77,wave_A
S1,294,41020,41160,140,140,0,1,60,3,77,wave_A
S1,295,41160,41300,140,140,0,1,60,3,77,wave_A
S1,296,41300,41440,140,140,0,1,60,3,77,wave_A
S1,297,41440,41580,140,140,0,1,60,3,77,wave_A
S1,298,41580,41720,140,140,0,1,60,3,77,wave_A
S1,299,41720,41860,140,140,0,1,60,3,77,wave_A
S1,300,41860,42000,140,140,0,1,60,3,77,wave_A
S1,301,42000,42140,140,140,0,1,60,3,77,wave_A
S1,302,42140,42280,140,140,0,1,60,3,77,wave_A
S1,303,42280,42420,140,140,0,1,60,3,77,wave_A
S1,304,42420,42560,140,140,0,1,60,3,77,wave_A
S1,305,42560,42700,140,140,0,1,60,3,77,wave_A
S1,306,42700,42840,140,140,0,1,60,3,77,wave_A
S1,307,42840,42980,140,140,0,1,60,3,77,wave_A
S1,308,42980,43120,140,140,0,1,60,3,77,wave_A
S1,309,43120,43260,140,140,0,1,60,3,77,wave_A
S1,310,43260,43400,140,140,0,1,60,3,77,wave_A
S1,311,43400,43540,140,140,0,1,60,3,77,wave_A
S1,312,43540,43680,140,140,0,1,60,3,77,wave_A
S1,313,43680,43820,140,140,0,1,60,3,77,wave_A
S1,314,43820,43960,140,140,0,1,60,3,77,wave_A
S1,315,43960,44100,140,140,0,1,60,3,77,wave_A
S1,316,44100,44240,140,140,0,1,60,3,77,wave_A
S1,317,44240,44380,140,140,0,1,60,3,77,wave_A
S1,318,44380,44520,140,140,0,1,60,3,77,wave_A
S1,319,44520,44660,140,140,0,1,60,3,77,wave_A
S1,320,44660,44800,140,140,0,1,60,3,77,wave_A
S1,321,44800,44940,140,140,0,1,60,3,77,wave_A
S1,322,44940,45080,140,140,0,1,60,3,77,wave_A
S1,323,45080,45220,140,140,0,1,60,3,77,wave_A
S1,324,45220,45360,140,140,0,1,60,3,77,wave_A
S1,325,45360,45500,140,140,0,1,60,3,77,wave_A
S1,326,45500,45640,140,140,0,1,60,3,77,wave_A
S1,327,45640,45780,140,140,0,1,60,3,77,wave_A
S1,328,45780,45920,140,140,0,1,60,3,77,wave_A
S1,329,45920,46060,140,140,0,1,60,3,77,wave_A
S1,330,46060,46200,140,140,0,1,60,3,77,wave_A
S1,331,46200,46340,140,140,0,1,60,3,77,wave_A
S1,332,46340,46480,140,140,0,1,60,3,77,wave_A
S1,333,46480,46620,140,140,0,1,60,3,77,wave_A
S1,334,46620,46760,140,140,0,1,60,3,77,wave_A
S1,335,46760,46900,140,140,0,1,60,3,77,wave_A
S1,336,46900,47040,140,140,0,1,60,3,77,wave_A
S1,337,47040,47180,140,140,0,1,60,3,77,wave_A
S1,338,47180,47320,140,140,0,1,60,3,77,wave_A
S1,339,47320,47460,140,140,0,1,60,3,77,wave_A
S1,340,47460,47600,140,140,0,1,60,3,77,wave_A
S1,341,47600,47740,140,140,0,1,60,3,77,wave_A
S1,342,47740,47880,140,140,0,1,60,3,77,wave_A
S1,343,47880,48020,140,140,0,1,60,3,77,wave_A
S1,344,48020,48160,140,140,0,1,60,3,77,wave_A
S1,345,48160,48300,140,140,0,1,60,3,77,wave_A
S1,346,48300,48440,140,140,0,1,60,3,77,wave_A
S1,347,48440,48580,140,140,0,1,60,3,77,wave_A
S1,348,48580,48720,140,140,0,1,60,3,77,wave_A
S1,349,48720,48860,140,140,0,1,60,3,77,wave_A
S1,350,48860,49000,140,140,0,1,60,3,77,wave_A
S1,351,49000,49140,140,140,0,1,60,3,77,wave_A
S1,352,49140,49280,140,140,0,1,60,3,77,wave_A
S1,353,49280,49420,140,140,0,1,60,3,77,wave_A
S1,354,49420,49560,140,140,0,1,60,3,77,wave_A
S1,355,49560,49700,140,140,0,1,60,3,77,wave_A
S1,356,49700,49840,140,140,0,1,60,3,77,wave_A
S1,357,49840,49980,140,140,0,1,60,3,77,wave_A
S1,358,49980,50120,140,140,0,1,60,3,77,wave_A
S1,359,50120,50260,140,140,0,1,60,3,77,wave_A
S1,360,50260,50400,140,140,0,1,60,3,77,wave_A
S1,361,50400,50540,140,140,0,1,60,3,77,wave_A
S1,362,50540,50680,140,140,0,1,60,3,77,wave_A
S1,363,50680,50820,140,140,0,1,60,3,77,wave_A
S1,364,50820,50960,140,140,0,1,60,3,77,wave_A
S1,365,50960,51100,140,140,0,1,60,3,77,wave_A
S1,366,51100,51240,140,140,0,1,60,3,77,wave_A
S1,367,51240,51380,140,140,0,1,60,3,77,wave_A
S1,368,51380,51520,140,140,0,1,60,3,77,wave_A
S1,369,51520,51660,140,140,0,1,60,3,77,wave_A
S1,370,51660,51800,140,140,0,1,60,3,77,wave_A
S1,371,51800,51940,140,140,0,1,60,3,77,wave_A
S1,372,51940,52080,140,140,0,1,60,3,77,wave_A
S1,373,52080,52220,140,140,0,1,60,3,77,wave_A
S1,374,52220,52360,140,140,0,1,60,3,77,wave_A
S1,375,52360,52500,140,140,0,1,60,3,77,wave_A
S1,376,52500,52640,140,140,0,1,60,3,77,wave_A
S1,377,52640,52780,140,140,0,1,60,3,77,wave_A
S1,378,52780,52920,140,140,0,1,60,3,77,wave_A
S1,379,52920,53060,140,140,0,1,60,3,77,wave_A
S1,380,53060,53200,140,140,0,1,60,3,77,wave_A
S1,381,53200,53340,140,140,0,1,60,3,77,wave_A
S1,382,53340,53480,140,140,0,1,60,3,77,wave_A
S1,383,53480,53620,140,140,0,1,60,3,77,wave_A
S1,384,53620,53760,140,140,0,1,60,3,77,wave_A
S1,385,53760,53900,140,140,0,1,60,3,77,wave_A
S1,386,53900,54040,140,140,0,1,60,3,77,wave_A
S1,387,54040,54180,140,140,0,1,60,3,77,wave_A
S1,388,54180,54320,140,140,0,1,60,3,77,wave_A
S1,389,54320,54460,140,140,0,1,60,3,77,wave_A
S1,390,54460,54600,140,140,0,1,60,3,77,wave_A
S1,391,54600,54740,140,140,0,1,60,3,77,wave_A
S1,392,54740,54880,140,140,0,1,60,3,77,wave_A
S1,393,54880,55020,140,140,0,1,60,3,77,wave_A
S1,394,55020,55160,140,140,0,1,60,3,77,wave_A
S1,395,55160,55300,140,140,0,1,60,3,77,wave_A
S1,396,55300,55440,140,140,0,1,60,3,77,wave_A
S1,397,55440,55580,140,140,0,1,60,3,77,wave_A
S1,398,55580,55720,140,140,0,1,60,3,77,wave_A
S1,399,55720,55860,140,140,0,1,60,3,77,wave_A
S1,400,55860,56000,140,140,0,1,60,3,77,wave_A
S1,401,56000,56140,140,140,0,1,60,3,77,wave_A
S1,402,56140,56280,140,140,0,1,60,3,77,wave_A
S1,403,56280,56420,140,140,0,1,60,3,77,wave_A
S1,404,56420,56560,140,140,0,1,60,3,77,wave_A
S1,405,56560,56700,140,140,0,1,60,3,77,wave_A
S1,406,56700,56840,140,140,0,1,60,3,77,wave_A
S1,407,56840,56980,140,140,0,1,60,3,77,wave_A
S1,408,56980,57120,140,140,0,1,60,3,77,wave_A
S1,409,57120,57260,140,140,0,1,60,3,77,wave_A
S1,410,57260,57400,140,140,0,1,60,3,77,wave_A
S1,411,57400,57540,140,140,0,1,60,3,77,wave_A
S2,1,32,172,140,140,0,1,40,3,97,wave_A
S2,2,172,312,140,140,0,1,40,3,97,wave_A
S2,3,312,452,140,140,0,1,40,3,97,wave_A
S2,4,452,592,140,140,0,1,40,3,97,wave_A
S2,5,592,732,140,140,0,1,40,3,97,wave_A
S2,6,732,872,140,140,0,1,40,3,97,wave_A
S2,7,872,1012,140,140,0,1,40,3,97,wave_A
S2,8,1012,1152,140,140,0,1,40,3,97,wave_A
S2,9,1152,1292,140,140,0,1,40,3,97,wave_A
S2,10,1292,1432,140,140,0,1,40,3,97,wave_A
S2,11,1432,1572,140,140,0,1,40,3,97,wave_A
S2,12,1572,1712,140,140,0,1,40,3,97,wave_A
S2,13,1712,1852,140,140,0,1,40,3,97,wave_A
S2,14,1852,1992,140,140,0,1,40,3,97,wave_A
S2,15,1992,2132,140,140,0,1,40,3,97,wave_A
S2,16,2132,2272,140,140,0,1,40,3,97,wave_A
S2,17,2272,2412,140,140,0,1,40,3,97,wave_A
S2,18,2412,2552,140,140,0,1,40,3,97,wave_A
S2,19,2552,2692,140,140,0,1,40,3,97,wave_A
S2,20,2692,2832,140,140,0,1,40,3,97,wave_A
S2,21,2832,2972,140,140,0,1,40,3,97,wave_A
S2,22,2972,3112,140,140,0,1,40,3,97,wave_A
S2,23,3112,3252,140,140,0,1,40,3,97,wave_A
S2,24,3252,3392,140,140,0,1,40,3,97,wave_A
S2,25,3392,3532,140,140,0,1,40,3,97,wave_A
S2,26,3532,3672,140,140,0,1,40,3,97,wave_A
S2,27,3672,3812,140,140,0,1,40,3,97,wave_A
S2,28,3812,3952,140,140,0,1,40,3,97,wave_A
S2,29,3952,4092,140,140,0,1,40,3,97,wave_A
S2,30,4092,4232,140,140,0,1,40,3,97,wave_A
S2,31,4232,4372,140,140,0,1,40,3,97,wave_A
S2,32,4372,4512,140,140,0,1,40,3,97,wave_A
S2,33,4512,4652,140,140,0,1,40,3,97,wave_A
S2,34,4652,4792,140,140,0,1,40,3,97,wave_A
S2,35,4792,4932,140,140,0,1,40,3,97,wave_A
S2,36,4932,5072,140,140,0,1,40,3,97,wave_A
S2,37,5072,5212,140,140,0,1,40,3,97,wave_A
S2,38,5212,5352,140,140,0,1,40,3,97,wave_A
S2,39,5352,5492,140,140,0,1,40,3,97,wave_A
S2,40,5492,5632,140,140,0,1,40,3,97,wave_A
S2,41,5632,5772,140,140,0,1,40,3,97,wave_A
S2,42,5772,5912,140,140,0,1,40,3,97,wave_A
S2,43,5912,6052,140,140,0,1,40,3,97,wave_A
S2,44,6052,6192,140,140,0,1,40,3,97,wave_A
S2,45,6192,6332,140,140,0,1,40,3,97,wave_A
S2,46,6332,6472,140,140,0,1,40,3,97,wave_A
S2,47,6472,6612,140,140,0,1,40,3,97,wave_A
S2,48,6612,6752,140,140,0,1,40,3,97,wave_A
S2,49,6752,6892,140,140,0,1,40,3,97,wave_A
S2,50,6892,7032,140,140,0,1,40,3,97,wave_A
S2,51,7032,7172,140,140,0,1,40,3,97,wave_A
S2,52,7172,7312,140,140,0,1,40,3,97,wave_A
S2,53,7312,7452,140,140,0,1,40,3,97,wave_A
S2,54,7452,7592,140,140,0,1,40,3,97,wave_A
S2,55,7592,7732,140,140,0,1,40,3,97,wave_A
S2,56,7732,7872,140,140,0,1,40,3,97,wave_A
S2,57,7872,8012,140,140,0,1,40,3,97,wave_A
S2,58,8012,8152,140,140,0,1,40,3,97,wave_A
S2,59,8152,8292,140,140,0,1,40,3,97,wave_A
S2,60,8292,8432,140,140,0,1,40,3,97,wave_A
S2,61,8432,8572,140,140,0,1,40,3,97,wave_A
S2,62,8572,8712,140,140,0,1,40,3,97,wave_A
S2,63,8712,8852,140,140,0,1,40,3,97,wave_A
S2,64,8852,8992,140,140,0,1,40,3,97,wave_A
S2,65,8992,9132,140,140,0,1,40,3,97,wave_A
S2,66,9132,9272,140,140,0,1,40,3,97,wave_A
S2,67,9272,9412,140,140,0,1,40,3,97,wave_A
S2,68,9412,9552,140,140,0,1,40,3,97,wave_A
S2,69,9552,9692,140,140,0,1,40,3,97,wave_A
S2,70,9692,9832,140,140,0,1,40,3,97,wave_A
S2,71,9832,9972,140,140,0,1,40,3,97,wave_A
S2,72,9972,10112,140,140,0,1,40,3,97,wave_A
S2,73,10112,10252,140,140,0,1,40,3,97,wave_A
S2,74,10252,10392,140,140,0,1,40,3,97,wave_A
S2,75,10392,10532,140,140,0,1,40,3,97,wave_A
S2,76,10532,10672,140,140,0,1,40,3,97,wave_A
S2,77,10672,10812,140,140,0,1,40,3,97,wave_A
S2,78,10812,10952,140,140,0,1,40,3,97,wave_A
S2,79,10952,11092,140,140,0,1,40,3,97,wave_A
S2,80,11092,11232,140,140,0,1,40,3,97,wave_A
S2,81,11232,11372,140,140,0,1,40,3,97,wave_A
S2,82,11372,11512,140,140,0,1,40,3,97,wave_A
S2,83,11512,11652,140,140,0,1,40,3,97,wave_A
S2,84,11652,11792,140,140,0,1,40,3,97,wave_A
S2,85,11792,11932,140,140,0,1,40,3,97,wave_A
S2,86,11932,12072,140,140,0,1,40,3,97,wave_A
S2,87,12072,12212,140,140,0,1,40,3,97,wave_A
S2,88,12212,12352,140,140,0,1,40,3,97,wave_A
S2,89,12352,12492,140,140,0,1,40,3,97,wave_A
S2,90,12492,12632,140,140,0,1,40,3,97,wave_A
S2,91,12632,12772,140,140,0,1,40,3,97,wave_A
S2,92,12772,12912,140,140,0,1,40,3,97,wave_A
S2,93,12912,13052,140,140,0,1,40,3,97,wave_A
S2,94,13052,13192,140,140,0,1,40,3,97,wave_A
S2,95,13192,13332,140,140,0,1,40,3,97,wave_A
S2,96,13332,13472,140,140,0,1,40,3,97,wave_A
S2,97,13472,13612,140,140,0,1,40,3,97,wave_A
S2,98,13612,13752,140,140,0,1,40,3,97,wave_A
S2,99,13752,13892,140,140,0,1,40,3,97,wave_A
S2,100,13892,14032,140,140,0,1,40,3,97,wave_A
S2,101,14032,14172,140,140,0,1,40,3,97,wave_A
S2,102,14172,14312,140,140,0,1,40,3,97,wave_A
S2,103,14312,14452,140,140,0,1,40,3,97,wave_A
S2,104,14452,14592,140,140,0,1,40,3,97,wave_A
S2,105,14592,14732,140,140,0,1,40,3,97,wave_A
S2,106,14732,14872,140,140,0,1,40,3,97,wave_A
S2,107,14872,15012,140,140,0,1,40,3,97,wave_A
S2,108,15012,15152,140,140,0,1,40,3,97,wave_A
S2,109,15152,15292,140,140,0,1,40,3,97,wave_A
S2,110,15292,15432,140,140,0,1,40,3,97,wave_A
S2,111,15432,15572,140,140,0,1,40,3,97,wave_A
S2,112,15572,15712,140,140,0,1,40,3,97,wave_A
S2,113,15712,15852,140,140,0,1,40,3,97,wave_A
S2,114,15852,15992,140,140,0,1,40,3,97,wave_A
S2,115,15992,16132,140,140,0,1,40,3,97,wave_A
S2,116,16132,16272,140,140,0,1,40,3,97,wave_A
S2,117,16272,16412,140,140,0,1,40,3,97,wave_A
S2,118,16412,16552,140,140,0,1,40,3,97,wave_A
S2,119,16552,16692,140,140,0,1,40,3,97,wave_A
S2,120,16692,16832,140,140,0,1,40,3,97,wave_A
S2,121,16832,16972,140,140,0,1,40,3,97,wave_A
S2,122,16972,17112,140,140,0,1,40,3,97,wave_A
S2,123,17112,17252,140,140,0,1,40,3,97,wave_A
S2,124,17252,17392,140,140,0,1,40,3,97,wave_A
S2,125,17392,17532,140,140,0,1,40,3,97,wave_A
S2,126,17532,17672,140,140,0,1,40,3,97,wave_A
S2,127,17672,17812,140,140,0,1,40,3,97,wave_A
S2,128,17812,17952,140,140,0,1,40,3,97,wave_A
S2,129,17952,18092,140,140,0,1,40,3,97,wave_A
S2,130,18092,18232,140,140,0,1,40,3,97,wave_A
S2,131,18232,18372,140,140,0,1,40,3,97,wave_A
S2,132,18372,18512,140,140,0,1,40,3,97,wave_A
S2,133,18512,18652,140,140,0,1,40,3,97,wave_A
S2,134,18652,18792,140,140,0,1,40,3,97,wave_A
S2,135,18792,18932,140,140,0,1,40,3,97,wave_A
S2,136,18932,19072,140,140,0,1,40,3,97,wave_A
S2,137,19072,19212,140,140,0,1,40,3,97,wave_A
S2,138,19212,19352,140,140,0,1,40,3,97,wave_A
S2,139,19352,19492,140,140,0,1,40,3,97,wave_A
S2,140,19492,19632,140,140,0,1,40,3,97,wave_A
S2,141,19632,19772,140,140,0,1,40,3,97,wave_A
S2,142,19772,19912,140,140,0,1,40,3,97,wave_A
S2,143,19912,20052,140,140,0,1,40,3,97,wave_A
S2,144,20052,20192,140,140,0,1,40,3,97,wave_A
S2,145,20192,20332,140,140,0,1,40,3,97,wave_A
S2,146,20332,20472,140,140,0,1,40,3,97,wave_A
S2,147,20472,20612,140,140,0,1,40,3,97,wave_A
S2,148,20612,20752,140,140,0,1,40,3,97,wave_A
S2,149,20752,20892,140,140,0,1,40,3,97,wave_A
S2,150,20892,21032,140,140,0,1,40,3,97,wave_A
S2,151,21032,21172,140,140,0,1,40,3,97,wave_A
S2,152,21172,21312,140,140,0,1,40,3,97,wave_A
S2,153,21312,21452,140,140,0,1,40,3,97,wave_A
S2,154,21452,21592,140,140,0,1,40,3,97,wave_A
S2,155,21592,21732,140,140,0,1,40,3,97,wave_A
S2,156,21732,21872,140,140,0,1,40,3,97,wave_A
S2,157,21872,22012,140,140,0,1,40,3,97,wave_A
S2,158,22012,22152,140,140,0,1,40,3,97,wave_A
S2,159,22152,22292,140,140,0,1,40,3,97,wave_A
S2,160,22292,22432,140,140,0,1,40,3,97,wave_A
S2,161,22432,22572,140,140,0,1,40,3,97,wave_A
S2,162,22572,22712,140,140,0,1,40,3,97,wave_A
S2,163,22712,22852,140,140,0,1,40,3,97,wave_A
S2,164,22852,22992,140,140,0,1,40,3,97,wave_A
S2,165,22992,23132,140,140,0,1,40,3,97,wave_A
S2,166,23132,23272,140,140,0,1,40,3,97,wave_A
S2,167,23272,23412,140,140,0,1,40,3,97,wave_A
S2,168,23412,23552,140,140,0,1,40,3,97,wave_A
S2,169,23552,23692,140,140,0,1,40,3,97,wave_A
S2,170,23692,23832,140,140,0,1,40,3,97,wave_A
S2,171,23832,23972,140,140,0,1,40,3,97,wave_A
S2,172,23972,24112,140,140,0,1,40,3,97,wave_A
S2,173,24112,24252,140,140,0,1,40,3,97,wave_A
S2,174,24252,24392,140,140,0,1,40,3,97,wave_A
S2,175,24392,24532,140,140,0,1,40,3,97,wave_A
S2,176,24532,24672,140,140,0,1,40,3,97,wave_A
S2,177,24672,24812,140,140,0,1,40,3,97,wave_A
S2,178,24812,24952,140,140,0,1,40,3,97,wave_A
S2,179,24952,25092,140,140,0,1,40,3,97,wave_A
S2,180,25092,25232,140,140,0,1,40,3,97,wave_A
S2,181,25232,25372,140,140,0,1,40,3,97,wave_A
S2,182,25372,25512,140,140,0,1,40,3,97,wave_A
S2,183,25512,25652,140,140,0,1,40,3,97,wave_A
S2,184,25652,25792,140,140,0,1,40,3,97,wave_A
S2,185,25792,25932,140,140,0,1,40,3,97,wave_A
S2,186,25932,26072,140,140,0,1,40,3,97,wave_A
S2,187,26072,26212,140,140,0,1,40,3,97,wave_A
S2,188,26212,26352,140,140,0,1,40,3,97,wave_A
S2,189,26352,26492,140,140,0,1,40,3,97,wave_A
S2,190,26492,26632,140,140,0,1,40,3,97,wave_A
S2,191,26632,26772,140,140,0,1,40,3,97,wave_A
S2,192,26772,26912,140,140,0,1,40,3,97,wave_A
S2,193,26912,27052,140,140,0,1,40,3,97,wave_A
S2,194,27052,27192,140,140,0,1,40,3,97,wave_A
S2,195,27192,27332,140,140,0,1,40,3,97,wave_A
S2,196,27332,27472,140,140,0,1,40,3,97,wave_A
S2,197,27472,27612,140,140,0,1,40,3,97,wave_A
S2,198,27612,27752,140,140,0,1,40,3,97,wave_A
S2,199,27752,27892,140,140,0,1,40,3,97,wave_A
S2,200,27892,28032,140,140,0,1,40,3,97,wave_A
S2,201,28032,28172,140,140,0,1,40,3,97,wave_A
S2,202,28172,28312,140,140,0,1,40,3,97,wave_A
S2,203,28312,28452,140,140,0,1,40,3,97,wave_A
S2,204,28452,28592,140,140,0,1,40,3,97,wave_A
S2,205,28592,28732,140,140,0,1,40,3,97,wave_A
S2,206,28732,28872,140,140,0,1,40,3,97,wave_A
S2,207,28872,29012,140,140,0,1,40,3,97,wave_A
S2,208,29012,29152,140,140,0,1,40,3,97,wave_A
S2,209,29152,29292,140,140,0,1,40,3,97,wave_A
S2,210,29292,29432,140,140,0,1,40,3,97,wave_A
S2,211,29432,29572,140,140,0,1,40,3,97,wave_A
S2,212,29572,29712,140,140,0,1,40,3,97,wave_A
S2,213,29712,29852,140,140,0,1,40,3,97,wave_A
S2,214,29852,29992,140,140,0,1,40,3,97,wave_A
S2,215,29992,30132,140,140,0,1,40,3,97,wave_A
S2,216,30132,30272,140,140,0,1,40,3,97,wave_A
S2,217,30272,30412,140,140,0,1,40,3,97,wave_A
S2,218,30412,30552,140,140,0,1,40,3,97,wave_A
S2,219,30552,30692,140,140,0,1,40,3,97,wave_A
S2,220,30692,30832,140,140,0,1,40,3,97,wave_A
S2,221,30832,30972,140,140,0,1,40,3,97,wave_A
S2,222,30972,31112,140,140,0,1,40,3,97,wave_A
S2,223,31112,31252,140,140,0,1,40,3,97,wave_A
S2,224,31252,31392,140,140,0,1,40,3,97,wave_A
S2,225,31392,31532,140,140,0,1,40,3,97,wave_A
S2,226,31532,31672,140,140,0,1,40,3,97,wave_A
S2,227,31672,31812,140,140,0,1,40,3,97,wave_A
S2,228,31812,31952,140,140,0,1,40,3,97,wave_A
S2,229,31952,32092,140,140,0,1,40,3,97,wave_A
S2,230,32092,32232,140,140,0,1,40,3,97,wave_A
S2,231,32232,32372,140,140,0,1,40,3,97,wave_A
S2,232,32372,32512,140,140,0,1,40,3,97,wave_A
S2,233,32512,32652,140,140,0,1,40,3,97,wave_A
S2,234,32652,32792,140,140,0,1,40,3,97,wave_A
S2,235,32792,32932,140,140,0,1,40,3,97,wave_A
S2,236,32932,33072,140,140,0,1,40,3,97,wave_A
S2,237,33072,33212,140,140,0,1,40,3,97,wave_A
S2,238,33212,33352,140,140,0,1,40,3,97,wave_A
S2,239,33352,33492,140,140,0,1,40,3,97,wave_A
S2,240,33492,33632,140,140,0,1,40,3,97,wave_A
S2,241,33632,33772,140,140,0,1,40,3,97,wave_A
S2,242,33772,33912,140,140,0,1,40,3,97,wave_A
S2,243,33912,34052,140,140,0,1,40,3,97,wave_A
S2,244,34052,34192,140,140,0,1,40,3,97,wave_A
S2,245,34192,34332,140,140,0,1,40,3,97,wave_A
S2,246,34332,34472,140,140,0,1,40,3,97,wave_A
S2,247,34472,34612,140,140,0,1,40,3,97,wave_A
S2,248,34612,34752,140,140,0,1,40,3,97,wave_A
S2,249,34752,34892,140,140,0,1,40,3,97,wave_A
S2,250,34892,35032,140,140,0,1,40,3,97,wave_A
S2,251,35032,35172,140,140,0,1,40,3,97,wave_A
S2,252,35172,35312,140,140,0,1,40,3,97,wave_A
S2,253,35312,35452,140,140,0,1,40,3,97,wave_A
S2,254,35452,35592,140,140,0,1,40,3,97,wave_A
S2,255,35592,35732,140,140,0,1,40,3,97,wave_A
S2,256,35732,35872,140,140,0,1,40,3,97,wave_A
S2,257,35872,36012,140,140,0,1,40,3,97,wave_A
S2,258,36012,36152,140,140,0,1,40,3,97,wave_A
S2,259,36152,36292,140,140,0,1,40,3,97,wave_A
S2,260,36292,36432,140,140,0,1,40,3,97,wave_A
S2,261,36432,36572,140,140,0,1,40,3,97,wave_A
S2,262,36572,36712,140,140,0,1,40,3,97,wave_A
S2,263,36712,36852,140,140,0,1,40,3,97,wave_A
S2,264,36852,36992,140,140,0,1,40,3,97,wave_A
S2,265,36992,37132,140,140,0,1,40,3,97,wave_A
S2,266,37132,37272,140,140,0,1,40,3,97,wave_A
S2,267,37272,37412,140,140,0,1,40,3,97,wave_A
S2,268,37412,37552,140,140,0,1,40,3,97,wave_A
S2,269,37552,37692,140,140,0,1,40,3,97,wave_A
S2,270,37692,37832,140,140,0,1,40,3,97,wave_A
S2,271,37832,37972,140,140,0,1,40,3,97,wave_A
S2,272,37972,38112,140,140,0,1,40,3,97,wave_A
S2,273,38112,38252,140,140,0,1,40,3,97,wave_A
S2,274,38252,38392,140,140,0,1,40,3,97,wave_A
S2,275,38392,38532,140,140,0,1,40,3,97,wave_A
S2,276,38532,38672,140,140,0,1,40,3,97,wave_A
S2,277,38672,38812,140,140,0,1,40,3,97,wave_A
S2,278,38812,38952,140,140,0,1,40,3,97,wave_A
S2,279,38952,39092,140,140,0,1,40,3,97,wave_A
S2,280,39092,39232,140,140,0,1,40,3,97,wave_A
S2,281,39232,39372,140,140,0,1,40,3,97,wave_A
S2,282,39372,39512,140,140,0,1,40,3,97,wave_A
S2,283,39512,39652,140,140,0,1,40,3,97,wave_A
S2,284,39652,39792,140,140,0,1,40,3,97,wave_A
S2,285,39792,39932,140,140,0,1,40,3,97,wave_A
S2,286,39932,40072,140,140,0,1,40,3,97,wave_A
S2,287,40072,40212,140,140,0,1,40,3,97,wave_A
S2,288,40212,40352,140,140,0,1,40,3,97,wave_A
S2,289,40352,40492,140,140,0,1,40,3,97,wave_A
S2,290,40492,40632,140,140,0,1,40,3,97,wave_A
S2,291,40632,40772,140,140,0,1,40,3,97,wave_A
S2,292,40772,40912,140,140,0,1,40,3,97,wave_A
S2,293,40912,41052,140,140,0,1,40,3,97,wave_A
S2,294,41052,41192,140,140,0,1,40,3,97,wave_A
S2,295,41192,41332,140,140,0,1,40,3,97,wave_A
S2,296,41332,41472,140,140,0,1,40,3,97,wave_A
S2,297,41472,41612,140,140,0,1,40,3,97,wave_A
S2,298,41612,41752,140,140,0,1,40,3,97,wave_A
S2,299,41752,41892,140,140,0,1,40,3,97,wave_A
S2,300,41892,42032,140,140,0,1,40,3,97,wave_A
S2,301,42032,42172,140,140,0,1,40,3,97,wave_A
S2,302,42172,42312,140,140,0,1,40,3,97,wave_A
S2,303,42312,42452,140,140,0,1,40,3,97,wave_A
S2,304,42452,42592,140,140,0,1,40,3,97,wave_A
S2,305,42592,42732,140,140,0,1,40,3,97,wave_A
S2,306,42732,42872,140,140,0,1,40,3,97,wave_A
S2,307,42872,43012,140,140,0,1,40,3,97,wave_A
S2,308,43012,43152,140,140,0,1,40,3,97,wave_A
S2,309,43152,43292,140,140,0,1,40,3,97,wave_A
S2,310,43292,43432,140,140,0,1,40,3,97,wave_A
S2,311,43432,43572,140,140,0,1,40,3,97,wave_A
S2,312,43572,43712,140,140,0,1,40,3,97,wave_A
S2,313,43712,43852,140,140,0,1,40,3,97,wave_A
S2,314,43852,43992,140,140,0,1,40,3,97,wave_A
S2,315,43992,44132,140,140,0,1,40,3,97,wave_A
S2,316,44132,44272,140,140,0,1,40,3,97,wave_A
S2,317,44272,44412,140,140,0,1,40,3,97,wave_A
S2,318,44412,44552,140,140,0,1,40,3,97,wave_A
S2,319,44552,44692,140,140,0,1,40,3,97,wave_A
S2,320,44692,44832,140,140,0,1,40,3,97,wave_A
S2,321,44832,44972,140,140,0,1,40,3,97,wave_A
S2,322,44972,45112,140,140,0,1,40,3,97,wave_A
S2,323,45112,45252,140,140,0,1,40,3,97,wave_A
S2,324,45252,45392,140,140,0,1,40,3,97,wave_A
S2,325,45392,45532,140,140,0,1,40,3,97,wave_A
S2,326,45532,45672,140,140,0,1,40,3,97,wave_A
S2,327,45672,45812,140,140,0,1,40,3,97,wave_A
S2,328,45812,45952,140,140,0,1,40,3,97,wave_A
S2,329,45952,46092,140,140,0,1,40,3,97,wave_A
S2,330,46092,46232,140,140,0,1,40,3,97,wave_A
S2,331,46232,46372,140,140,0,1,40,3,97,wave_A
S2,332,46372,46512,140,140,0,1,40,3,97,wave_A
S2,333,46512,46652,140,140,0,1,40,3,97,wave_A
S2,334,46652,46792,140,140,0,1,40,3,97,wave_A
S2,335,46792,46932,140,140,0,1,40,3,97,wave_A
S2,336,46932,47072,140,140,0,1,40,3,97,wave_A
S2,337,47072,47212,140,140,0,1,40,3,97,wave_A
S2,338,47212,47352,140,140,0,1,40,3,97,wave_A
S2,339,47352,47492,140,140,0,1,40,3,97,wave_A
S2,340,47492,47632,140,140,0,1,40,3,97,wave_A
S2,341,47632,47772,140,140,0,1,40,3,97,wave_A
S2,342,47772,47912,140,140,0,1,40,3,97,wave_A
S2,343,47912,48052,140,140,0,1,40,3,97,wave_A
S2,344,48052,48192,140,140,0,1,40,3,97,wave_A
S2,345,48192,48332,140,140,0,1,40,3,97,wave_A
S2,346,48332,48472,140,140,0,1,40,3,97,wave_A
S2,347,48472,48612,140,140,0,1,40,3,97,wave_A
S2,348,48612,48752,140,140,0,1,40,3,97,wave_A
S2,349,48752,48892,140,140,0,1,40,3,97,wave_A
S2,350,48892,49032,140,140,0,1,40,3,97,wave_A
S2,351,49032,49172,140,140,0,1,40,3,97,wave_A
S2,352,49172,49312,140,140,0,1,40,3,97,wave_A
S2,353,49312,49452,140,140,0,1,40,3,97,wave_A
S2,354,49452,49592,140,140,0,1,40,3,97,wave_A
S2,355,49592,49732,140,140,0,1,40,3,97,wave_A
S2,356,49732,49872,140,140,0,1,40,3,97,wave_A
S2,357,49872,50012,140,140,0,1,40,3,97,wave_A
S2,358,50012,50152,140,140,0,1,40,3,97,wave_A
S2,359,50152,50292,140,140,0,1,40,3,97,wave_A
S2,360,50292,50432,140,140,0,1,40,3,97,wave_A
S2,361,50432,50572,140,140,0,1,40,3,97,wave_A
S2,362,50572,50712,140,140,0,1,40,3,97,wave_A
S2,363,50712,50852,140,140,0,1,40,3,97,wave_A
S2,364,50852,50992,140,140,0,1,40,3,97,wave_A
S2,365,50992,51132,140,140,0,1,40,3,97,wave_A
S2,366,51132,51272,140,140,0,1,40,3,97,wave_A
S2,367,51272,51412,140,140,0,1,40,3,97,wave_A
S2,368,51412,51552,140,140,0,1,40,3,97,wave_A
S2,369,51552,51692,140,140,0,1,40,3,97,wave_A
S2,370,51692,51832,140,140,0,1,40,3,97,wave_A
S2,371,51832,51972,140,140,0,1,40,3,97,wave_A
S2,372,51972,52112,140,140,0,1,40,3,97,wave_A
S2,373,52112,52252,140,140,0,1,40,3,97,wave_A
S2,374,52252,52392,140,140,0,1,40,3,97,wave_A
S2,375,52392,52532,140,140,0,1,40,3,97,wave_A
S2,376,52532,52672,140,140,0,1,40,3,97,wave_A
S2,377,52672,52812,140,140,0,1,40,3,97,wave_A
S2,378,52812,52952,140,140,0,1,40,3,97,wave_A
S2,379,52952,53092,140,140,0,1,40,3,97,wave_A
S2,380,53092,53232,140,140,0,1,40,3,97,wave_A
S2,381,53232,53372,140,140,0,1,40,3,97,wave_A
S2,382,53372,53512,140,140,0,1,40,3,97,wave_A
S2,383,53512,53652,140,140,0,1,40,3,97,wave_A
S2,384,53652,53792,140,140,0,1,40,3,97,wave_A
S2,385,53792,53932,140,140,0,1,40,3,97,wave_A
S2,386,53932,54072,140,140,0,1,40,3,97,wave_A
S2,387,54072,54212,140,140,0,1,40,3,97,wave_A
S2,388,54212,54352,140,140,0,1,40,3,97,wave_A
S2,389,54352,54492,140,140,0,1,40,3,97,wave_A
S2,390,54492,54632,140,140,0,1,40,3,97,wave_A
S2,391,54632,54772,140,140,0,1,40,3,97,wave_A
S2,392,54772,54912,140,140,0,1,40,3,97,wave_A
S2,393,54912,55052,140,140,0,1,40,3,97,wave_A
S2,394,55052,55192,140,140,0,1,40,3,97,wave_A
S2,395,55192,55332,140,140,0,1,40,3,97,wave_A
S2,396,55332,55472,140,140,0,1,40,3,97,wave_A
S2,397,55472,55612,140,140,0,1,40,3,97,wave_A
S2,398,55612,55752,140,140,0,1,40,3,97,wave_A
S2,399,55752,55892,140,140,0,1,40,3,97,wave_A
S2,400,55892,56032,140,140,0,1,40,3,97,wave_A
S2,401,56032,56172,140,140,0,1,40,3,97,wave_A
S2,402,56172,56312,140,140,0,1,40,3,97,wave_A
S2,403,56312,56452,140,140,0,1,40,3,97,wave_A
S2,404,56452,56592,140,140,0,1,40,3,97,wave_A
S2,405,56592,56732,140,140,0,1,40,3,97,wave_A
S2,406,56732,56872,140,140,0,1,40,3,97,wave_A
S2,407,56872,57012,140,140,0,1,40,3,97,wave_A
S2,408,57012,57152,140,140,0,1,40,3,97,wave_A
S2,409,57152,57292,140,140,0,1,40,3,97,wave_A
S2,410,57292,57432,140,140,0,1,40,3,97,wave_A
S2,411,57432,57572,140,140,0,1,40,3,97,wave_A
S3,1,78,218,140,140,0,1,55,3,82,wave_A
S3,2,218,358,140,140,0,1,55,3,82,wave_A
S3,3,358,498,140,140,0,1,55,3,82,wave_A
S3,4,498,638,140,140,0,1,55,3,82,wave_A
S3,5,638,778,140,140,0,1,55,3,82,wave_A
S3,6,778,918,140,140,0,1,55,3,82,wave_A
S3,7,918,1058,140,140,0,1,55,3,82,wave_A
S3,8,1058,1198,140,140,0,1,55,3,82,wave_A
S3,9,1198,1338,140,140,0,1,55,3,82,wave_A
S3,10,1338,1478,140,140,0,1,55,3,82,wave_A
S3,11,1478,1618,140,140,0,1,55,3,82,wave_A
S3,12,1618,1758,140,140,0,1,55,3,82,wave_A
S3,13,1758,1898,140,140,0,1,55,3,82,wave_A
S3,14,1898,2038,140,140,0,1,55,3,82,wave_A
S3,15,2038,2178,140,140,0,1,55,3,82,wave_A
S3,16,2178,2318,140,140,0,1,55,3,82,wave_A
S3,17,2318,2458,140,140,0,1,55,3,82,wave_A
S3,18,2458,2598,140,140,0,1,55,3,82,wave_A
S3,19,2598,2738,140,140,0,1,55,3,82,wave_A
S3,20,2738,2878,140,140,0,1,55,3,82,wave_A
S3,21,2878,3018,140,140,0,1,55,3,82,wave_A
S3,22,3018,3158,140,140,0,1,55,3,82,wave_A
S3,23,3158,3298,140,140,0,1,55,3,82,wave_A
S3,24,3298,3438,140,140,0,1,55,3,82,wave_A
S3,25,3438,3578,140,140,0,1,55,3,82,wave_A
S3,26,3578,3718,140,140,0,1,55,3,82,wave_A
S3,27,3718,3858,140,140,0,1,55,3,82,wave_A
S3,28,3858,3998,140,140,0,1,55,3,82,wave_A
S3,29,3998,4138,140,140,0,1,55,3,82,wave_A
S3,30,4138,4278,140,140,0,1,55,3,82,wave_A
S3,31,4278,4418,140,140,0,1,55,3,82,wave_A
S3,32,4418,4558,140,140,0,1,55,3,82,wave_A
S3,33,4558,4698,140,140,0,1,55,3,82,wave_A
S3,34,4698,4838,140,140,0,1,55,3,82,wave_A
S3,35,4838,4978,140,140,0,1,55,3,82,wave_A
S3,36,4978,5118,140,140,0,1,55,3,82,wave_A
S3,37,5118,5258,140,140,0,1,55,3,82,wave_A
S3,38,5258,5398,140,140,0,1,55,3,82,wave_A
S3,39,5398,5538,140,140,0,1,55,3,82,wave_A
S3,40,5538,5678,140,140,0,1,55,3,82,wave_A
S3,41,5678,5818,140,140,0,1,55,3,82,wave_A
S3,42,5818,5958,140,140,0,1,55,3,82,wave_A
S3,43,5958,6098,140,140,0,1,55,3,82,wave_A
S3,44,6098,6238,140,140,0,1,55,3,82,wave_A
S3,45,6238,6378,140,140,0,1,55,3,82,wave_A
S3,46,6378,6518,140,140,0,1,55,3,82,wave_A
S3,47,6518,6658,140,140,0,1,55,3,82,wave_A
S3,48,6658,6798,140,140,0,1,55,3,82,wave_A
S3,49,6798,6938,140,140,0,1,55,3,82,wave_A
S3,50,6938,7078,140,140,0,1,55,3,82,wave_A
S3,51,7078,7218,140,140,0,1,55,3,82,wave_A
S3,52,7218,7358,140,140,0,1,55,3,82,wave_A
S3,53,7358,7498,140,140,0,1,55,3,82,wave_A
S3,54,7498,7638,140,140,0,1,55,3,82,wave_A
S3,55,7638,7778,140,140,0,1,55,3,82,wave_A
S3,56,7778,7918,140,140,0,1,55,3,82,wave_A
S3,57,7918,8058,140,140,0,1,55,3,82,wave_A
S3,58,8058,8198,140,140,0,1,55,3,82,wave_A
S3,59,8198,8338,140,140,0,1,55,3,82,wave_A
S3,60,8338,8478,140,140,0,1,55,3,82,wave_A
S3,61,8478,8618,140,140,0,1,55,3,82,wave_A
S3,62,8618,8758,140,140,0,1,55,3,82,wave_A
S3,63,8758,8898,140,140,0,1,55,3,82,wave_A
S3,64,8898,9038,140,140,0,1,55,3,82,wave_A
S3,65,9038,9178,140,140,0,1,55,3,82,wave_A
S3,66,9178,9318,140,140,0,1,55,3,82,wave_A
S3,67,9318,9458,140,140,0,1,55,3,82,wave_A
S3,68,9458,9598,140,140,0,1,55,3,82,wave_A
S3,69,9598,9738,140,140,0,1,55,3,82,wave_A
S3,70,9738,9878,140,140,0,1,55,3,82,wave_A
S3,71,9878,10018,140,140,0,1,55,3,82,wave_A
S3,72,10018,10158,140,140,0,1,55,3,82,wave_A
S3,73,10158,10298,140,140,0,1,55,3,82,wave_A
S3,74,10298,10438,140,140,0,1,55,3,82,wave_A
S3,75,10438,10578,140,140,0,1,55,3,82,wave_A
S3,76,10578,10718,140,140,0,1,55,3,82,wave_A
S3,77,10718,10858,140,140,0,1,55,3,82,wave_A
S3,78,10858,10998,140,140,0,1,55,3,82,wave_A
S3,79,10998,11138,140,140,0,1,55,3,82,wave_A
S3,80,11138,11278,140,140,0,1,55,3,82,wave_A
S3,81,11278,11418,140,140,0,1,55,3,82,wave_A
S3,82,11418,11558,140,140,0,1,55,3,82,wave_A
S3,83,11558,11698,140,140,0,1,55,3,82,wave_A
S3,84,11698,11838,140,140,0,1,55,3,82,wave_A
S3,85,11838,11978,140,140,0,1,55,3,82,wave_A
S3,86,11978,12118,140,140,0,1,55,3,82,wave_A
S3,87,12118,12258,140,140,0,1,55,3,82,wave_A
S3,88,12258,12398,140,140,0,1,55,3,82,wave_A
S3,89,12398,12538,140,140,0,1,55,3,82,wave_A
S3,90,12538,12678,140,140,0,1,55,3,82,wave_A
S3,91,12678,12818,140,140,0,1,55,3,82,wave_A
S3,92,12818,12958,140,140,0,1,55,3,82,wave_A
S3,93,12958,13098,140,140,0,1,55,3,82,wave_A
S3,94,13098,13238,140,140,0,1,55,3,82,wave_A
S3,95,13238,13378,140,140,0,1,55,3,82,wave_A
S3,96,13378,13518,140,140,0,1,55,3,82,wave_A
S3,97,13518,13658,140,140,0,1,55,3,82,wave_A
S3,98,13658,13798,140,140,0,1,55,3,82,wave_A
S3,99,13798,13938,140,140,0,1,55,3,82,wave_A
S3,100,13938,14078,140,140,0,1,55,3,82,wave_A
S3,101,14078,14218,140,140,0,1,55,3,82,wave_A
S3,102,14218,14358,140,140,0,1,55,3,82,wave_A
S3,103,14358,14498,140,140,0,1,55,3,82,wave_A
S3,104,14498,14638,140,140,0,1,55,3,82,wave_A
S3,105,14638,14778,140,140,0,1,55,3,82,wave_A
S3,106,14778,14918,140,140,0,1,55,3,82,wave_A
S3,107,14918,15058,140,140,0,1,55,3,82,wave_A
S3,108,15058,15198,140,140,0,1,55,3,82,wave_A
S3,109,15198,15338,140,140,0,1,55,3,82,wave_A
S3,110,15338,15478,140,140,0,1,55,3,82,wave_A
S3,111,15478,15618,140,140,0,1,55,3,82,wave_A
S3,112,15618,15758,140,140,0,1,55,3,82,wave_A
S3,113,15758,15898,140,140,0,1,55,3,82,wave_A
S3,114,15898,16038,140,140,0,1,55,3,82,wave_A
S3,115,16038,16178,140,140,0,1,55,3,82,wave_A
S3,116,16178,16318,140,140,0,1,55,3,82,wave_A
S3,117,16318,16458,140,140,0,1,55,3,82,wave_A
S3,118,16458,16598,140,140,0,1,55,3,82,wave_A
S3,119,16598,16738,140,140,0,1,55,3,82,wave_A
S3,120,16738,16878,140,140,0,1,55,3,82,wave_A
S3,121,16878,17018,140,140,0,1,55,3,82,wave_A
S3,122,17018,17158,140,140,0,1,55,3,82,wave_A
S3,123,17158,17298,140,140,0,1,55,3,82,wave_A
S3,124,17298,17438,140,140,0,1,55,3,82,wave_A
S3,125,17438,17578,140,140,0,1,55,3,82,wave_A
S3,126,17578,17718,140,140,0,1,55,3,82,wave_A
S3,127,17718,17858,140,140,0,1,55,3,82,wave_A
S3,128,17858,17998,140,140,0,1,55,3,82,wave_A
S3,129,17998,18138,140,140,0,1,55,3,82,wave_A
S3,130,18138,18278,140,140,0,1,55,3,82,wave_A
S3,131,18278,18418,140,140,0,1,55,3,82,wave_A
S3,132,18418,18558,140,140,0,1,55,3,82,wave_A
S3,133,18558,18698,140,140,0,1,55,3,82,wave_A
S3,134,18698,18838,140,140,0,1,55,3,82,wave_A
S3,135,18838,18978,140,140,0,1,55,3,82,wave_A
S3,136,18978,19118,140,140,0,1,55,3,82,wave_A
S3,137,19118,19258,140,140,0,1,55,3,82,wave_A
S3,138,19258,19398,140,140,0,1,55,3,82,wave_A
S3,139,19398,19538,140,140,0,1,55,3,82,wave_A
S3,140,19538,19678,140,140,0,1,55,3,82,wave_A
S3,141,19678,19818,140,140,0,1,55,3,82,wave_A
S3,142,19818,19958,140,140,0,1,55,3,82,wave_A
S3,143,19958,20098,140,140,0,1,55,3,82,wave_A
S3,144,20098,20238,140,140,0,1,55,3,82,wave_A
S3,145,20238,20378,140,140,0,1,55,3,82,wave_A
S3,146,20378,20518,140,140,0,1,55,3,82,wave_A
S3,147,20518,20658,140,140,0,1,55,3,82,wave_A
S3,148,20658,20798,140,140,0,1,55,3,82,wave_A
S3,149,20798,20938,140,140,0,1,55,3,82,wave_A
S3,150,20938,21078,140,140,0,1,55,3,82,wave_A
S3,151,21078,21218,140,140,0,1,55,3,82,wave_A
S3,152,21218,21358,140,140,0,1,55,3,82,wave_A
S3,153,21358,21498,140,140,0,1,55,3,82,wave_A
S3,154,21498,21638,140,140,0,1,55,3,82,wave_A
S3,155,21638,21778,140,140,0,1,55,3,82,wave_A
S3,156,21778,21918,140,140,0,1,55,3,82,wave_A
S3,157,21918,22058,140,140,0,1,55,3,82,wave_A
S3,158,22058,22198,140,140,0,1,55,3,82,wave_A
S3,159,22198,22338,140,140,0,1,55,3,82,wave_A
S3,160,22338,22478,140,140,0,1,55,3,82,wave_A
S3,161,22478,22618,140,140,0,1,55,3,82,wave_A
S3,162,22618,22758,140,140,0,1,55,3,82,wave_A
S3,163,22758,22898,140,140,0,1,55,3,82,wave_A
S3,164,22898,23038,140,140,0,1,55,3,82,wave_A
S3,165,23038,23178,140,140,0,1,55,3,82,wave_A
S3,166,23178,23318,140,140,0,1,55,3,82,wave_A
S3,167,23318,23458,140,140,0,1,55,3,82,wave_A
S3,168,23458,23598,140,140,0,1,55,3,82,wave_A
S3,169,23598,23738,140,140,0,1,55,3,82,wave_A
S3,170,23738,23878,140,140,0,1,55,3,82,wave_A
S3,171,23878,24018,140,140,0,1,55,3,82,wave_A
S3,172,24018,24158,140,140,0,1,55,3,82,wave_A
S3,173,24158,24298,140,140,0,1,55,3,82,wave_A
S3,174,24298,24438,140,140,0,1,55,3,82,wave_A
S3,175,24438,24578,140,140,0,1,55,3,82,wave_A
S3,176,24578,24718,140,140,0,1,55,3,82,wave_A
S3,177,24718,24858,140,140,0,1,55,3,82,wave_A
S3,178,24858,24998,140,140,0,1,55,3,82,wave_A
S3,179,24998,25138,140,140,0,1,55,3,82,wave_A
S3,180,25138,25278,140,140,0,1,55,3,82,wave_A
S3,181,25278,25418,140,140,0,1,55,3,82,wave_A
S3,182,25418,25558,140,140,0,1,55,3,82,wave_A
S3,183,25558,25698,140,140,0,1,55,3,82,wave_A
S3,184,25698,25838,140,140,0,1,55,3,82,wave_A
S3,185,25838,25978,140,140,0,1,55,3,82,wave_A
S3,186,25978,26118,140,140,0,1,55,3,82,wave_A
S3,187,26118,26258,140,140,0,1,55,3,82,wave_A
S3,188,26258,26398,140,140,0,1,55,3,82,wave_A
S3,189,26398,26538,140,140,0,1,55,3,82,wave_A
S3,190,26538,26678,140,140,0,1,55,3,82,wave_A
S3,191,26678,26818,140,140,0,1,55,3,82,wave_A
S3,192,26818,26958,140,140,0,1,55,3,82,wave_A
S3,193,26958,27098,140,140,0,1,55,3,82,wave_A
S3,194,27098,27238,140,140,0,1,55,3,82,wave_A
S3,195,27238,27378,140,140,0,1,55,3,82,wave_A
S3,196,27378,27518,140,140,0,1,55,3,82,wave_A
S3,197,27518,27658,140,140,0,1,55,3,82,wave_A
S3,198,27658,27798,140,140,0,1,55,3,82,wave_A
S3,199,27798,27938,140,140,0,1,55,3,82,wave_A
S3,200,27938,28078,140,140,0,1,55,3,82,wave_A
S3,201,28078,28218,140,140,0,1,55,3,82,wave_A
S3,202,28218,28358,140,140,0,1,55,3,82,wave_A
S3,203,28358,28498,140,140,0,1,55,3,82,wave_A
S3,204,28498,28638,140,140,0,1,55,3,82,wave_A
S3,205,28638,28778,140,140,0,1,55,3,82,wave_A
S3,206,28778,28918,140,140,0,1,55,3,82,wave_A
S3,207,28918,29058,140,140,0,1,55,3,82,wave_A
S3,208,29058,29198,140,140,0,1,55,3,82,wave_A
S3,209,29198,29338,140,140,0,1,55,3,82,wave_A
S3,210,29338,29478,140,140,0,1,55,3,82,wave_A
S3,211,29478,29618,140,140,0,1,55,3,82,wave_A
S3,212,29618,29758,140,140,0,1,55,3,82,wave_A
S3,213,29758,29898,140,140,0,1,55,3,82,wave_A
S3,214,29898,30038,140,140,0,1,55,3,82,wave_A
S3,215,30038,30178,140,140,0,1,55,3,82,wave_A
S3,216,30178,30318,140,140,0,1,55,3,82,wave_A
S3,217,30318,30458,140,140,0,1,55,3,82,wave_A
S3,218,30458,30598,140,140,0,1,55,3,82,wave_A
S3,219,30598,30738,140,140,0,1,55,3,82,wave_A
S3,220,30738,30878,140,140,0,1,55,3,82,wave_A
S3,221,30878,31018,140,140,0,1,55,3,82,wave_A
S3,222,31018,31158,140,140,0,1,55,3,82,wave_A
S3,223,31158,31298,140,140,0,1,55,3,82,wave_A
S3,224,31298,31438,140,140,0,1,55,3,82,wave_A
S3,225,31438,31578,140,140,0,1,55,3,82,wave_A
S3,226,31578,31718,140,140,0,1,55,3,82,wave_A
S3,227,31718,31858,140,140,0,1,55,3,82,wave_A
S3,228,31858,31998,140,140,0,1,55,3,82,wave_A
S3,229,31998,32138,140,140,0,1,55,3,82,wave_A
S3,230,32138,32278,140,140,0,1,55,3,82,wave_A
S3,231,32278,32418,140,140,0,1,55,3,82,wave_A
S3,232,32418,32558,140,140,0,1,55,3,82,wave_A
S3,233,32558,32698,140,140,0,1,55,3,82,wave_A
S3,234,32698,32838,140,140,0,1,55,3,82,wave_A
S3,235,32838,32978,140,140,0,1,55,3,82,wave_A
S3,236,32978,33118,140,140,0,1,55,3,82,wave_A
S3,237,33118,33258,140,140,0,1,55,3,82,wave_A
S3,238,33258,33398,140,140,0,1,55,3,82,wave_A
S3,239,33398,33538,140,140,0,1,55,3,82,wave_A
S3,240,33538,33678,140,140,0,1,55,3,82,wave_A
S3,241,33678,33818,140,140,0,1,55,3,82,wave_A
S3,242,33818,33958,140,140,0,1,55,3,82,wave_A
S3,243,33958,34098,140,140,0,1,55,3,82,wave_A
S3,244,34098,34238,140,140,0,1,55,3,82,wave_A
S3,245,34238,34378,140,140,0,1,55,3,82,wave_A
S3,246,34378,34518,140,140,0,1,55,3,82,wave_A
S3,247,34518,34658,140,140,0,1,55,3,82,wave_A
S3,248,34658,34798,140,140,0,1,55,3,82,wave_A
S3,249,34798,34938,140,140,0,1,55,3,82,wave_A
S3,250,34938,35078,140,140,0,1,55,3,82,wave_A
S3,251,35078,35218,140,140,0,1,55,3,82,wave_A
S3,252,35218,35358,140,140,0,1,55,3,82,wave_A
S3,253,35358,35498,140,140,0,1,55,3,82,wave_A
S3,254,35498,35638,140,140,0,1,55,3,82,wave_A
S3,255,35638,35778,140,140,0,1,55,3,82,wave_A
S3,256,35778,35918,140,140,0,1,55,3,82,wave_A
S3,257,35918,36058,140,140,0,1,55,3,82,wave_A
S3,258,36058,36198,140,140,0,1,55,3,82,wave_A
S3,259,36198,36338,140,140,0,1,55,3,82,wave_A
S3,260,36338,36478,140,140,0,1,55,3,82,wave_A
S3,261,36478,36618,140,140,0,1,55,3,82,wave_A
S3,262,36618,36758,140,140,0,1,55,3,82,wave_A
S3,263,36758,36898,140,140,0,1,55,3,82,wave_A
S3,264,36898,37038,140,140,0,1,55,3,82,wave_A
S3,265,37038,37178,140,140,0,1,55,3,82,wave_A
S3,266,37178,37318,140,140,0,1,55,3,82,wave_A
S3,267,37318,37458,140,140,0,1,55,3,82,wave_A
S3,268,37458,37598,140,140,0,1,55,3,82,wave_A
S3,269,37598,37738,140,140,0,1,55,3,82,wave_A
S3,270,37738,37878,140,140,0,1,55,3,82,wave_A
S3,271,37878,38018,140,140,0,1,55,3,82,wave_A
S3,272,38018,38158,140,140,0,1,55,3,82,wave_A
S3,273,38158,38298,140,140,0,1,55,3,82,wave_A
S3,274,38298,38438,140,140,0,1,55,3,82,wave_A
S3,275,38438,38578,140,140,0,1,55,3,82,wave_A
S3,276,38578,38718,140,140,0,1,55,3,82,wave_A
S3,277,38718,38858,140,140,0,1,55,3,82,wave_A
S3,278,38858,38998,140,140,0,1,55,3,82,wave_A
S3,279,38998,39138,140,140,0,1,55,3,82,wave_A
S3,280,39138,39278,140,140,0,1,55,3,82,wave_A
S3,281,39278,39418,140,140,0,1,55,3,82,wave_A
S3,282,39418,39558,140,140,0,1,55,3,82,wave_A
S3,283,39558,39698,140,140,0,1,55,3,82,wave_A
S3,284,39698,39838,140,140,0,1,55,3,82,wave_A
S3,285,39838,39978,140,140,0,1,55,3,82,wave_A
S3,286,39978,40118,140,140,0,1,55,3,82,wave_A
S3,287,40118,40258,140,140,0,1,55,3,82,wave_A
S3,288,40258,40398,140,140,0,1,55,3,82,wave_A
S3,289,40398,40538,140,140,0,1,55,3,82,wave_A
S3,290,40538,40678,140,140,0,1,55,3,82,wave_A
S3,291,40678,40818,140,140,0,1,55,3,82,wave_A
S3,292,40818,40958,140,140,0,1,55,3,82,wave_A
S3,293,40958,41098,140,140,0,1,55,3,82,wave_A
S3,294,41098,41238,140,140,0,1,55,3,82,wave_A
S3,295,41238,41378,140,140,0,1,55,3,82,wave_A
S3,296,41378,41518,140,140,0,1,55,3,82,wave_A
S3,297,41518,41658,140,140,0,1,55,3,82,wave_A
S3,298,41658,41798,140,140,0,1,55,3,82,wave_A
S3,299,41798,41938,140,140,0,1,55,3,82,wave_A
S3,300,41938,42078,140,140,0,1,55,3,82,wave_A
S3,301,42078,42218,140,140,0,1,55,3,82,wave_A
S3,302,42218,42358,140,140,0,1,55,3,82,wave_A
S3,303,42358,42498,140,140,0,1,55,3,82,wave_A
S3,304,42498,42638,140,140,0,1,55,3,82,wave_A
S3,305,42638,42778,140,140,0,1,55,3,82,wave_A
S3,306,42778,42918,140,140,0,1,55,3,82,wave_A
S3,307,42918,43058,140,140,0,1,55,3,82,wave_A
S3,308,43058,43198,140,140,0,1,55,3,82,wave_A
S3,309,43198,43338,140,140,0,1,55,3,82,wave_A
S3,310,43338,43478,140,140,0,1,55,3,82,wave_A
S3,311,43478,43618,140,140,0,1,55,3,82,wave_A
S3,312,43618,43758,140,140,0,1,55,3,82,wave_A
S3,313,43758,43898,140,140,0,1,55,3,82,wave_A
S3,314,43898,44038,140,140,0,1,55,3,82,wave_A
S3,315,44038,44178,140,140,0,1,55,3,82,wave_A
S3,316,44178,44318,140,140,0,1,55,3,82,wave_A
S3,317,44318,44458,140,140,0,1,55,3,82,wave_A
S3,318,44458,44598,140,140,0,1,55,3,82,wave_A
S3,319,44598,44738,140,140,0,1,55,3,82,wave_A
S3,320,44738,44878,140,140,0,1,55,3,82,wave_A
S3,321,44878,45018,140,140,0,1,55,3,82,wave_A
S3,322,45018,45158,140,140,0,1,55,3,82,wave_A
S3,323,45158,45298,140,140,0,1,55,3,82,wave_A
S3,324,45298,45438,140,140,0,1,55,3,82,wave_A
S3,325,45438,45578,140,140,0,1,55,3,82,wave_A
S3,326,45578,45718,140,140,0,1,55,3,82,wave_A
S3,327,45718,45858,140,140,0,1,55,3,82,wave_A
S3,328,45858,45998,140,140,0,1,55,3,82,wave_A
S3,329,45998,46138,140,140,0,1,55,3,82,wave_A
S3,330,46138,46278,140,140,0,1,55,3,82,wave_A
S3,331,46278,46418,140,140,0,1,55,3,82,wave_A
S3,332,46418,46558,140,140,0,1,55,3,82,wave_A
S3,333,46558,46698,140,140,0,1,55,3,82,wave_A
S3,334,46698,46838,140,140,0,1,55,3,82,wave_A
S3,335,46838,46978,140,140,0,1,55,3,82,wave_A
S3,336,46978,47118,140,140,0,1,55,3,82,wave_A
S3,337,47118,47258,140,140,0,1,55,3,82,wave_A
S3,338,47258,47398,140,140,0,1,55,3,82,wave_A
S3,339,47398,47538,140,140,0,1,55,3,82,wave_A
S3,340,47538,47678,140,140,0,1,55,3,82,wave_A
S3,341,47678,47818,140,140,0,1,55,3,82,wave_A
S3,342,47818,47958,140,140,0,1,55,3,82,wave_A
S3,343,47958,48098,140,140,0,1,55,3,82,wave_A
S3,344,48098,48238,140,140,0,1,55,3,82,wave_A
S3,345,48238,48378,140,140,0,1,55,3,82,wave_A
S3,346,48378,48518,140,140,0,1,55,3,82,wave_A
S3,347,48518,48658,140,140,0,1,55,3,82,wave_A
S3,348,48658,48798,140,140,0,1,55,3,82,wave_A
S3,349,48798,48938,140,140,0,1,55,3,82,wave_A
S3,350,48938,49078,140,140,0,1,55,3,82,wave_A
S3,351,49078,49218,140,140,0,1,55,3,82,wave_A
S3,352,49218,49358,140,140,0,1,55,3,82,wave_A
S3,353,49358,49498,140,140,0,1,55,3,82,wave_A
S3,354,49498,49638,140,140,0,1,55,3,82,wave_A
S3,355,49638,49778,140,140,0,1,55,3,82,wave_A
S3,356,49778,49918,140,140,0,1,55,3,82,wave_A
S3,357,49918,50058,140,140,0,1,55,3,82,wave_A
S3,358,50058,50198,140,140,0,1,55,3,82,wave_A
S3,359,50198,50338,140,140,0,1,55,3,82,wave_A
S3,360,50338,50478,140,140,0,1,55,3,82,wave_A
S3,361,50478,50618,140,140,0,1,55,3,82,wave_A
S3,362,50618,50758,140,140,0,1,55,3,82,wave_A
S3,363,50758,50898,140,140,0,1,55,3,82,wave_A
S3,364,50898,51038,140,140,0,1,55,3,82,wave_A
S3,365,51038,51178,140,140,0,1,55,3,82,wave_A
S3,366,51178,51318,140,140,0,1,55,3,82,wave_A
S3,367,51318,51458,140,140,0,1,55,3,82,wave_A
S3,368,51458,51598,140,140,0,1,55,3,82,wave_A
S3,369,51598,51738,140,140,0,1,55,3,82,wave_A
S3,370,51738,51878,140,140,0,1,55,3,82,wave_A
S3,371,51878,52018,140,140,0,1,55,3,82,wave_A
S3,372,52018,52158,140,140,0,1,55,3,82,wave_A
S3,373,52158,52298,140,140,0,1,55,3,82,wave_A
S3,374,52298,52438,140,140,0,1,55,3,82,wave_A
S3,375,52438,52578,140,140,0,1,55,3,82,wave_A
S3,376,52578,52718,140,140,0,1,55,3,82,wave_A
S3,377,52718,52858,140,140,0,1,55,3,82,wave_A
S3,378,52858,52998,140,140,0,1,55,3,82,wave_A
S3,379,52998,53138,140,140,0,1,55,3,82,wave_A
S3,380,53138,53278,140,140,0,1,55,3,82,wave_A
S3,381,53278,53418,140,140,0,1,55,3,82,wave_A
S3,382,53418,53558,140,140,0,1,55,3,82,wave_A
S3,383,53558,53698,140,140,0,1,55,3,82,wave_A
S3,384,53698,53838,140,140,0,1,55,3,82,wave_A
S3,385,53838,53978,140,140,0,1,55,3,82,wave_A
S3,386,53978,54118,140,140,0,1,55,3,82,wave_A
S3,387,54118,54258,140,140,0,1,55,3,82,wave_A
S3,388,54258,54398,140,140,0,1,55,3,82,wave_A
S3,389,54398,54538,140,140,0,1,55,3,82,wave_A
S3,390,54538,54678,140,140,0,1,55,3,82,wave_A
S3,391,54678,54818,140,140,0,1,55,3,82,wave_A
S3,392,54818,54958,140,140,0,1,55,3,82,wave_A
S3,393,54958,55098,140,140,0,1,55,3,82,wave_A
S3,394,55098,55238,140,140,0,1,55,3,82,wave_A
S3,395,55238,55378,140,140,0,1,55,3,82,wave_A
S3,396,55378,55518,140,140,0,1,55,3,82,wave_A
S3,397,55518,55658,140,140,0,1,55,3,82,wave_A
S3,398,55658,55798,140,140,0,1,55,3,82,wave_A
S3,399,55798,55938,140,140,0,1,55,3,82,wave_A
S3,400,55938,56078,140,140,0,1,55,3,82,wave_A
S3,401,56078,56218,140,140,0,1,55,3,82,wave_A
S3,402,56218,56358,140,140,0,1,55,3,82,wave_A
S3,403,56358,56498,140,140,0,1,55,3,82,wave_A
S3,404,56498,56638,140,140,0,1,55,3,82,wave_A
S3,405,56638,56778,140,140,0,1,55,3,82,wave_A
S3,406,56778,56918,140,140,0,1,55,3,82,wave_A
S3,407,56918,57058,140,140,0,1,55,3,82,wave_A
S3,408,57058,57198,140,140,0,1,55,3,82,wave_A
S3,409,57198,57338,140,140,0,1,55,3,82,wave_A
S3,410,57338,57478,140,140,0,1,55,3,82,wave_A
S3,411,57478,57618,140,140,0,1,55,3,82,wave_A
S4,1,104,244,140,140,0,1,53,3,84,wave_A
S4,2,244,384,140,140,0,1,53,3,84,wave_A
S4,3,384,524,140,140,0,1,53,3,84,wave_A
S4,4,524,664,140,140,0,1,53,3,84,wave_A
S4,5,664,804,140,140,0,1,53,3,84,wave_A
S4,6,804,944,140,140,0,1,53,3,84,wave_A
S4,7,944,1084,140,140,0,1,53,3,84,wave_A
S4,8,1084,1224,140,140,0,1,53,3,84,wave_A
S4,9,1224,1364,140,140,0,1,53,3,84,wave_A
S4,10,1364,1504,140,140,0,1,53,3,84,wave_A
S4,11,1504,1644,140,140,0,1,53,3,84,wave_A
S4,12,1644,1784,140,140,0,1,53,3,84,wave_A
S4,13,1784,1924,140,140,0,1,53,3,84,wave_A
S4,14,1924,2064,140,140,0,1,53,3,84,wave_A
S4,15,2064,2204,140,140,0,1,53,3,84,wave_A
S4,16,2204,2344,140,140,0,1,53,3,84,wave_A
S4,17,2344,2484,140,140,0,1,53,3,84,wave_A
S4,18,2484,2624,140,140,0,1,53,3,84,wave_A
S4,19,2624,2764,140,140,0,1,53,3,84,wave_A
S4,20,2764,2904,140,140,0,1,53,3,84,wave_A
S4,21,2904,3044,140,140,0,1,53,3,84,wave_A
S4,22,3044,3184,140,140,0,1,53,3,84,wave_A
S4,23,3184,3324,140,140,0,1,53,3,84,wave_A
S4,24,3324,3464,140,140,0,1,53,3,84,wave_A
S4,25,3464,3604,140,140,0,1,53,3,84,wave_A
S4,26,3604,3744,140,140,0,1,53,3,84,wave_A
S4,27,3744,3884,140,140,0,1,53,3,84,wave_A
S4,28,3884,4024,140,140,0,1,53,3,84,wave_A
S4,29,4024,4164,140,140,0,1,53,3,84,wave_A
S4,30,4164,4304,140,140,0,1,53,3,84,wave_A
S4,31,4304,4444,140,140,0,1,53,3,84,wave_A
S4,32,4444,4584,140,140,0,1,53,3,84,wave_A
S4,33,4584,4724,140,140,0,1,53,3,84,wave_A
S4,34,4724,4864,140,140,0,1,53,3,84,wave_A
S4,35,4864,5004,140,140,0,1,53,3,84,wave_A
S4,36,5004,5144,140,140,0,1,53,3,84,wave_A
S4,37,5144,5284,140,140,0,1,53,3,84,wave_A
S4,38,5284,5424,140,140,0,1,53,3,84,wave_A
S4,39,5424,5564,140,140,0,1,53,3,84,wave_A
S4,40,5564,5704,140,140,0,1,53,3,84,wave_A
S4,41,5704,5844,140,140,0,1,53,3,84,wave_A
S4,42,5844,5984,140,140,0,1,53,3,84,wave_A
S4,43,5984,6124,140,140,0,1,53,3,84,wave_A
S4,44,6124,6264,140,140,0,1,53,3,84,wave_A
S4,45,6264,6404,140,140,0,1,53,3,84,wave_A
S4,46,6404,6544,140,140,0,1,53,3,84,wave_A
S4,47,6544,6684,140,140,0,1,53,3,84,wave_A
S4,48,6684,6824,140,140,0,1,53,3,84,wave_A
S4,49,6824,6964,140,140,0,1,53,3,84,wave_A
S4,50,6964,7104,140,140,0,1,53,3,84,wave_A
S4,51,7104,7244,140,140,0,1,53,3,84,wave_A
S4,52,7244,7384,140,140,0,1,53,3,84,wave_A
S4,53,7384,7524,140,140,0,1,53,3,84,wave_A
S4,54,7524,7664,140,140,0,1,53,3,84,wave_A
S4,55,7664,7804,140,140,0,1,53,3,84,wave_A
S4,56,7804,7944,140,140,0,1,53,3,84,wave_A
S4,57,7944,8084,140,140,0,1,53,3,84,wave_A
S4,58,8084,8224,140,140,0,1,53,3,84,wave_A
S4,59,8224,8364,140,140,0,1,53,3,84,wave_A
S4,60,8364,8504,140,140,0,1,53,3,84,wave_A
S4,61,8504,8644,140,140,0,1,53,3,84,wave_A
S4,62,8644,8784,140,140,0,1,53,3,84,wave_A
S4,63,8784,8924,140,140,0,1,53,3,84,wave_A
S4,64,8924,9064,140,140,0,1,53,3,84,wave_A
S4,65,9064,9204,140,140,0,1,53,3,84,wave_A
S4,66,9204,9344,140,140,0,1,53,3,84,wave_A
S4,67,9344,9484,140,140,0,1,53,3,84,wave_A
S4,68,9484,9624,140,140,0,1,53,3,84,wave_A
S4,69,9624,9764,140,140,0,1,53,3,84,wave_A
S4,70,9764,9904,140,140,0,1,53,3,84,wave_A
S4,71,9904,10044,140,140,0,1,53,3,84,wave_A
S4,72,10044,10184,140,140,0,1,53,3,84,wave_A
S4,73,10184,10324,140,140,0,1,53,3,84,wave_A
S4,74,10324,10464,140,140,0,1,53,3,84,wave_A
S4,75,10464,10604,140,140,0,1,53,3,84,wave_A
S4,76,10604,10744,140,140,0,1,53,3,84,wave_A
S4,77,10744,10884,140,140,0,1,53,3,84,wave_A
S4,78,10884,11024,140,140,0,1,53,3,84,wave_A
S4,79,11024,11164,140,140,0,1,53,3,84,wave_A
S4,80,11164,11304,140,140,0,1,53,3,84,wave_A
S4,81,11304,11444,140,140,0,1,53,3,84,wave_A
S4,82,11444,11584,140,140,0,1,53,3,84,wave_A
S4,83,11584,11724,140,140,0,1,53,3,84,wave_A
S4,84,11724,11864,140,140,0,1,53,3,84,wave_A
S4,85,11864,12004,140,140,0,1,53,3,84,wave_A
S4,86,12004,12144,140,140,0,1,53,3,84,wave_A
S4,87,12144,12284,140,140,0,1,53,3,84,wave_A
S4,88,12284,12424,140,140,0,1,53,3,84,wave_A
S4,89,12424,12564,140,140,0,1,53,3,84,wave_A
S4,90,12564,12704,140,140,0,1,53,3,84,wave_A
S4,91,12704,12844,140,140,0,1,53,3,84,wave_A
S4,92,12844,12984,140,140,0,1,53,3,84,wave_A
S4,93,12984,13124,140,140,0,1,53,3,84,wave_A
S4,94,13124,13264,140,140,0,1,53,3,84,wave_A
S4,95,13264,13404,140,140,0,1,53,3,84,wave_A
S4,96,13404,13544,140,140,0,1,53,3,84,wave_A
S4,97,13544,13684,140,140,0,1,53,3,84,wave_A
S4,98,13684,13824,140,140,0,1,53,3,84,wave_A
S4,99,13824,13964,140,140,0,1,53,3,84,wave_A
S4,100,13964,14104,140,140,0,1,53,3,84,wave_A
S4,101,14104,14244,140,140,0,1,53,3,84,wave_A
S4,102,14244,14384,140,140,0,1,53,3,84,wave_A
S4,103,14384,14524,140,140,0,1,53,3,84,wave_A
S4,104,14524,14664,140,140,0,1,53,3,84,wave_A
S4,105,14664,14804,140,140,0,1,53,3,84,wave_A
S4,106,14804,14944,140,140,0,1,53,3,84,wave_A
S4,107,14944,15084,140,140,0,1,53,3,84,wave_A
S4,108,15084,15224,140,140,0,1,53,3,84,wave_A
S4,109,15224,15364,140,140,0,1,53,3,84,wave_A
S4,110,15364,15504,140,140,0,1,53,3,84,wave_A
S4,111,15504,15644,140,140,0,1,53,3,84,wave_A
S4,112,15644,15784,140,140,0,1,53,3,84,wave_A
S4,113,15784,15924,140,140,0,1,53,3,84,wave_A
S4,114,15924,16064,140,140,0,1,53,3,84,wave_A
S4,115,16064,16204,140,140,0,1,53,3,84,wave_A
S4,116,16204,16344,140,140,0,1,53,3,84,wave_A
S4,117,16344,16484,140,140,0,1,53,3,84,wave_A
S4,118,16484,16624,140,140,0,1,53,3,84,wave_A
S4,119,16624,16764,140,140,0,1,53,3,84,wave_A
S4,120,16764,16904,140,140,0,1,53,3,84,wave_A
S4,121,16904,17044,140,140,0,1,53,3,84,wave_A
S4,122,17044,17184,140,140,0,1,53,3,84,wave_A
S4,123,17184,17324,140,140,0,1,53,3,84,wave_A
S4,124,17324,17464,140,140,0,1,53,3,84,wave_A
S4,125,17464,17604,140,140,0,1,53,3,84,wave_A
S4,126,17604,17744,140,140,0,1,53,3,84,wave_A
S4,127,17744,17884,140,140,0,1,53,3,84,wave_A
S4,128,17884,18024,140,140,0,1,53,3,84,wave_A
S4,129,18024,18164,140,140,0,1,53,3,84,wave_A
S4,130,18164,18304,140,140,0,1,53,3,84,wave_A
S4,131,18304,18444,140,140,0,1,53,3,84,wave_A
S4,132,18444,18584,140,140,0,1,53,3,84,wave_A
S4,133,18584,18724,140,140,0,1,53,3,84,wave_A
S4,134,18724,18864,140,140,0,1,53,3,84,wave_A
S4,135,18864,19004,140,140,0,1,53,3,84,wave_A
S4,136,19004,19144,140,140,0,1,53,3,84,wave_A
S4,137,19144,19284,140,140,0,1,53,3,84,wave_A
S4,138,19284,19424,140,140,0,1,53,3,84,wave_A
S4,139,19424,19564,140,140,0,1,53,3,84,wave_A
S4,140,19564,19704,140,140,0,1,53,3,84,wave_A
S4,141,19704,19844,140,140,0,1,53,3,84,wave_A
S4,142,19844,19984,140,140,0,1,53,3,84,wave_A
S4,143,19984,20124,140,140,0,1,53,3,84,wave_A
S4,144,20124,20264,140,140,0,1,53,3,84,wave_A
S4,145,20264,20404,140,140,0,1,53,3,84,wave_A
S4,146,20404,20544,140,140,0,1,53,3,84,wave_A
S4,147,20544,20684,140,140,0,1,53,3,84,wave_A
S4,148,20684,20824,140,140,0,1,53,3,84,wave_A
S4,149,20824,20964,140,140,0,1,53,3,84,wave_A
S4,150,20964,21104,140,140,0,1,53,3,84,wave_A
S4,151,21104,21244,140,140,0,1,53,3,84,wave_A
S4,152,21244,21384,140,140,0,1,53,3,84,wave_A
S4,153,21384,21524,140,140,0,1,53,3,84,wave_A
S4,154,21524,21664,140,140,0,1,53,3,84,wave_A
S4,155,21664,21804,140,140,0,1,53,3,84,wave_A
S4,156,21804,21944,140,140,0,1,53,3,84,wave_A
S4,157,21944,22084,140,140,0,1,53,3,84,wave_A
S4,158,22084,22224,140,140,0,1,53,3,84,wave_A
S4,159,22224,22364,140,140,0,1,53,3,84,wave_A
S4,160,22364,22504,140,140,0,1,53,3,84,wave_A
S4,161,22504,22644,140,140,0,1,53,3,84,wave_A
S4,162,22644,22784,140,140,0,1,53,3,84,wave_A
S4,163,22784,22924,140,140,0,1,53,3,84,wave_A
S4,164,22924,23064,140,140,0,1,53,3,84,wave_A
S4,165,23064,23204,140,140,0,1,53,3,84,wave_A
S4,166,23204,23344,140,140,0,1,53,3,84,wave_A
S4,167,23344,23484,140,140,0,1,53,3,84,wave_A
S4,168,23484,23624,140,140,0,1,53,3,84,wave_A
S4,169,23624,23764,140,140,0,1,53,3,84,wave_A
S4,170,23764,23904,140,140,0,1,53,3,84,wave_A
S4,171,23904,24044,140,140,0,1,53,3,84,wave_A
S4,172,24044,24184,140,140,0,1,53,3,84,wave_A
S4,173,24184,24324,140,140,0,1,53,3,84,wave_A
S4,174,24324,24464,140,140,0,1,53,3,84,wave_A
S4,175,24464,24604,140,140,0,1,53,3,84,wave_A
S4,176,24604,24744,140,140,0,1,53,3,84,wave_A
S4,177,24744,24884,140,140,0,1,53,3,84,wave_A
S4,178,24884,25024,140,140,0,1,53,3,84,wave_A
S4,179,25024,25164,140,140,0,1,53,3,84,wave_A
S4,180,25164,25304,140,140,0,1,53,3,84,wave_A
S4,181,25304,25444,140,140,0,1,53,3,84,wave_A
S4,182,25444,25584,140,140,0,1,53,3,84,wave_A
S4,183,25584,25724,140,140,0,1,53,3,84,wave_A
S4,184,25724,25864,140,140,0,1,53,3,84,wave_A
S4,185,25864,26004,140,140,0,1,53,3,84,wave_A
S4,186,26004,26144,140,140,0,1,53,3,84,wave_A
S4,187,26144,26284,140,140,0,1,53,3,84,wave_A
S4,188,26284,26424,140,140,0,1,53,3,84,wave_A
S4,189,26424,26564,140,140,0,1,53,3,84,wave_A
S4,190,26564,26704,140,140,0,1,53,3,84,wave_A
S4,191,26704,26844,140,140,0,1,53,3,84,wave_A
S4,192,26844,26984,140,140,0,1,53,3,84,wave_A
S4,193,26984,27124,140,140,0,1,53,3,84,wave_A
S4,194,27124,27264,140,140,0,1,53,3,84,wave_A
S4,195,27264,27404,140,140,0,1,53,3,84,wave_A
S4,196,27404,27544,140,140,0,1,53,3,84,wave_A
S4,197,27544,27684,140,140,0,1,53,3,84,wave_A
S4,198,27684,27824,140,140,0,1,53,3,84,wave_A
S4,199,27824,27964,140,140,0,1,53,3,84,wave_A
S4,200,27964,28104,140,140,0,1,53,3,84,wave_A
S4,201,28104,28244,140,140,0,1,53,3,84,wave_A
S4,202,28244,28384,140,140,0,1,53,3,84,wave_A
S4,203,28384,28524,140,140,0,1,53,3,84,wave_A
S4,204,28524,28664,140,140,0,1,53,3,84,wave_A
S4,205,28664,28804,140,140,0,1,53,3,84,wave_A
S4,206,28804,28944,140,140,0,1,53,3,84,wave_A
S4,207,28944,29084,140,140,0,1,53,3,84,wave_A
S4,208,29084,29224,140,140,0,1,53,3,84,wave_A
S4,209,29224,29364,140,140,0,1,53,3,84,wave_A
S4,210,29364,29504,140,140,0,1,53,3,84,wave_A
S4,211,29504,29644,140,140,0,1,53,3,84,wave_A
S4,212,29644,29784,140,140,0,1,53,3,84,wave_A
S4,213,29784,29924,140,140,0,1,53,3,84,wave_A
S4,214,29924,30064,140,140,0,1,53,3,84,wave_A
S4,215,30064,30204,140,140,0,1,53,3,84,wave_A
S4,216,30204,30344,140,140,0,1,53,3,84,wave_A
S4,217,30344,30484,140,140,0,1,53,3,84,wave_A
S4,218,30484,30624,140,140,0,1,53,3,84,wave_A
S4,219,30624,30764,140,140,0,1,53,3,84,wave_A
S4,220,30764,30904,140,140,0,1,53,3,84,wave_A
S4,221,30904,31044,140,140,0,1,53,3,84,wave_A
S4,222,31044,31184,140,140,0,1,53,3,84,wave_A
S4,223,31184,31324,140,140,0,1,53,3,84,wave_A
S4,224,31324,31464,140,140,0,1,53,3,84,wave_A
S4,225,31464,31604,140,140,0,1,53,3,84,wave_A
S4,226,31604,31744,140,140,0,1,53,3,84,wave_A
S4,227,31744,31884,140,140,0,1,53,3,84,wave_A
S4,228,31884,32024,140,140,0,1,53,3,84,wave_A
S4,229,32024,32164,140,140,0,1,53,3,84,wave_A
S4,230,32164,32304,140,140,0,1,53,3,84,wave_A
S4,231,32304,32444,140,140,0,1,53,3,84,wave_A
S4,232,32444,32584,140,140,0,1,53,3,84,wave_A
S4,233,32584,32724,140,140,0,1,53,3,84,wave_A
S4,234,32724,32864,140,140,0,1,53,3,84,wave_A
S4,235,32864,33004,140,140,0,1,53,3,84,wave_A
S4,236,33004,33144,140,140,0,1,53,3,84,wave_A
S4,237,33144,33284,140,140,0,1,53,3,84,wave_A
S4,238,33284,33424,140,140,0,1,53,3,84,wave_A
S4,239,33424,33564,140,140,0,1,53,3,84,wave_A
S4,240,33564,33704,140,140,0,1,53,3,84,wave_A
S4,241,33704,33844,140,140,0,1,53,3,84,wave_A
S4,242,33844,33984,140,140,0,1,53,3,84,wave_A
S4,243,33984,34124,140,140,0,1,53,3,84,wave_A
S4,244,34124,34264,140,140,0,1,53,3,84,wave_A
S4,245,34264,34404,140,140,0,1,53,3,84,wave_A
S4,246,34404,34544,140,140,0,1,53,3,84,wave_A
S4,247,34544,34684,140,140,0,1,53,3,84,wave_A
S4,248,34684,34824,140,140,0,1,53,3,84,wave_A
S4,249,34824,34964,140,140,0,1,53,3,84,wave_A
S4,250,34964,35104,140,140,0,1,53,3,84,wave_A
S4,251,35104,35244,140,140,0,1,53,3,84,wave_A
S4,252,35244,35384,140,140,0,1,53,3,84,wave_A
S4,253,35384,35524,140,140,0,1,53,3,84,wave_A
S4,254,35524,35664,140,140,0,1,53,3,84,wave_A
S4,255,35664,35804,140,140,0,1,53,3,84,wave_A
S4,256,35804,35944,140,140,0,1,53,3,84,wave_A
S4,257,35944,36084,140,140,0,1,53,3,84,wave_A
S4,258,36084,36224,140,140,0,1,53,3,84,wave_A
S4,259,36224,36364,140,140,0,1,53,3,84,wave_A
S4,260,36364,36504,140,140,0,1,53,3,84,wave_A
S4,261,36504,36644,140,140,0,1,53,3,84,wave_A
S4,262,36644,36784,140,140,0,1,53,3,84,wave_A
S4,263,36784,36924,140,140,0,1,53,3,84,wave_A
S4,264,36924,37064,140,140,0,1,53,3,84,wave_A
S4,265,37064,37204,140,140,0,1,53,3,84,wave_A
S4,266,37204,37344,140,140,0,1,53,3,84,wave_A
S4,267,37344,37484,140,140,0,1,53,3,84,wave_A
S4,268,37484,37624,140,140,0,1,53,3,84,wave_A
S4,269,37624,37764,140,140,0,1,53,3,84,wave_A
S4,270,37764,37904,140,140,0,1,53,3,84,wave_A
S4,271,37904,38044,140,140,0,1,53,3,84,wave_A
S4,272,38044,38184,140,140,0,1,53,3,84,wave_A
S4,273,38184,38324,140,140,0,1,53,3,84,wave_A
S4,274,38324,38464,140,140,0,1,53,3,84,wave_A
S4,275,38464,38604,140,140,0,1,53,3,84,wave_A
S4,276,38604,38744,140,140,0,1,53,3,84,wave_A
S4,277,38744,38884,140,140,0,1,53,3,84,wave_A
S4,278,38884,39024,140,140,0,1,53,3,84,wave_A
S4,279,39024,39164,140,140,0,1,53,3,84,wave_A
S4,280,39164,39304,140,140,0,1,53,3,84,wave_A
S4,281,39304,39444,140,140,0,1,53,3,84,wave_A
S4,282,39444,39584,140,140,0,1,53,3,84,wave_A
S4,283,39584,39724,140,140,0,1,53,3,84,wave_A
S4,284,39724,39864,140,140,0,1,53,3,84,wave_A
S4,285,39864,40004,140,140,0,1,53,3,84,wave_A
S4,286,40004,40144,140,140,0,1,53,3,84,wave_A
S4,287,40144,40284,140,140,0,1,53,3,84,wave_A
S4,288,40284,40424,140,140,0,1,53,3,84,wave_A
S4,289,40424,40564,140,140,0,1,53,3,84,wave_A
S4,290,40564,40704,140,140,0,1,53,3,84,wave_A
S4,291,40704,40844,140,140,0,1,53,3,84,wave_A
S4,292,40844,40984,140,140,0,1,53,3,84,wave_A
S4,293,40984,41124,140,140,0,1,53,3,84,wave_A
S4,294,41124,41264,140,140,0,1,53,3,84,wave_A
S4,295,41264,41404,140,140,0,1,53,3,84,wave_A
S4,296,41404,41544,140,140,0,1,53,3,84,wave_A
S4,297,41544,41684,140,140,0,1,53,3,84,wave_A
S4,298,41684,41824,140,140,0,1,53,3,84,wave_A
S4,299,41824,41964,140,140,0,1,53,3,84,wave_A
S4,300,41964,42104,140,140,0,1,53,3,84,wave_A
S4,301,42104,42244,140,140,0,1,53,3,84,wave_A
S4,302,42244,42384,140,140,0,1,53,3,84,wave_A
S4,303,42384,42524,140,140,0,1,53,3,84,wave_A
S4,304,42524,42664,140,140,0,1,53,3,84,wave_A
S4,305,42664,42804,140,140,0,1,53,3,84,wave_A
S4,306,42804,42944,140,140,0,1,53,3,84,wave_A
S4,307,42944,43084,140,140,0,1,53,3,84,wave_A
S4,308,43084,43224,140,140,0,1,53,3,84,wave_A
S4,309,43224,43364,140,140,0,1,53,3,84,wave_A
S4,310,43364,43504,140,140,0,1,53,3,84,wave_A
S4,311,43504,43644,140,140,0,1,53,3,84,wave_A
S4,312,43644,43784,140,140,0,1,53,3,84,wave_A
S4,313,43784,43924,140,140,0,1,53,3,84,wave_A
S4,314,43924,44064,140,140,0,1,53,3,84,wave_A
S4,315,44064,44204,140,140,0,1,53,3,84,wave_A
S4,316,44204,44344,140,140,0,1,53,3,84,wave_A
S4,317,44344,44484,140,140,0,1,53,3,84,wave_A
S4,318,44484,44624,140,140,0,1,53,3,84,wave_A
S4,319,44624,44764,140,140,0,1,53,3,84,wave_A
S4,320,44764,44904,140,140,0,1,53,3,84,wave_A
S4,321,44904,45044,140,140,0,1,53,3,84,wave_A
S4,322,45044,45184,140,140,0,1,53,3,84,wave_A
S4,323,45184,45324,140,140,0,1,53,3,84,wave_A
S4,324,45324,45464,140,140,0,1,53,3,84,wave_A
S4,325,45464,45604,140,140,0,1,53,3,84,wave_A
S4,326,45604,45744,140,140,0,1,53,3,84,wave_A
S4,327,45744,45884,140,140,0,1,53,3,84,wave_A
S4,328,45884,46024,140,140,0,1,53,3,84,wave_A
S4,329,46024,46164,140,140,0,1,53,3,84,wave_A
S4,330,46164,46304,140,140,0,1,53,3,84,wave_A
S4,331,46304,46444,140,140,0,1,53,3,84,wave_A
S4,332,46444,46584,140,140,0,1,53,3,84,wave_A
S4,333,46584,46724,140,140,0,1,53,3,84,wave_A
S4,334,46724,46864,140,140,0,1,53,3,84,wave_A
S4,335,46864,47004,140,140,0,1,53,3,84,wave_A
S4,336,47004,47144,140,140,0,1,53,3,84,wave_A
S4,337,47144,47284,140,140,0,1,53,3,84,wave_A
S4,338,47284,47424,140,140,0,1,53,3,84,wave_A
S4,339,47424,47564,140,140,0,1,53,3,84,wave_A
S4,340,47564,47704,140,140,0,1,53,3,84,wave_A
S4,341,47704,47844,140,140,0,1,53,3,84,wave_A
S4,342,47844,47984,140,140,0,1,53,3,84,wave_A
S4,343,47984,48124,140,140,0,1,53,3,84,wave_A
S4,344,48124,48264,140,140,0,1,53,3,84,wave_A
S4,345,48264,48404,140,140,0,1,53,3,84,wave_A
S4,346,48404,48544,140,140,0,1,53,3,84,wave_A
S4,347,48544,48684,140,140,0,1,53,3,84,wave_A
S4,348,48684,48824,140,140,0,1,53,3,84,wave_A
S4,349,48824,48964,140,140,0,1,53,3,84,wave_A
S4,350,48964,49104,140,140,0,1,53,3,84,wave_A
S4,351,49104,49244,140,140,0,1,53,3,84,wave_A
S4,352,49244,49384,140,140,0,1,53,3,84,wave_A
S4,353,49384,49524,140,140,0,1,53,3,84,wave_A
S4,354,49524,49664,140,140,0,1,53,3,84,wave_A
S4,355,49664,49804,140,140,0,1,53,3,84,wave_A
S4,356,49804,49944,140,140,0,1,53,3,84,wave_A
S4,357,49944,50084,140,140,0,1,53,3,84,wave_A
S4,358,50084,50224,140,140,0,1,53,3,84,wave_A
S4,359,50224,50364,140,140,0,1,53,3,84,wave_A
S4,360,50364,50504,140,140,0,1,53,3,84,wave_A
S4,361,50504,50644,140,140,0,1,53,3,84,wave_A
S4,362,50644,50784,140,140,0,1,53,3,84,wave_A
S4,363,50784,50924,140,140,0,1,53,3,84,wave_A
S4,364,50924,51064,140,140,0,1,53,3,84,wave_A
S4,365,51064,51204,140,140,0,1,53,3,84,wave_A
S4,366,51204,51344,140,140,0,1,53,3,84,wave_A
S4,367,51344,51484,140,140,0,1,53,3,84,wave_A
S4,368,51484,51624,140,140,0,1,53,3,84,wave_A
S4,369,51624,51764,140,140,0,1,53,3,84,wave_A
S4,370,51764,51904,140,140,0,1,53,3,84,wave_A
S4,371,51904,52044,140,140,0,1,53,3,84,wave_A
S4,372,52044,52184,140,140,0,1,53,3,84,wave_A
S4,373,52184,52324,140,140,0,1,53,3,84,wave_A
S4,374,52324,52464,140,140,0,1,53,3,84,wave_A
S4,375,52464,52604,140,140,0,1,53,3,84,wave_A
S4,376,52604,52744,140,140,0,1,53,3,84,wave_A
S4,377,52744,52884,140,140,0,1,53,3,84,wave_A
S4,378,52884,53024,140,140,0,1,53,3,84,wave_A
S4,379,53024,53164,140,140,0,1,53,3,84,wave_A
S4,380,53164,53304,140,140,0,1,53,3,84,wave_A
S4,381,53304,53444,140,140,0,1,53,3,84,wave_A
S4,382,53444,53584,140,140,0,1,53,3,84,wave_A
S4,383,53584,53724,140,140,0,1,53,3,84,wave_A
S4,384,53724,53864,140,140,0,1,53,3,84,wave_A
S4,385,53864,54004,140,140,0,1,53,3,84,wave_A
S4,386,54004,54144,140,140,0,1,53,3,84,wave_A
S4,387,54144,54284,140,140,0,1,53,3,84,wave_A
S4,388,54284,54424,140,140,0,1,53,3,84,wave_A
S4,389,54424,54564,140,140,0,1,53,3,84,wave_A
S4,390,54564,54704,140,140,0,1,53,3,84,wave_A
S4,391,54704,54844,140,140,0,1,53,3,84,wave_A
S4,392,54844,54984,140,140,0,1,53,3,84,wave_A
S4,393,54984,55124,140,140,0,1,53,3,84,wave_A
S4,394,55124,55264,140,140,0,1,53,3,84,wave_A
S4,395,55264,55404,140,140,0,1,53,3,84,wave_A
S4,396,55404,55544,140,140,0,1,53,3,84,wave_A
S4,397,55544,55684,140,140,0,1,53,3,84,wave_A
S4,398,55684,55824,140,140,0,1,53,3,84,wave_A
S4,399,55824,55964,140,140,0,1,53,3,84,wave_A
S4,400,55964,56104,140,140,0,1,53,3,84,wave_A
S4,401,56104,56244,140,140,0,1,53,3,84,wave_A
S4,402,56244,56384,140,140,0,1,53,3,84,wave_A
S4,403,56384,56524,140,140,0,1,53,3,84,wave_A
S4,404,56524,56664,140,140,0,1,53,3,84,wave_A
S4,405,56664,56804,140,140,0,1,53,3,84,wave_A
S4,406,56804,56944,140,140,0,1,53,3,84,wave_A
S4,407,56944,57084,140,140,0,1,53,3,84,wave_A
S4,408,57084,57224,140,140,0,1,53,3,84,wave_A
S4,409,57224,57364,140,140,0,1,53,3,84,wave_A
S4,410,57364,57504,140,140,0,1,53,3,84,wave_A
S4,411,57504,57644,140,140,0,1,53,3,84,wave_A
S5,1,18,158,140,140,0,1,43,3,94,wave_A
S5,2,158,298,140,140,0,1,43,3,94,wave_A
S5,3,298,438,140,140,0,1,43,3,94,wave_A
S5,4,438,578,140,140,0,1,43,3,94,wave_A
S5,5,578,718,140,140,0,1,43,3,94,wave_A
S5,6,718,858,140,140,0,1,43,3,94,wave_A
S5,7,858,998,140,140,0,1,43,3,94,wave_A
S5,8,998,1138,140,140,0,1,43,3,94,wave_A
S5,9,1138,1278,140,140,0,1,43,3,94,wave_A
S5,10,1278,1418,140,140,0,1,43,3,94,wave_A
S5,11,1418,1558,140,140,0,1,43,3,94,wave_A
S5,12,1558,1698,140,140,0,1,43,3,94,wave_A
S5,13,1698,1838,140,140,0,1,43,3,94,wave_A
S5,14,1838,1978,140,140,0,1,43,3,94,wave_A
S5,15,1978,2118,140,140,0,1,43,3,94,wave_A
S5,16,2118,2258,140,140,0,1,43,3,94,wave_A
S5,17,2258,2398,140,140,0,1,43,3,94,wave_A
S5,18,2398,2538,140,140,0,1,43,3,94,wave_A
S5,19,2538,2678,140,140,0,1,43,3,94,wave_A
S5,20,2678,2818,140,140,0,1,43,3,94,wave_A
S5,21,2818,2958,140,140,0,1,43,3,94,wave_A
S5,22,2958,3098,140,140,0,1,43,3,94,wave_A
S5,23,3098,3238,140,140,0,1,43,3,94,wave_A
S5,24,3238,3378,140,140,0,1,43,3,94,wave_A
S5,25,3378,3518,140,140,0,1,43,3,94,wave_A
S5,26,3518,3658,140,140,0,1,43,3,94,wave_A
S5,27,3658,3798,140,140,0,1,43,3,94,wave_A
S5,28,3798,3938,140,140,0,1,43,3,94,wave_A
S5,29,3938,4078,140,140,0,1,43,3,94,wave_A
S5,30,4078,4218,140,140,0,1,43,3,94,wave_A
S5,31,4218,4358,140,140,0,1,43,3,94,wave_A
S5,32,4358,4498,140,140,0,1,43,3,94,wave_A
S5,33,4498,4638,140,140,0,1,43,3,94,wave_A
S5,34,4638,4778,140,140,0,1,43,3,94,wave_A
S5,35,4778,4918,140,140,0,1,43,3,94,wave_A
S5,36,4918,5058,140,140,0,1,43,3,94,wave_A
S5,37,5058,5198,140,140,0,1,43,3,94,wave_A
S5,38,5198,5338,140,140,0,1,43,3,94,wave_A
S5,39,5338,5478,140,140,0,1,43,3,94,wave_A
S5,40,5478,5618,140,140,0,1,43,3,94,wave_A
S5,41,5618,5758,140,140,0,1,43,3,94,wave_A
S5,42,5758,5898,140,140,0,1,43,3,94,wave_A
S5,43,5898,6038,140,140,0,1,43,3,94,wave_A
S5,44,6038,6178,140,140,0,1,43,3,94,wave_A
S5,45,6178,6318,140,140,0,1,43,3,94,wave_A
S5,46,6318,6458,140,140,0,1,43,3,94,wave_A
S5,47,6458,6598,140,140,0,1,43,3,94,wave_A
S5,48,6598,6738,140,140,0,1,43,3,94,wave_A
S5,49,6738,6878,140,140,0,1,43,3,94,wave_A
S5,50,6878,7018,140,140,0,1,43,3,94,wave_A
S5,51,7018,7158,140,140,0,1,43,3,94,wave_A
S5,52,7158,7298,140,140,0,1,43,3,94,wave_A
S5,53,7298,7438,140,140,0,1,43,3,94,wave_A
S5,54,7438,7578,140,140,0,1,43,3,94,wave_A
S5,55,7578,7718,140,140,0,1,43,3,94,wave_A
S5,56,7718,7858,140,140,0,1,43,3,94,wave_A
S5,57,7858,7998,140,140,0,1,43,3,94,wave_A
S5,58,7998,8138,140,140,0,1,43,3,94,wave_A
S5,59,8138,8278,140,140,0,1,43,3,94,wave_A
S5,60,8278,8418,140,140,0,1,43,3,94,wave_A
S5,61,8418,8558,140,140,0,1,43,3,94,wave_A
S5,62,8558,8698,140,140,0,1,43,3,94,wave_A
S5,63,8698,8838,140,140,0,1,43,3,94,wave_A
S5,64,8838,8978,140,140,0,1,43,3,94,wave_A
S5,65,8978,9118,140,140,0,1,43,3,94,wave_A
S5,66,9118,9258,140,140,0,1,43,3,94,wave_A
S5,67,9258,9398,140,140,0,1,43,3,94,wave_A
S5,68,9398,9538,140,140,0,1,43,3,94,wave_A
S5,69,9538,9678,140,140,0,1,43,3,94,wave_A
S5,70,9678,9818,140,140,0,1,43,3,94,wave_A
S5,71,9818,9958,140,140,0,1,43,3,94,wave_A
S5,72,9958,10098,140,140,0,1,43,3,94,wave_A
S5,73,10098,10238,140,140,0,1,43,3,94,wave_A
S5,74,10238,10378,140,140,0,1,43,3,94,wave_A
S5,75,10378,10518,140,140,0,1,43,3,94,wave_A
S5,76,10518,10658,140,140,0,1,43,3,94,wave_A
S5,77,10658,10798,140,140,0,1,43,3,94,wave_A
S5,78,10798,10938,140,140,0,1,43,3,94,wave_A
S5,79,10938,11078,140,140,0,1,43,3,94,wave_A
S5,80,11078,11218,140,140,0,1,43,3,94,wave_A
S5,81,11218,11358,140,140,0,1,43,3,94,wave_A
S5,82,11358,11498,140,140,0,1,43,3,94,wave_A
S5,83,11498,11638,140,140,0,1,43,3,94,wave_A
S5,84,11638,11778,140,140,0,1,43,3,94,wave_A
S5,85,11778,11918,140,140,0,1,43,3,94,wave_A
S5,86,11918,12058,140,140,0,1,43,3,94,wave_A
S5,87,12058,12198,140,140,0,1,43,3,94,wave_A
S5,88,12198,12338,140,140,0,1,43,3,94,wave_A
S5,89,12338,12478,140,140,0,1,43,3,94,wave_A
S5,90,12478,12618,140,140,0,1,43,3,94,wave_A
S5,91,12618,12758,140,140,0,1,43,3,94,wave_A
S5,92,12758,12898,140,140,0,1,43,3,94,wave_A
S5,93,12898,13038,140,140,0,1,43,3,94,wave_A
S5,94,13038,13178,140,140,0,1,43,3,94,wave_A
S5,95,13178,13318,140,140,0,1,43,3,94,wave_A
S5,96,13318,13458,140,140,0,1,43,3,94,wave_A
S5,97,13458,13598,140,140,0,1,43,3,94,wave_A
S5,98,13598,13738,140,140,0,1,43,3,94,wave_A
S5,99,13738,13878,140,140,0,1,43,3,94,wave_A
S5,100,13878,14018,140,140,0,1,43,3,94,wave_A
S5,101,14018,14158,140,140,0,1,43,3,94,wave_A
S5,102,14158,14298,140,140,0,1,43,3,94,wave_A
S5,103,14298,14438,140,140,0,1,43,3,94,wave_A
S5,104,14438,14578,140,140,0,1,43,3,94,wave_A
S5,105,14578,14718,140,140,0,1,43,3,94,wave_A
S5,106,14718,14858,140,140,0,1,43,3,94,wave_A
S5,107,14858,14998,140,140,0,1,43,3,94,wave_A
S5,108,14998,15138,140,140,0,1,43,3,94,wave_A
S5,109,15138,15278,140,140,0,1,43,3,94,wave_A
S5,110,15278,15418,140,140,0,1,43,3,94,wave_A
S5,111,15418,15558,140,140,0,1,43,3,94,wave_A
S5,112,15558,15698,140,140,0,1,43,3,94,wave_A
S5,113,15698,15838,140,140,0,1,43,3,94,wave_A
S5,114,15838,15978,140,140,0,1,43,3,94,wave_A
S5,115,15978,16118,140,140,0,1,43,3,94,wave_A
S5,116,16118,16258,140,140,0,1,43,3,94,wave_A
S5,117,16258,16398,140,140,0,1,43,3,94,wave_A
S5,118,16398,16538,140,140,0,1,43,3,94,wave_A
S5,119,16538,16678,140,140,0,1,43,3,94,wave_A
S5,120,16678,16818,140,140,0,1,43,3,94,wave_A
S5,121,16818,16958,140,140,0,1,43,3,94,wave_A
S5,122,16958,17098,140,140,0,1,43,3,94,wave_A
S5,123,17098,17238,140,140,0,1,43,3,94,wave_A
S5,124,17238,17378,140,140,0,1,43,3,94,wave_A
S5,125,17378,17518,140,140,0,1,43,3,94,wave_A
S5,126,17518,17658,140,140,0,1,43,3,94,wave_A
S5,127,17658,17798,140,140,0,1,43,3,94,wave_A
S5,128,17798,17938,140,140,0,1,43,3,94,wave_A
S5,129,17938,18078,140,140,0,1,43,3,94,wave_A
S5,130,18078,18218,140,140,0,1,43,3,94,wave_A
S5,131,18218,18358,140,140,0,1,43,3,94,wave_A
S5,132,18358,18498,140,140,0,1,43,3,94,wave_A
S5,133,18498,18638,140,140,0,1,43,3,94,wave_A
S5,134,18638,18778,140,140,0,1,43,3,94,wave_A
S5,135,18778,18918,140,140,0,1,43,3,94,wave_A
S5,136,18918,19058,140,140,0,1,43,3,94,wave_A
S5,137,19058,19198,140,140,0,1,43,3,94,wave_A
S5,138,19198,19338,140,140,0,1,43,3,94,wave_A
S5,139,19338,19478,140,140,0,1,43,3,94,wave_A
S5,140,19478,19618,140,140,0,1,43,3,94,wave_A
S5,141,19618,19758,140,140,0,1,43,3,94,wave_A
S5,142,19758,19898,140,140,0,1,43,3,94,wave_A
S5,143,19898,20038,140,140,0,1,43,3,94,wave_A
S5,144,20038,20178,140,140,0,1,43,3,94,wave_A
S5,145,20178,20318,140,140,0,1,43,3,94,wave_A
S5,146,20318,20458,140,140,0,1,43,3,94,wave_A
S5,147,20458,20598,140,140,0,1,43,3,94,wave_A
S5,148,20598,20738,140,140,0,1,43,3,94,wave_A
S5,149,20738,20878,140,140,0,1,43,3,94,wave_A
S5,150,20878,21018,140,140,0,1,43,3,94,wave_A
S5,151,21018,21158,140,140,0,1,43,3,94,wave_A
S5,152,21158,21298,140,140,0,1,43,3,94,wave_A
S5,153,21298,21438,140,140,0,1,43,3,94,wave_A
S5,154,21438,21578,140,140,0,1,43,3,94,wave_A
S5,155,21578,21718,140,140,0,1,43,3,94,wave_A
S5,156,21718,21858,140,140,0,1,43,3,94,wave_A
S5,157,21858,21998,140,140,0,1,43,3,94,wave_A
S5,158,21998,22138,140,140,0,1,43,3,94,wave_A
S5,159,22138,22278,140,140,0,1,43,3,94,wave_A
S5,160,22278,22418,140,140,0,1,43,3,94,wave_A
S5,161,22418,22558,140,140,0,1,43,3,94,wave_A
S5,162,22558,22698,140,140,0,1,43,3,94,wave_A
S5,163,22698,22838,140,140,0,1,43,3,94,wave_A
S5,164,22838,22978,140,140,0,1,43,3,94,wave_A
S5,165,22978,23118,140,140,0,1,43,3,94,wave_A
S5,166,23118,23258,140,140,0,1,43,3,94,wave_A
S5,167,23258,23398,140,140,0,1,43,3,94,wave_A
S5,168,23398,23538,140,140,0,1,43,3,94,wave_A
S5,169,23538,23678,140,140,0,1,43,3,94,wave_A
S5,170,23678,23818,140,140,0,1,43,3,94,wave_A
S5,171,23818,23958,140,140,0,1,43,3,94,wave_A
S5,172,23958,24098,140,140,0,1,43,3,94,wave_A
S5,173,24098,24238,140,140,0,1,43,3,94,wave_A
S5,174,24238,24378,140,140,0,1,43,3,94,wave_A
S5,175,24378,24518,140,140,0,1,43,3,94,wave_A
S5,176,24518,24658,140,140,0,1,43,3,94,wave_A
S5,177,24658,24798,140,140,0,1,43,3,94,wave_A
S5,178,24798,24938,140,140,0,1,43,3,94,wave_A
S5,179,24938,25078,140,140,0,1,43,3,94,wave_A
S5,180,25078,25218,140,140,0,1,43,3,94,wave_A
S5,181,25218,25358,140,140,0,1,43,3,94,wave_A
S5,182,25358,25498,140,140,0,1,43,3,94,wave_A
S5,183,25498,25638,140,140,0,1,43,3,94,wave_A
S5,184,25638,25778,140,140,0,1,43,3,94,wave_A
S5,185,25778,25918,140,140,0,1,43,3,94,wave_A
S5,186,25918,26058,140,140,0,1,43,3,94,wave_A
S5,187,26058,26198,140,140,0,1,43,3,94,wave_A
S5,188,26198,26338,140,140,0,1,43,3,94,wave_A
S5,189,26338,26478,140,140,0,1,43,3,94,wave_A
S5,190,26478,26618,140,140,0,1,43,3,94,wave_A
S5,191,26618,26758,140,140,0,1,43,3,94,wave_A
S5,192,26758,26898,140,140,0,1,43,3,94,wave_A
S5,193,26898,27038,140,140,0,1,43,3,94,wave_A
S5,194,27038,27178,140,140,0,1,43,3,94,wave_A
S5,195,27178,27318,140,140,0,1,43,3,94,wave_A
S5,196,27318,27458,140,140,0,1,43,3,94,wave_A
S5,197,27458,27598,140,140,0,1,43,3,94,wave_A
S5,198,27598,27738,140,140,0,1,43,3,94,wave_A
S5,199,27738,27878,140,140,0,1,43,3,94,wave_A
S5,200,27878,28018,140,140,0,1,43,3,94,wave_A
S5,201,28018,28158,140,140,0,1,43,3,94,wave_A
S5,202,28158,28298,140,140,0,1,43,3,94,wave_A
S5,203,28298,28438,140,140,0,1,43,3,94,wave_A
S5,204,28438,28578,140,140,0,1,43,3,94,wave_A
S5,205,28578,28718,140,140,0,1,43,3,94,wave_A
S5,206,28718,28858,140,140,0,1,43,3,94,wave_A
S5,207,28858,28998,140,140,0,1,43,3,94,wave_A
S5,208,28998,29138,140,140,0,1,43,3,94,wave_A
S5,209,29138,29278,140,140,0,1,43,3,94,wave_A
S5,210,29278,29418,140,140,0,1,43,3,94,wave_A
S5,211,29418,29558,140,140,0,1,43,3,94,wave_A
S5,212,29558,29698,140,140,0,1,43,3,94,wave_A
S5,213,29698,29838,140,140,0,1,43,3,94,wave_A
S5,214,29838,29978,140,140,0,1,43,3,94,wave_A
S5,215,29978,30118,140,140,0,1,43,3,94,wave_A
S5,216,30118,30258,140,140,0,1,43,3,94,wave_A
S5,217,30258,30398,140,140,0,1,43,3,94,wave_A
S5,218,30398,30538,140,140,0,1,43,3,94,wave_A
S5,219,30538,30678,140,140,0,1,43,3,94,wave_A
S5,220,30678,30818,140,140,0,1,43,3,94,wave_A
S5,221,30818,30958,140,140,0,1,43,3,94,wave_A
S5,222,30958,31098,140,140,0,1,43,3,94,wave_A
S5,223,31098,31238,140,140,0,1,43,3,94,wave_A
S5,224,31238,31378,140,140,0,1,43,3,94,wave_A
S5,225,31378,31518,140,140,0,1,43,3,94,wave_A
S5,226,31518,31658,140,140,0,1,43,3,94,wave_A
S5,227,31658,31798,140,140,0,1,43,3,94,wave_A
S5,228,31798,31938,140,140,0,1,43,3,94,wave_A
S5,229,31938,32078,140,140,0,1,43,3,94,wave_A
S5,230,32078,32218,140,140,0,1,43,3,94,wave_A
S5,231,32218,32358,140,140,0,1,43,3,94,wave_A
S5,232,32358,32498,140,140,0,1,43,3,94,wave_A
S5,233,32498,32638,140,140,0,1,43,3,94,wave_A
S5,234,32638,32778,140,140,0,1,43,3,94,wave_A
S5,235,32778,32918,140,140,0,1,43,3,94,wave_A
S5,236,32918,33058,140,140,0,1,43,3,94,wave_A
S5,237,33058,33198,140,140,0,1,43,3,94,wave_A
S5,238,33198,33338,140,140,0,1,43,3,94,wave_A
S5,239,33338,33478,140,140,0,1,43,3,94,wave_A
S5,240,33478,33618,140,140,0,1,43,3,94,wave_A
S5,241,33618,33758,140,140,0,1,43,3,94,wave_A
S5,242,33758,33898,140,140,0,1,43,3,94,wave_A
S5,243,33898,34038,140,140,0,1,43,3,94,wave_A
S5,244,34038,34178,140,140,0,1,43,3,94,wave_A
S5,245,34178,34318,140,140,0,1,43,3,94,wave_A
S5,246,34318,34458,140,140,0,1,43,3,94,wave_A
S5,247,34458,34598,140,140,0,1,43,3,94,wave_A
S5,248,34598,34738,140,140,0,1,43,3,94,wave_A
S5,249,34738,34878,140,140,0,1,43,3,94,wave_A
S5,250,34878,35018,140,140,0,1,43,3,94,wave_A
S5,251,35018,35158,140,140,0,1,43,3,94,wave_A
S5,252,35158,35298,140,140,0,1,43,3,94,wave_A
S5,253,35298,35438,140,140,0,1,43,3,94,wave_A
S5,254,35438,35578,140,140,0,1,43,3,94,wave_A
S5,255,35578,35718,140,140,0,1,43,3,94,wave_A
S5,256,35718,35858,140,140,0,1,43,3,94,wave_A
S5,257,35858,35998,140,140,0,1,43,3,94,wave_A
S5,258,35998,36138,140,140,0,1,43,3,94,wave_A
S5,259,36138,36278,140,140,0,1,43,3,94,wave_A
S5,260,36278,36418,140,140,0,1,43,3,94,wave_A
S5,261,36418,36558,140,140,0,1,43,3,94,wave_A
S5,262,36558,36698,140,140,0,1,43,3,94,wave_A
S5,263,36698,36838,140,140,0,1,43,3,94,wave_A
S5,264,36838,36978,140,140,0,1,43,3,94,wave_A
S5,265,36978,37118,140,140,0,1,43,3,94,wave_A
S5,266,37118,37258,140,140,0,1,43,3,94,wave_A
S5,267,37258,37398,140,140,0,1,43,3,94,wave_A
S5,268,37398,37538,140,140,0,1,43,3,94,wave_A
S5,269,37538,37678,140,140,0,1,43,3,94,wave_A
S5,270,37678,37818,140,140,0,1,43,3,94,wave_A
S5,271,37818,37958,140,140,0,1,43,3,94,wave_A
S5,272,37958,38098,140,140,0,1,43,3,94,wave_A
S5,273,38098,38238,140,140,0,1,43,3,94,wave_A
S5,274,38238,38378,140,140,0,1,43,3,94,wave_A
S5,275,38378,38518,140,140,0,1,43,3,94,wave_A
S5,276,38518,38658,140,140,0,1,43,3,94,wave_A
S5,277,38658,38798,140,140,0,1,43,3,94,wave_A
S5,278,38798,38938,140,140,0,1,43,3,94,wave_A
S5,279,38938,39078,140,140,0,1,43,3,94,wave_A
S5,280,39078,39218,140,140,0,1,43,3,94,wave_A
S5,281,39218,39358,140,140,0,1,43,3,94,wave_A
S5,282,39358,39498,140,140,0,1,43,3,94,wave_A
S5,283,39498,39638,140,140,0,1,43,3,94,wave_A
S5,284,39638,39778,140,140,0,1,43,3,94,wave_A
S5,285,39778,39918,140,140,0,1,43,3,94,wave_A
S5,286,39918,40058,140,140,0,1,43,3,94,wave_A
S5,287,40058,40198,140,140,0,1,43,3,94,wave_A
S5,288,40198,40338,140,140,0,1,43,3,94,wave_A
S5,289,40338,40478,140,140,0,1,43,3,94,wave_A
S5,290,40478,40618,140,140,0,1,43,3,94,wave_A
S5,291,40618,40758,140,140,0,1,43,3,94,wave_A
S5,292,40758,40898,140,140,0,1,43,3,94,wave_A
S5,293,40898,41038,140,140,0,1,43,3,94,wave_A
S5,294,41038,41178,140,140,0,1,43,3,94,wave_A
S5,295,41178,41318,140,140,0,1,43,3,94,wave_A
S5,296,41318,41458,140,140,0,1,43,3,94,wave_A
S5,297,41458,41598,140,140,0,1,43,3,94,wave_A
S5,298,41598,41738,140,140,0,1,43,3,94,wave_A
S5,299,41738,41878,140,140,0,1,43,3,94,wave_A
S5,300,41878,42018,140,140,0,1,43,3,94,wave_A
S5,301,42018,42158,140,140,0,1,43,3,94,wave_A
S5,302,42158,42298,140,140,0,1,43,3,94,wave_A
S5,303,42298,42438,140,140,0,1,43,3,94,wave_A
S5,304,42438,42578,140,140,0,1,43,3,94,wave_A
S5,305,42578,42718,140,140,0,1,43,3,94,wave_A
S5,306,42718,42858,140,140,0,1,43,3,94,wave_A
S5,307,42858,42998,140,140,0,1,43,3,94,wave_A
S5,308,42998,43138,140,140,0,1,43,3,94,wave_A
S5,309,43138,43278,140,140,0,1,43,3,94,wave_A
S5,310,43278,43418,140,140,0,1,43,3,94,wave_A
S5,311,43418,43558,140,140,0,1,43,3,94,wave_A
S5,312,43558,43698,140,140,0,1,43,3,94,wave_A
S5,313,43698,43838,140,140,0,1,43,3,94,wave_A
S5,314,43838,43978,140,140,0,1,43,3,94,wave_A
S5,315,43978,44118,140,140,0,1,43,3,94,wave_A
S5,316,44118,44258,140,140,0,1,43,3,94,wave_A
S5,317,44258,44398,140,140,0,1,43,3,94,wave_A
S5,318,44398,44538,140,140,0,1,43,3,94,wave_A
S5,319,44538,44678,140,140,0,1,43,3,94,wave_A
S5,320,44678,44818,140,140,0,1,43,3,94,wave_A
S5,321,44818,44958,140,140,0,1,43,3,94,wave_A
S5,322,44958,45098,140,140,0,1,43,3,94,wave_A
S5,323,45098,45238,140,140,0,1,43,3,94,wave_A
S5,324,45238,45378,140,140,0,1,43,3,94,wave_A
S5,325,45378,45518,140,140,0,1,43,3,94,wave_A
S5,326,45518,45658,140,140,0,1,43,3,94,wave_A
S5,327,45658,45798,140,140,0,1,43,3,94,wave_A
S5,328,45798,45938,140,140,0,1,43,3,94,wave_A
S5,329,45938,46078,140,140,0,1,43,3,94,wave_A
S5,330,46078,46218,140,140,0,1,43,3,94,wave_A
S5,331,46218,46358,140,140,0,1,43,3,94,wave_A
S5,332,46358,46498,140,140,0,1,43,3,94,wave_A
S5,333,46498,46638,140,140,0,1,43,3,94,wave_A
S5,334,46638,46778,140,140,0,1,43,3,94,wave_A
S5,335,46778,46918,140,140,0,1,43,3,94,wave_A
S5,336,46918,47058,140,140,0,1,43,3,94,wave_A
S5,337,47058,47198,140,140,0,1,43,3,94,wave_A
S5,338,47198,47338,140,140,0,1,43,3,94,wave_A
S5,339,47338,47478,140,140,0,1,43,3,94,wave_A
S5,340,47478,47618,140,140,0,1,43,3,94,wave_A
S5,341,47618,47758,140,140,0,1,43,3,94,wave_A
S5,342,47758,47898,140,140,0,1,43,3,94,wave_A
S5,343,47898,48038,140,140,0,1,43,3,94,wave_A
S5,344,48038,48178,140,140,0,1,43,3,94,wave_A
S5,345,48178,48318,140,140,0,1,43,3,94,wave_A
S5,346,48318,48458,140,140,0,1,43,3,94,wave_A
S5,347,48458,48598,140,140,0,1,43,3,94,wave_A
S5,348,48598,48738,140,140,0,1,43,3,94,wave_A
S5,349,48738,48878,140,140,0,1,43,3,94,wave_A
S5,350,48878,49018,140,140,0,1,43,3,94,wave_A
S5,351,49018,49158,140,140,0,1,43,3,94,wave_A
S5,352,49158,49298,140,140,0,1,43,3,94,wave_A
S5,353,49298,49438,140,140,0,1,43,3,94,wave_A
S5,354,49438,49578,140,140,0,1,43,3,94,wave_A
S5,355,49578,49718,140,140,0,1,43,3,94,wave_A
S5,356,49718,49858,140,140,0,1,43,3,94,wave_A
S5,357,49858,49998,140,140,0,1,43,3,94,wave_A
S5,358,49998,50138,140,140,0,1,43,3,94,wave_A
S5,359,50138,50278,140,140,0,1,43,3,94,wave_A
S5,360,50278,50418,140,140,0,1,43,3,94,wave_A
S5,361,50418,50558,140,140,0,1,43,3,94,wave_A
S5,362,50558,50698,140,140,0,1,43,3,94,wave_A
S5,363,50698,50838,140,140,0,1,43,3,94,wave_A
S5,364,50838,50978,140,140,0,1,43,3,94,wave_A
S5,365,50978,51118,140,140,0,1,43,3,94,wave_A
S5,366,51118,51258,140,140,0,1,43,3,94,wave_A
S5,367,51258,51398,140,140,0,1,43,3,94,wave_A
S5,368,51398,51538,140,140,0,1,43,3,94,wave_A
S5,369,51538,51678,140,140,0,1,43,3,94,wave_A
S5,370,51678,51818,140,140,0,1,43,3,94,wave_A
S5,371,51818,51958,140,140,0,1,43,3,94,wave_A
S5,372,51958,52098,140,140,0,1,43,3,94,wave_A
S5,373,52098,52238,140,140,0,1,43,3,94,wave_A
S5,374,52238,52378,140,140,0,1,43,3,94,wave_A
S5,375,52378,52518,140,140,0,1,43,3,94,wave_A
S5,376,52518,52658,140,140,0,1,43,3,94,wave_A
S5,377,52658,52798,140,140,0,1,43,3,94,wave_A
S5,378,52798,52938,140,140,0,1,43,3,94,wave_A
S5,379,52938,53078,140,140,0,1,43,3,94,wave_A
S5,380,53078,53218,140,140,0,1,43,3,94,wave_A
S5,381,53218,53358,140,140,0,1,43,3,94,wave_A
S5,382,53358,53498,140,140,0,1,43,3,94,wave_A
S5,383,53498,53638,140,140,0,1,43,3,94,wave_A
S5,384,53638,53778,140,140,0,1,43,3,94,wave_A
S5,385,53778,53918,140,140,0,1,43,3,94,wave_A
S5,386,53918,54058,140,140,0,1,43,3,94,wave_A
S5,387,54058,54198,140,140,0,1,43,3,94,wave_A
S5,388,54198,54338,140,140,0,1,43,3,94,wave_A
S5,389,54338,54478,140,140,0,1,43,3,94,wave_A
S5,390,54478,54618,140,140,0,1,43,3,94,wave_A
S5,391,54618,54758,140,140,0,1,43,3,94,wave_A
S5,392,54758,54898,140,140,0,1,43,3,94,wave_A
S5,393,54898,55038,140,140,0,1,43,3,94,wave_A
S5,394,55038,55178,140,140,0,1,43,3,94,wave_A
S5,395,55178,55318,140,140,0,1,43,3,94,wave_A
S5,396,55318,55458,140,140,0,1,43,3,94,wave_A
S5,397,55458,55598,140,140,0,1,43,3,94,wave_A
S5,398,55598,55738,140,140,0,1,43,3,94,wave_A
S5,399,55738,55878,140,140,0,1,43,3,94,wave_A
S5,400,55878,56018,140,140,0,1,43,3,94,wave_A
S5,401,56018,56158,140,140,0,1,43,3,94,wave_A
S5,402,56158,56298,140,140,0,1,43,3,94,wave_A
S5,403,56298,56438,140,140,0,1,43,3,94,wave_A
S5,404,56438,56578,140,140,0,1,43,3,94,wave_A
S5,405,56578,56718,140,140,0,1,43,3,94,wave_A
S5,406,56718,56858,140,140,0,1,43,3,94,wave_A
S5,407,56858,56998,140,140,0,1,43,3,94,wave_A
S5,408,56998,57138,140,140,0,1,43,3,94,wave_A
S5,409,57138,57278,140,140,0,1,43,3,94,wave_A
S5,410,57278,57418,140,140,0,1,43,3,94,wave_A
S5,411,57418,57558,140,140,0,1,43,3,94,wave_A
S6,1,57,197,140,140,0,1,65,3,72,wave_A
S6,2,197,337,140,140,0,1,65,3,72,wave_A
S6,3,337,477,140,140,0,1,65,3,72,wave_A
S6,4,477,617,140,140,0,1,65,3,72,wave_A
S6,5,617,757,140,140,0,1,65,3,72,wave_A
S6,6,757,897,140,140,0,1,65,3,72,wave_A
S6,7,897,1037,140,140,0,1,65,3,72,wave_A
S6,8,1037,1177,140,140,0,1,65,3,72,wave_A
S6,9,1177,1317,140,140,0,1,65,3,72,wave_A
S6,10,1317,1457,140,140,0,1,65,3,72,wave_A
S6,11,1457,1597,140,140,0,1,65,3,72,wave_A
S6,12,1597,1737,140,140,0,1,65,3,72,wave_A
S6,13,1737,1877,140,140,0,1,65,3,72,wave_A
S6,14,1877,2017,140,140,0,1,65,3,72,wave_A
S6,15,2017,2157,140,140,0,1,65,3,72,wave_A
S6,16,2157,2297,140,140,0,1,65,3,72,wave_A
S6,17,2297,2437,140,140,0,1,65,3,72,wave_A
S6,18,2437,2577,140,140,0,1,65,3,72,wave_A
S6,19,2577,2717,140,140,0,1,65,3,72,wave_A
S6,20,2717,2857,140,140,0,1,65,3,72,wave_A
S6,21,2857,2997,140,140,0,1,65,3,72,wave_A
S6,22,2997,3137,140,140,0,1,65,3,72,wave_A
S6,23,3137,3277,140,140,0,1,65,3,72,wave_A
S6,24,3277,3417,140,140,0,1,65,3,72,wave_A
S6,25,3417,3557,140,140,0,1,65,3,72,wave_A
S6,26,3557,3697,140,140,0,1,65,3,72,wave_A
S6,27,3697,3837,140,140,0,1,65,3,72,wave_A
S6,28,3837,3977,140,140,0,1,65,3,72,wave_A
S6,29,3977,4117,140,140,0,1,65,3,72,wave_A
S6,30,4117,4257,140,140,0,1,65,3,72,wave_A
S6,31,4257,4397,140,140,0,1,65,3,72,wave_A
S6,32,4397,4537,140,140,0,1,65,3,72,wave_A
S6,33,4537,4677,140,140,0,1,65,3,72,wave_A
S6,34,4677,4817,140,140,0,1,65,3,72,wave_A
S6,35,4817,4957,140,140,0,1,65,3,72,wave_A
S6,36,4957,5097,140,140,0,1,65,3,72,wave_A
S6,37,5097,5237,140,140,0,1,65,3,72,wave_A
S6,38,5237,5377,140,140,0,1,65,3,72,wave_A
S6,39,5377,5517,140,140,0,1,65,3,72,wave_A
S6,40,5517,5657,140,140,0,1,65,3,72,wave_A
S6,41,5657,5797,140,140,0,1,65,3,72,wave_A
S6,42,5797,5937,140,140,0,1,65,3,72,wave_A
S6,43,5937,6077,140,140,0,1,65,3,72,wave_A
S6,44,6077,6217,140,140,0,1,65,3,72,wave_A
S6,45,6217,6357,140,140,0,1,65,3,72,wave_A
S6,46,6357,6497,140,140,0,1,65,3,72,wave_A
S6,47,6497,6637,140,140,0,1,65,3,72,wave_A
S6,48,6637,6777,140,140,0,1,65,3,72,wave_A
S6,49,6777,6917,140,140,0,1,65,3,72,wave_A
S6,50,6917,7057,140,140,0,1,65,3,72,wave_A
S6,51,7057,7197,140,140,0,1,65,3,72,wave_A
S6,52,7197,7337,140,140,0,1,65,3,72,wave_A
S6,53,7337,7477,140,140,0,1,65,3,72,wave_A
S6,54,7477,7617,140,140,0,1,65,3,72,wave_A
S6,55,7617,7757,140,140,0,1,65,3,72,wave_A
S6,56,7757,7897,140,140,0,1,65,3,72,wave_A
S6,57,7897,8037,140,140,0,1,65,3,72,wave_A
S6,58,8037,8177,140,140,0,1,65,3,72,wave_A
S6,59,8177,8317,140,140,0,1,65,3,72,wave_A
S6,60,8317,8457,140,140,0,1,65,3,72,wave_A
S6,61,8457,8597,140,140,0,1,65,3,72,wave_A
S6,62,8597,8737,140,140,0,1,65,3,72,wave_A
S6,63,8737,8877,140,140,0,1,65,3,72,wave_A
S6,64,8877,9017,140,140,0,1,65,3,72,wave_A
S6,65,9017,9157,140,140,0,1,65,3,72,wave_A
S6,66,9157,9297,140,140,0,1,65,3,72,wave_A
S6,67,9297,9437,140,140,0,1,65,3,72,wave_A
S6,68,9437,9577,140,140,0,1,65,3,72,wave_A
S6,69,9577,9717,140,140,0,1,65,3,72,wave_A
S6,70,9717,9857,140,140,0,1,65,3,72,wave_A
S6,71,9857,9997,140,140,0,1,65,3,72,wave_A
S6,72,9997,10137,140,140,0,1,65,3,72,wave_A
S6,73,10137,10277,140,140,0,1,65,3,72,wave_A
S6,74,10277,10417,140,140,0,1,65,3,72,wave_A
S6,75,10417,10557,140,140,0,1,65,3,72,wave_A
S6,76,10557,10697,140,140,0,1,65,3,72,wave_A
S6,77,10697,10837,140,140,0,1,65,3,72,wave_A
S6,78,10837,10977,140,140,0,1,65,3,72,wave_A
S6,79,10977,11117,140,140,0,1,65,3,72,wave_A
S6,80,11117,11257,140,140,0,1,65,3,72,wave_A
S6,81,11257,11397,140,140,0,1,65,3,72,wave_A
S6,82,11397,11537,140,140,0,1,65,3,72,wave_A
S6,83,11537,11677,140,140,0,1,65,3,72,wave_A
S6,84,11677,11817,140,140,0,1,65,3,72,wave_A
S6,85,11817,11957,140,140,0,1,65,3,72,wave_A
S6,86,11957,12097,140,140,0,1,65,3,72,wave_A
S6,87,12097,12237,140,140,0,1,65,3,72,wave_A
S6,88,12237,12377,140,140,0,1,65,3,72,wave_A
S6,89,12377,12517,140,140,0,1,65,3,72,wave_A
S6,90,12517,12657,140,140,0,1,65,3,72,wave_A
S6,91,12657,12797,140,140,0,1,65,3,72,wave_A
S6,92,12797,12937,140,140,0,1,65,3,72,wave_A
S6,93,12937,13077,140,140,0,1,65,3,72,wave_A
S6,94,13077,13217,140,140,0,1,65,3,72,wave_A
S6,95,13217,13357,140,140,0,1,65,3,72,wave_A
S6,96,13357,13497,140,140,0,1,65,3,72,wave_A
S6,97,13497,13637,140,140,0,1,65,3,72,wave_A
S6,98,13637,13777,140,140,0,1,65,3,72,wave_A
S6,99,13777,13917,140,140,0,1,65,3,72,wave_A
S6,100,13917,14057,140,140,0,1,65,3,72,wave_A
S6,101,14057,14197,140,140,0,1,65,3,72,wave_A
S6,102,14197,14337,140,140,0,1,65,3,72,wave_A
S6,103,14337,14477,140,140,0,1,65,3,72,wave_A
S6,104,14477,14617,140,140,0,1,65,3,72,wave_A
S6,105,14617,14757,140,140,0,1,65,3,72,wave_A
S6,106,14757,14897,140,140,0,1,65,3,72,wave_A
S6,107,14897,15037,140,140,0,1,65,3,72,wave_A
S6,108,15037,15177,140,140,0,1,65,3,72,wave_A
S6,109,15177,15317,140,140,0,1,65,3,72,wave_A
S6,110,15317,15457,140,140,0,1,65,3,72,wave_A
S6,111,15457,15597,140,140,0,1,65,3,72,wave_A
S6,112,15597,15737,140,140,0,1,65,3,72,wave_A
S6,113,15737,15877,140,140,0,1,65,3,72,wave_A
S6,114,15877,16017,140,140,0,1,65,3,72,wave_A
S6,115,16017,16157,140,140,0,1,65,3,72,wave_A
S6,116,16157,16297,140,140,0,1,65,3,72,wave_A
S6,117,16297,16437,140,140,0,1,65,3,72,wave_A
S6,118,16437,16577,140,140,0,1,65,3,72,wave_A
S6,119,16577,16717,140,140,0,1,65,3,72,wave_A
S6,120,16717,16857,140,140,0,1,65,3,72,wave_A
S6,121,16857,16997,140,140,0,1,65,3,72,wave_A
S6,122,16997,17137,140,140,0,1,65,3,72,wave_A
S6,123,17137,17277,140,140,0,1,65,3,72,wave_A
S6,124,17277,17417,140,140,0,1,65,3,72,wave_A
S6,125,17417,17557,140,140,0,1,65,3,72,wave_A
S6,126,17557,17697,140,140,0,1,65,3,72,wave_A
S6,127,17697,17837,140,140,0,1,65,3,72,wave_A
S6,128,17837,17977,140,140,0,1,65,3,72,wave_A
S6,129,17977,18117,140,140,0,1,65,3,72,wave_A
S6,130,18117,18257,140,140,0,1,65,3,72,wave_A
S6,131,18257,18397,140,140,0,1,65,3,72,wave_A
S6,132,18397,18537,140,140,0,1,65,3,72,wave_A
S6,133,18537,18677,140,140,0,1,65,3,72,wave_A
S6,134,18677,18817,140,140,0,1,65,3,72,wave_A
S6,135,18817,18957,140,140,0,1,65,3,72,wave_A
S6,136,18957,19097,140,140,0,1,65,3,72,wave_A
S6,137,19097,19237,140,140,0,1,65,3,72,wave_A
S6,138,19237,19377,140,140,0,1,65,3,72,wave_A
S6,139,19377,19517,140,140,0,1,65,3,72,wave_A
S6,140,19517,19657,140,140,0,1,65,3,72,wave_A
S6,141,19657,19797,140,140,0,1,65,3,72,wave_A
S6,142,19797,19937,140,140,0,1,65,3,72,wave_A
S6,143,19937,20077,140,140,0,1,65,3,72,wave_A
S6,144,20077,20217,140,140,0,1,65,3,72,wave_A
S6,145,20217,20357,140,140,0,1,65,3,72,wave_A
S6,146,20357,20497,140,140,0,1,65,3,72,wave_A
S6,147,20497,20637,140,140,0,1,65,3,72,wave_A
S6,148,20637,20777,140,140,0,1,65,3,72,wave_A
S6,149,20777,20917,140,140,0,1,65,3,72,wave_A
S6,150,20917,21057,140,140,0,1,65,3,72,wave_A
S6,151,21057,21197,140,140,0,1,65,3,72,wave_A
S6,152,21197,21337,140,140,0,1,65,3,72,wave_A
S6,153,21337,21477,140,140,0,1,65,3,72,wave_A
S6,154,21477,21617,140,140,0,1,65,3,72,wave_A
S6,155,21617,21757,140,140,0,1,65,3,72,wave_A
S6,156,21757,21897,140,140,0,1,65,3,72,wave_A
S6,157,21897,22037,140,140,0,1,65,3,72,wave_A
S6,158,22037,22177,140,140,0,1,65,3,72,wave_A
S6,159,22177,22317,140,140,0,1,65,3,72,wave_A
S6,160,22317,22457,140,140,0,1,65,3,72,wave_A
S6,161,22457,22597,140,140,0,1,65,3,72,wave_A
S6,162,22597,22737,140,140,0,1,65,3,72,wave_A
S6,163,22737,22877,140,140,0,1,65,3,72,wave_A
S6,164,22877,23017,140,140,0,1,65,3,72,wave_A
S6,165,23017,23157,140,140,0,1,65,3,72,wave_A
S6,166,23157,23297,140,140,0,1,65,3,72,wave_A
S6,167,23297,23437,140,140,0,1,65,3,72,wave_A
S6,168,23437,23577,140,140,0,1,65,3,72,wave_A
S6,169,23577,23717,140,140,0,1,65,3,72,wave_A
S6,170,23717,23857,140,140,0,1,65,3,72,wave_A
S6,171,23857,23997,140,140,0,1,65,3,72,wave_A
S6,172,23997,24137,140,140,0,1,65,3,72,wave_A
S6,173,24137,24277,140,140,0,1,65,3,72,wave_A
S6,174,24277,24417,140,140,0,1,65,3,72,wave_A
S6,175,24417,24557,140,140,0,1,65,3,72,wave_A
S6,176,24557,24697,140,140,0,1,65,3,72,wave_A
S6,177,24697,24837,140,140,0,1,65,3,72,wave_A
S6,178,24837,24977,140,140,0,1,65,3,72,wave_A
S6,179,24977,25117,140,140,0,1,65,3,72,wave_A
S6,180,25117,25257,140,140,0,1,65,3,72,wave_A
S6,181,25257,25397,140,140,0,1,65,3,72,wave_A
S6,182,25397,25537,140,140,0,1,65,3,72,wave_A
S6,183,25537,25677,140,140,0,1,65,3,72,wave_A
S6,184,25677,25817,140,140,0,1,65,3,72,wave_A
S6,185,25817,25957,140,140,0,1,65,3,72,wave_A
S6,186,25957,26097,140,140,0,1,65,3,72,wave_A
S6,187,26097,26237,140,140,0,1,65,3,72,wave_A
S6,188,26237,26377,140,140,0,1,65,3,72,wave_A
S6,189,26377,26517,140,140,0,1,65,3,72,wave_A
S6,190,26517,26657,140,140,0,1,65,3,72,wave_A
S6,191,26657,26797,140,140,0,1,65,3,72,wave_A
S6,192,26797,26937,140,140,0,1,65,3,72,wave_A
S6,193,26937,27077,140,140,0,1,65,3,72,wave_A
S6,194,27077,27217,140,140,0,1,65,3,72,wave_A
S6,195,27217,27357,140,140,0,1,65,3,72,wave_A
S6,196,27357,27497,140,140,0,1,65,3,72,wave_A
S6,197,27497,27637,140,140,0,1,65,3,72,wave_A
S6,198,27637,27777,140,140,0,1,65,3,72,wave_A
S6,199,27777,27917,140,140,0,1,65,3,72,wave_A
S6,200,27917,28057,140,140,0,1,65,3,72,wave_A
S6,201,28057,28197,140,140,0,1,65,3,72,wave_A
S6,202,28197,28337,140,140,0,1,65,3,72,wave_A
S6,203,28337,28477,140,140,0,1,65,3,72,wave_A
S6,204,28477,28617,140,140,0,1,65,3,72,wave_A
S6,205,28617,28757,140,140,0,1,65,3,72,wave_A
S6,206,28757,28897,140,140,0,1,65,3,72,wave_A
S6,207,28897,29037,140,140,0,1,65,3,72,wave_A
S6,208,29037,29177,140,140,0,1,65,3,72,wave_A
S6,209,29177,29317,140,140,0,1,65,3,72,wave_A
S6,210,29317,29457,140,140,0,1,65,3,72,wave_A
S6,211,29457,29597,140,140,0,1,65,3,72,wave_A
S6,212,29597,29737,140,140,0,1,65,3,72,wave_A
S6,213,29737,29877,140,140,0,1,65,3,72,wave_A
S6,214,29877,30017,140,140,0,1,65,3,72,wave_A
S6,215,30017,30157,140,140,0,1,65,3,72,wave_A
S6,216,30157,30297,140,140,0,1,65,3,72,wave_A
S6,217,30297,30437,140,140,0,1,65,3,72,wave_A
S6,218,30437,30577,140,140,0,1,65,3,72,wave_A
S6,219,30577,30717,140,140,0,1,65,3,72,wave_A
S6,220,30717,30857,140,140,0,1,65,3,72,wave_A
S6,221,30857,30997,140,140,0,1,65,3,72,wave_A
S6,222,30997,31137,140,140,0,1,65,3,72,wave_A
S6,223,31137,31277,140,140,0,1,65,3,72,wave_A
S6,224,31277,31417,140,140,0,1,65,3,72,wave_A
S6,225,31417,31557,140,140,0,1,65,3,72,wave_A
S6,226,31557,31697,140,140,0,1,65,3,72,wave_A
S6,227,31697,31837,140,140,0,1,65,3,72,wave_A
S6,228,31837,31977,140,140,0,1,65,3,72,wave_A
S6,229,31977,32117,140,140,0,1,65,3,72,wave_A
S6,230,32117,32257,140,140,0,1,65,3,72,wave_A
S6,231,32257,32397,140,140,0,1,65,3,72,wave_A
S6,232,32397,32537,140,140,0,1,65,3,72,wave_A
S6,233,32537,32677,140,140,0,1,65,3,72,wave_A
S6,234,32677,32817,140,140,0,1,65,3,72,wave_A
S6,235,32817,32957,140,140,0,1,65,3,72,wave_A
S6,236,32957,33097,140,140,0,1,65,3,72,wave_A
S6,237,33097,33237,140,140,0,1,65,3,72,wave_A
S6,238,33237,33377,140,140,0,1,65,3,72,wave_A
S6,239,33377,33517,140,140,0,1,65,3,72,wave_A
S6,240,33517,33657,140,140,0,1,65,3,72,wave_A
S6,241,33657,33797,140,140,0,1,65,3,72,wave_A
S6,242,33797,33937,140,140,0,1,65,3,72,wave_A
S6,243,33937,34077,140,140,0,1,65,3,72,wave_A
S6,244,34077,34217,140,140,0,1,65,3,72,wave_A
S6,245,34217,34357,140,140,0,1,65,3,72,wave_A
S6,246,34357,34497,140,140,0,1,65,3,72,wave_A
S6,247,34497,34637,140,140,0,1,65,3,72,wave_A
S6,248,34637,34777,140,140,0,1,65,3,72,wave_A
S6,249,34777,34917,140,140,0,1,65,3,72,wave_A
S6,250,34917,35057,140,140,0,1,65,3,72,wave_A
S6,251,35057,35197,140,140,0,1,65,3,72,wave_A
S6,252,35197,35337,140,140,0,1,65,3,72,wave_A
S6,253,35337,35477,140,140,0,1,65,3,72,wave_A
S6,254,35477,35617,140,140,0,1,65,3,72,wave_A
S6,255,35617,35757,140,140,0,1,65,3,72,wave_A
S6,256,35757,35897,140,140,0,1,65,3,72,wave_A
S6,257,35897,36037,140,140,0,1,65,3,72,wave_A
S6,258,36037,36177,140,140,0,1,65,3,72,wave_A
S6,259,36177,36317,140,140,0,1,65,3,72,wave_A
S6,260,36317,36457,140,140,0,1,65,3,72,wave_A
S6,261,36457,36597,140,140,0,1,65,3,72,wave_A
S6,262,36597,36737,140,140,0,1,65,3,72,wave_A
S6,263,36737,36877,140,140,0,1,65,3,72,wave_A
S6,264,36877,37017,140,140,0,1,65,3,72,wave_A
S6,265,37017,37157,140,140,0,1,65,3,72,wave_A
S6,266,37157,37297,140,140,0,1,65,3,72,wave_A
S6,267,37297,37437,140,140,0,1,65,3,72,wave_A
S6,268,37437,37577,140,140,0,1,65,3,72,wave_A
S6,269,37577,37717,140,140,0,1,65,3,72,wave_A
S6,270,37717,37857,140,140,0,1,65,3,72,wave_A
S6,271,37857,37997,140,140,0,1,65,3,72,wave_A
S6,272,37997,38137,140,140,0,1,65,3,72,wave_A
S6,273,38137,38277,140,140,0,1,65,3,72,wave_A
S6,274,38277,38417,140,140,0,1,65,3,72,wave_A
S6,275,38417,38557,140,140,0,1,65,3,72,wave_A
S6,276,38557,38697,140,140,0,1,65,3,72,wave_A
S6,277,38697,38837,140,140,0,1,65,3,72,wave_A
S6,278,38837,38977,140,140,0,1,65,3,72,wave_A
S6,279,38977,39117,140,140,0,1,65,3,72,wave_A
S6,280,39117,39257,140,140,0,1,65,3,72,wave_A
S6,281,39257,39397,140,140,0,1,65,3,72,wave_A
S6,282,39397,39537,140,140,0,1,65,3,72,wave_A
S6,283,39537,39677,140,140,0,1,65,3,72,wave_A
S6,284,39677,39817,140,140,0,1,65,3,72,wave_A
S6,285,39817,39957,140,140,0,1,65,3,72,wave_A
S6,286,39957,40097,140,140,0,1,65,3,72,wave_A
S6,287,40097,40237,140,140,0,1,65,3,72,wave_A
S6,288,40237,40377,140,140,0,1,65,3,72,wave_A
S6,289,40377,40517,140,140,0,1,65,3,72,wave_A
S6,290,40517,40657,140,140,0,1,65,3,72,wave_A
S6,291,40657,40797,140,140,0,1,65,3,72,wave_A
S6,292,40797,40937,140,140,0,1,65,3,72,wave_A
S6,293,40937,41077,140,140,0,1,65,3,72,wave_A
S6,294,41077,41217,140,140,0,1,65,3,72,wave_A
S6,295,41217,41357,140,140,0,1,65,3,72,wave_A
S6,296,41357,41497,140,140,0,1,65,3,72,wave_A
S6,297,41497,41637,140,140,0,1,65,3,72,wave_A
S6,298,41637,41777,140,140,0,1,65,3,72,wave_A
S6,299,41777,41917,140,140,0,1,65,3,72,wave_A
S6,300,41917,42057,140,140,0,1,65,3,72,wave_A
S6,301,42057,42197,140,140,0,1,65,3,72,wave_A
S6,302,42197,42337,140,140,0,1,65,3,72,wave_A
S6,303,42337,42477,140,140,0,1,65,3,72,wave_A
S6,304,42477,42617,140,140,0,1,65,3,72,wave_A
S6,305,42617,42757,140,140,0,1,65,3,72,wave_A
S6,306,42757,42897,140,140,0,1,65,3,72,wave_A
S6,307,42897,43037,140,140,0,1,65,3,72,wave_A
S6,308,43037,43177,140,140,0,1,65,3,72,wave_A
S6,309,43177,43317,140,140,0,1,65,3,72,wave_A
S6,310,43317,43457,140,140,0,1,65,3,72,wave_A
S6,311,43457,43597,140,140,0,1,65,3,72,wave_A
S6,312,43597,43737,140,140,0,1,65,3,72,wave_A
S6,313,43737,43877,140,140,0,1,65,3,72,wave_A
S6,314,43877,44017,140,140,0,1,65,3,72,wave_A
S6,315,44017,44157,140,140,0,1,65,3,72,wave_A
S6,316,44157,44297,140,140,0,1,65,3,72,wave_A
S6,317,44297,44437,140,140,0,1,65,3,72,wave_A
S6,318,44437,44577,140,140,0,1,65,3,72,wave_A
S6,319,44577,44717,140,140,0,1,65,3,72,wave_A
S6,320,44717,44857,140,140,0,1,65,3,72,wave_A
S6,321,44857,44997,140,140,0,1,65,3,72,wave_A
S6,322,44997,45137,140,140,0,1,65,3,72,wave_A
S6,323,45137,45277,140,140,0,1,65,3,72,wave_A
S6,324,45277,45417,140,140,0,1,65,3,72,wave_A
S6,325,45417,45557,140,140,0,1,65,3,72,wave_A
S6,326,45557,45697,140,140,0,1,65,3,72,wave_A
S6,327,45697,45837,140,140,0,1,65,3,72,wave_A
S6,328,45837,45977,140,140,0,1,65,3,72,wave_A
S6,329,45977,46117,140,140,0,1,65,3,72,wave_A
S6,330,46117,46257,140,140,0,1,65,3,72,wave_A
S6,331,46257,46397,140,140,0,1,65,3,72,wave_A
S6,332,46397,46537,140,140,0,1,65,3,72,wave_A
S6,333,46537,46677,140,140,0,1,65,3,72,wave_A
S6,334,46677,46817,140,140,0,1,65,3,72,wave_A
S6,335,46817,46957,140,140,0,1,65,3,72,wave_A
S6,336,46957,47097,140,140,0,1,65,3,72,wave_A
S6,337,47097,47237,140,140,0,1,65,3,72,wave_A
S6,338,47237,47377,140,140,0,1,65,3,72,wave_A
S6,339,47377,47517,140,140,0,1,65,3,72,wave_A
S6,340,47517,47657,140,140,0,1,65,3,72,wave_A
S6,341,47657,47797,140,140,0,1,65,3,72,wave_A
S6,342,47797,47937,140,140,0,1,65,3,72,wave_A
S6,343,47937,48077,140,140,0,1,65,3,72,wave_A
S6,344,48077,48217,140,140,0,1,65,3,72,wave_A
S6,345,48217,48357,140,140,0,1,65,3,72,wave_A
S6,346,48357,48497,140,140,0,1,65,3,72,wave_A
S6,347,48497,48637,140,140,0,1,65,3,72,wave_A
S6,348,48637,48777,140,140,0,1,65,3,72,wave_A
S6,349,48777,48917,140,140,0,1,65,3,72,wave_A
S6,350,48917,49057,140,140,0,1,65,3,72,wave_A
S6,351,49057,49197,140,140,0,1,65,3,72,wave_A
S6,352,49197,49337,140,140,0,1,65,3,72,wave_A
S6,353,49337,49477,140,140,0,1,65,3,72,wave_A
S6,354,49477,49617,140,140,0,1,65,3,72,wave_A
S6,355,49617,49757,140,140,0,1,65,3,72,wave_A
S6,356,49757,49897,140,140,0,1,65,3,72,wave_A
S6,357,49897,50037,140,140,0,1,65,3,72,wave_A
S6,358,50037,50177,140,140,0,1,65,3,72,wave_A
S6,359,50177,50317,140,140,0,1,65,3,72,wave_A
S6,360,50317,50457,140,140,0,1,65,3,72,wave_A
S6,361,50457,50597,140,140,0,1,65,3,72,wave_A
S6,362,50597,50737,140,140,0,1,65,3,72,wave_A
S6,363,50737,50877,140,140,0,1,65,3,72,wave_A
S6,364,50877,51017,140,140,0,1,65,3,72,wave_A
S6,365,51017,51157,140,140,0,1,65,3,72,wave_A
S6,366,51157,51297,140,140,0,1,65,3,72,wave_A
S6,367,51297,51437,140,140,0,1,65,3,72,wave_A
S6,368,51437,51577,140,140,0,1,65,3,72,wave_A
S6,369,51577,51717,140,140,0,1,65,3,72,wave_A
S6,370,51717,51857,140,140,0,1,65,3,72,wave_A
S6,371,51857,51997,140,140,0,1,65,3,72,wave_A
S6,372,51997,52137,140,140,0,1,65,3,72,wave_A
S6,373,52137,52277,140,140,0,1,65,3,72,wave_A
S6,374,52277,52417,140,140,0,1,65,3,72,wave_A
S6,375,52417,52557,140,140,0,1,65,3,72,wave_A
S6,376,52557,52697,140,140,0,1,65,3,72,wave_A
S6,377,52697,52837,140,140,0,1,65,3,72,wave_A
S6,378,52837,52977,140,140,0,1,65,3,72,wave_A
S6,379,52977,53117,140,140,0,1,65,3,72,wave_A
S6,380,53117,53257,140,140,0,1,65,3,72,wave_A
S6,381,53257,53397,140,140,0,1,65,3,72,wave_A
S6,382,53397,53537,140,140,0,1,65,3,72,wave_A
S6,383,53537,53677,140,140,0,1,65,3,72,wave_A
S6,384,53677,53817,140,140,0,1,65,3,72,wave_A
S6,385,53817,53957,140,140,0,1,65,3,72,wave_A
S6,386,53957,54097,140,140,0,1,65,3,72,wave_A
S6,387,54097,54237,140,140,0,1,65,3,72,wave_A
S6,388,54237,54377,140,140,0,1,65,3,72,wave_A
S6,389,54377,54517,140,140,0,1,65,3,72,wave_A
S6,390,54517,54657,140,140,0,1,65,3,72,wave_A
S6,391,54657,54797,140,140,0,1,65,3,72,wave_A
S6,392,54797,54937,140,140,0,1,65,3,72,wave_A
S6,393,54937,55077,140,140,0,1,65,3,72,wave_A
S6,394,55077,55217,140,140,0,1,65,3,72,wave_A
S6,395,55217,55357,140,140,0,1,65,3,72,wave_A
S6,396,55357,55497,140,140,0,1,65,3,72,wave_A
S6,397,55497,55637,140,140,0,1,65,3,72,wave_A
S6,398,55637,55777,140,140,0,1,65,3,72,wave_A
S6,399,55777,55917,140,140,0,1,65,3,72,wave_A
S6,400,55917,56057,140,140,0,1,65,3,72,wave_A
S6,401,56057,56197,140,140,0,1,65,3,72,wave_A
S6,402,56197,56337,140,140,0,1,65,3,72,wave_A
S6,403,56337,56477,140,140,0,1,65,3,72,wave_A
S6,404,56477,56617,140,140,0,1,65,3,72,wave_A
S6,405,56617,56757,140,140,0,1,65,3,72,wave_A
S6,406,56757,56897,140,140,0,1,65,3,72,wave_A
S6,407,56897,57037,140,140,0,1,65,3,72,wave_A
S6,408,57037,57177,140,140,0,1,65,3,72,wave_A
S6,409,57177,57317,140,140,0,1,65,3,72,wave_A
S6,410,57317,57457,140,140,0,1,65,3,72,wave_A
S6,411,57457,57597,140,140,0,1,65,3,72,wave_A
